crop_path,dataset_source,source_image,scene_id,component_class,crop_w,crop_h,body_x,body_y,body_w,body_h,roi_kind,label_status,reviewer_id,notes
IMG_7941_JPG__003__capacitor.png,winnies_packages,test/images/IMG_7941_JPG.rf.dd314da415e17beb6d21eb3a99846900.jpg,IMG_7941_JPG,capacitor,77,137,14,26,48,86,component,,,
IMG_7941_JPG__008__TSSOP-14.png,winnies_packages,test/images/IMG_7941_JPG.rf.dd314da415e17beb6d21eb3a99846900.jpg,IMG_7941_JPG,TSSOP-14,402,517,75,61,251,350,component,,,
IMG_7941_JPG__009__TSSOP-14.png,winnies_packages,test/images/IMG_7941_JPG.rf.dd314da415e17beb6d21eb3a99846900.jpg,IMG_7941_JPG,TSSOP-14,427,549,80,103,267,343,component,,,
IMG_7941_JPG__010__TSSOP-16.png,winnies_packages,test/images/IMG_7941_JPG.rf.dd314da415e17beb6d21eb3a99846900.jpg,IMG_7941_JPG,TSSOP-16,638,422,120,79,399,264,component,,,
IMG_7942_JPG__023__SOT223.png,winnies_packages,train/images/IMG_7942_JPG.rf.0ad7def0b7b83d4dd0081ed561dbce2c.jpg,IMG_7942_JPG,SOT223,276,224,51,42,173,140,component,,,
IMG_7942_JPG__024__TSSOP-16.png,winnies_packages,train/images/IMG_7942_JPG.rf.0ad7def0b7b83d4dd0081ed561dbce2c.jpg,IMG_7942_JPG,TSSOP-16,416,508,78,95,260,317,component,,,
IMG_7943_JPG__001__resistor.png,winnies_packages,train/images/IMG_7943_JPG.rf.e969632e6eb85f2de2a929b42f733ebb.jpg,IMG_7943_JPG,resistor,146,90,27,17,91,56,component,,,
IMG_7943_JPG__002__resistor.png,winnies_packages,train/images/IMG_7943_JPG.rf.e969632e6eb85f2de2a929b42f733ebb.jpg,IMG_7943_JPG,resistor,141,81,26,15,88,51,component,,,
IMG_7943_JPG__007__LED.png,winnies_packages,train/images/IMG_7943_JPG.rf.e969632e6eb85f2de2a929b42f733ebb.jpg,IMG_7943_JPG,LED,201,96,37,18,126,60,component,,,
IMG_7943_JPG__008__LED.png,winnies_packages,train/images/IMG_7943_JPG.rf.e969632e6eb85f2de2a929b42f733ebb.jpg,IMG_7943_JPG,LED,212,92,40,18,133,57,component,,,
IMG_7943_JPG__009__SOT96.png,winnies_packages,train/images/IMG_7943_JPG.rf.e969632e6eb85f2de2a929b42f733ebb.jpg,IMG_7943_JPG,SOT96,372,264,70,49,233,165,component,,,
IMG_7944_JPG__000__resistor.png,winnies_packages,train/images/IMG_7944_JPG.rf.0f41b5ed656ce983667b8992a4f9dc9c.jpg,IMG_7944_JPG,resistor,135,82,26,15,84,51,component,,,
IMG_7944_JPG__002__resistor.png,winnies_packages,train/images/IMG_7944_JPG.rf.0f41b5ed656ce983667b8992a4f9dc9c.jpg,IMG_7944_JPG,resistor,80,143,16,27,50,89,component,,,
IMG_7944_JPG__005__capacitor.png,winnies_packages,train/images/IMG_7944_JPG.rf.0f41b5ed656ce983667b8992a4f9dc9c.jpg,IMG_7944_JPG,capacitor,145,88,27,16,91,55,component,,,
IMG_7944_JPG__006__LED.png,winnies_packages,train/images/IMG_7944_JPG.rf.0f41b5ed656ce983667b8992a4f9dc9c.jpg,IMG_7944_JPG,LED,232,97,44,18,145,61,component,,,
IMG_7944_JPG__007__LED.png,winnies_packages,train/images/IMG_7944_JPG.rf.0f41b5ed656ce983667b8992a4f9dc9c.jpg,IMG_7944_JPG,LED,244,123,46,23,152,77,component,,,
IMG_7944_JPG__008__SOT96.png,winnies_packages,train/images/IMG_7944_JPG.rf.0f41b5ed656ce983667b8992a4f9dc9c.jpg,IMG_7944_JPG,SOT96,401,280,75,53,251,175,component,,,
IMG_7945_JPG__000__resistor.png,winnies_packages,train/images/IMG_7945_JPG.rf.677a6974525a40da819334cb3cebf4ee.jpg,IMG_7945_JPG,resistor,83,144,15,27,52,90,component,,,
IMG_7945_JPG__004__capacitor.png,winnies_packages,train/images/IMG_7945_JPG.rf.677a6974525a40da819334cb3cebf4ee.jpg,IMG_7945_JPG,capacitor,137,76,26,14,86,48,component,,,
IMG_7945_JPG__006__LED.png,winnies_packages,train/images/IMG_7945_JPG.rf.677a6974525a40da819334cb3cebf4ee.jpg,IMG_7945_JPG,LED,224,118,42,22,140,74,component,,,
IMG_7945_JPG__007__LED.png,winnies_packages,train/images/IMG_7945_JPG.rf.677a6974525a40da819334cb3cebf4ee.jpg,IMG_7945_JPG,LED,229,112,43,21,143,70,component,,,
IMG_7945_JPG__008__SOT96.png,winnies_packages,train/images/IMG_7945_JPG.rf.677a6974525a40da819334cb3cebf4ee.jpg,IMG_7945_JPG,SOT96,406,269,76,51,254,168,component,,,
IMG_7946_JPG__006__LED.png,winnies_packages,train/images/IMG_7946_JPG.rf.2dcc7ff7c402ed6cbd8caaf066b9d4db.jpg,IMG_7946_JPG,LED,151,81,28,15,94,51,component,,,
IMG_7946_JPG__008__SOT96.png,winnies_packages,train/images/IMG_7946_JPG.rf.2dcc7ff7c402ed6cbd8caaf066b9d4db.jpg,IMG_7946_JPG,SOT96,383,280,72,52,239,175,component,,,
IMG_7947_JPG__000__resistor.png,winnies_packages,valid/images/IMG_7947_JPG.rf.ec6c072a3c725ab3086f7830c0b6fe90.jpg,IMG_7947_JPG,resistor,87,156,16,29,55,97,component,,,
IMG_7947_JPG__001__resistor.png,winnies_packages,valid/images/IMG_7947_JPG.rf.ec6c072a3c725ab3086f7830c0b6fe90.jpg,IMG_7947_JPG,resistor,91,166,17,31,57,104,component,,,
IMG_7947_JPG__002__resistor.png,winnies_packages,valid/images/IMG_7947_JPG.rf.ec6c072a3c725ab3086f7830c0b6fe90.jpg,IMG_7947_JPG,resistor,78,146,15,27,49,92,component,,,
IMG_7947_JPG__004__resistor.png,winnies_packages,valid/images/IMG_7947_JPG.rf.ec6c072a3c725ab3086f7830c0b6fe90.jpg,IMG_7947_JPG,resistor,82,162,16,30,51,102,component,,,
IMG_7947_JPG__005__resistor.png,winnies_packages,valid/images/IMG_7947_JPG.rf.ec6c072a3c725ab3086f7830c0b6fe90.jpg,IMG_7947_JPG,resistor,85,143,16,27,53,90,component,,,
IMG_7947_JPG__006__LED.png,winnies_packages,valid/images/IMG_7947_JPG.rf.ec6c072a3c725ab3086f7830c0b6fe90.jpg,IMG_7947_JPG,LED,79,111,15,21,49,69,component,,,
IMG_7947_JPG__007__LED.png,winnies_packages,valid/images/IMG_7947_JPG.rf.ec6c072a3c725ab3086f7830c0b6fe90.jpg,IMG_7947_JPG,LED,77,130,14,25,48,81,component,,,
IMG_7947_JPG__008__SOT96.png,winnies_packages,valid/images/IMG_7947_JPG.rf.ec6c072a3c725ab3086f7830c0b6fe90.jpg,IMG_7947_JPG,SOT96,305,467,57,88,190,292,component,,,
IMG_7948_JPG__000__resistor.png,winnies_packages,train/images/IMG_7948_JPG.rf.0d070125e99d3d6cc42a39148315c863.jpg,IMG_7948_JPG,resistor,173,93,33,18,108,58,component,,,
IMG_7948_JPG__001__resistor.png,winnies_packages,train/images/IMG_7948_JPG.rf.0d070125e99d3d6cc42a39148315c863.jpg,IMG_7948_JPG,resistor,198,92,37,17,124,57,component,,,
IMG_7948_JPG__002__resistor.png,winnies_packages,train/images/IMG_7948_JPG.rf.0d070125e99d3d6cc42a39148315c863.jpg,IMG_7948_JPG,resistor,108,184,20,34,68,115,component,,,
IMG_7948_JPG__004__capacitor.png,winnies_packages,train/images/IMG_7948_JPG.rf.0d070125e99d3d6cc42a39148315c863.jpg,IMG_7948_JPG,capacitor,157,85,30,16,98,53,component,,,
IMG_7948_JPG__006__LED.png,winnies_packages,train/images/IMG_7948_JPG.rf.0d070125e99d3d6cc42a39148315c863.jpg,IMG_7948_JPG,LED,300,144,56,28,187,90,component,,,
IMG_7948_JPG__007__LED.png,winnies_packages,train/images/IMG_7948_JPG.rf.0d070125e99d3d6cc42a39148315c863.jpg,IMG_7948_JPG,LED,304,128,56,24,190,80,component,,,
IMG_7948_JPG__008__SOT96.png,winnies_packages,train/images/IMG_7948_JPG.rf.0d070125e99d3d6cc42a39148315c863.jpg,IMG_7948_JPG,SOT96,488,346,91,65,305,216,component,,,
IMG_7949_JPG__000__resistor.png,winnies_packages,train/images/IMG_7949_JPG.rf.4daa0ea46480eef2ec933182a29ee55d.jpg,IMG_7949_JPG,resistor,79,143,15,27,49,89,component,,,
IMG_7949_JPG__001__resistor.png,winnies_packages,train/images/IMG_7949_JPG.rf.4daa0ea46480eef2ec933182a29ee55d.jpg,IMG_7949_JPG,resistor,82,142,16,27,51,89,component,,,
IMG_7949_JPG__003__resistor.png,winnies_packages,train/images/IMG_7949_JPG.rf.4daa0ea46480eef2ec933182a29ee55d.jpg,IMG_7949_JPG,resistor,83,166,16,31,52,103,component,,,
IMG_7949_JPG__004__resistor.png,winnies_packages,train/images/IMG_7949_JPG.rf.4daa0ea46480eef2ec933182a29ee55d.jpg,IMG_7949_JPG,resistor,80,145,15,27,50,90,component,,,
IMG_7949_JPG__006__LED.png,winnies_packages,train/images/IMG_7949_JPG.rf.4daa0ea46480eef2ec933182a29ee55d.jpg,IMG_7949_JPG,LED,85,149,16,28,53,93,component,,,
IMG_7949_JPG__007__SOT96.png,winnies_packages,train/images/IMG_7949_JPG.rf.4daa0ea46480eef2ec933182a29ee55d.jpg,IMG_7949_JPG,SOT96,306,386,58,73,191,241,component,,,
IMG_7950_JPG__000__resistor.png,winnies_packages,test/images/IMG_7950_JPG.rf.84e2e13f21ce5682fdb3525591a3027e.jpg,IMG_7950_JPG,resistor,89,147,17,28,55,92,component,,,
IMG_7950_JPG__001__resistor.png,winnies_packages,test/images/IMG_7950_JPG.rf.84e2e13f21ce5682fdb3525591a3027e.jpg,IMG_7950_JPG,resistor,95,171,18,32,59,107,component,,,
IMG_7950_JPG__002__resistor.png,winnies_packages,test/images/IMG_7950_JPG.rf.84e2e13f21ce5682fdb3525591a3027e.jpg,IMG_7950_JPG,resistor,158,90,30,17,99,56,component,,,
IMG_7950_JPG__006__LED.png,winnies_packages,test/images/IMG_7950_JPG.rf.84e2e13f21ce5682fdb3525591a3027e.jpg,IMG_7950_JPG,LED,109,272,20,51,69,170,component,,,
IMG_7950_JPG__007__LED.png,winnies_packages,test/images/IMG_7950_JPG.rf.84e2e13f21ce5682fdb3525591a3027e.jpg,IMG_7950_JPG,LED,118,250,22,47,74,156,component,,,
IMG_7950_JPG__008__SOT96.png,winnies_packages,test/images/IMG_7950_JPG.rf.84e2e13f21ce5682fdb3525591a3027e.jpg,IMG_7950_JPG,SOT96,301,403,56,76,188,251,component,,,
IMG_7951_JPG__000__resistor.png,winnies_packages,train/images/IMG_7951_JPG.rf.050423c01153225b85ea5966376af553.jpg,IMG_7951_JPG,resistor,146,84,27,16,91,52,component,,,
IMG_7951_JPG__008__SOT753.png,winnies_packages,train/images/IMG_7951_JPG.rf.050423c01153225b85ea5966376af553.jpg,IMG_7951_JPG,SOT753,119,130,22,24,74,81,component,,,
IMG_7952_JPG__006__SOIC-14.png,winnies_packages,valid/images/IMG_7952_JPG.rf.32e2c097bd8bacfb99c9fd6e93b97242.jpg,IMG_7952_JPG,SOIC-14,313,416,59,78,196,260,component,,,
IMG_7953_JPG__000__capacitor.png,winnies_packages,test/images/IMG_7953_JPG.rf.9cb87ba3c70830ef07b5970ba492c8e7.jpg,IMG_7953_JPG,capacitor,98,169,19,32,61,106,component,,,
IMG_7953_JPG__001__capacitor.png,winnies_packages,test/images/IMG_7953_JPG.rf.9cb87ba3c70830ef07b5970ba492c8e7.jpg,IMG_7953_JPG,capacitor,87,141,16,26,55,88,component,,,
IMG_7953_JPG__003__SOT96.png,winnies_packages,test/images/IMG_7953_JPG.rf.9cb87ba3c70830ef07b5970ba492c8e7.jpg,IMG_7953_JPG,SOT96,472,305,89,57,295,191,component,,,
IMG_7954_JPG__003__capacitor.png,winnies_packages,train/images/IMG_7954_JPG.rf.1f6153744ec944dd2d99dac98d013568.jpg,IMG_7954_JPG,capacitor,141,82,27,15,88,51,component,,,
IMG_7954_JPG__004__capacitor.png,winnies_packages,train/images/IMG_7954_JPG.rf.1f6153744ec944dd2d99dac98d013568.jpg,IMG_7954_JPG,capacitor,82,124,15,23,51,78,component,,,
IMG_7954_JPG__006__capacitor.png,winnies_packages,train/images/IMG_7954_JPG.rf.1f6153744ec944dd2d99dac98d013568.jpg,IMG_7954_JPG,capacitor,81,125,15,24,51,78,component,,,
IMG_7954_JPG__010__capacitor.png,winnies_packages,train/images/IMG_7954_JPG.rf.1f6153744ec944dd2d99dac98d013568.jpg,IMG_7954_JPG,capacitor,81,121,15,23,51,76,component,,,
IMG_7954_JPG__018__feriet_kraal.png,winnies_packages,train/images/IMG_7954_JPG.rf.1f6153744ec944dd2d99dac98d013568.jpg,IMG_7954_JPG,feriet kraal,80,158,15,30,50,99,component,,,
IMG_7954_JPG__019__feriet_kraal.png,winnies_packages,train/images/IMG_7954_JPG.rf.1f6153744ec944dd2d99dac98d013568.jpg,IMG_7954_JPG,feriet kraal,88,150,16,28,55,94,component,,,
IMG_7954_JPG__020__SOT753.png,winnies_packages,train/images/IMG_7954_JPG.rf.1f6153744ec944dd2d99dac98d013568.jpg,IMG_7954_JPG,SOT753,221,186,42,35,138,116,component,,,
IMG_7954_JPG__021__SOT753.png,winnies_packages,train/images/IMG_7954_JPG.rf.1f6153744ec944dd2d99dac98d013568.jpg,IMG_7954_JPG,SOT753,216,184,40,35,135,115,component,,,
IMG_7954_JPG__022__SOT753.png,winnies_packages,train/images/IMG_7954_JPG.rf.1f6153744ec944dd2d99dac98d013568.jpg,IMG_7954_JPG,SOT753,213,182,40,34,133,114,component,,,
IMG_7955_JPG__000__resistor.png,winnies_packages,valid/images/IMG_7955_JPG.rf.35773a4f35a81671f9d9ab52af5ddda1.jpg,IMG_7955_JPG,resistor,165,111,31,21,103,69,component,,,
IMG_7955_JPG__001__resistor.png,winnies_packages,valid/images/IMG_7955_JPG.rf.35773a4f35a81671f9d9ab52af5ddda1.jpg,IMG_7955_JPG,resistor,161,92,30,17,101,57,component,,,
IMG_7955_JPG__002__resistor.png,winnies_packages,valid/images/IMG_7955_JPG.rf.35773a4f35a81671f9d9ab52af5ddda1.jpg,IMG_7955_JPG,resistor,170,79,32,15,106,49,component,,,
IMG_7955_JPG__003__resistor.png,winnies_packages,valid/images/IMG_7955_JPG.rf.35773a4f35a81671f9d9ab52af5ddda1.jpg,IMG_7955_JPG,resistor,143,85,27,16,89,53,component,,,
IMG_7955_JPG__004__resistor.png,winnies_packages,valid/images/IMG_7955_JPG.rf.35773a4f35a81671f9d9ab52af5ddda1.jpg,IMG_7955_JPG,resistor,78,173,15,32,49,108,component,,,
IMG_7955_JPG__005__resistor.png,winnies_packages,valid/images/IMG_7955_JPG.rf.35773a4f35a81671f9d9ab52af5ddda1.jpg,IMG_7955_JPG,resistor,148,87,28,16,92,54,component,,,
IMG_7955_JPG__006__resistor.png,winnies_packages,valid/images/IMG_7955_JPG.rf.35773a4f35a81671f9d9ab52af5ddda1.jpg,IMG_7955_JPG,resistor,172,107,32,20,107,67,component,,,
IMG_7955_JPG__007__resistor.png,winnies_packages,valid/images/IMG_7955_JPG.rf.35773a4f35a81671f9d9ab52af5ddda1.jpg,IMG_7955_JPG,resistor,173,85,32,16,108,54,component,,,
IMG_7955_JPG__008__resistor.png,winnies_packages,valid/images/IMG_7955_JPG.rf.35773a4f35a81671f9d9ab52af5ddda1.jpg,IMG_7955_JPG,resistor,159,84,30,15,99,53,component,,,
IMG_7955_JPG__012__capacitor.png,winnies_packages,valid/images/IMG_7955_JPG.rf.35773a4f35a81671f9d9ab52af5ddda1.jpg,IMG_7955_JPG,capacitor,133,88,25,16,83,55,component,,,
IMG_7955_JPG__013__capacitor.png,winnies_packages,valid/images/IMG_7955_JPG.rf.35773a4f35a81671f9d9ab52af5ddda1.jpg,IMG_7955_JPG,capacitor,134,94,26,18,84,59,component,,,
IMG_7955_JPG__014__capacitor.png,winnies_packages,valid/images/IMG_7955_JPG.rf.35773a4f35a81671f9d9ab52af5ddda1.jpg,IMG_7955_JPG,capacitor,77,168,14,32,48,105,component,,,
IMG_7955_JPG__015__capacitor.png,winnies_packages,valid/images/IMG_7955_JPG.rf.35773a4f35a81671f9d9ab52af5ddda1.jpg,IMG_7955_JPG,capacitor,156,98,29,19,97,61,component,,,
IMG_7955_JPG__016__capacitor.png,winnies_packages,valid/images/IMG_7955_JPG.rf.35773a4f35a81671f9d9ab52af5ddda1.jpg,IMG_7955_JPG,capacitor,136,86,25,16,85,54,component,,,
IMG_7955_JPG__017__capacitor.png,winnies_packages,valid/images/IMG_7955_JPG.rf.35773a4f35a81671f9d9ab52af5ddda1.jpg,IMG_7955_JPG,capacitor,142,99,27,19,89,62,component,,,
IMG_7955_JPG__018__capacitor.png,winnies_packages,valid/images/IMG_7955_JPG.rf.35773a4f35a81671f9d9ab52af5ddda1.jpg,IMG_7955_JPG,capacitor,93,168,17,36,59,121,component,,,
IMG_7955_JPG__019__feriet_kraal.png,winnies_packages,valid/images/IMG_7955_JPG.rf.35773a4f35a81671f9d9ab52af5ddda1.jpg,IMG_7955_JPG,feriet kraal,98,150,18,28,61,94,component,,,
IMG_7955_JPG__020__feriet_kraal.png,winnies_packages,valid/images/IMG_7955_JPG.rf.35773a4f35a81671f9d9ab52af5ddda1.jpg,IMG_7955_JPG,feriet kraal,91,163,17,31,56,102,component,,,
IMG_7955_JPG__021__feriet_kraal.png,winnies_packages,valid/images/IMG_7955_JPG.rf.35773a4f35a81671f9d9ab52af5ddda1.jpg,IMG_7955_JPG,feriet kraal,88,171,16,32,55,107,component,,,
IMG_7955_JPG__022__feriet_kraal.png,winnies_packages,valid/images/IMG_7955_JPG.rf.35773a4f35a81671f9d9ab52af5ddda1.jpg,IMG_7955_JPG,feriet kraal,82,159,16,29,51,100,component,,,
IMG_7955_JPG__023__feriet_kraal.png,winnies_packages,valid/images/IMG_7955_JPG.rf.35773a4f35a81671f9d9ab52af5ddda1.jpg,IMG_7955_JPG,feriet kraal,119,159,22,30,74,100,component,,,
IMG_7955_JPG__024__feriet_kraal.png,winnies_packages,valid/images/IMG_7955_JPG.rf.35773a4f35a81671f9d9ab52af5ddda1.jpg,IMG_7955_JPG,feriet kraal,88,172,17,32,55,108,component,,,
IMG_7955_JPG__026__feriet_kraal.png,winnies_packages,valid/images/IMG_7955_JPG.rf.35773a4f35a81671f9d9ab52af5ddda1.jpg,IMG_7955_JPG,feriet kraal,94,172,18,32,59,107,component,,,
IMG_7955_JPG__027__Polyfuse_Z.png,winnies_packages,valid/images/IMG_7955_JPG.rf.35773a4f35a81671f9d9ab52af5ddda1.jpg,IMG_7955_JPG,Polyfuse_Z,240,131,45,25,150,82,component,,,
IMG_7955_JPG__028__Polyfuse_Z.png,winnies_packages,valid/images/IMG_7955_JPG.rf.35773a4f35a81671f9d9ab52af5ddda1.jpg,IMG_7955_JPG,Polyfuse_Z,232,108,43,21,145,67,component,,,
IMG_7955_JPG__029__SOT23.png,winnies_packages,valid/images/IMG_7955_JPG.rf.35773a4f35a81671f9d9ab52af5ddda1.jpg,IMG_7955_JPG,SOT23,187,216,35,40,117,135,component,,,
IMG_7955_JPG__030__SOT96.png,winnies_packages,valid/images/IMG_7955_JPG.rf.35773a4f35a81671f9d9ab52af5ddda1.jpg,IMG_7955_JPG,SOT96,332,412,62,77,208,258,component,,,
IMG_7956_JPG__000__resistor.png,winnies_packages,train/images/IMG_7956_JPG.rf.3076bef5d956ecb799ca8617599dfac8.jpg,IMG_7956_JPG,resistor,201,108,38,21,126,67,component,,,
IMG_7956_JPG__001__resistor.png,winnies_packages,train/images/IMG_7956_JPG.rf.3076bef5d956ecb799ca8617599dfac8.jpg,IMG_7956_JPG,resistor,204,88,38,17,128,55,component,,,
IMG_7956_JPG__002__resistor.png,winnies_packages,train/images/IMG_7956_JPG.rf.3076bef5d956ecb799ca8617599dfac8.jpg,IMG_7956_JPG,resistor,89,168,16,32,56,105,component,,,
IMG_7956_JPG__003__resistor.png,winnies_packages,train/images/IMG_7956_JPG.rf.3076bef5d956ecb799ca8617599dfac8.jpg,IMG_7956_JPG,resistor,101,190,19,35,63,119,component,,,
IMG_7956_JPG__004__resistor.png,winnies_packages,train/images/IMG_7956_JPG.rf.3076bef5d956ecb799ca8617599dfac8.jpg,IMG_7956_JPG,resistor,196,98,37,19,122,61,component,,,
IMG_7956_JPG__005__resistor.png,winnies_packages,train/images/IMG_7956_JPG.rf.3076bef5d956ecb799ca8617599dfac8.jpg,IMG_7956_JPG,resistor,108,187,21,35,67,117,component,,,
IMG_7956_JPG__006__resistor.png,winnies_packages,train/images/IMG_7956_JPG.rf.3076bef5d956ecb799ca8617599dfac8.jpg,IMG_7956_JPG,resistor,107,195,20,36,67,122,component,,,
IMG_7956_JPG__007__resistor.png,winnies_packages,train/images/IMG_7956_JPG.rf.3076bef5d956ecb799ca8617599dfac8.jpg,IMG_7956_JPG,resistor,98,179,18,34,61,112,component,,,
IMG_7956_JPG__008__resistor.png,winnies_packages,train/images/IMG_7956_JPG.rf.3076bef5d956ecb799ca8617599dfac8.jpg,IMG_7956_JPG,resistor,96,188,18,35,60,118,component,,,
IMG_7956_JPG__009__capacitor.png,winnies_packages,train/images/IMG_7956_JPG.rf.3076bef5d956ecb799ca8617599dfac8.jpg,IMG_7956_JPG,capacitor,120,169,22,32,75,106,component,,,
IMG_7956_JPG__010__capacitor.png,winnies_packages,train/images/IMG_7956_JPG.rf.3076bef5d956ecb799ca8617599dfac8.jpg,IMG_7956_JPG,capacitor,181,108,34,21,113,67,component,,,
IMG_7956_JPG__011__capacitor.png,winnies_packages,train/images/IMG_7956_JPG.rf.3076bef5d956ecb799ca8617599dfac8.jpg,IMG_7956_JPG,capacitor,187,97,35,18,117,61,component,,,
IMG_7956_JPG__012__capacitor.png,winnies_packages,train/images/IMG_7956_JPG.rf.3076bef5d956ecb799ca8617599dfac8.jpg,IMG_7956_JPG,capacitor,100,177,18,33,63,111,component,,,
IMG_7956_JPG__013__capacitor.png,winnies_packages,train/images/IMG_7956_JPG.rf.3076bef5d956ecb799ca8617599dfac8.jpg,IMG_7956_JPG,capacitor,106,200,20,38,66,125,component,,,
IMG_7956_JPG__014__Polyfuse_Z.png,winnies_packages,train/images/IMG_7956_JPG.rf.3076bef5d956ecb799ca8617599dfac8.jpg,IMG_7956_JPG,Polyfuse_Z,140,283,26,53,88,177,component,,,
IMG_7956_JPG__015__feriet_kraal.png,winnies_packages,train/images/IMG_7956_JPG.rf.3076bef5d956ecb799ca8617599dfac8.jpg,IMG_7956_JPG,feriet kraal,249,115,47,22,155,72,component,,,
IMG_7956_JPG__016__feriet_kraal.png,winnies_packages,train/images/IMG_7956_JPG.rf.3076bef5d956ecb799ca8617599dfac8.jpg,IMG_7956_JPG,feriet kraal,212,112,40,21,132,70,component,,,
IMG_7956_JPG__017__feriet_kraal.png,winnies_packages,train/images/IMG_7956_JPG.rf.3076bef5d956ecb799ca8617599dfac8.jpg,IMG_7956_JPG,feriet kraal,209,106,39,20,131,66,component,,,
IMG_7956_JPG__018__feriet_kraal.png,winnies_packages,train/images/IMG_7956_JPG.rf.3076bef5d956ecb799ca8617599dfac8.jpg,IMG_7956_JPG,feriet kraal,226,127,43,24,141,79,component,,,
IMG_7956_JPG__019__SOT96.png,winnies_packages,train/images/IMG_7956_JPG.rf.3076bef5d956ecb799ca8617599dfac8.jpg,IMG_7956_JPG,SOT96,444,348,84,65,277,218,component,,,
IMG_7956_JPG__020__SOT23.png,winnies_packages,train/images/IMG_7956_JPG.rf.3076bef5d956ecb799ca8617599dfac8.jpg,IMG_7956_JPG,SOT23,244,203,46,38,152,127,component,,,
IMG_7957_JPG__000__resistor.png,winnies_packages,train/images/IMG_7957_JPG.rf.0ee9284842f7714b7599a24fff110f40.jpg,IMG_7957_JPG,resistor,151,201,28,37,94,126,component,,,
IMG_7957_JPG__001__resistor.png,winnies_packages,train/images/IMG_7957_JPG.rf.0ee9284842f7714b7599a24fff110f40.jpg,IMG_7957_JPG,resistor,124,196,24,37,77,123,component,,,
IMG_7957_JPG__002__capacitor.png,winnies_packages,train/images/IMG_7957_JPG.rf.0ee9284842f7714b7599a24fff110f40.jpg,IMG_7957_JPG,capacitor,125,173,24,33,78,108,component,,,
IMG_7957_JPG__003__capacitor.png,winnies_packages,train/images/IMG_7957_JPG.rf.0ee9284842f7714b7599a24fff110f40.jpg,IMG_7957_JPG,capacitor,192,130,36,24,120,81,component,,,
IMG_7957_JPG__004__Polyfuse_Z.png,winnies_packages,train/images/IMG_7957_JPG.rf.0ee9284842f7714b7599a24fff110f40.jpg,IMG_7957_JPG,Polyfuse_Z,294,146,55,27,184,91,component,,,
IMG_7957_JPG__005__SOT23.png,winnies_packages,train/images/IMG_7957_JPG.rf.0ee9284842f7714b7599a24fff110f40.jpg,IMG_7957_JPG,SOT23,269,203,51,38,168,127,component,,,
IMG_7957_JPG__006__SOT23.png,winnies_packages,train/images/IMG_7957_JPG.rf.0ee9284842f7714b7599a24fff110f40.jpg,IMG_7957_JPG,SOT23,244,248,46,47,152,155,component,,,
IMG_7957_JPG__007__SOT96.png,winnies_packages,train/images/IMG_7957_JPG.rf.0ee9284842f7714b7599a24fff110f40.jpg,IMG_7957_JPG,SOT96,472,370,89,70,295,231,component,,,
IMG_7958_JPG__000__resistor.png,winnies_packages,valid/images/IMG_7958_JPG.rf.6880dd8cc50d5fa00fc5728150b41124.jpg,IMG_7958_JPG,resistor,106,186,20,35,66,116,component,,,
IMG_7958_JPG__001__resistor.png,winnies_packages,valid/images/IMG_7958_JPG.rf.6880dd8cc50d5fa00fc5728150b41124.jpg,IMG_7958_JPG,resistor,182,94,34,17,114,59,component,,,
IMG_7958_JPG__002__capacitor.png,winnies_packages,valid/images/IMG_7958_JPG.rf.6880dd8cc50d5fa00fc5728150b41124.jpg,IMG_7958_JPG,capacitor,97,188,18,35,60,117,component,,,
IMG_7958_JPG__003__capacitor.png,winnies_packages,valid/images/IMG_7958_JPG.rf.6880dd8cc50d5fa00fc5728150b41124.jpg,IMG_7958_JPG,capacitor,97,214,18,40,60,134,component,,,
IMG_7958_JPG__004__capacitor.png,winnies_packages,valid/images/IMG_7958_JPG.rf.6880dd8cc50d5fa00fc5728150b41124.jpg,IMG_7958_JPG,capacitor,168,114,32,21,105,71,component,,,
IMG_7958_JPG__005__capacitor.png,winnies_packages,valid/images/IMG_7958_JPG.rf.6880dd8cc50d5fa00fc5728150b41124.jpg,IMG_7958_JPG,capacitor,139,200,26,38,87,125,component,,,
IMG_7958_JPG__006__capacitor.png,winnies_packages,valid/images/IMG_7958_JPG.rf.6880dd8cc50d5fa00fc5728150b41124.jpg,IMG_7958_JPG,capacitor,116,204,21,38,73,128,component,,,
IMG_7958_JPG__007__Polyfuse_Z.png,winnies_packages,valid/images/IMG_7958_JPG.rf.6880dd8cc50d5fa00fc5728150b41124.jpg,IMG_7958_JPG,Polyfuse_Z,144,256,27,48,90,160,component,,,
IMG_7958_JPG__008__Polyfuse_Z.png,winnies_packages,valid/images/IMG_7958_JPG.rf.6880dd8cc50d5fa00fc5728150b41124.jpg,IMG_7958_JPG,Polyfuse_Z,152,274,29,51,95,171,component,,,
IMG_7958_JPG__009__feriet_kraal.png,winnies_packages,valid/images/IMG_7958_JPG.rf.6880dd8cc50d5fa00fc5728150b41124.jpg,IMG_7958_JPG,feriet kraal,106,223,20,42,66,140,component,,,
IMG_7958_JPG__010__SOT23.png,winnies_packages,valid/images/IMG_7958_JPG.rf.6880dd8cc50d5fa00fc5728150b41124.jpg,IMG_7958_JPG,SOT23,239,236,45,44,150,147,component,,,
IMG_7958_JPG__011__SOIC-16.png,winnies_packages,valid/images/IMG_7958_JPG.rf.6880dd8cc50d5fa00fc5728150b41124.jpg,IMG_7958_JPG,SOIC-16,724,686,136,128,452,429,component,,,
IMG_7959_JPG__000__resistor.png,winnies_packages,train/images/IMG_7959_JPG.rf.0f2dad1a61dd034701a385636c1663c4.jpg,IMG_7959_JPG,resistor,91,175,17,33,57,109,component,,,
IMG_7959_JPG__001__resistor.png,winnies_packages,train/images/IMG_7959_JPG.rf.0f2dad1a61dd034701a385636c1663c4.jpg,IMG_7959_JPG,resistor,94,171,18,32,59,107,component,,,
IMG_7959_JPG__003__resistor.png,winnies_packages,train/images/IMG_7959_JPG.rf.0f2dad1a61dd034701a385636c1663c4.jpg,IMG_7959_JPG,resistor,83,156,15,29,52,98,component,,,
IMG_7959_JPG__004__resistor.png,winnies_packages,train/images/IMG_7959_JPG.rf.0f2dad1a61dd034701a385636c1663c4.jpg,IMG_7959_JPG,resistor,92,155,17,29,58,97,component,,,
IMG_7959_JPG__005__resistor.png,winnies_packages,train/images/IMG_7959_JPG.rf.0f2dad1a61dd034701a385636c1663c4.jpg,IMG_7959_JPG,resistor,84,159,15,30,53,100,component,,,
IMG_7959_JPG__006__resistor.png,winnies_packages,train/images/IMG_7959_JPG.rf.0f2dad1a61dd034701a385636c1663c4.jpg,IMG_7959_JPG,resistor,94,150,18,29,59,94,component,,,
IMG_7959_JPG__013__resistor.png,winnies_packages,train/images/IMG_7959_JPG.rf.0f2dad1a61dd034701a385636c1663c4.jpg,IMG_7959_JPG,resistor,147,77,28,15,91,48,component,,,
IMG_7959_JPG__030__capacitor.png,winnies_packages,train/images/IMG_7959_JPG.rf.0f2dad1a61dd034701a385636c1663c4.jpg,IMG_7959_JPG,capacitor,160,95,30,17,100,60,component,,,
IMG_7959_JPG__031__capacitor.png,winnies_packages,train/images/IMG_7959_JPG.rf.0f2dad1a61dd034701a385636c1663c4.jpg,IMG_7959_JPG,capacitor,132,88,25,16,83,55,component,,,
IMG_7959_JPG__032__capacitor.png,winnies_packages,train/images/IMG_7959_JPG.rf.0f2dad1a61dd034701a385636c1663c4.jpg,IMG_7959_JPG,capacitor,140,84,26,16,87,53,component,,,
IMG_7959_JPG__033__capacitor.png,winnies_packages,train/images/IMG_7959_JPG.rf.0f2dad1a61dd034701a385636c1663c4.jpg,IMG_7959_JPG,capacitor,147,91,27,17,92,56,component,,,
IMG_7959_JPG__035__capacitor.png,winnies_packages,train/images/IMG_7959_JPG.rf.0f2dad1a61dd034701a385636c1663c4.jpg,IMG_7959_JPG,capacitor,146,78,28,14,92,49,component,,,
IMG_7959_JPG__036__capacitor.png,winnies_packages,train/images/IMG_7959_JPG.rf.0f2dad1a61dd034701a385636c1663c4.jpg,IMG_7959_JPG,capacitor,139,78,26,15,87,48,component,,,
IMG_7959_JPG__038__capacitor.png,winnies_packages,train/images/IMG_7959_JPG.rf.0f2dad1a61dd034701a385636c1663c4.jpg,IMG_7959_JPG,capacitor,87,123,17,23,54,76,component,,,
IMG_7959_JPG__039__capacitor.png,winnies_packages,train/images/IMG_7959_JPG.rf.0f2dad1a61dd034701a385636c1663c4.jpg,IMG_7959_JPG,capacitor,106,212,20,40,66,133,component,,,
IMG_7959_JPG__041__capacitor.png,winnies_packages,train/images/IMG_7959_JPG.rf.0f2dad1a61dd034701a385636c1663c4.jpg,IMG_7959_JPG,capacitor,122,99,23,19,76,62,component,,,
IMG_7959_JPG__042__capacitor.png,winnies_packages,train/images/IMG_7959_JPG.rf.0f2dad1a61dd034701a385636c1663c4.jpg,IMG_7959_JPG,capacitor,146,90,28,17,91,56,component,,,
IMG_7959_JPG__043__capacitor.png,winnies_packages,train/images/IMG_7959_JPG.rf.0f2dad1a61dd034701a385636c1663c4.jpg,IMG_7959_JPG,capacitor,129,214,24,40,80,134,component,,,
IMG_7959_JPG__044__capacitor.png,winnies_packages,train/images/IMG_7959_JPG.rf.0f2dad1a61dd034701a385636c1663c4.jpg,IMG_7959_JPG,capacitor,88,151,16,28,55,94,component,,,
IMG_7959_JPG__045__capacitor.png,winnies_packages,train/images/IMG_7959_JPG.rf.0f2dad1a61dd034701a385636c1663c4.jpg,IMG_7959_JPG,capacitor,137,93,26,17,86,58,component,,,
IMG_7959_JPG__046__capacitor.png,winnies_packages,train/images/IMG_7959_JPG.rf.0f2dad1a61dd034701a385636c1663c4.jpg,IMG_7959_JPG,capacitor,156,96,29,18,97,60,component,,,
IMG_7959_JPG__047__capacitor.png,winnies_packages,train/images/IMG_7959_JPG.rf.0f2dad1a61dd034701a385636c1663c4.jpg,IMG_7959_JPG,capacitor,96,154,18,29,60,96,component,,,
IMG_7959_JPG__049__SOT23.png,winnies_packages,train/images/IMG_7959_JPG.rf.0f2dad1a61dd034701a385636c1663c4.jpg,IMG_7959_JPG,SOT23,160,182,30,34,100,114,component,,,
IMG_7959_JPG__050__SOD323.png,winnies_packages,train/images/IMG_7959_JPG.rf.0f2dad1a61dd034701a385636c1663c4.jpg,IMG_7959_JPG,SOD323,163,99,31,18,102,62,component,,,
IMG_7959_JPG__051__SOD323.png,winnies_packages,train/images/IMG_7959_JPG.rf.0f2dad1a61dd034701a385636c1663c4.jpg,IMG_7959_JPG,SOD323,163,100,30,19,102,62,component,,,
IMG_7959_JPG__052__SOD323.png,winnies_packages,train/images/IMG_7959_JPG.rf.0f2dad1a61dd034701a385636c1663c4.jpg,IMG_7959_JPG,SOD323,162,100,30,19,102,62,component,,,
IMG_7959_JPG__053__SOD323.png,winnies_packages,train/images/IMG_7959_JPG.rf.0f2dad1a61dd034701a385636c1663c4.jpg,IMG_7959_JPG,SOD323,163,99,31,18,102,62,component,,,
IMG_7959_JPG__054__SOD323.png,winnies_packages,train/images/IMG_7959_JPG.rf.0f2dad1a61dd034701a385636c1663c4.jpg,IMG_7959_JPG,SOD323,163,99,31,18,102,62,component,,,
IMG_7959_JPG__055__SOD323.png,winnies_packages,train/images/IMG_7959_JPG.rf.0f2dad1a61dd034701a385636c1663c4.jpg,IMG_7959_JPG,SOD323,162,100,30,19,102,62,component,,,
IMG_7959_JPG__056__SOD323.png,winnies_packages,train/images/IMG_7959_JPG.rf.0f2dad1a61dd034701a385636c1663c4.jpg,IMG_7959_JPG,SOD323,163,99,30,18,102,62,component,,,
IMG_7959_JPG__057__SOT96.png,winnies_packages,train/images/IMG_7959_JPG.rf.0f2dad1a61dd034701a385636c1663c4.jpg,IMG_7959_JPG,SOT96,362,319,68,60,226,199,component,,,
IMG_7960_JPG__022__capacitor.png,winnies_packages,train/images/IMG_7960_JPG.rf.3792631e6795a20224a5a14719bb2105.jpg,IMG_7960_JPG,capacitor,139,89,26,17,87,56,component,,,
IMG_7960_JPG__023__capacitor.png,winnies_packages,train/images/IMG_7960_JPG.rf.3792631e6795a20224a5a14719bb2105.jpg,IMG_7960_JPG,capacitor,148,87,28,16,93,54,component,,,
IMG_7960_JPG__024__capacitor.png,winnies_packages,train/images/IMG_7960_JPG.rf.3792631e6795a20224a5a14719bb2105.jpg,IMG_7960_JPG,capacitor,164,92,31,17,102,58,component,,,
IMG_7960_JPG__025__capacitor.png,winnies_packages,train/images/IMG_7960_JPG.rf.3792631e6795a20224a5a14719bb2105.jpg,IMG_7960_JPG,capacitor,128,83,24,15,80,52,component,,,
IMG_7960_JPG__026__capacitor.png,winnies_packages,train/images/IMG_7960_JPG.rf.3792631e6795a20224a5a14719bb2105.jpg,IMG_7960_JPG,capacitor,117,77,22,14,73,48,component,,,
IMG_7960_JPG__027__capacitor.png,winnies_packages,train/images/IMG_7960_JPG.rf.3792631e6795a20224a5a14719bb2105.jpg,IMG_7960_JPG,capacitor,125,87,23,16,78,54,component,,,
IMG_7960_JPG__028__capacitor.png,winnies_packages,train/images/IMG_7960_JPG.rf.3792631e6795a20224a5a14719bb2105.jpg,IMG_7960_JPG,capacitor,116,80,22,15,72,50,component,,,
IMG_7960_JPG__029__capacitor.png,winnies_packages,train/images/IMG_7960_JPG.rf.3792631e6795a20224a5a14719bb2105.jpg,IMG_7960_JPG,capacitor,111,82,21,16,70,51,component,,,
IMG_7960_JPG__030__capacitor.png,winnies_packages,train/images/IMG_7960_JPG.rf.3792631e6795a20224a5a14719bb2105.jpg,IMG_7960_JPG,capacitor,107,80,20,15,67,50,component,,,
IMG_7960_JPG__031__capacitor.png,winnies_packages,train/images/IMG_7960_JPG.rf.3792631e6795a20224a5a14719bb2105.jpg,IMG_7960_JPG,capacitor,125,80,24,15,78,50,component,,,
IMG_7960_JPG__032__capacitor.png,winnies_packages,train/images/IMG_7960_JPG.rf.3792631e6795a20224a5a14719bb2105.jpg,IMG_7960_JPG,capacitor,122,84,23,16,76,52,component,,,
IMG_7960_JPG__033__capacitor.png,winnies_packages,train/images/IMG_7960_JPG.rf.3792631e6795a20224a5a14719bb2105.jpg,IMG_7960_JPG,capacitor,122,86,23,16,76,54,component,,,
IMG_7960_JPG__034__capacitor.png,winnies_packages,train/images/IMG_7960_JPG.rf.3792631e6795a20224a5a14719bb2105.jpg,IMG_7960_JPG,capacitor,113,80,22,15,70,50,component,,,
IMG_7960_JPG__035__capacitor.png,winnies_packages,train/images/IMG_7960_JPG.rf.3792631e6795a20224a5a14719bb2105.jpg,IMG_7960_JPG,capacitor,123,84,23,16,77,52,component,,,
IMG_7960_JPG__036__capacitor.png,winnies_packages,train/images/IMG_7960_JPG.rf.3792631e6795a20224a5a14719bb2105.jpg,IMG_7960_JPG,capacitor,127,86,24,17,79,54,component,,,
IMG_7960_JPG__037__capacitor.png,winnies_packages,train/images/IMG_7960_JPG.rf.3792631e6795a20224a5a14719bb2105.jpg,IMG_7960_JPG,capacitor,120,92,23,17,75,58,component,,,
IMG_7960_JPG__045__capacitor.png,winnies_packages,train/images/IMG_7960_JPG.rf.3792631e6795a20224a5a14719bb2105.jpg,IMG_7960_JPG,capacitor,121,81,23,15,76,51,component,,,
IMG_7960_JPG__046__capacitor.png,winnies_packages,train/images/IMG_7960_JPG.rf.3792631e6795a20224a5a14719bb2105.jpg,IMG_7960_JPG,capacitor,122,78,23,15,76,49,component,,,
IMG_7960_JPG__047__capacitor.png,winnies_packages,train/images/IMG_7960_JPG.rf.3792631e6795a20224a5a14719bb2105.jpg,IMG_7960_JPG,capacitor,127,86,24,16,80,54,component,,,
IMG_7960_JPG__048__capacitor.png,winnies_packages,train/images/IMG_7960_JPG.rf.3792631e6795a20224a5a14719bb2105.jpg,IMG_7960_JPG,capacitor,124,92,24,17,77,58,component,,,
IMG_7960_JPG__049__capacitor.png,winnies_packages,train/images/IMG_7960_JPG.rf.3792631e6795a20224a5a14719bb2105.jpg,IMG_7960_JPG,capacitor,121,81,23,15,76,50,component,,,
IMG_7960_JPG__050__capacitor.png,winnies_packages,train/images/IMG_7960_JPG.rf.3792631e6795a20224a5a14719bb2105.jpg,IMG_7960_JPG,capacitor,131,83,25,15,82,52,component,,,
IMG_7960_JPG__051__capacitor.png,winnies_packages,train/images/IMG_7960_JPG.rf.3792631e6795a20224a5a14719bb2105.jpg,IMG_7960_JPG,capacitor,121,79,23,15,76,49,component,,,
IMG_7960_JPG__052__capacitor.png,winnies_packages,train/images/IMG_7960_JPG.rf.3792631e6795a20224a5a14719bb2105.jpg,IMG_7960_JPG,capacitor,121,85,23,16,75,53,component,,,
IMG_7960_JPG__053__capacitor.png,winnies_packages,train/images/IMG_7960_JPG.rf.3792631e6795a20224a5a14719bb2105.jpg,IMG_7960_JPG,capacitor,134,78,25,15,83,49,component,,,
IMG_7960_JPG__054__capacitor.png,winnies_packages,train/images/IMG_7960_JPG.rf.3792631e6795a20224a5a14719bb2105.jpg,IMG_7960_JPG,capacitor,119,81,22,15,74,50,component,,,
IMG_7960_JPG__055__capacitor.png,winnies_packages,train/images/IMG_7960_JPG.rf.3792631e6795a20224a5a14719bb2105.jpg,IMG_7960_JPG,capacitor,129,86,24,16,81,53,component,,,
IMG_7960_JPG__056__capacitor.png,winnies_packages,train/images/IMG_7960_JPG.rf.3792631e6795a20224a5a14719bb2105.jpg,IMG_7960_JPG,capacitor,128,87,24,16,80,54,component,,,
IMG_7960_JPG__057__capacitor.png,winnies_packages,train/images/IMG_7960_JPG.rf.3792631e6795a20224a5a14719bb2105.jpg,IMG_7960_JPG,capacitor,136,86,25,16,85,53,component,,,
IMG_7960_JPG__058__capacitor.png,winnies_packages,train/images/IMG_7960_JPG.rf.3792631e6795a20224a5a14719bb2105.jpg,IMG_7960_JPG,capacitor,144,86,27,16,90,54,component,,,
IMG_7960_JPG__070__SOT96.png,winnies_packages,train/images/IMG_7960_JPG.rf.3792631e6795a20224a5a14719bb2105.jpg,IMG_7960_JPG,SOT96,239,180,45,34,150,112,component,,,
IMG_7960_JPG__073__SOD128.png,winnies_packages,train/images/IMG_7960_JPG.rf.3792631e6795a20224a5a14719bb2105.jpg,IMG_7960_JPG,SOD128,144,245,27,46,91,153,component,,,
IMG_7960_JPG__074__SOD123.png,winnies_packages,train/images/IMG_7960_JPG.rf.3792631e6795a20224a5a14719bb2105.jpg,IMG_7960_JPG,SOD123,86,217,16,41,54,135,component,,,
IMG_7960_JPG__075__SOT96.png,winnies_packages,train/images/IMG_7960_JPG.rf.3792631e6795a20224a5a14719bb2105.jpg,IMG_7960_JPG,SOT96,182,224,34,42,113,140,component,,,
IMG_7960_JPG__076__MOSFET-2.png,winnies_packages,train/images/IMG_7960_JPG.rf.3792631e6795a20224a5a14719bb2105.jpg,IMG_7960_JPG,MOSFET-2,222,191,41,36,139,119,component,,,
IMG_7960_JPG__077__MOSFET-2.png,winnies_packages,train/images/IMG_7960_JPG.rf.3792631e6795a20224a5a14719bb2105.jpg,IMG_7960_JPG,MOSFET-2,191,235,36,44,119,147,component,,,
IMG_7960_JPG__078__SOD128.png,winnies_packages,train/images/IMG_7960_JPG.rf.3792631e6795a20224a5a14719bb2105.jpg,IMG_7960_JPG,SOD128,137,243,26,46,86,151,component,,,
IMG_7960_JPG__079__CHIP.png,winnies_packages,train/images/IMG_7960_JPG.rf.3792631e6795a20224a5a14719bb2105.jpg,IMG_7960_JPG,CHIP,242,248,45,47,151,155,component,,,
IMG_7961_JPG__011__capacitor.png,winnies_packages,train/images/IMG_7961_JPG.rf.1d25d6b6fc4cc30b88b0807168850386.jpg,IMG_7961_JPG,capacitor,101,88,19,16,63,55,component,,,
IMG_7961_JPG__012__capacitor.png,winnies_packages,train/images/IMG_7961_JPG.rf.1d25d6b6fc4cc30b88b0807168850386.jpg,IMG_7961_JPG,capacitor,111,84,21,16,69,52,component,,,
IMG_7961_JPG__013__capacitor.png,winnies_packages,train/images/IMG_7961_JPG.rf.1d25d6b6fc4cc30b88b0807168850386.jpg,IMG_7961_JPG,capacitor,110,83,21,16,69,52,component,,,
IMG_7961_JPG__014__capacitor.png,winnies_packages,train/images/IMG_7961_JPG.rf.1d25d6b6fc4cc30b88b0807168850386.jpg,IMG_7961_JPG,capacitor,110,84,21,16,69,52,component,,,
IMG_7961_JPG__015__capacitor.png,winnies_packages,train/images/IMG_7961_JPG.rf.1d25d6b6fc4cc30b88b0807168850386.jpg,IMG_7961_JPG,capacitor,110,84,20,16,69,52,component,,,
IMG_7961_JPG__016__capacitor.png,winnies_packages,train/images/IMG_7961_JPG.rf.1d25d6b6fc4cc30b88b0807168850386.jpg,IMG_7961_JPG,capacitor,111,84,21,16,69,52,component,,,
IMG_7961_JPG__017__capacitor.png,winnies_packages,train/images/IMG_7961_JPG.rf.1d25d6b6fc4cc30b88b0807168850386.jpg,IMG_7961_JPG,capacitor,111,84,21,16,69,52,component,,,
IMG_7961_JPG__018__capacitor.png,winnies_packages,train/images/IMG_7961_JPG.rf.1d25d6b6fc4cc30b88b0807168850386.jpg,IMG_7961_JPG,capacitor,111,83,21,16,69,52,component,,,
IMG_7961_JPG__019__capacitor.png,winnies_packages,train/images/IMG_7961_JPG.rf.1d25d6b6fc4cc30b88b0807168850386.jpg,IMG_7961_JPG,capacitor,110,84,20,16,69,52,component,,,
IMG_7961_JPG__020__capacitor.png,winnies_packages,train/images/IMG_7961_JPG.rf.1d25d6b6fc4cc30b88b0807168850386.jpg,IMG_7961_JPG,capacitor,111,83,21,16,69,52,component,,,
IMG_7961_JPG__021__capacitor.png,winnies_packages,train/images/IMG_7961_JPG.rf.1d25d6b6fc4cc30b88b0807168850386.jpg,IMG_7961_JPG,capacitor,110,83,20,16,69,52,component,,,
IMG_7961_JPG__022__capacitor.png,winnies_packages,train/images/IMG_7961_JPG.rf.1d25d6b6fc4cc30b88b0807168850386.jpg,IMG_7961_JPG,capacitor,111,83,21,16,69,52,component,,,
IMG_7961_JPG__023__capacitor.png,winnies_packages,train/images/IMG_7961_JPG.rf.1d25d6b6fc4cc30b88b0807168850386.jpg,IMG_7961_JPG,capacitor,111,83,21,16,69,52,component,,,
IMG_7961_JPG__024__capacitor.png,winnies_packages,train/images/IMG_7961_JPG.rf.1d25d6b6fc4cc30b88b0807168850386.jpg,IMG_7961_JPG,capacitor,110,83,21,15,69,52,component,,,
IMG_7961_JPG__025__capacitor.png,winnies_packages,train/images/IMG_7961_JPG.rf.1d25d6b6fc4cc30b88b0807168850386.jpg,IMG_7961_JPG,capacitor,111,83,21,15,69,52,component,,,
IMG_7961_JPG__026__capacitor.png,winnies_packages,train/images/IMG_7961_JPG.rf.1d25d6b6fc4cc30b88b0807168850386.jpg,IMG_7961_JPG,capacitor,111,83,21,16,69,52,component,,,
IMG_7961_JPG__042__capacitor.png,winnies_packages,train/images/IMG_7961_JPG.rf.1d25d6b6fc4cc30b88b0807168850386.jpg,IMG_7961_JPG,capacitor,129,79,24,15,81,49,component,,,
IMG_7961_JPG__043__capacitor.png,winnies_packages,train/images/IMG_7961_JPG.rf.1d25d6b6fc4cc30b88b0807168850386.jpg,IMG_7961_JPG,capacitor,128,77,24,15,80,48,component,,,
IMG_7961_JPG__044__capacitor.png,winnies_packages,train/images/IMG_7961_JPG.rf.1d25d6b6fc4cc30b88b0807168850386.jpg,IMG_7961_JPG,capacitor,128,80,24,15,80,50,component,,,
IMG_7961_JPG__045__capacitor.png,winnies_packages,train/images/IMG_7961_JPG.rf.1d25d6b6fc4cc30b88b0807168850386.jpg,IMG_7961_JPG,capacitor,121,76,22,14,76,48,component,,,
IMG_7961_JPG__056__capacitor.png,winnies_packages,train/images/IMG_7961_JPG.rf.1d25d6b6fc4cc30b88b0807168850386.jpg,IMG_7961_JPG,capacitor,89,157,16,29,56,98,component,,,
IMG_7961_JPG__058__SOD128.png,winnies_packages,train/images/IMG_7961_JPG.rf.1d25d6b6fc4cc30b88b0807168850386.jpg,IMG_7961_JPG,SOD128,143,240,27,45,89,150,component,,,
IMG_7961_JPG__059__MOSFET.png,winnies_packages,train/images/IMG_7961_JPG.rf.1d25d6b6fc4cc30b88b0807168850386.jpg,IMG_7961_JPG,MOSFET,166,225,31,42,104,141,component,,,
IMG_7961_JPG__060__MOSFET.png,winnies_packages,train/images/IMG_7961_JPG.rf.1d25d6b6fc4cc30b88b0807168850386.jpg,IMG_7961_JPG,MOSFET,228,200,42,38,143,125,component,,,
IMG_7961_JPG__061__SOIC-16.png,winnies_packages,train/images/IMG_7961_JPG.rf.1d25d6b6fc4cc30b88b0807168850386.jpg,IMG_7961_JPG,SOIC-16,225,247,42,46,141,154,component,,,
IMG_7961_JPG__062__SOT96.png,winnies_packages,train/images/IMG_7961_JPG.rf.1d25d6b6fc4cc30b88b0807168850386.jpg,IMG_7961_JPG,SOT96,162,216,30,40,101,135,component,,,
IMG_7961_JPG__063__SOT753.png,winnies_packages,train/images/IMG_7961_JPG.rf.1d25d6b6fc4cc30b88b0807168850386.jpg,IMG_7961_JPG,SOT753,95,127,18,24,59,79,component,,,
IMG_7961_JPG__064__SOD123.png,winnies_packages,train/images/IMG_7961_JPG.rf.1d25d6b6fc4cc30b88b0807168850386.jpg,IMG_7961_JPG,SOD123,99,202,18,38,62,126,component,,,
IMG_7964_JPG__004__resistor.png,winnies_packages,valid/images/IMG_7964_JPG.rf.c623ae1c2605c318005625717705f63a.jpg,IMG_7964_JPG,resistor,78,124,15,23,48,78,component,,,
IMG_7964_JPG__011__resistor.png,winnies_packages,valid/images/IMG_7964_JPG.rf.c623ae1c2605c318005625717705f63a.jpg,IMG_7964_JPG,resistor,143,79,27,15,89,49,component,,,
IMG_7964_JPG__028__resistor.png,winnies_packages,valid/images/IMG_7964_JPG.rf.c623ae1c2605c318005625717705f63a.jpg,IMG_7964_JPG,resistor,147,88,28,17,92,55,component,,,
IMG_7964_JPG__029__capacitor.png,winnies_packages,valid/images/IMG_7964_JPG.rf.c623ae1c2605c318005625717705f63a.jpg,IMG_7964_JPG,capacitor,114,87,21,17,72,54,component,,,
IMG_7964_JPG__030__capacitor.png,winnies_packages,valid/images/IMG_7964_JPG.rf.c623ae1c2605c318005625717705f63a.jpg,IMG_7964_JPG,capacitor,135,85,25,16,84,53,component,,,
IMG_7964_JPG__032__capacitor.png,winnies_packages,valid/images/IMG_7964_JPG.rf.c623ae1c2605c318005625717705f63a.jpg,IMG_7964_JPG,capacitor,81,142,15,26,50,89,component,,,
IMG_7964_JPG__034__capacitor.png,winnies_packages,valid/images/IMG_7964_JPG.rf.c623ae1c2605c318005625717705f63a.jpg,IMG_7964_JPG,capacitor,115,78,22,14,72,49,component,,,
IMG_7964_JPG__037__capacitor.png,winnies_packages,valid/images/IMG_7964_JPG.rf.c623ae1c2605c318005625717705f63a.jpg,IMG_7964_JPG,capacitor,83,128,15,24,52,80,component,,,
IMG_7964_JPG__039__capacitor.png,winnies_packages,valid/images/IMG_7964_JPG.rf.c623ae1c2605c318005625717705f63a.jpg,IMG_7964_JPG,capacitor,120,87,22,16,75,55,component,,,
IMG_7964_JPG__041__capacitor.png,winnies_packages,valid/images/IMG_7964_JPG.rf.c623ae1c2605c318005625717705f63a.jpg,IMG_7964_JPG,capacitor,81,149,15,28,51,93,component,,,
IMG_7964_JPG__043__capacitor.png,winnies_packages,valid/images/IMG_7964_JPG.rf.c623ae1c2605c318005625717705f63a.jpg,IMG_7964_JPG,capacitor,101,173,19,33,63,108,component,,,
IMG_7964_JPG__044__capacitor.png,winnies_packages,valid/images/IMG_7964_JPG.rf.c623ae1c2605c318005625717705f63a.jpg,IMG_7964_JPG,capacitor,99,184,18,34,62,115,component,,,
IMG_7964_JPG__045__capacitor.png,winnies_packages,valid/images/IMG_7964_JPG.rf.c623ae1c2605c318005625717705f63a.jpg,IMG_7964_JPG,capacitor,101,165,19,31,63,103,component,,,
IMG_7964_JPG__048__capacitor.png,winnies_packages,valid/images/IMG_7964_JPG.rf.c623ae1c2605c318005625717705f63a.jpg,IMG_7964_JPG,capacitor,91,147,17,28,57,92,component,,,
IMG_7964_JPG__049__capacitor.png,winnies_packages,valid/images/IMG_7964_JPG.rf.c623ae1c2605c318005625717705f63a.jpg,IMG_7964_JPG,capacitor,86,154,16,29,54,97,component,,,
IMG_7964_JPG__050__capacitor.png,winnies_packages,valid/images/IMG_7964_JPG.rf.c623ae1c2605c318005625717705f63a.jpg,IMG_7964_JPG,capacitor,127,82,24,15,79,52,component,,,
IMG_7964_JPG__051__capacitor.png,winnies_packages,valid/images/IMG_7964_JPG.rf.c623ae1c2605c318005625717705f63a.jpg,IMG_7964_JPG,capacitor,140,79,26,15,88,49,component,,,
IMG_7964_JPG__053__capacitor.png,winnies_packages,valid/images/IMG_7964_JPG.rf.c623ae1c2605c318005625717705f63a.jpg,IMG_7964_JPG,capacitor,129,88,24,16,81,55,component,,,
IMG_7964_JPG__061__Polyfuse_GR.png,winnies_packages,valid/images/IMG_7964_JPG.rf.c623ae1c2605c318005625717705f63a.jpg,IMG_7964_JPG,Polyfuse_GR,173,103,32,20,108,64,component,,,
IMG_7964_JPG__062__SOT23.png,winnies_packages,valid/images/IMG_7964_JPG.rf.c623ae1c2605c318005625717705f63a.jpg,IMG_7964_JPG,SOT23,136,188,26,35,84,117,component,,,
IMG_7964_JPG__063__SOT96.png,winnies_packages,valid/images/IMG_7964_JPG.rf.c623ae1c2605c318005625717705f63a.jpg,IMG_7964_JPG,SOT96,335,212,63,12,209,154,component,,,
IMG_7964_JPG__064__SOT23.png,winnies_packages,valid/images/IMG_7964_JPG.rf.c623ae1c2605c318005625717705f63a.jpg,IMG_7964_JPG,SOT23,135,164,25,31,84,102,component,,,
IMG_7964_JPG__065__SOT23.png,winnies_packages,valid/images/IMG_7964_JPG.rf.c623ae1c2605c318005625717705f63a.jpg,IMG_7964_JPG,SOT23,122,165,23,31,76,103,component,,,
IMG_7964_JPG__066__SOT23.png,winnies_packages,valid/images/IMG_7964_JPG.rf.c623ae1c2605c318005625717705f63a.jpg,IMG_7964_JPG,SOT23,145,134,27,25,91,83,component,,,
IMG_7964_JPG__067__SOT23.png,winnies_packages,valid/images/IMG_7964_JPG.rf.c623ae1c2605c318005625717705f63a.jpg,IMG_7964_JPG,SOT23,147,163,27,30,92,102,component,,,
IMG_7964_JPG__068__SOT23.png,winnies_packages,valid/images/IMG_7964_JPG.rf.c623ae1c2605c318005625717705f63a.jpg,IMG_7964_JPG,SOT23,137,128,26,24,86,80,component,,,
IMG_7964_JPG__069__SOT23.png,winnies_packages,valid/images/IMG_7964_JPG.rf.c623ae1c2605c318005625717705f63a.jpg,IMG_7964_JPG,SOT23,142,127,27,24,89,79,component,,,
IMG_7964_JPG__070__SOT96.png,winnies_packages,valid/images/IMG_7964_JPG.rf.c623ae1c2605c318005625717705f63a.jpg,IMG_7964_JPG,SOT96,330,214,62,40,206,134,component,,,
IMG_7964_JPG__071__SOT96.png,winnies_packages,valid/images/IMG_7964_JPG.rf.c623ae1c2605c318005625717705f63a.jpg,IMG_7964_JPG,SOT96,324,231,61,43,202,144,component,,,
IMG_7964_JPG__072__SOT96.png,winnies_packages,valid/images/IMG_7964_JPG.rf.c623ae1c2605c318005625717705f63a.jpg,IMG_7964_JPG,SOT96,324,234,61,44,202,146,component,,,
IMG_7964_JPG__073__SOT753.png,winnies_packages,valid/images/IMG_7964_JPG.rf.c623ae1c2605c318005625717705f63a.jpg,IMG_7964_JPG,SOT753,144,150,27,28,90,94,component,,,
IMG_7964_JPG__074__SOT753.png,winnies_packages,valid/images/IMG_7964_JPG.rf.c623ae1c2605c318005625717705f63a.jpg,IMG_7964_JPG,SOT753,125,167,23,31,78,104,component,,,
IMG_7964_JPG__075__TSSOP-14.png,winnies_packages,valid/images/IMG_7964_JPG.rf.c623ae1c2605c318005625717705f63a.jpg,IMG_7964_JPG,TSSOP-14,366,277,68,8,229,207,component,,,
IMG_7964_JPG__076__SOIC-16.png,winnies_packages,valid/images/IMG_7964_JPG.rf.c623ae1c2605c318005625717705f63a.jpg,IMG_7964_JPG,SOIC-16,524,463,98,87,327,289,component,,,
IMG_7965_JPG__000__resistor.png,winnies_packages,train/images/IMG_7965_JPG.rf.5d67d77c05e44c9e7048818988d83146.jpg,IMG_7965_JPG,resistor,103,193,20,36,64,121,component,,,
IMG_7965_JPG__001__resistor.png,winnies_packages,train/images/IMG_7965_JPG.rf.5d67d77c05e44c9e7048818988d83146.jpg,IMG_7965_JPG,resistor,98,205,19,38,61,128,component,,,
IMG_7965_JPG__002__resistor.png,winnies_packages,train/images/IMG_7965_JPG.rf.5d67d77c05e44c9e7048818988d83146.jpg,IMG_7965_JPG,resistor,199,91,37,17,124,57,component,,,
IMG_7965_JPG__003__resistor.png,winnies_packages,train/images/IMG_7965_JPG.rf.5d67d77c05e44c9e7048818988d83146.jpg,IMG_7965_JPG,resistor,214,99,40,18,134,62,component,,,
IMG_7965_JPG__004__resistor.png,winnies_packages,train/images/IMG_7965_JPG.rf.5d67d77c05e44c9e7048818988d83146.jpg,IMG_7965_JPG,resistor,184,82,34,16,115,51,component,,,
IMG_7965_JPG__005__resistor.png,winnies_packages,train/images/IMG_7965_JPG.rf.5d67d77c05e44c9e7048818988d83146.jpg,IMG_7965_JPG,resistor,188,100,35,19,118,63,component,,,
IMG_7965_JPG__006__resistor.png,winnies_packages,train/images/IMG_7965_JPG.rf.5d67d77c05e44c9e7048818988d83146.jpg,IMG_7965_JPG,resistor,204,91,38,17,128,57,component,,,
IMG_7965_JPG__007__resistor.png,winnies_packages,train/images/IMG_7965_JPG.rf.5d67d77c05e44c9e7048818988d83146.jpg,IMG_7965_JPG,resistor,202,104,38,19,126,65,component,,,
IMG_7965_JPG__008__resistor.png,winnies_packages,train/images/IMG_7965_JPG.rf.5d67d77c05e44c9e7048818988d83146.jpg,IMG_7965_JPG,resistor,198,95,37,18,124,59,component,,,
IMG_7965_JPG__009__capacitor.png,winnies_packages,train/images/IMG_7965_JPG.rf.5d67d77c05e44c9e7048818988d83146.jpg,IMG_7965_JPG,capacitor,110,208,20,39,69,130,component,,,
IMG_7965_JPG__010__capacitor.png,winnies_packages,train/images/IMG_7965_JPG.rf.5d67d77c05e44c9e7048818988d83146.jpg,IMG_7965_JPG,capacitor,112,198,21,37,70,124,component,,,
IMG_7965_JPG__011__capacitor.png,winnies_packages,train/images/IMG_7965_JPG.rf.5d67d77c05e44c9e7048818988d83146.jpg,IMG_7965_JPG,capacitor,260,164,49,31,163,103,component,,,
IMG_7965_JPG__012__capacitor.png,winnies_packages,train/images/IMG_7965_JPG.rf.5d67d77c05e44c9e7048818988d83146.jpg,IMG_7965_JPG,capacitor,201,100,38,18,126,63,component,,,
IMG_7965_JPG__013__capacitor.png,winnies_packages,train/images/IMG_7965_JPG.rf.5d67d77c05e44c9e7048818988d83146.jpg,IMG_7965_JPG,capacitor,208,114,39,21,130,71,component,,,
IMG_7965_JPG__014__Polyfuse_GR.png,winnies_packages,train/images/IMG_7965_JPG.rf.5d67d77c05e44c9e7048818988d83146.jpg,IMG_7965_JPG,Polyfuse_GR,275,140,52,26,172,88,component,,,
IMG_7965_JPG__015__Polyfuse_GR.png,winnies_packages,train/images/IMG_7965_JPG.rf.5d67d77c05e44c9e7048818988d83146.jpg,IMG_7965_JPG,Polyfuse_GR,281,149,53,28,176,93,component,,,
IMG_7965_JPG__016__feriet_kraal.png,winnies_packages,train/images/IMG_7965_JPG.rf.5d67d77c05e44c9e7048818988d83146.jpg,IMG_7965_JPG,feriet kraal,206,108,39,21,129,67,component,,,
IMG_7965_JPG__017__feriet_kraal.png,winnies_packages,train/images/IMG_7965_JPG.rf.5d67d77c05e44c9e7048818988d83146.jpg,IMG_7965_JPG,feriet kraal,196,92,36,18,123,57,component,,,
IMG_7965_JPG__018__feriet_kraal.png,winnies_packages,train/images/IMG_7965_JPG.rf.5d67d77c05e44c9e7048818988d83146.jpg,IMG_7965_JPG,feriet kraal,207,96,39,18,129,60,component,,,
IMG_7965_JPG__019__feriet_kraal.png,winnies_packages,train/images/IMG_7965_JPG.rf.5d67d77c05e44c9e7048818988d83146.jpg,IMG_7965_JPG,feriet kraal,220,102,41,19,138,64,component,,,
IMG_7965_JPG__020__SOT96.png,winnies_packages,train/images/IMG_7965_JPG.rf.5d67d77c05e44c9e7048818988d83146.jpg,IMG_7965_JPG,SOT96,561,367,105,69,350,229,component,,,
IMG_7965_JPG__021__SOT23.png,winnies_packages,train/images/IMG_7965_JPG.rf.5d67d77c05e44c9e7048818988d83146.jpg,IMG_7965_JPG,SOT23,252,268,47,50,157,168,component,,,
IMG_7966_JPG__000__resistor.png,winnies_packages,train/images/IMG_7966_JPG.rf.7725c65693a6c7d3f64cfccb27af8f00.jpg,IMG_7966_JPG,resistor,200,125,38,23,125,78,component,,,
IMG_7966_JPG__001__resistor.png,winnies_packages,train/images/IMG_7966_JPG.rf.7725c65693a6c7d3f64cfccb27af8f00.jpg,IMG_7966_JPG,resistor,176,128,33,24,110,80,component,,,
IMG_7966_JPG__002__resistor.png,winnies_packages,train/images/IMG_7966_JPG.rf.7725c65693a6c7d3f64cfccb27af8f00.jpg,IMG_7966_JPG,resistor,112,228,21,42,70,143,component,,,
IMG_7966_JPG__003__resistor.png,winnies_packages,train/images/IMG_7966_JPG.rf.7725c65693a6c7d3f64cfccb27af8f00.jpg,IMG_7966_JPG,resistor,84,225,15,42,53,141,component,,,
IMG_7966_JPG__004__resistor.png,winnies_packages,train/images/IMG_7966_JPG.rf.7725c65693a6c7d3f64cfccb27af8f00.jpg,IMG_7966_JPG,resistor,217,116,41,21,136,73,component,,,
IMG_7966_JPG__005__capacitor.png,winnies_packages,train/images/IMG_7966_JPG.rf.7725c65693a6c7d3f64cfccb27af8f00.jpg,IMG_7966_JPG,capacitor,202,109,38,21,126,68,component,,,
IMG_7966_JPG__006__capacitor.png,winnies_packages,train/images/IMG_7966_JPG.rf.7725c65693a6c7d3f64cfccb27af8f00.jpg,IMG_7966_JPG,capacitor,204,100,38,18,128,63,component,,,
IMG_7966_JPG__007__resistor.png,winnies_packages,train/images/IMG_7966_JPG.rf.7725c65693a6c7d3f64cfccb27af8f00.jpg,IMG_7966_JPG,resistor,180,111,33,21,113,69,component,,,
IMG_7966_JPG__008__capacitor.png,winnies_packages,train/images/IMG_7966_JPG.rf.7725c65693a6c7d3f64cfccb27af8f00.jpg,IMG_7966_JPG,capacitor,191,116,36,21,119,73,component,,,
IMG_7966_JPG__009__capacitor.png,winnies_packages,train/images/IMG_7966_JPG.rf.7725c65693a6c7d3f64cfccb27af8f00.jpg,IMG_7966_JPG,capacitor,183,110,34,20,114,69,component,,,
IMG_7966_JPG__010__capacitor.png,winnies_packages,train/images/IMG_7966_JPG.rf.7725c65693a6c7d3f64cfccb27af8f00.jpg,IMG_7966_JPG,capacitor,201,128,38,24,126,80,component,,,
IMG_7966_JPG__011__Polyfuse_GR.png,winnies_packages,train/images/IMG_7966_JPG.rf.7725c65693a6c7d3f64cfccb27af8f00.jpg,IMG_7966_JPG,Polyfuse_GR,266,129,50,24,166,81,component,,,
IMG_7966_JPG__012__SOT23.png,winnies_packages,train/images/IMG_7966_JPG.rf.7725c65693a6c7d3f64cfccb27af8f00.jpg,IMG_7966_JPG,SOT23,208,244,39,46,130,152,component,,,
IMG_7966_JPG__013__SOT23.png,winnies_packages,train/images/IMG_7966_JPG.rf.7725c65693a6c7d3f64cfccb27af8f00.jpg,IMG_7966_JPG,SOT23,212,244,40,46,132,152,component,,,
IMG_7966_JPG__014__SOT23.png,winnies_packages,train/images/IMG_7966_JPG.rf.7725c65693a6c7d3f64cfccb27af8f00.jpg,IMG_7966_JPG,SOT23,216,264,41,49,135,165,component,,,
IMG_7966_JPG__015__SOT96.png,winnies_packages,train/images/IMG_7966_JPG.rf.7725c65693a6c7d3f64cfccb27af8f00.jpg,IMG_7966_JPG,SOT96,512,370,96,69,320,231,component,,,
IMG_7966_JPG__016__SOIC-16.png,winnies_packages,train/images/IMG_7966_JPG.rf.7725c65693a6c7d3f64cfccb27af8f00.jpg,IMG_7966_JPG,SOIC-16,826,773,155,145,516,483,component,,,
IMG_7967_JPG__000__resistor.png,winnies_packages,train/images/IMG_7967_JPG.rf.2390b25020e7a3e0799f48797b2b28b1.jpg,IMG_7967_JPG,resistor,150,84,28,16,94,52,component,,,
IMG_7967_JPG__001__resistor.png,winnies_packages,train/images/IMG_7967_JPG.rf.2390b25020e7a3e0799f48797b2b28b1.jpg,IMG_7967_JPG,resistor,131,84,25,15,82,53,component,,,
IMG_7967_JPG__002__resistor.png,winnies_packages,train/images/IMG_7967_JPG.rf.2390b25020e7a3e0799f48797b2b28b1.jpg,IMG_7967_JPG,resistor,147,83,28,15,92,52,component,,,
IMG_7967_JPG__006__resistor.png,winnies_packages,train/images/IMG_7967_JPG.rf.2390b25020e7a3e0799f48797b2b28b1.jpg,IMG_7967_JPG,resistor,127,83,24,16,80,52,component,,,
IMG_7967_JPG__011__resistor.png,winnies_packages,train/images/IMG_7967_JPG.rf.2390b25020e7a3e0799f48797b2b28b1.jpg,IMG_7967_JPG,resistor,151,83,29,15,94,52,component,,,
IMG_7967_JPG__012__capacitor.png,winnies_packages,train/images/IMG_7967_JPG.rf.2390b25020e7a3e0799f48797b2b28b1.jpg,IMG_7967_JPG,capacitor,89,175,16,33,56,109,component,,,
IMG_7967_JPG__013__capacitor.png,winnies_packages,train/images/IMG_7967_JPG.rf.2390b25020e7a3e0799f48797b2b28b1.jpg,IMG_7967_JPG,capacitor,92,176,18,33,57,110,component,,,
IMG_7967_JPG__014__capacitor.png,winnies_packages,train/images/IMG_7967_JPG.rf.2390b25020e7a3e0799f48797b2b28b1.jpg,IMG_7967_JPG,capacitor,87,169,17,31,54,106,component,,,
IMG_7967_JPG__015__capacitor.png,winnies_packages,train/images/IMG_7967_JPG.rf.2390b25020e7a3e0799f48797b2b28b1.jpg,IMG_7967_JPG,capacitor,90,166,17,31,56,104,component,,,
IMG_7967_JPG__016__capacitor.png,winnies_packages,train/images/IMG_7967_JPG.rf.2390b25020e7a3e0799f48797b2b28b1.jpg,IMG_7967_JPG,capacitor,86,182,16,34,54,114,component,,,
IMG_7967_JPG__017__capacitor.png,winnies_packages,train/images/IMG_7967_JPG.rf.2390b25020e7a3e0799f48797b2b28b1.jpg,IMG_7967_JPG,capacitor,84,178,16,33,52,111,component,,,
IMG_7967_JPG__018__capacitor.png,winnies_packages,train/images/IMG_7967_JPG.rf.2390b25020e7a3e0799f48797b2b28b1.jpg,IMG_7967_JPG,capacitor,90,174,17,32,56,109,component,,,
IMG_7967_JPG__019__capacitor.png,winnies_packages,train/images/IMG_7967_JPG.rf.2390b25020e7a3e0799f48797b2b28b1.jpg,IMG_7967_JPG,capacitor,90,173,17,33,56,108,component,,,
IMG_7967_JPG__020__capacitor.png,winnies_packages,train/images/IMG_7967_JPG.rf.2390b25020e7a3e0799f48797b2b28b1.jpg,IMG_7967_JPG,capacitor,90,182,17,34,56,114,component,,,
IMG_7967_JPG__021__capacitor.png,winnies_packages,train/images/IMG_7967_JPG.rf.2390b25020e7a3e0799f48797b2b28b1.jpg,IMG_7967_JPG,capacitor,82,188,16,35,51,118,component,,,
IMG_7967_JPG__022__capacitor.png,winnies_packages,train/images/IMG_7967_JPG.rf.2390b25020e7a3e0799f48797b2b28b1.jpg,IMG_7967_JPG,capacitor,88,179,17,33,55,112,component,,,
IMG_7967_JPG__023__capacitor.png,winnies_packages,train/images/IMG_7967_JPG.rf.2390b25020e7a3e0799f48797b2b28b1.jpg,IMG_7967_JPG,capacitor,86,186,16,35,54,116,component,,,
IMG_7967_JPG__025__capacitor.png,winnies_packages,train/images/IMG_7967_JPG.rf.2390b25020e7a3e0799f48797b2b28b1.jpg,IMG_7967_JPG,capacitor,77,120,14,23,48,75,component,,,
IMG_7967_JPG__028__capacitor.png,winnies_packages,train/images/IMG_7967_JPG.rf.2390b25020e7a3e0799f48797b2b28b1.jpg,IMG_7967_JPG,capacitor,112,80,20,14,70,50,component,,,
IMG_7967_JPG__030__resistor.png,winnies_packages,train/images/IMG_7967_JPG.rf.2390b25020e7a3e0799f48797b2b28b1.jpg,IMG_7967_JPG,resistor,136,88,26,17,85,55,component,,,
IMG_7967_JPG__031__Polyfuse_GR.png,winnies_packages,train/images/IMG_7967_JPG.rf.2390b25020e7a3e0799f48797b2b28b1.jpg,IMG_7967_JPG,Polyfuse_GR,176,115,33,22,110,72,component,,,
IMG_7967_JPG__032__SOD323.png,winnies_packages,train/images/IMG_7967_JPG.rf.2390b25020e7a3e0799f48797b2b28b1.jpg,IMG_7967_JPG,SOD323,96,199,18,38,60,124,component,,,
IMG_7967_JPG__033__SOD323.png,winnies_packages,train/images/IMG_7967_JPG.rf.2390b25020e7a3e0799f48797b2b28b1.jpg,IMG_7967_JPG,SOD323,83,173,16,33,52,108,component,,,
IMG_7967_JPG__034__SOD323.png,winnies_packages,train/images/IMG_7967_JPG.rf.2390b25020e7a3e0799f48797b2b28b1.jpg,IMG_7967_JPG,SOD323,105,185,20,35,66,116,component,,,
IMG_7967_JPG__035__TSSOP-14.png,winnies_packages,train/images/IMG_7967_JPG.rf.2390b25020e7a3e0799f48797b2b28b1.jpg,IMG_7967_JPG,TSSOP-14,364,412,68,77,228,257,component,,,
IMG_7967_JPG__036__SOT753.png,winnies_packages,train/images/IMG_7967_JPG.rf.2390b25020e7a3e0799f48797b2b28b1.jpg,IMG_7967_JPG,SOT753,183,172,34,32,114,108,component,,,
IMG_7967_JPG__037__SOT753.png,winnies_packages,train/images/IMG_7967_JPG.rf.2390b25020e7a3e0799f48797b2b28b1.jpg,IMG_7967_JPG,SOT753,183,154,35,29,114,96,component,,,
IMG_7968_JPG__010__capacitor.png,winnies_packages,train/images/IMG_7968_JPG.rf.10576653bef90201aba842862f10a83f.jpg,IMG_7968_JPG,capacitor,149,83,28,16,93,52,component,,,
IMG_7968_JPG__011__capacitor.png,winnies_packages,train/images/IMG_7968_JPG.rf.10576653bef90201aba842862f10a83f.jpg,IMG_7968_JPG,capacitor,93,139,17,26,58,87,component,,,
IMG_7968_JPG__012__capacitor.png,winnies_packages,train/images/IMG_7968_JPG.rf.10576653bef90201aba842862f10a83f.jpg,IMG_7968_JPG,capacitor,80,124,16,23,50,77,component,,,
IMG_7968_JPG__016__capacitor.png,winnies_packages,train/images/IMG_7968_JPG.rf.10576653bef90201aba842862f10a83f.jpg,IMG_7968_JPG,capacitor,79,128,15,24,49,80,component,,,
IMG_7968_JPG__030__SOT96.png,winnies_packages,train/images/IMG_7968_JPG.rf.10576653bef90201aba842862f10a83f.jpg,IMG_7968_JPG,SOT96,252,349,47,65,157,218,component,,,
IMG_7968_JPG__031__SOT96.png,winnies_packages,train/images/IMG_7968_JPG.rf.10576653bef90201aba842862f10a83f.jpg,IMG_7968_JPG,SOT96,235,349,44,65,147,218,component,,,
IMG_7968_JPG__032__SOT457.png,winnies_packages,train/images/IMG_7968_JPG.rf.10576653bef90201aba842862f10a83f.jpg,IMG_7968_JPG,SOT457,171,125,32,23,107,78,component,,,
IMG_7968_JPG__033__SOT457.png,winnies_packages,train/images/IMG_7968_JPG.rf.10576653bef90201aba842862f10a83f.jpg,IMG_7968_JPG,SOT457,190,121,36,23,119,76,component,,,
IMG_7968_JPG__034__SOT457.png,winnies_packages,train/images/IMG_7968_JPG.rf.10576653bef90201aba842862f10a83f.jpg,IMG_7968_JPG,SOT457,177,145,33,27,111,91,component,,,
IMG_7968_JPG__035__SOT457.png,winnies_packages,train/images/IMG_7968_JPG.rf.10576653bef90201aba842862f10a83f.jpg,IMG_7968_JPG,SOT457,174,151,33,29,109,94,component,,,
IMG_7968_JPG__036__SOT753.png,winnies_packages,train/images/IMG_7968_JPG.rf.10576653bef90201aba842862f10a83f.jpg,IMG_7968_JPG,SOT753,174,140,32,27,109,87,component,,,
IMG_7968_JPG__037__SOT753.png,winnies_packages,train/images/IMG_7968_JPG.rf.10576653bef90201aba842862f10a83f.jpg,IMG_7968_JPG,SOT753,70,150,0,28,54,94,component,,,
IMG_7968_JPG__038__SOT753.png,winnies_packages,train/images/IMG_7968_JPG.rf.10576653bef90201aba842862f10a83f.jpg,IMG_7968_JPG,SOT753,176,125,33,23,110,78,component,,,
IMG_7968_JPG__039__SOT753.png,winnies_packages,train/images/IMG_7968_JPG.rf.10576653bef90201aba842862f10a83f.jpg,IMG_7968_JPG,SOT753,170,141,32,26,106,88,component,,,
IMG_7968_JPG__040__SOT753.png,winnies_packages,train/images/IMG_7968_JPG.rf.10576653bef90201aba842862f10a83f.jpg,IMG_7968_JPG,SOT753,190,121,35,22,119,76,component,,,
IMG_7968_JPG__041__TSSOP-14.png,winnies_packages,train/images/IMG_7968_JPG.rf.10576653bef90201aba842862f10a83f.jpg,IMG_7968_JPG,TSSOP-14,364,378,68,71,227,236,component,,,
IMG_7968_JPG__042__TSSOP-14.png,winnies_packages,train/images/IMG_7968_JPG.rf.10576653bef90201aba842862f10a83f.jpg,IMG_7968_JPG,TSSOP-14,324,393,61,74,202,246,component,,,
IMG_7968_JPG__043__TSSOP-14.png,winnies_packages,train/images/IMG_7968_JPG.rf.10576653bef90201aba842862f10a83f.jpg,IMG_7968_JPG,TSSOP-14,346,362,65,68,216,226,component,,,
IMG_7968_JPG__044__TSSOP-14.png,winnies_packages,train/images/IMG_7968_JPG.rf.10576653bef90201aba842862f10a83f.jpg,IMG_7968_JPG,TSSOP-14,177,372,41,70,136,232,component,,,
IMG_7969_JPG__007__capacitor.png,winnies_packages,valid/images/IMG_7969_JPG.rf.d7291ac6a146990c6be25bdbf276c22c.jpg,IMG_7969_JPG,capacitor,125,81,23,15,78,51,component,,,
IMG_7969_JPG__008__capacitor.png,winnies_packages,valid/images/IMG_7969_JPG.rf.d7291ac6a146990c6be25bdbf276c22c.jpg,IMG_7969_JPG,capacitor,87,194,16,37,54,121,component,,,
IMG_7969_JPG__009__capacitor.png,winnies_packages,valid/images/IMG_7969_JPG.rf.d7291ac6a146990c6be25bdbf276c22c.jpg,IMG_7969_JPG,capacitor,83,194,16,36,52,121,component,,,
IMG_7969_JPG__010__capacitor.png,winnies_packages,valid/images/IMG_7969_JPG.rf.d7291ac6a146990c6be25bdbf276c22c.jpg,IMG_7969_JPG,capacitor,87,193,16,36,55,120,component,,,
IMG_7969_JPG__011__capacitor.png,winnies_packages,valid/images/IMG_7969_JPG.rf.d7291ac6a146990c6be25bdbf276c22c.jpg,IMG_7969_JPG,capacitor,81,187,16,35,51,117,component,,,
IMG_7969_JPG__012__capacitor.png,winnies_packages,valid/images/IMG_7969_JPG.rf.d7291ac6a146990c6be25bdbf276c22c.jpg,IMG_7969_JPG,capacitor,82,193,16,36,51,120,component,,,
IMG_7969_JPG__013__capacitor.png,winnies_packages,valid/images/IMG_7969_JPG.rf.d7291ac6a146990c6be25bdbf276c22c.jpg,IMG_7969_JPG,capacitor,161,110,30,20,100,69,component,,,
IMG_7969_JPG__014__capacitor.png,winnies_packages,valid/images/IMG_7969_JPG.rf.d7291ac6a146990c6be25bdbf276c22c.jpg,IMG_7969_JPG,capacitor,181,84,34,16,113,53,component,,,
IMG_7969_JPG__015__capacitor.png,winnies_packages,valid/images/IMG_7969_JPG.rf.d7291ac6a146990c6be25bdbf276c22c.jpg,IMG_7969_JPG,capacitor,153,91,29,17,96,57,component,,,
IMG_7969_JPG__016__capacitor.png,winnies_packages,valid/images/IMG_7969_JPG.rf.d7291ac6a146990c6be25bdbf276c22c.jpg,IMG_7969_JPG,capacitor,175,81,33,15,110,51,component,,,
IMG_7969_JPG__017__capacitor.png,winnies_packages,valid/images/IMG_7969_JPG.rf.d7291ac6a146990c6be25bdbf276c22c.jpg,IMG_7969_JPG,capacitor,189,80,35,15,118,50,component,,,
IMG_7969_JPG__018__capacitor.png,winnies_packages,valid/images/IMG_7969_JPG.rf.d7291ac6a146990c6be25bdbf276c22c.jpg,IMG_7969_JPG,capacitor,172,109,32,21,107,68,component,,,
IMG_7969_JPG__019__capacitor.png,winnies_packages,valid/images/IMG_7969_JPG.rf.d7291ac6a146990c6be25bdbf276c22c.jpg,IMG_7969_JPG,capacitor,182,96,34,18,113,60,component,,,
IMG_7969_JPG__020__capacitor.png,winnies_packages,valid/images/IMG_7969_JPG.rf.d7291ac6a146990c6be25bdbf276c22c.jpg,IMG_7969_JPG,capacitor,178,93,33,17,111,58,component,,,
IMG_7969_JPG__021__capacitor.png,winnies_packages,valid/images/IMG_7969_JPG.rf.d7291ac6a146990c6be25bdbf276c22c.jpg,IMG_7969_JPG,capacitor,173,98,32,19,108,61,component,,,
IMG_7969_JPG__022__SOD128.png,winnies_packages,valid/images/IMG_7969_JPG.rf.d7291ac6a146990c6be25bdbf276c22c.jpg,IMG_7969_JPG,SOD128,161,95,30,18,101,59,component,,,
IMG_7969_JPG__023__SOD128.png,winnies_packages,valid/images/IMG_7969_JPG.rf.d7291ac6a146990c6be25bdbf276c22c.jpg,IMG_7969_JPG,SOD128,154,107,29,20,96,67,component,,,
IMG_7969_JPG__024__SOT96.png,winnies_packages,valid/images/IMG_7969_JPG.rf.d7291ac6a146990c6be25bdbf276c22c.jpg,IMG_7969_JPG,SOT96,224,337,42,63,140,210,component,,,
IMG_7969_JPG__025__TSSOP-16.png,winnies_packages,valid/images/IMG_7969_JPG.rf.d7291ac6a146990c6be25bdbf276c22c.jpg,IMG_7969_JPG,TSSOP-16,425,351,80,66,265,220,component,,,
IMG_7969_JPG__026__SOD128.png,winnies_packages,valid/images/IMG_7969_JPG.rf.d7291ac6a146990c6be25bdbf276c22c.jpg,IMG_7969_JPG,SOD128,229,151,43,28,143,95,component,,,
IMG_7969_JPG__027__MOSFET-2.png,winnies_packages,valid/images/IMG_7969_JPG.rf.d7291ac6a146990c6be25bdbf276c22c.jpg,IMG_7969_JPG,MOSFET-2,336,232,63,44,210,145,component,,,
IMG_7969_JPG__028__MOSFET-2.png,winnies_packages,valid/images/IMG_7969_JPG.rf.d7291ac6a146990c6be25bdbf276c22c.jpg,IMG_7969_JPG,MOSFET-2,202,332,38,62,127,207,component,,,
IMG_7969_JPG__029__SOD128.png,winnies_packages,valid/images/IMG_7969_JPG.rf.d7291ac6a146990c6be25bdbf276c22c.jpg,IMG_7969_JPG,SOD128,83,205,16,39,52,128,component,,,
IMG_7969_JPG__030__MOSFET.png,winnies_packages,valid/images/IMG_7969_JPG.rf.d7291ac6a146990c6be25bdbf276c22c.jpg,IMG_7969_JPG,MOSFET,561,464,105,87,351,290,component,,,
IMG_7969_JPG__031__MOSFET.png,winnies_packages,valid/images/IMG_7969_JPG.rf.d7291ac6a146990c6be25bdbf276c22c.jpg,IMG_7969_JPG,MOSFET,546,466,102,88,342,291,component,,,
IMG_7969_JPG__033__SOD123.png,winnies_packages,valid/images/IMG_7969_JPG.rf.d7291ac6a146990c6be25bdbf276c22c.jpg,IMG_7969_JPG,SOD123,142,80,27,15,88,50,component,,,
IMG_7970_JPG__000__resistor.png,winnies_packages,train/images/IMG_7970_JPG.rf.305e0e9e5e183a52716543af43aff3c3.jpg,IMG_7970_JPG,resistor,77,139,14,26,48,87,component,,,
IMG_7970_JPG__001__resistor.png,winnies_packages,train/images/IMG_7970_JPG.rf.305e0e9e5e183a52716543af43aff3c3.jpg,IMG_7970_JPG,resistor,155,81,29,15,97,50,component,,,
IMG_7970_JPG__011__capacitor.png,winnies_packages,train/images/IMG_7970_JPG.rf.305e0e9e5e183a52716543af43aff3c3.jpg,IMG_7970_JPG,capacitor,151,85,28,16,95,53,component,,,
IMG_7970_JPG__012__capacitor.png,winnies_packages,train/images/IMG_7970_JPG.rf.305e0e9e5e183a52716543af43aff3c3.jpg,IMG_7970_JPG,capacitor,148,79,28,15,93,49,component,,,
IMG_7970_JPG__013__capacitor.png,winnies_packages,train/images/IMG_7970_JPG.rf.305e0e9e5e183a52716543af43aff3c3.jpg,IMG_7970_JPG,capacitor,82,143,15,27,51,90,component,,,
IMG_7970_JPG__017__Polyfuse_Z.png,winnies_packages,train/images/IMG_7970_JPG.rf.305e0e9e5e183a52716543af43aff3c3.jpg,IMG_7970_JPG,Polyfuse_Z,186,87,35,17,117,54,component,,,
IMG_7970_JPG__020__feriet_kraal.png,winnies_packages,train/images/IMG_7970_JPG.rf.305e0e9e5e183a52716543af43aff3c3.jpg,IMG_7970_JPG,feriet kraal,81,146,15,28,50,91,component,,,
IMG_7970_JPG__022__SOT753.png,winnies_packages,train/images/IMG_7970_JPG.rf.305e0e9e5e183a52716543af43aff3c3.jpg,IMG_7970_JPG,SOT753,165,157,31,29,103,98,component,,,
IMG_7970_JPG__023__SOT23.png,winnies_packages,train/images/IMG_7970_JPG.rf.305e0e9e5e183a52716543af43aff3c3.jpg,IMG_7970_JPG,SOT23,132,160,25,30,82,100,component,,,
IMG_7970_JPG__024__SOT23.png,winnies_packages,train/images/IMG_7970_JPG.rf.305e0e9e5e183a52716543af43aff3c3.jpg,IMG_7970_JPG,SOT23,114,171,21,32,71,107,component,,,
IMG_7970_JPG__025__SOT96.png,winnies_packages,train/images/IMG_7970_JPG.rf.305e0e9e5e183a52716543af43aff3c3.jpg,IMG_7970_JPG,SOT96,229,316,43,59,143,198,component,,,
IMG_7971_JPG__001__resistor.png,winnies_packages,valid/images/IMG_7971_JPG.rf.28fe71fa64022466801244ddde68bd5f.jpg,IMG_7971_JPG,resistor,141,88,27,17,88,54,component,,,
IMG_7971_JPG__021__Polyfuse_Z.png,winnies_packages,valid/images/IMG_7971_JPG.rf.28fe71fa64022466801244ddde68bd5f.jpg,IMG_7971_JPG,Polyfuse_Z,176,93,33,17,110,58,component,,,
IMG_7971_JPG__023__feriet_kraal.png,winnies_packages,valid/images/IMG_7971_JPG.rf.28fe71fa64022466801244ddde68bd5f.jpg,IMG_7971_JPG,feriet kraal,81,134,15,25,50,84,component,,,
IMG_7971_JPG__026__SOT753.png,winnies_packages,valid/images/IMG_7971_JPG.rf.28fe71fa64022466801244ddde68bd5f.jpg,IMG_7971_JPG,SOT753,156,128,29,24,98,80,component,,,
IMG_7971_JPG__027__SOT23.png,winnies_packages,valid/images/IMG_7971_JPG.rf.28fe71fa64022466801244ddde68bd5f.jpg,IMG_7971_JPG,SOT23,118,149,22,28,74,93,component,,,
IMG_7971_JPG__028__SOT23.png,winnies_packages,valid/images/IMG_7971_JPG.rf.28fe71fa64022466801244ddde68bd5f.jpg,IMG_7971_JPG,SOT23,115,147,21,28,72,92,component,,,
IMG_7971_JPG__029__SOT96.png,winnies_packages,valid/images/IMG_7971_JPG.rf.28fe71fa64022466801244ddde68bd5f.jpg,IMG_7971_JPG,SOT96,220,302,41,56,137,189,component,,,
IMG_7972_JPG__018__capacitor.png,winnies_packages,train/images/IMG_7972_JPG.rf.5b9054b9b69841180279a3b9f3249ca7.jpg,IMG_7972_JPG,capacitor,147,86,27,16,92,54,component,,,
IMG_7972_JPG__020__capacitor.png,winnies_packages,train/images/IMG_7972_JPG.rf.5b9054b9b69841180279a3b9f3249ca7.jpg,IMG_7972_JPG,capacitor,97,210,18,39,60,132,component,,,
IMG_7972_JPG__023__capacitor.png,winnies_packages,train/images/IMG_7972_JPG.rf.5b9054b9b69841180279a3b9f3249ca7.jpg,IMG_7972_JPG,capacitor,135,89,25,17,85,56,component,,,
IMG_7972_JPG__024__capacitor.png,winnies_packages,train/images/IMG_7972_JPG.rf.5b9054b9b69841180279a3b9f3249ca7.jpg,IMG_7972_JPG,capacitor,144,77,27,14,90,48,component,,,
IMG_7972_JPG__026__capacitor.png,winnies_packages,train/images/IMG_7972_JPG.rf.5b9054b9b69841180279a3b9f3249ca7.jpg,IMG_7972_JPG,capacitor,111,83,21,16,69,52,component,,,
IMG_7972_JPG__027__Polyfuse_Z.png,winnies_packages,train/images/IMG_7972_JPG.rf.5b9054b9b69841180279a3b9f3249ca7.jpg,IMG_7972_JPG,Polyfuse_Z,100,206,19,39,62,129,component,,,
IMG_7972_JPG__028__feriet_kraal.png,winnies_packages,train/images/IMG_7972_JPG.rf.5b9054b9b69841180279a3b9f3249ca7.jpg,IMG_7972_JPG,feriet kraal,81,156,15,29,51,98,component,,,
IMG_7972_JPG__029__feriet_kraal.png,winnies_packages,train/images/IMG_7972_JPG.rf.5b9054b9b69841180279a3b9f3249ca7.jpg,IMG_7972_JPG,feriet kraal,78,167,14,32,49,104,component,,,
IMG_7972_JPG__031__feriet_kraal.png,winnies_packages,train/images/IMG_7972_JPG.rf.5b9054b9b69841180279a3b9f3249ca7.jpg,IMG_7972_JPG,feriet kraal,87,171,16,32,54,107,component,,,
IMG_7972_JPG__032__Polyfuse_Z.png,winnies_packages,train/images/IMG_7972_JPG.rf.5b9054b9b69841180279a3b9f3249ca7.jpg,IMG_7972_JPG,Polyfuse_Z,210,114,40,21,131,71,component,,,
IMG_7972_JPG__033__Polyfuse_Z.png,winnies_packages,train/images/IMG_7972_JPG.rf.5b9054b9b69841180279a3b9f3249ca7.jpg,IMG_7972_JPG,Polyfuse_Z,205,100,38,19,128,62,component,,,
IMG_7972_JPG__034__SOT23.png,winnies_packages,train/images/IMG_7972_JPG.rf.5b9054b9b69841180279a3b9f3249ca7.jpg,IMG_7972_JPG,SOT23,158,153,30,29,99,96,component,,,
IMG_7972_JPG__035__SOT96.png,winnies_packages,train/images/IMG_7972_JPG.rf.5b9054b9b69841180279a3b9f3249ca7.jpg,IMG_7972_JPG,SOT96,224,349,42,65,140,218,component,,,
IMG_7972_JPG__036__SOT96.png,winnies_packages,train/images/IMG_7972_JPG.rf.5b9054b9b69841180279a3b9f3249ca7.jpg,IMG_7972_JPG,SOT96,359,234,67,44,224,147,component,,,
IMG_7972_JPG__037__SOT23.png,winnies_packages,train/images/IMG_7972_JPG.rf.5b9054b9b69841180279a3b9f3249ca7.jpg,IMG_7972_JPG,SOT23,158,148,30,27,99,92,component,,,
IMG_7972_JPG__038__SOT23.png,winnies_packages,train/images/IMG_7972_JPG.rf.5b9054b9b69841180279a3b9f3249ca7.jpg,IMG_7972_JPG,SOT23,135,166,25,31,84,104,component,,,
IMG_7972_JPG__039__SOT753.png,winnies_packages,train/images/IMG_7972_JPG.rf.5b9054b9b69841180279a3b9f3249ca7.jpg,IMG_7972_JPG,SOT753,161,148,30,27,101,92,component,,,
IMG_7973_JPG__000__resistor.png,winnies_packages,valid/images/IMG_7973_JPG.rf.d535c778a03154d2f09b1474f81bf0a4.jpg,IMG_7973_JPG,resistor,132,78,24,14,83,49,component,,,
IMG_7973_JPG__003__resistor.png,winnies_packages,valid/images/IMG_7973_JPG.rf.d535c778a03154d2f09b1474f81bf0a4.jpg,IMG_7973_JPG,resistor,138,80,26,15,86,50,component,,,
IMG_7973_JPG__004__resistor.png,winnies_packages,valid/images/IMG_7973_JPG.rf.d535c778a03154d2f09b1474f81bf0a4.jpg,IMG_7973_JPG,resistor,82,134,15,25,52,84,component,,,
IMG_7973_JPG__056__capacitor.png,winnies_packages,valid/images/IMG_7973_JPG.rf.d535c778a03154d2f09b1474f81bf0a4.jpg,IMG_7973_JPG,capacitor,127,79,24,15,79,49,component,,,
IMG_7973_JPG__057__capacitor.png,winnies_packages,valid/images/IMG_7973_JPG.rf.d535c778a03154d2f09b1474f81bf0a4.jpg,IMG_7973_JPG,capacitor,114,83,21,16,71,52,component,,,
IMG_7973_JPG__058__capacitor.png,winnies_packages,valid/images/IMG_7973_JPG.rf.d535c778a03154d2f09b1474f81bf0a4.jpg,IMG_7973_JPG,capacitor,115,80,21,15,72,50,component,,,
IMG_7973_JPG__068__capacitor.png,winnies_packages,valid/images/IMG_7973_JPG.rf.d535c778a03154d2f09b1474f81bf0a4.jpg,IMG_7973_JPG,capacitor,84,167,16,31,53,104,component,,,
IMG_7973_JPG__069__capacitor.png,winnies_packages,valid/images/IMG_7973_JPG.rf.d535c778a03154d2f09b1474f81bf0a4.jpg,IMG_7973_JPG,capacitor,79,167,15,31,49,104,component,,,
IMG_7973_JPG__070__capacitor.png,winnies_packages,valid/images/IMG_7973_JPG.rf.d535c778a03154d2f09b1474f81bf0a4.jpg,IMG_7973_JPG,capacitor,96,166,18,31,60,103,component,,,
IMG_7973_JPG__085__capacitor.png,winnies_packages,valid/images/IMG_7973_JPG.rf.d535c778a03154d2f09b1474f81bf0a4.jpg,IMG_7973_JPG,capacitor,79,123,15,23,49,77,component,,,
IMG_7973_JPG__087__feriet_kraal.png,winnies_packages,valid/images/IMG_7973_JPG.rf.d535c778a03154d2f09b1474f81bf0a4.jpg,IMG_7973_JPG,feriet kraal,85,139,15,26,53,86,component,,,
IMG_7973_JPG__088__Polyfuse_Z.png,winnies_packages,valid/images/IMG_7973_JPG.rf.d535c778a03154d2f09b1474f81bf0a4.jpg,IMG_7973_JPG,Polyfuse_Z,207,94,39,18,129,59,component,,,
IMG_7973_JPG__089__SOT23.png,winnies_packages,valid/images/IMG_7973_JPG.rf.d535c778a03154d2f09b1474f81bf0a4.jpg,IMG_7973_JPG,SOT23,120,143,23,16,75,98,component,,,
IMG_7973_JPG__090__SOT23.png,winnies_packages,valid/images/IMG_7973_JPG.rf.d535c778a03154d2f09b1474f81bf0a4.jpg,IMG_7973_JPG,SOT23,126,154,24,29,79,96,component,,,
IMG_7973_JPG__091__SOT23.png,winnies_packages,valid/images/IMG_7973_JPG.rf.d535c778a03154d2f09b1474f81bf0a4.jpg,IMG_7973_JPG,SOT23,121,154,22,29,76,96,component,,,
IMG_7973_JPG__092__SOT23.png,winnies_packages,valid/images/IMG_7973_JPG.rf.d535c778a03154d2f09b1474f81bf0a4.jpg,IMG_7973_JPG,SOT23,124,118,24,22,77,73,component,,,
IMG_7973_JPG__093__SOT23.png,winnies_packages,valid/images/IMG_7973_JPG.rf.d535c778a03154d2f09b1474f81bf0a4.jpg,IMG_7973_JPG,SOT23,138,143,26,27,87,89,component,,,
IMG_7973_JPG__094__SOT753.png,winnies_packages,valid/images/IMG_7973_JPG.rf.d535c778a03154d2f09b1474f81bf0a4.jpg,IMG_7973_JPG,SOT753,161,139,30,26,100,87,component,,,
IMG_7973_JPG__095__SOT753.png,winnies_packages,valid/images/IMG_7973_JPG.rf.d535c778a03154d2f09b1474f81bf0a4.jpg,IMG_7973_JPG,SOT753,121,155,23,29,76,96,component,,,
IMG_7973_JPG__103__capacitor.png,winnies_packages,valid/images/IMG_7973_JPG.rf.d535c778a03154d2f09b1474f81bf0a4.jpg,IMG_7973_JPG,capacitor,115,78,21,15,72,49,component,,,
IMG_7974_JPG__025__capacitor.png,winnies_packages,train/images/IMG_7974_JPG.rf.5aeafb5e7395d4187b992fa1b89cba6f.jpg,IMG_7974_JPG,capacitor,82,136,15,25,51,85,component,,,
IMG_7974_JPG__035__capacitor.png,winnies_packages,train/images/IMG_7974_JPG.rf.5aeafb5e7395d4187b992fa1b89cba6f.jpg,IMG_7974_JPG,capacitor,82,148,15,28,51,92,component,,,
IMG_7974_JPG__078__SOT96.png,winnies_packages,train/images/IMG_7974_JPG.rf.5aeafb5e7395d4187b992fa1b89cba6f.jpg,IMG_7974_JPG,SOT96,181,267,34,50,113,167,component,,,
IMG_7974_JPG__079__SOT753.png,winnies_packages,train/images/IMG_7974_JPG.rf.5aeafb5e7395d4187b992fa1b89cba6f.jpg,IMG_7974_JPG,SOT753,107,137,20,26,67,86,component,,,
IMG_7974_JPG__080__MOSFET-2.png,winnies_packages,train/images/IMG_7974_JPG.rf.5aeafb5e7395d4187b992fa1b89cba6f.jpg,IMG_7974_JPG,MOSFET-2,202,235,38,44,126,147,component,,,
IMG_7974_JPG__081__MOSFET-2.png,winnies_packages,train/images/IMG_7974_JPG.rf.5aeafb5e7395d4187b992fa1b89cba6f.jpg,IMG_7974_JPG,MOSFET-2,206,248,39,47,129,155,component,,,
IMG_7974_JPG__082__SOT753.png,winnies_packages,train/images/IMG_7974_JPG.rf.5aeafb5e7395d4187b992fa1b89cba6f.jpg,IMG_7974_JPG,SOT753,132,119,25,22,83,75,component,,,
IMG_7974_JPG__083__SOD123.png,winnies_packages,train/images/IMG_7974_JPG.rf.5aeafb5e7395d4187b992fa1b89cba6f.jpg,IMG_7974_JPG,SOD123,198,92,37,17,124,57,component,,,
IMG_7974_JPG__084__SOD128.png,winnies_packages,train/images/IMG_7974_JPG.rf.5aeafb5e7395d4187b992fa1b89cba6f.jpg,IMG_7974_JPG,SOD128,120,238,23,45,75,149,component,,,
IMG_7974_JPG__085__SOD128.png,winnies_packages,train/images/IMG_7974_JPG.rf.5aeafb5e7395d4187b992fa1b89cba6f.jpg,IMG_7974_JPG,SOD128,146,239,28,45,91,150,component,,,
IMG_7975_JPG__015__capacitor.png,winnies_packages,test/images/IMG_7975_JPG.rf.e51e41163644664376eb926ad5545424.jpg,IMG_7975_JPG,capacitor,81,138,16,26,50,86,component,,,
IMG_7975_JPG__017__capacitor.png,winnies_packages,test/images/IMG_7975_JPG.rf.e51e41163644664376eb926ad5545424.jpg,IMG_7975_JPG,capacitor,79,140,15,27,50,87,component,,,
IMG_7975_JPG__018__capacitor.png,winnies_packages,test/images/IMG_7975_JPG.rf.e51e41163644664376eb926ad5545424.jpg,IMG_7975_JPG,capacitor,79,142,15,26,49,89,component,,,
IMG_7975_JPG__019__capacitor.png,winnies_packages,test/images/IMG_7975_JPG.rf.e51e41163644664376eb926ad5545424.jpg,IMG_7975_JPG,capacitor,79,139,15,26,49,87,component,,,
IMG_7975_JPG__049__capacitor.png,winnies_packages,test/images/IMG_7975_JPG.rf.e51e41163644664376eb926ad5545424.jpg,IMG_7975_JPG,capacitor,117,78,22,15,73,48,component,,,
IMG_7975_JPG__067__SOD128.png,winnies_packages,test/images/IMG_7975_JPG.rf.e51e41163644664376eb926ad5545424.jpg,IMG_7975_JPG,SOD128,157,247,29,47,98,154,component,,,
IMG_7975_JPG__068__SOD123.png,winnies_packages,test/images/IMG_7975_JPG.rf.e51e41163644664376eb926ad5545424.jpg,IMG_7975_JPG,SOD123,220,151,41,29,137,94,component,,,
IMG_7975_JPG__069__MOSFET-2.png,winnies_packages,test/images/IMG_7975_JPG.rf.e51e41163644664376eb926ad5545424.jpg,IMG_7975_JPG,MOSFET-2,211,247,40,47,132,154,component,,,
IMG_7975_JPG__070__MOSFET-2.png,winnies_packages,test/images/IMG_7975_JPG.rf.e51e41163644664376eb926ad5545424.jpg,IMG_7975_JPG,MOSFET-2,219,244,41,46,137,153,component,,,
IMG_7975_JPG__074__SOT96.png,winnies_packages,test/images/IMG_7975_JPG.rf.e51e41163644664376eb926ad5545424.jpg,IMG_7975_JPG,SOT96,186,283,35,53,116,177,component,,,
IMG_7975_JPG__075__SOT753.png,winnies_packages,test/images/IMG_7975_JPG.rf.e51e41163644664376eb926ad5545424.jpg,IMG_7975_JPG,SOT753,109,130,21,24,68,82,component,,,
IMG_7976_JPG__074__SOD123.png,winnies_packages,train/images/IMG_7976_JPG.rf.13800844df64bd160395fb39d6b32bc8.jpg,IMG_7976_JPG,SOD123,180,84,34,15,113,53,component,,,
IMG_7976_JPG__075__SOD123.png,winnies_packages,train/images/IMG_7976_JPG.rf.13800844df64bd160395fb39d6b32bc8.jpg,IMG_7976_JPG,SOD123,184,86,34,16,115,54,component,,,
IMG_7976_JPG__077__SOD123.png,winnies_packages,train/images/IMG_7976_JPG.rf.13800844df64bd160395fb39d6b32bc8.jpg,IMG_7976_JPG,SOD123,164,90,31,17,103,56,component,,,
IMG_7976_JPG__078__SOT96.png,winnies_packages,train/images/IMG_7976_JPG.rf.13800844df64bd160395fb39d6b32bc8.jpg,IMG_7976_JPG,SOT96,158,234,30,44,99,146,component,,,
IMG_7976_JPG__079__SOT753.png,winnies_packages,train/images/IMG_7976_JPG.rf.13800844df64bd160395fb39d6b32bc8.jpg,IMG_7976_JPG,SOT753,106,108,20,20,66,68,component,,,
IMG_7977_JPG__065__Polyfuse_GR.png,winnies_packages,train/images/IMG_7977_JPG.rf.a1a2367e0fe2f7a9bb326c8cddc78d75.jpg,IMG_7977_JPG,Polyfuse_GR,79,140,15,27,49,87,component,,,
IMG_7977_JPG__069__SOT96.png,winnies_packages,train/images/IMG_7977_JPG.rf.a1a2367e0fe2f7a9bb326c8cddc78d75.jpg,IMG_7977_JPG,SOT96,267,181,50,34,167,113,component,,,
IMG_7977_JPG__070__SOT96.png,winnies_packages,train/images/IMG_7977_JPG.rf.a1a2367e0fe2f7a9bb326c8cddc78d75.jpg,IMG_7977_JPG,SOT96,283,172,53,32,177,107,component,,,
IMG_7977_JPG__071__SOT96.png,winnies_packages,train/images/IMG_7977_JPG.rf.a1a2367e0fe2f7a9bb326c8cddc78d75.jpg,IMG_7977_JPG,SOT96,279,185,52,35,174,115,component,,,
IMG_7977_JPG__072__SOT96.png,winnies_packages,train/images/IMG_7977_JPG.rf.a1a2367e0fe2f7a9bb326c8cddc78d75.jpg,IMG_7977_JPG,SOT96,273,186,51,35,171,116,component,,,
IMG_7977_JPG__073__SOT23.png,winnies_packages,train/images/IMG_7977_JPG.rf.a1a2367e0fe2f7a9bb326c8cddc78d75.jpg,IMG_7977_JPG,SOT23,112,129,21,24,70,80,component,,,
IMG_7977_JPG__074__SOT23.png,winnies_packages,train/images/IMG_7977_JPG.rf.a1a2367e0fe2f7a9bb326c8cddc78d75.jpg,IMG_7977_JPG,SOT23,100,138,19,26,63,86,component,,,
IMG_7977_JPG__075__SOT753.png,winnies_packages,train/images/IMG_7977_JPG.rf.a1a2367e0fe2f7a9bb326c8cddc78d75.jpg,IMG_7977_JPG,SOT753,107,134,20,26,67,84,component,,,
IMG_7977_JPG__076__SOT143.png,winnies_packages,train/images/IMG_7977_JPG.rf.a1a2367e0fe2f7a9bb326c8cddc78d75.jpg,IMG_7977_JPG,SOT143,114,135,21,25,71,85,component,,,
IMG_7977_JPG__077__SOT143.png,winnies_packages,train/images/IMG_7977_JPG.rf.a1a2367e0fe2f7a9bb326c8cddc78d75.jpg,IMG_7977_JPG,SOT143,115,139,21,26,72,86,component,,,
IMG_7977_JPG__078__SOT143.png,winnies_packages,train/images/IMG_7977_JPG.rf.a1a2367e0fe2f7a9bb326c8cddc78d75.jpg,IMG_7977_JPG,SOT143,110,131,20,24,69,82,component,,,
IMG_7977_JPG__079__SOT143.png,winnies_packages,train/images/IMG_7977_JPG.rf.a1a2367e0fe2f7a9bb326c8cddc78d75.jpg,IMG_7977_JPG,SOT143,107,141,20,26,67,88,component,,,
IMG_7977_JPG__080__CHIP.png,winnies_packages,train/images/IMG_7977_JPG.rf.a1a2367e0fe2f7a9bb326c8cddc78d75.jpg,IMG_7977_JPG,CHIP,361,301,68,56,225,188,component,,,
IMG_7978_JPG__000__resistor.png,winnies_packages,valid/images/IMG_7978_JPG.rf.342f522051c244c480000e1a394f67c1.jpg,IMG_7978_JPG,resistor,187,120,35,23,117,75,component,,,
IMG_7978_JPG__001__resistor.png,winnies_packages,valid/images/IMG_7978_JPG.rf.342f522051c244c480000e1a394f67c1.jpg,IMG_7978_JPG,resistor,201,108,38,20,126,68,component,,,
IMG_7978_JPG__002__resistor.png,winnies_packages,valid/images/IMG_7978_JPG.rf.342f522051c244c480000e1a394f67c1.jpg,IMG_7978_JPG,resistor,195,106,37,20,122,66,component,,,
IMG_7978_JPG__003__resistor.png,winnies_packages,valid/images/IMG_7978_JPG.rf.342f522051c244c480000e1a394f67c1.jpg,IMG_7978_JPG,resistor,85,196,16,37,53,123,component,,,
IMG_7978_JPG__004__resistor.png,winnies_packages,valid/images/IMG_7978_JPG.rf.342f522051c244c480000e1a394f67c1.jpg,IMG_7978_JPG,resistor,92,208,17,39,58,130,component,,,
IMG_7978_JPG__005__resistor.png,winnies_packages,valid/images/IMG_7978_JPG.rf.342f522051c244c480000e1a394f67c1.jpg,IMG_7978_JPG,resistor,85,212,16,40,53,132,component,,,
IMG_7978_JPG__006__capacitor.png,winnies_packages,valid/images/IMG_7978_JPG.rf.342f522051c244c480000e1a394f67c1.jpg,IMG_7978_JPG,capacitor,135,95,26,18,84,60,component,,,
IMG_7978_JPG__007__capacitor.png,winnies_packages,valid/images/IMG_7978_JPG.rf.342f522051c244c480000e1a394f67c1.jpg,IMG_7978_JPG,capacitor,135,90,25,17,84,57,component,,,
IMG_7978_JPG__008__capacitor.png,winnies_packages,valid/images/IMG_7978_JPG.rf.342f522051c244c480000e1a394f67c1.jpg,IMG_7978_JPG,capacitor,97,173,18,33,61,108,component,,,
IMG_7978_JPG__009__capacitor.png,winnies_packages,valid/images/IMG_7978_JPG.rf.342f522051c244c480000e1a394f67c1.jpg,IMG_7978_JPG,capacitor,116,163,22,31,72,101,component,,,
IMG_7978_JPG__010__capacitor.png,winnies_packages,valid/images/IMG_7978_JPG.rf.342f522051c244c480000e1a394f67c1.jpg,IMG_7978_JPG,capacitor,202,102,38,19,126,64,component,,,
IMG_7978_JPG__011__capacitor.png,winnies_packages,valid/images/IMG_7978_JPG.rf.342f522051c244c480000e1a394f67c1.jpg,IMG_7978_JPG,capacitor,109,192,20,36,68,120,component,,,
IMG_7978_JPG__012__capacitor.png,winnies_packages,valid/images/IMG_7978_JPG.rf.342f522051c244c480000e1a394f67c1.jpg,IMG_7978_JPG,capacitor,96,194,18,36,60,121,component,,,
IMG_7978_JPG__013__capacitor.png,winnies_packages,valid/images/IMG_7978_JPG.rf.342f522051c244c480000e1a394f67c1.jpg,IMG_7978_JPG,capacitor,94,215,18,40,59,135,component,,,
IMG_7978_JPG__014__capacitor.png,winnies_packages,valid/images/IMG_7978_JPG.rf.342f522051c244c480000e1a394f67c1.jpg,IMG_7978_JPG,capacitor,197,107,37,20,123,67,component,,,
IMG_7978_JPG__015__capacitor.png,winnies_packages,valid/images/IMG_7978_JPG.rf.342f522051c244c480000e1a394f67c1.jpg,IMG_7978_JPG,capacitor,188,95,35,18,117,59,component,,,
IMG_7978_JPG__016__capacitor.png,winnies_packages,valid/images/IMG_7978_JPG.rf.342f522051c244c480000e1a394f67c1.jpg,IMG_7978_JPG,capacitor,193,91,36,17,121,57,component,,,
IMG_7978_JPG__017__capacitor.png,winnies_packages,valid/images/IMG_7978_JPG.rf.342f522051c244c480000e1a394f67c1.jpg,IMG_7978_JPG,capacitor,205,97,38,18,128,61,component,,,
IMG_7978_JPG__018__capacitor.png,winnies_packages,valid/images/IMG_7978_JPG.rf.342f522051c244c480000e1a394f67c1.jpg,IMG_7978_JPG,capacitor,198,112,37,21,124,70,component,,,
IMG_7978_JPG__019__capacitor.png,winnies_packages,valid/images/IMG_7978_JPG.rf.342f522051c244c480000e1a394f67c1.jpg,IMG_7978_JPG,capacitor,173,85,32,16,108,53,component,,,
IMG_7978_JPG__020__feriet_kraal.png,winnies_packages,valid/images/IMG_7978_JPG.rf.342f522051c244c480000e1a394f67c1.jpg,IMG_7978_JPG,feriet kraal,193,104,36,19,121,65,component,,,
IMG_7978_JPG__021__feriet_kraal.png,winnies_packages,valid/images/IMG_7978_JPG.rf.342f522051c244c480000e1a394f67c1.jpg,IMG_7978_JPG,feriet kraal,195,108,37,20,122,67,component,,,
IMG_7978_JPG__022__SOIC-14.png,winnies_packages,valid/images/IMG_7978_JPG.rf.342f522051c244c480000e1a394f67c1.jpg,IMG_7978_JPG,SOIC-14,324,454,61,85,203,284,component,,,
IMG_7978_JPG__023__SOT753.png,winnies_packages,valid/images/IMG_7978_JPG.rf.342f522051c244c480000e1a394f67c1.jpg,IMG_7978_JPG,SOT753,215,190,41,36,134,119,component,,,
IMG_7979_JPG__000__resistor.png,winnies_packages,train/images/IMG_7979_JPG.rf.1ea4c07c13c06b3baffc3d1cb7d93c2b.jpg,IMG_7979_JPG,resistor,212,86,40,16,132,54,component,,,
IMG_7979_JPG__001__resistor.png,winnies_packages,train/images/IMG_7979_JPG.rf.1ea4c07c13c06b3baffc3d1cb7d93c2b.jpg,IMG_7979_JPG,resistor,89,206,17,38,56,129,component,,,
IMG_7979_JPG__002__resistor.png,winnies_packages,train/images/IMG_7979_JPG.rf.1ea4c07c13c06b3baffc3d1cb7d93c2b.jpg,IMG_7979_JPG,resistor,184,79,35,15,115,49,component,,,
IMG_7979_JPG__003__resistor.png,winnies_packages,train/images/IMG_7979_JPG.rf.1ea4c07c13c06b3baffc3d1cb7d93c2b.jpg,IMG_7979_JPG,resistor,180,78,34,14,112,49,component,,,
IMG_7979_JPG__004__resistor.png,winnies_packages,train/images/IMG_7979_JPG.rf.1ea4c07c13c06b3baffc3d1cb7d93c2b.jpg,IMG_7979_JPG,resistor,184,90,35,17,115,56,component,,,
IMG_7979_JPG__005__capacitor.png,winnies_packages,train/images/IMG_7979_JPG.rf.1ea4c07c13c06b3baffc3d1cb7d93c2b.jpg,IMG_7979_JPG,capacitor,194,113,36,21,121,71,component,,,
IMG_7979_JPG__006__capacitor.png,winnies_packages,train/images/IMG_7979_JPG.rf.1ea4c07c13c06b3baffc3d1cb7d93c2b.jpg,IMG_7979_JPG,capacitor,189,96,35,18,118,60,component,,,
IMG_7979_JPG__007__capacitor.png,winnies_packages,train/images/IMG_7979_JPG.rf.1ea4c07c13c06b3baffc3d1cb7d93c2b.jpg,IMG_7979_JPG,capacitor,97,184,18,35,61,115,component,,,
IMG_7979_JPG__008__capacitor.png,winnies_packages,train/images/IMG_7979_JPG.rf.1ea4c07c13c06b3baffc3d1cb7d93c2b.jpg,IMG_7979_JPG,capacitor,215,127,41,24,134,79,component,,,
IMG_7979_JPG__009__feriet_kraal.png,winnies_packages,train/images/IMG_7979_JPG.rf.1ea4c07c13c06b3baffc3d1cb7d93c2b.jpg,IMG_7979_JPG,feriet kraal,162,91,30,17,101,57,component,,,
IMG_7979_JPG__010__SOT753.png,winnies_packages,train/images/IMG_7979_JPG.rf.1ea4c07c13c06b3baffc3d1cb7d93c2b.jpg,IMG_7979_JPG,SOT753,217,177,40,33,136,111,component,,,
IMG_7982_JPG__147__capacitor.png,winnies_packages,valid/images/IMG_7982_JPG.rf.35313b2cf0505375c8868b7ba8196771.jpg,IMG_7982_JPG,capacitor,105,84,20,16,66,52,component,,,
IMG_7982_JPG__148__capacitor.png,winnies_packages,valid/images/IMG_7982_JPG.rf.35313b2cf0505375c8868b7ba8196771.jpg,IMG_7982_JPG,capacitor,117,83,22,15,74,52,component,,,
IMG_7982_JPG__151__capacitor.png,winnies_packages,valid/images/IMG_7982_JPG.rf.35313b2cf0505375c8868b7ba8196771.jpg,IMG_7982_JPG,capacitor,117,79,22,14,73,49,component,,,
IMG_7982_JPG__195__SOT23.png,winnies_packages,valid/images/IMG_7982_JPG.rf.35313b2cf0505375c8868b7ba8196771.jpg,IMG_7982_JPG,SOT23,81,93,15,18,51,58,component,,,
IMG_7982_JPG__196__SOT457.png,winnies_packages,valid/images/IMG_7982_JPG.rf.35313b2cf0505375c8868b7ba8196771.jpg,IMG_7982_JPG,SOT457,103,89,19,17,64,56,component,,,
IMG_7982_JPG__198__SOT96.png,winnies_packages,valid/images/IMG_7982_JPG.rf.35313b2cf0505375c8868b7ba8196771.jpg,IMG_7982_JPG,SOT96,217,141,41,26,136,88,component,,,
IMG_7982_JPG__199__SOT457.png,winnies_packages,valid/images/IMG_7982_JPG.rf.35313b2cf0505375c8868b7ba8196771.jpg,IMG_7982_JPG,SOT457,110,93,21,17,68,58,component,,,
IMG_7982_JPG__201__SOT23.png,winnies_packages,valid/images/IMG_7982_JPG.rf.35313b2cf0505375c8868b7ba8196771.jpg,IMG_7982_JPG,SOT23,102,97,19,18,63,61,component,,,
IMG_7982_JPG__202__SOT23.png,winnies_packages,valid/images/IMG_7982_JPG.rf.35313b2cf0505375c8868b7ba8196771.jpg,IMG_7982_JPG,SOT23,100,92,19,17,62,57,component,,,
IMG_7982_JPG__203__SOT23.png,winnies_packages,valid/images/IMG_7982_JPG.rf.35313b2cf0505375c8868b7ba8196771.jpg,IMG_7982_JPG,SOT23,83,81,15,15,52,51,component,,,
IMG_7982_JPG__204__SOT23.png,winnies_packages,valid/images/IMG_7982_JPG.rf.35313b2cf0505375c8868b7ba8196771.jpg,IMG_7982_JPG,SOT23,86,97,16,18,53,60,component,,,
IMG_7982_JPG__205__SOT23.png,winnies_packages,valid/images/IMG_7982_JPG.rf.35313b2cf0505375c8868b7ba8196771.jpg,IMG_7982_JPG,SOT23,82,99,16,19,51,62,component,,,
IMG_7982_JPG__206__SOT23.png,winnies_packages,valid/images/IMG_7982_JPG.rf.35313b2cf0505375c8868b7ba8196771.jpg,IMG_7982_JPG,SOT23,80,93,15,17,50,58,component,,,
IMG_7982_JPG__207__SOT23.png,winnies_packages,valid/images/IMG_7982_JPG.rf.35313b2cf0505375c8868b7ba8196771.jpg,IMG_7982_JPG,SOT23,82,99,16,19,51,62,component,,,
IMG_7982_JPG__208__SOT96.png,winnies_packages,valid/images/IMG_7982_JPG.rf.35313b2cf0505375c8868b7ba8196771.jpg,IMG_7982_JPG,SOT96,144,223,27,42,90,139,component,,,
IMG_7982_JPG__209__SOT96.png,winnies_packages,valid/images/IMG_7982_JPG.rf.35313b2cf0505375c8868b7ba8196771.jpg,IMG_7982_JPG,SOT96,146,214,27,40,92,134,component,,,
IMG_7982_JPG__210__SOT96.png,winnies_packages,valid/images/IMG_7982_JPG.rf.35313b2cf0505375c8868b7ba8196771.jpg,IMG_7982_JPG,SOT96,136,227,26,43,85,142,component,,,
IMG_7982_JPG__211__SOT96.png,winnies_packages,valid/images/IMG_7982_JPG.rf.35313b2cf0505375c8868b7ba8196771.jpg,IMG_7982_JPG,SOT96,223,150,42,28,139,94,component,,,
IMG_7982_JPG__212__SOT96.png,winnies_packages,valid/images/IMG_7982_JPG.rf.35313b2cf0505375c8868b7ba8196771.jpg,IMG_7982_JPG,SOT96,222,145,42,27,138,91,component,,,
IMG_7982_JPG__213__SOT96.png,winnies_packages,valid/images/IMG_7982_JPG.rf.35313b2cf0505375c8868b7ba8196771.jpg,IMG_7982_JPG,SOT96,142,213,26,40,89,133,component,,,
IMG_7982_JPG__214__SOT96.png,winnies_packages,valid/images/IMG_7982_JPG.rf.35313b2cf0505375c8868b7ba8196771.jpg,IMG_7982_JPG,SOT96,139,220,26,42,87,137,component,,,
IMG_7982_JPG__215__SOT23.png,winnies_packages,valid/images/IMG_7982_JPG.rf.35313b2cf0505375c8868b7ba8196771.jpg,IMG_7982_JPG,SOT23,85,103,16,19,53,65,component,,,
IMG_7982_JPG__216__SOT23.png,winnies_packages,valid/images/IMG_7982_JPG.rf.35313b2cf0505375c8868b7ba8196771.jpg,IMG_7982_JPG,SOT23,81,98,15,19,51,61,component,,,
IMG_7982_JPG__217__SOT23.png,winnies_packages,valid/images/IMG_7982_JPG.rf.35313b2cf0505375c8868b7ba8196771.jpg,IMG_7982_JPG,SOT23,91,84,17,16,56,52,component,,,
IMG_7982_JPG__219__SOT23.png,winnies_packages,valid/images/IMG_7982_JPG.rf.35313b2cf0505375c8868b7ba8196771.jpg,IMG_7982_JPG,SOT23,78,104,14,20,49,65,component,,,
IMG_7982_JPG__220__SOT23.png,winnies_packages,valid/images/IMG_7982_JPG.rf.35313b2cf0505375c8868b7ba8196771.jpg,IMG_7982_JPG,SOT23,91,85,17,16,57,53,component,,,
IMG_7982_JPG__221__SOT23.png,winnies_packages,valid/images/IMG_7982_JPG.rf.35313b2cf0505375c8868b7ba8196771.jpg,IMG_7982_JPG,SOT23,95,80,18,15,59,50,component,,,
IMG_7982_JPG__222__SOT23.png,winnies_packages,valid/images/IMG_7982_JPG.rf.35313b2cf0505375c8868b7ba8196771.jpg,IMG_7982_JPG,SOT23,96,83,18,16,60,52,component,,,
IMG_7982_JPG__223__SOT23.png,winnies_packages,valid/images/IMG_7982_JPG.rf.35313b2cf0505375c8868b7ba8196771.jpg,IMG_7982_JPG,SOT23,78,103,14,20,49,64,component,,,
IMG_7982_JPG__224__TSSOP-16.png,winnies_packages,valid/images/IMG_7982_JPG.rf.35313b2cf0505375c8868b7ba8196771.jpg,IMG_7982_JPG,TSSOP-16,297,222,56,41,186,139,component,,,
IMG_7982_JPG__225__TSSOP-16.png,winnies_packages,valid/images/IMG_7982_JPG.rf.35313b2cf0505375c8868b7ba8196771.jpg,IMG_7982_JPG,TSSOP-16,288,226,54,42,180,141,component,,,
IMG_7982_JPG__226__SOT457.png,winnies_packages,valid/images/IMG_7982_JPG.rf.35313b2cf0505375c8868b7ba8196771.jpg,IMG_7982_JPG,SOT457,110,91,20,17,69,57,component,,,
IMG_7982_JPG__227__SOT457.png,winnies_packages,valid/images/IMG_7982_JPG.rf.35313b2cf0505375c8868b7ba8196771.jpg,IMG_7982_JPG,SOT457,107,79,20,14,66,50,component,,,
IMG_7982_JPG__228__SOT457.png,winnies_packages,valid/images/IMG_7982_JPG.rf.35313b2cf0505375c8868b7ba8196771.jpg,IMG_7982_JPG,SOT457,107,83,20,16,67,52,component,,,
IMG_7982_JPG__229__SOT457.png,winnies_packages,valid/images/IMG_7982_JPG.rf.35313b2cf0505375c8868b7ba8196771.jpg,IMG_7982_JPG,SOT457,114,84,22,16,71,53,component,,,
IMG_7982_JPG__230__SOT457.png,winnies_packages,valid/images/IMG_7982_JPG.rf.35313b2cf0505375c8868b7ba8196771.jpg,IMG_7982_JPG,SOT457,89,106,17,20,56,66,component,,,
IMG_7982_JPG__231__SOT457.png,winnies_packages,valid/images/IMG_7982_JPG.rf.35313b2cf0505375c8868b7ba8196771.jpg,IMG_7982_JPG,SOT457,85,105,16,20,53,66,component,,,
IMG_7982_JPG__232__SOT753.png,winnies_packages,valid/images/IMG_7982_JPG.rf.35313b2cf0505375c8868b7ba8196771.jpg,IMG_7982_JPG,SOT753,105,96,20,18,66,60,component,,,
IMG_7982_JPG__233__SOT96.png,winnies_packages,valid/images/IMG_7982_JPG.rf.35313b2cf0505375c8868b7ba8196771.jpg,IMG_7982_JPG,SOT96,221,149,42,28,138,93,component,,,
IMG_7982_JPG__234__TSSOP-16.png,winnies_packages,valid/images/IMG_7982_JPG.rf.35313b2cf0505375c8868b7ba8196771.jpg,IMG_7982_JPG,TSSOP-16,252,223,47,42,158,140,component,,,
IMG_7982_JPG__235__SOT96.png,winnies_packages,valid/images/IMG_7982_JPG.rf.35313b2cf0505375c8868b7ba8196771.jpg,IMG_7982_JPG,SOT96,206,156,41,30,137,98,component,,,
IMG_7982_JPG__236__SOT23.png,winnies_packages,valid/images/IMG_7982_JPG.rf.35313b2cf0505375c8868b7ba8196771.jpg,IMG_7982_JPG,SOT23,99,95,18,18,62,59,component,,,
IMG_7982_JPG__238__SOT23.png,winnies_packages,valid/images/IMG_7982_JPG.rf.35313b2cf0505375c8868b7ba8196771.jpg,IMG_7982_JPG,SOT23,80,108,15,20,50,67,component,,,
IMG_7982_JPG__241__SOIC-16.png,winnies_packages,valid/images/IMG_7982_JPG.rf.35313b2cf0505375c8868b7ba8196771.jpg,IMG_7982_JPG,SOIC-16,304,348,57,66,190,217,component,,,
IMG_7983_JPG__518__SOT96.png,winnies_packages,train/images/IMG_7983_JPG.rf.ec40f001487cf3fc7c2676cd60b9c23b.jpg,IMG_7983_JPG,SOT96,92,112,17,21,57,70,component,,,
IMG_7983_JPG__519__SOT96.png,winnies_packages,train/images/IMG_7983_JPG.rf.ec40f001487cf3fc7c2676cd60b9c23b.jpg,IMG_7983_JPG,SOT96,89,110,16,21,56,69,component,,,
IMG_7983_JPG__520__SOT96.png,winnies_packages,train/images/IMG_7983_JPG.rf.ec40f001487cf3fc7c2676cd60b9c23b.jpg,IMG_7983_JPG,SOT96,88,105,17,19,55,66,component,,,
IMG_7983_JPG__547__TSSOP-16.png,winnies_packages,train/images/IMG_7983_JPG.rf.ec40f001487cf3fc7c2676cd60b9c23b.jpg,IMG_7983_JPG,TSSOP-16,138,120,26,22,86,75,component,,,
IMG_7983_JPG__552__SOIC-16.png,winnies_packages,train/images/IMG_7983_JPG.rf.ec40f001487cf3fc7c2676cd60b9c23b.jpg,IMG_7983_JPG,SOIC-16,118,89,22,16,74,56,component,,,
IMG_7983_JPG__553__SOIC-16.png,winnies_packages,train/images/IMG_7983_JPG.rf.ec40f001487cf3fc7c2676cd60b9c23b.jpg,IMG_7983_JPG,SOIC-16,196,170,37,32,122,106,component,,,
IMG_7983_JPG__554__SOT96.png,winnies_packages,train/images/IMG_7983_JPG.rf.ec40f001487cf3fc7c2676cd60b9c23b.jpg,IMG_7983_JPG,SOT96,108,77,20,14,68,48,component,,,
IMG_7983_JPG__555__TSSOP-16.png,winnies_packages,train/images/IMG_7983_JPG.rf.ec40f001487cf3fc7c2676cd60b9c23b.jpg,IMG_7983_JPG,TSSOP-16,124,161,23,30,78,101,component,,,
IMG_7983_JPG__578__SOIC-16.png,winnies_packages,train/images/IMG_7983_JPG.rf.ec40f001487cf3fc7c2676cd60b9c23b.jpg,IMG_7983_JPG,SOIC-16,87,107,17,20,54,67,component,,,
IMG_7983_JPG__579__SOIC-16.png,winnies_packages,train/images/IMG_7983_JPG.rf.ec40f001487cf3fc7c2676cd60b9c23b.jpg,IMG_7983_JPG,SOIC-16,87,108,17,20,54,68,component,,,
IMG_7983_JPG__580__SOT96.png,winnies_packages,train/images/IMG_7983_JPG.rf.ec40f001487cf3fc7c2676cd60b9c23b.jpg,IMG_7983_JPG,SOT96,82,122,15,23,51,76,component,,,
IMG_7983_JPG__581__SOT96.png,winnies_packages,train/images/IMG_7983_JPG.rf.ec40f001487cf3fc7c2676cd60b9c23b.jpg,IMG_7983_JPG,SOT96,79,120,15,23,49,75,component,,,
IMG_7983_JPG__600__SOIC-16.png,winnies_packages,train/images/IMG_7983_JPG.rf.ec40f001487cf3fc7c2676cd60b9c23b.jpg,IMG_7983_JPG,SOIC-16,112,89,21,17,70,56,component,,,
IMG_7983_JPG__601__TSSOP-16.png,winnies_packages,train/images/IMG_7983_JPG.rf.ec40f001487cf3fc7c2676cd60b9c23b.jpg,IMG_7983_JPG,TSSOP-16,126,159,23,30,79,99,component,,,
IMG_7983_JPG__606__SOT96.png,winnies_packages,train/images/IMG_7983_JPG.rf.ec40f001487cf3fc7c2676cd60b9c23b.jpg,IMG_7983_JPG,SOT96,124,84,23,16,78,53,component,,,
IMG_7983_JPG__607__SOT96.png,winnies_packages,train/images/IMG_7983_JPG.rf.ec40f001487cf3fc7c2676cd60b9c23b.jpg,IMG_7983_JPG,SOT96,119,92,23,17,74,57,component,,,
IMG_7983_JPG__608__SOT96.png,winnies_packages,train/images/IMG_7983_JPG.rf.ec40f001487cf3fc7c2676cd60b9c23b.jpg,IMG_7983_JPG,SOT96,119,90,22,17,74,56,component,,,
IMG_7983_JPG__618__SOIC-16.png,winnies_packages,train/images/IMG_7983_JPG.rf.ec40f001487cf3fc7c2676cd60b9c23b.jpg,IMG_7983_JPG,SOIC-16,91,109,17,20,57,68,component,,,
IMG_7983_JPG__626__TSSOP-16.png,winnies_packages,train/images/IMG_7983_JPG.rf.ec40f001487cf3fc7c2676cd60b9c23b.jpg,IMG_7983_JPG,TSSOP-16,123,153,23,28,77,96,component,,,
IMG_7983_JPG__627__MOSFET.png,winnies_packages,train/images/IMG_7983_JPG.rf.ec40f001487cf3fc7c2676cd60b9c23b.jpg,IMG_7983_JPG,MOSFET,159,202,30,38,99,126,component,,,
IMG_7983_JPG__628__MOSFET.png,winnies_packages,train/images/IMG_7983_JPG.rf.ec40f001487cf3fc7c2676cd60b9c23b.jpg,IMG_7983_JPG,MOSFET,199,155,38,29,124,97,component,,,
IMG_7983_JPG__629__MOSFET.png,winnies_packages,train/images/IMG_7983_JPG.rf.ec40f001487cf3fc7c2676cd60b9c23b.jpg,IMG_7983_JPG,MOSFET,160,194,30,36,100,121,component,,,
IMG_7983_JPG__630__MOSFET.png,winnies_packages,train/images/IMG_7983_JPG.rf.ec40f001487cf3fc7c2676cd60b9c23b.jpg,IMG_7983_JPG,MOSFET,196,157,37,30,122,98,component,,,
IMG_7983_JPG__638__MOSFET.png,winnies_packages,train/images/IMG_7983_JPG.rf.ec40f001487cf3fc7c2676cd60b9c23b.jpg,IMG_7983_JPG,MOSFET,200,167,37,31,125,104,component,,,
IMG_7983_JPG__639__MOSFET.png,winnies_packages,train/images/IMG_7983_JPG.rf.ec40f001487cf3fc7c2676cd60b9c23b.jpg,IMG_7983_JPG,MOSFET,160,196,30,37,100,122,component,,,
IMG_7983_JPG__641__SOT96.png,winnies_packages,train/images/IMG_7983_JPG.rf.ec40f001487cf3fc7c2676cd60b9c23b.jpg,IMG_7983_JPG,SOT96,111,90,21,17,69,56,component,,,
IMG_7983_JPG__642__SOT96.png,winnies_packages,train/images/IMG_7983_JPG.rf.ec40f001487cf3fc7c2676cd60b9c23b.jpg,IMG_7983_JPG,SOT96,117,86,22,16,73,54,component,,,
IMG_7983_JPG__643__SOT96.png,winnies_packages,train/images/IMG_7983_JPG.rf.ec40f001487cf3fc7c2676cd60b9c23b.jpg,IMG_7983_JPG,SOT96,101,84,19,16,63,53,component,,,
IMG_7983_JPG__644__SOT96.png,winnies_packages,train/images/IMG_7983_JPG.rf.ec40f001487cf3fc7c2676cd60b9c23b.jpg,IMG_7983_JPG,SOT96,80,120,15,22,50,75,component,,,
IMG_7983_JPG__650__SOT96.png,winnies_packages,train/images/IMG_7983_JPG.rf.ec40f001487cf3fc7c2676cd60b9c23b.jpg,IMG_7983_JPG,SOT96,108,84,21,16,67,52,component,,,
IMG_7983_JPG__651__SOT96.png,winnies_packages,train/images/IMG_7983_JPG.rf.ec40f001487cf3fc7c2676cd60b9c23b.jpg,IMG_7983_JPG,SOT96,116,81,22,15,72,51,component,,,
IMG_7983_JPG__652__SOT96.png,winnies_packages,train/images/IMG_7983_JPG.rf.ec40f001487cf3fc7c2676cd60b9c23b.jpg,IMG_7983_JPG,SOT96,108,84,20,16,67,52,component,,,
IMG_7983_JPG__660__SOT96.png,winnies_packages,train/images/IMG_7983_JPG.rf.ec40f001487cf3fc7c2676cd60b9c23b.jpg,IMG_7983_JPG,SOT96,110,88,21,16,69,55,component,,,
IMG_7983_JPG__661__SOT96.png,winnies_packages,train/images/IMG_7983_JPG.rf.ec40f001487cf3fc7c2676cd60b9c23b.jpg,IMG_7983_JPG,SOT96,117,85,22,16,73,53,component,,,
IMG_7983_JPG__662__SOT96.png,winnies_packages,train/images/IMG_7983_JPG.rf.ec40f001487cf3fc7c2676cd60b9c23b.jpg,IMG_7983_JPG,SOT96,105,88,19,17,66,55,component,,,
IMG_7983_JPG__663__SOT96.png,winnies_packages,train/images/IMG_7983_JPG.rf.ec40f001487cf3fc7c2676cd60b9c23b.jpg,IMG_7983_JPG,SOT96,78,124,15,23,49,77,component,,,
IMG_7984_JPG__508__SOT96.png,winnies_packages,train/images/IMG_7984_JPG.rf.70bfd03d993d17dcc54293a3b0e2ac8e.jpg,IMG_7984_JPG,SOT96,86,116,16,22,54,72,component,,,
IMG_7984_JPG__509__SOT96.png,winnies_packages,train/images/IMG_7984_JPG.rf.70bfd03d993d17dcc54293a3b0e2ac8e.jpg,IMG_7984_JPG,SOT96,85,112,16,20,53,70,component,,,
IMG_7984_JPG__559__SOIC-16.png,winnies_packages,train/images/IMG_7984_JPG.rf.70bfd03d993d17dcc54293a3b0e2ac8e.jpg,IMG_7984_JPG,SOIC-16,88,114,17,21,55,71,component,,,
IMG_7984_JPG__560__SOIC-16.png,winnies_packages,train/images/IMG_7984_JPG.rf.70bfd03d993d17dcc54293a3b0e2ac8e.jpg,IMG_7984_JPG,SOIC-16,87,112,16,21,54,70,component,,,
IMG_7984_JPG__561__SOIC-16.png,winnies_packages,train/images/IMG_7984_JPG.rf.70bfd03d993d17dcc54293a3b0e2ac8e.jpg,IMG_7984_JPG,SOIC-16,116,92,22,18,72,57,component,,,
IMG_7984_JPG__562__SOIC-16.png,winnies_packages,train/images/IMG_7984_JPG.rf.70bfd03d993d17dcc54293a3b0e2ac8e.jpg,IMG_7984_JPG,SOIC-16,87,113,17,21,54,71,component,,,
IMG_7984_JPG__566__capacitor.png,winnies_packages,train/images/IMG_7984_JPG.rf.70bfd03d993d17dcc54293a3b0e2ac8e.jpg,IMG_7984_JPG,capacitor,201,176,38,33,126,110,component,,,
IMG_7984_JPG__567__capacitor.png,winnies_packages,train/images/IMG_7984_JPG.rf.70bfd03d993d17dcc54293a3b0e2ac8e.jpg,IMG_7984_JPG,capacitor,116,90,21,17,73,56,component,,,
IMG_7984_JPG__568__TSSOP-16.png,winnies_packages,train/images/IMG_7984_JPG.rf.70bfd03d993d17dcc54293a3b0e2ac8e.jpg,IMG_7984_JPG,TSSOP-16,142,129,27,24,89,81,component,,,
IMG_7984_JPG__569__TSSOP-16.png,winnies_packages,train/images/IMG_7984_JPG.rf.70bfd03d993d17dcc54293a3b0e2ac8e.jpg,IMG_7984_JPG,TSSOP-16,128,167,24,31,80,104,component,,,
IMG_7984_JPG__595__SOT96.png,winnies_packages,train/images/IMG_7984_JPG.rf.70bfd03d993d17dcc54293a3b0e2ac8e.jpg,IMG_7984_JPG,SOT96,122,90,23,17,76,56,component,,,
IMG_7984_JPG__596__SOT96.png,winnies_packages,train/images/IMG_7984_JPG.rf.70bfd03d993d17dcc54293a3b0e2ac8e.jpg,IMG_7984_JPG,SOT96,123,87,23,17,77,54,component,,,
IMG_7984_JPG__597__SOT96.png,winnies_packages,train/images/IMG_7984_JPG.rf.70bfd03d993d17dcc54293a3b0e2ac8e.jpg,IMG_7984_JPG,SOT96,119,93,23,17,74,58,component,,,
IMG_7984_JPG__598__SOT96.png,winnies_packages,train/images/IMG_7984_JPG.rf.70bfd03d993d17dcc54293a3b0e2ac8e.jpg,IMG_7984_JPG,SOT96,78,119,15,22,49,74,component,,,
IMG_7984_JPG__599__SOT96.png,winnies_packages,train/images/IMG_7984_JPG.rf.70bfd03d993d17dcc54293a3b0e2ac8e.jpg,IMG_7984_JPG,SOT96,79,118,15,22,49,74,component,,,
IMG_7984_JPG__600__SOT96.png,winnies_packages,train/images/IMG_7984_JPG.rf.70bfd03d993d17dcc54293a3b0e2ac8e.jpg,IMG_7984_JPG,SOT96,84,116,16,21,53,73,component,,,
IMG_7984_JPG__608__TSSOP-16.png,winnies_packages,train/images/IMG_7984_JPG.rf.70bfd03d993d17dcc54293a3b0e2ac8e.jpg,IMG_7984_JPG,TSSOP-16,124,159,23,30,77,99,component,,,
IMG_7984_JPG__609__TSSOP-16.png,winnies_packages,train/images/IMG_7984_JPG.rf.70bfd03d993d17dcc54293a3b0e2ac8e.jpg,IMG_7984_JPG,TSSOP-16,121,163,22,31,76,102,component,,,
IMG_7984_JPG__610__SOT96.png,winnies_packages,train/images/IMG_7984_JPG.rf.70bfd03d993d17dcc54293a3b0e2ac8e.jpg,IMG_7984_JPG,SOT96,110,83,20,16,69,52,component,,,
IMG_7984_JPG__618__SOT96.png,winnies_packages,train/images/IMG_7984_JPG.rf.70bfd03d993d17dcc54293a3b0e2ac8e.jpg,IMG_7984_JPG,SOT96,89,116,16,22,56,73,component,,,
IMG_7984_JPG__626__MOSFET.png,winnies_packages,train/images/IMG_7984_JPG.rf.70bfd03d993d17dcc54293a3b0e2ac8e.jpg,IMG_7984_JPG,MOSFET,193,153,36,29,121,96,component,,,
IMG_7984_JPG__627__MOSFET.png,winnies_packages,train/images/IMG_7984_JPG.rf.70bfd03d993d17dcc54293a3b0e2ac8e.jpg,IMG_7984_JPG,MOSFET,150,188,28,35,94,117,component,,,
IMG_7984_JPG__628__SOT96.png,winnies_packages,train/images/IMG_7984_JPG.rf.70bfd03d993d17dcc54293a3b0e2ac8e.jpg,IMG_7984_JPG,SOT96,100,88,19,16,63,55,component,,,
IMG_7984_JPG__629__SOT96.png,winnies_packages,train/images/IMG_7984_JPG.rf.70bfd03d993d17dcc54293a3b0e2ac8e.jpg,IMG_7984_JPG,SOT96,112,88,21,16,70,55,component,,,
IMG_7984_JPG__630__SOT96.png,winnies_packages,train/images/IMG_7984_JPG.rf.70bfd03d993d17dcc54293a3b0e2ac8e.jpg,IMG_7984_JPG,SOT96,105,79,20,15,66,49,component,,,
IMG_7984_JPG__641__SOT96.png,winnies_packages,train/images/IMG_7984_JPG.rf.70bfd03d993d17dcc54293a3b0e2ac8e.jpg,IMG_7984_JPG,SOT96,96,93,18,17,60,58,component,,,
IMG_7984_JPG__642__SOT96.png,winnies_packages,train/images/IMG_7984_JPG.rf.70bfd03d993d17dcc54293a3b0e2ac8e.jpg,IMG_7984_JPG,SOT96,110,77,20,14,69,48,component,,,
IMG_7984_JPG__643__SOT96.png,winnies_packages,train/images/IMG_7984_JPG.rf.70bfd03d993d17dcc54293a3b0e2ac8e.jpg,IMG_7984_JPG,SOT96,110,80,21,14,69,50,component,,,
IMG_7984_JPG__644__SOT96.png,winnies_packages,train/images/IMG_7984_JPG.rf.70bfd03d993d17dcc54293a3b0e2ac8e.jpg,IMG_7984_JPG,SOT96,100,88,19,17,62,55,component,,,
IMG_7984_JPG__645__SOT96.png,winnies_packages,train/images/IMG_7984_JPG.rf.70bfd03d993d17dcc54293a3b0e2ac8e.jpg,IMG_7984_JPG,SOT96,109,84,21,16,68,52,component,,,
IMG_7984_JPG__646__SOT96.png,winnies_packages,train/images/IMG_7984_JPG.rf.70bfd03d993d17dcc54293a3b0e2ac8e.jpg,IMG_7984_JPG,SOT96,110,76,20,14,69,48,component,,,
IMG_7984_JPG__647__SOT96.png,winnies_packages,train/images/IMG_7984_JPG.rf.70bfd03d993d17dcc54293a3b0e2ac8e.jpg,IMG_7984_JPG,SOT96,76,112,14,20,48,70,component,,,
IMG_7984_JPG__648__SOT96.png,winnies_packages,train/images/IMG_7984_JPG.rf.70bfd03d993d17dcc54293a3b0e2ac8e.jpg,IMG_7984_JPG,SOT96,80,121,15,22,50,76,component,,,
IMG_7984_JPG__654__MOSFET.png,winnies_packages,train/images/IMG_7984_JPG.rf.70bfd03d993d17dcc54293a3b0e2ac8e.jpg,IMG_7984_JPG,MOSFET,152,202,29,38,95,126,component,,,
IMG_7984_JPG__655__MOSFET.png,winnies_packages,train/images/IMG_7984_JPG.rf.70bfd03d993d17dcc54293a3b0e2ac8e.jpg,IMG_7984_JPG,MOSFET,193,162,36,31,121,101,component,,,
IMG_7984_JPG__656__MOSFET.png,winnies_packages,train/images/IMG_7984_JPG.rf.70bfd03d993d17dcc54293a3b0e2ac8e.jpg,IMG_7984_JPG,MOSFET,151,188,29,35,94,118,component,,,
IMG_7984_JPG__657__MOSFET.png,winnies_packages,train/images/IMG_7984_JPG.rf.70bfd03d993d17dcc54293a3b0e2ac8e.jpg,IMG_7984_JPG,MOSFET,194,153,36,28,121,96,component,,,
IMG_7986_JPG__080__capacitor.png,winnies_packages,train/images/IMG_7986_JPG.rf.009f2ceab27495f19af51430dbc74e2f.jpg,IMG_7986_JPG,capacitor,129,79,24,15,81,49,component,,,
IMG_7986_JPG__087__capacitor.png,winnies_packages,train/images/IMG_7986_JPG.rf.009f2ceab27495f19af51430dbc74e2f.jpg,IMG_7986_JPG,capacitor,107,136,20,26,67,85,component,,,
IMG_7986_JPG__090__SOT23.png,winnies_packages,train/images/IMG_7986_JPG.rf.009f2ceab27495f19af51430dbc74e2f.jpg,IMG_7986_JPG,SOT23,87,102,16,19,54,64,component,,,
IMG_7986_JPG__091__SOT23.png,winnies_packages,train/images/IMG_7986_JPG.rf.009f2ceab27495f19af51430dbc74e2f.jpg,IMG_7986_JPG,SOT23,83,100,16,19,52,62,component,,,
IMG_7986_JPG__092__SOT23.png,winnies_packages,train/images/IMG_7986_JPG.rf.009f2ceab27495f19af51430dbc74e2f.jpg,IMG_7986_JPG,SOT23,85,97,16,18,53,61,component,,,
IMG_7986_JPG__093__SOT23.png,winnies_packages,train/images/IMG_7986_JPG.rf.009f2ceab27495f19af51430dbc74e2f.jpg,IMG_7986_JPG,SOT23,82,94,15,17,51,59,component,,,
IMG_7986_JPG__095__SOT96.png,winnies_packages,train/images/IMG_7986_JPG.rf.009f2ceab27495f19af51430dbc74e2f.jpg,IMG_7986_JPG,SOT96,161,227,30,43,100,142,component,,,
IMG_7986_JPG__096__SOT96.png,winnies_packages,train/images/IMG_7986_JPG.rf.009f2ceab27495f19af51430dbc74e2f.jpg,IMG_7986_JPG,SOT96,233,159,44,30,146,99,component,,,
IMG_7986_JPG__097__SOT96.png,winnies_packages,train/images/IMG_7986_JPG.rf.009f2ceab27495f19af51430dbc74e2f.jpg,IMG_7986_JPG,SOT96,224,152,42,29,140,95,component,,,
IMG_7986_JPG__098__SOT96.png,winnies_packages,train/images/IMG_7986_JPG.rf.009f2ceab27495f19af51430dbc74e2f.jpg,IMG_7986_JPG,SOT96,210,156,39,29,131,97,component,,,
IMG_7986_JPG__099__SOT457.png,winnies_packages,train/images/IMG_7986_JPG.rf.009f2ceab27495f19af51430dbc74e2f.jpg,IMG_7986_JPG,SOT457,113,86,21,16,71,54,component,,,
IMG_7986_JPG__103__SOIC-12.png,winnies_packages,train/images/IMG_7986_JPG.rf.009f2ceab27495f19af51430dbc74e2f.jpg,IMG_7986_JPG,SOIC-12,166,136,31,25,104,85,component,,,
IMG_7986_JPG__104__SOD123.png,winnies_packages,train/images/IMG_7986_JPG.rf.009f2ceab27495f19af51430dbc74e2f.jpg,IMG_7986_JPG,SOD123,116,155,22,29,72,97,component,,,
IMG_7986_JPG__108__MOSFET-2.png,winnies_packages,train/images/IMG_7986_JPG.rf.009f2ceab27495f19af51430dbc74e2f.jpg,IMG_7986_JPG,MOSFET-2,398,308,75,57,249,193,component,,,
IMG_7986_JPG__109__MOSFET-2.png,winnies_packages,train/images/IMG_7986_JPG.rf.009f2ceab27495f19af51430dbc74e2f.jpg,IMG_7986_JPG,MOSFET-2,325,388,61,73,203,243,component,,,
IMG_7986_JPG__110__SOT457.png,winnies_packages,train/images/IMG_7986_JPG.rf.009f2ceab27495f19af51430dbc74e2f.jpg,IMG_7986_JPG,SOT457,104,96,19,18,65,60,component,,,
IMG_7986_JPG__111__SOT96.png,winnies_packages,train/images/IMG_7986_JPG.rf.009f2ceab27495f19af51430dbc74e2f.jpg,IMG_7986_JPG,SOT96,220,169,41,32,138,106,component,,,
IMG_7986_JPG__112__SOT96.png,winnies_packages,train/images/IMG_7986_JPG.rf.009f2ceab27495f19af51430dbc74e2f.jpg,IMG_7986_JPG,SOT96,182,225,34,42,114,141,component,,,
IMG_7986_JPG__113__SOT23.png,winnies_packages,train/images/IMG_7986_JPG.rf.009f2ceab27495f19af51430dbc74e2f.jpg,IMG_7986_JPG,SOT23,94,107,18,20,59,67,component,,,
IMG_7986_JPG__114__SOT23.png,winnies_packages,train/images/IMG_7986_JPG.rf.009f2ceab27495f19af51430dbc74e2f.jpg,IMG_7986_JPG,SOT23,89,100,16,18,56,63,component,,,
IMG_7986_JPG__115__SOT23.png,winnies_packages,train/images/IMG_7986_JPG.rf.009f2ceab27495f19af51430dbc74e2f.jpg,IMG_7986_JPG,SOT23,94,108,17,20,59,68,component,,,
IMG_7986_JPG__116__SOT23.png,winnies_packages,train/images/IMG_7986_JPG.rf.009f2ceab27495f19af51430dbc74e2f.jpg,IMG_7986_JPG,SOT23,80,103,15,19,50,64,component,,,
IMG_7987_JPG__047__SOT96.png,winnies_packages,test/images/IMG_7987_JPG.rf.309bb219003f12164f927ba6c76c4b04.jpg,IMG_7987_JPG,SOT96,97,124,18,23,61,77,component,,,
IMG_7987_JPG__054__capacitor.png,winnies_packages,test/images/IMG_7987_JPG.rf.309bb219003f12164f927ba6c76c4b04.jpg,IMG_7987_JPG,capacitor,142,104,27,20,89,65,component,,,
IMG_7987_JPG__086__SOT96.png,winnies_packages,test/images/IMG_7987_JPG.rf.309bb219003f12164f927ba6c76c4b04.jpg,IMG_7987_JPG,SOT96,154,224,29,42,96,140,component,,,
IMG_7987_JPG__087__SOT96.png,winnies_packages,test/images/IMG_7987_JPG.rf.309bb219003f12164f927ba6c76c4b04.jpg,IMG_7987_JPG,SOT96,153,221,29,42,96,138,component,,,
IMG_7987_JPG__088__SOT96.png,winnies_packages,test/images/IMG_7987_JPG.rf.309bb219003f12164f927ba6c76c4b04.jpg,IMG_7987_JPG,SOT96,150,208,28,39,94,130,component,,,
IMG_7987_JPG__089__SOT23.png,winnies_packages,test/images/IMG_7987_JPG.rf.309bb219003f12164f927ba6c76c4b04.jpg,IMG_7987_JPG,SOT23,106,89,20,17,67,56,component,,,
IMG_7987_JPG__090__SOT23.png,winnies_packages,test/images/IMG_7987_JPG.rf.309bb219003f12164f927ba6c76c4b04.jpg,IMG_7987_JPG,SOT23,101,92,19,17,63,57,component,,,
IMG_7987_JPG__091__SOT23.png,winnies_packages,test/images/IMG_7987_JPG.rf.309bb219003f12164f927ba6c76c4b04.jpg,IMG_7987_JPG,SOT23,96,89,18,16,60,56,component,,,
IMG_7987_JPG__092__SOT23.png,winnies_packages,test/images/IMG_7987_JPG.rf.309bb219003f12164f927ba6c76c4b04.jpg,IMG_7987_JPG,SOT23,99,87,18,17,62,54,component,,,
IMG_7987_JPG__093__SOT96.png,winnies_packages,test/images/IMG_7987_JPG.rf.309bb219003f12164f927ba6c76c4b04.jpg,IMG_7987_JPG,SOT96,227,163,42,30,142,102,component,,,
IMG_7987_JPG__095__SOIC-12.png,winnies_packages,test/images/IMG_7987_JPG.rf.309bb219003f12164f927ba6c76c4b04.jpg,IMG_7987_JPG,SOIC-12,136,169,26,32,85,105,component,,,
IMG_7987_JPG__102__MOSFET.png,winnies_packages,test/images/IMG_7987_JPG.rf.309bb219003f12164f927ba6c76c4b04.jpg,IMG_7987_JPG,MOSFET,401,328,75,61,251,205,component,,,
IMG_7987_JPG__103__MOSFET.png,winnies_packages,test/images/IMG_7987_JPG.rf.309bb219003f12164f927ba6c76c4b04.jpg,IMG_7987_JPG,MOSFET,326,409,61,77,204,255,component,,,
IMG_7988_JPG__048__capacitor.png,winnies_packages,train/images/IMG_7988_JPG.rf.2f090760e4e40e9b25775c9f97b48695.jpg,IMG_7988_JPG,capacitor,76,128,14,24,48,80,component,,,
IMG_7988_JPG__056__capacitor.png,winnies_packages,train/images/IMG_7988_JPG.rf.2f090760e4e40e9b25775c9f97b48695.jpg,IMG_7988_JPG,capacitor,132,107,24,20,83,67,component,,,
IMG_7988_JPG__060__capacitor.png,winnies_packages,train/images/IMG_7988_JPG.rf.2f090760e4e40e9b25775c9f97b48695.jpg,IMG_7988_JPG,capacitor,76,134,14,25,48,84,component,,,
IMG_7988_JPG__066__capacitor.png,winnies_packages,train/images/IMG_7988_JPG.rf.2f090760e4e40e9b25775c9f97b48695.jpg,IMG_7988_JPG,capacitor,77,141,14,26,48,88,component,,,
IMG_7988_JPG__072__Resistor_rond.png,winnies_packages,train/images/IMG_7988_JPG.rf.2f090760e4e40e9b25775c9f97b48695.jpg,IMG_7988_JPG,Resistor rond,136,81,25,15,85,51,component,,,
IMG_7988_JPG__075__SOT96.png,winnies_packages,train/images/IMG_7988_JPG.rf.2f090760e4e40e9b25775c9f97b48695.jpg,IMG_7988_JPG,SOT96,156,228,30,43,97,143,component,,,
IMG_7988_JPG__076__SOT96.png,winnies_packages,train/images/IMG_7988_JPG.rf.2f090760e4e40e9b25775c9f97b48695.jpg,IMG_7988_JPG,SOT96,157,223,30,42,98,139,component,,,
IMG_7988_JPG__077__SOT96.png,winnies_packages,train/images/IMG_7988_JPG.rf.2f090760e4e40e9b25775c9f97b48695.jpg,IMG_7988_JPG,SOT96,164,209,30,39,103,131,component,,,
IMG_7988_JPG__078__SOT457.png,winnies_packages,train/images/IMG_7988_JPG.rf.2f090760e4e40e9b25775c9f97b48695.jpg,IMG_7988_JPG,SOT457,100,116,19,22,62,72,component,,,
IMG_7988_JPG__079__SOT23.png,winnies_packages,train/images/IMG_7988_JPG.rf.2f090760e4e40e9b25775c9f97b48695.jpg,IMG_7988_JPG,SOT23,98,92,18,17,61,58,component,,,
IMG_7988_JPG__080__SOT23.png,winnies_packages,train/images/IMG_7988_JPG.rf.2f090760e4e40e9b25775c9f97b48695.jpg,IMG_7988_JPG,SOT23,99,84,18,15,62,53,component,,,
IMG_7988_JPG__081__SOT23.png,winnies_packages,train/images/IMG_7988_JPG.rf.2f090760e4e40e9b25775c9f97b48695.jpg,IMG_7988_JPG,SOT23,99,104,19,19,62,65,component,,,
IMG_7988_JPG__082__SOT23.png,winnies_packages,train/images/IMG_7988_JPG.rf.2f090760e4e40e9b25775c9f97b48695.jpg,IMG_7988_JPG,SOT23,100,91,19,17,63,57,component,,,
IMG_7988_JPG__084__SOT96.png,winnies_packages,train/images/IMG_7988_JPG.rf.2f090760e4e40e9b25775c9f97b48695.jpg,IMG_7988_JPG,SOT96,224,150,42,28,140,94,component,,,
IMG_7988_JPG__085__MOSFET.png,winnies_packages,train/images/IMG_7988_JPG.rf.2f090760e4e40e9b25775c9f97b48695.jpg,IMG_7988_JPG,MOSFET,403,320,76,60,252,200,component,,,
IMG_7988_JPG__086__MOSFET.png,winnies_packages,train/images/IMG_7988_JPG.rf.2f090760e4e40e9b25775c9f97b48695.jpg,IMG_7988_JPG,MOSFET,325,406,61,76,203,254,component,,,
IMG_7989_JPG__262__SOIC-16.png,winnies_packages,train/images/IMG_7989_JPG.rf.129413dcc0955724a48a56b7e4d5caf2.jpg,IMG_7989_JPG,SOIC-16,74,122,0,23,57,76,component,,,
IMG_7989_JPG__263__SOIC-16.png,winnies_packages,train/images/IMG_7989_JPG.rf.129413dcc0955724a48a56b7e4d5caf2.jpg,IMG_7989_JPG,SOIC-16,154,109,29,20,96,68,component,,,
IMG_7989_JPG__264__SOIC-16.png,winnies_packages,train/images/IMG_7989_JPG.rf.129413dcc0955724a48a56b7e4d5caf2.jpg,IMG_7989_JPG,SOIC-16,119,150,23,28,74,94,component,,,
IMG_7989_JPG__265__SOIC-16.png,winnies_packages,train/images/IMG_7989_JPG.rf.129413dcc0955724a48a56b7e4d5caf2.jpg,IMG_7989_JPG,SOIC-16,144,111,27,21,90,69,component,,,
IMG_7989_JPG__266__SOIC-16.png,winnies_packages,train/images/IMG_7989_JPG.rf.129413dcc0955724a48a56b7e4d5caf2.jpg,IMG_7989_JPG,SOIC-16,154,108,29,20,96,68,component,,,
IMG_7989_JPG__267__SOIC-16.png,winnies_packages,train/images/IMG_7989_JPG.rf.129413dcc0955724a48a56b7e4d5caf2.jpg,IMG_7989_JPG,SOIC-16,158,110,29,21,99,69,component,,,
IMG_7989_JPG__268__SOIC-16.png,winnies_packages,train/images/IMG_7989_JPG.rf.129413dcc0955724a48a56b7e4d5caf2.jpg,IMG_7989_JPG,SOIC-16,148,112,28,21,93,70,component,,,
IMG_7989_JPG__269__SOIC-16.png,winnies_packages,train/images/IMG_7989_JPG.rf.129413dcc0955724a48a56b7e4d5caf2.jpg,IMG_7989_JPG,SOIC-16,155,111,29,21,97,69,component,,,
IMG_7989_JPG__271__SOT96.png,winnies_packages,train/images/IMG_7989_JPG.rf.129413dcc0955724a48a56b7e4d5caf2.jpg,IMG_7989_JPG,SOT96,148,122,28,23,92,76,component,,,
IMG_7989_JPG__272__SOT96.png,winnies_packages,train/images/IMG_7989_JPG.rf.129413dcc0955724a48a56b7e4d5caf2.jpg,IMG_7989_JPG,SOT96,141,118,26,22,88,74,component,,,
IMG_7989_JPG__273__SOT96.png,winnies_packages,train/images/IMG_7989_JPG.rf.129413dcc0955724a48a56b7e4d5caf2.jpg,IMG_7989_JPG,SOT96,163,104,31,20,102,65,component,,,
IMG_7989_JPG__300__TSSOP-16.png,winnies_packages,train/images/IMG_7989_JPG.rf.129413dcc0955724a48a56b7e4d5caf2.jpg,IMG_7989_JPG,TSSOP-16,208,160,39,30,130,100,component,,,
IMG_7989_JPG__336__MOSFET-2.png,winnies_packages,train/images/IMG_7989_JPG.rf.129413dcc0955724a48a56b7e4d5caf2.jpg,IMG_7989_JPG,MOSFET-2,120,132,23,25,75,82,component,,,
IMG_7989_JPG__337__MOSFET-2.png,winnies_packages,train/images/IMG_7989_JPG.rf.129413dcc0955724a48a56b7e4d5caf2.jpg,IMG_7989_JPG,MOSFET-2,143,111,27,21,89,69,component,,,
IMG_7989_JPG__338__MOSFET-2.png,winnies_packages,train/images/IMG_7989_JPG.rf.129413dcc0955724a48a56b7e4d5caf2.jpg,IMG_7989_JPG,MOSFET-2,117,132,22,25,73,82,component,,,
IMG_7989_JPG__339__MOSFET-2.png,winnies_packages,train/images/IMG_7989_JPG.rf.129413dcc0955724a48a56b7e4d5caf2.jpg,IMG_7989_JPG,MOSFET-2,132,108,25,20,82,68,component,,,
IMG_7989_JPG__344__MOSFET-2.png,winnies_packages,train/images/IMG_7989_JPG.rf.129413dcc0955724a48a56b7e4d5caf2.jpg,IMG_7989_JPG,MOSFET-2,132,137,25,26,83,86,component,,,
IMG_7989_JPG__345__MOSFET-2.png,winnies_packages,train/images/IMG_7989_JPG.rf.129413dcc0955724a48a56b7e4d5caf2.jpg,IMG_7989_JPG,MOSFET-2,131,123,25,23,82,77,component,,,
IMG_7991_JPG__000__resistor.png,winnies_packages,train/images/IMG_7991_JPG.rf.51918a8eea3a81e51eb63d354bd9165a.jpg,IMG_7991_JPG,resistor,175,84,33,16,109,53,component,,,
IMG_7991_JPG__001__resistor.png,winnies_packages,train/images/IMG_7991_JPG.rf.51918a8eea3a81e51eb63d354bd9165a.jpg,IMG_7991_JPG,resistor,151,89,29,16,94,56,component,,,
IMG_7991_JPG__003__resistor.png,winnies_packages,train/images/IMG_7991_JPG.rf.51918a8eea3a81e51eb63d354bd9165a.jpg,IMG_7991_JPG,resistor,83,174,15,33,52,109,component,,,
IMG_7991_JPG__004__resistor.png,winnies_packages,train/images/IMG_7991_JPG.rf.51918a8eea3a81e51eb63d354bd9165a.jpg,IMG_7991_JPG,resistor,82,212,16,39,51,133,component,,,
IMG_7991_JPG__005__resistor.png,winnies_packages,train/images/IMG_7991_JPG.rf.51918a8eea3a81e51eb63d354bd9165a.jpg,IMG_7991_JPG,resistor,88,235,16,44,55,147,component,,,
IMG_7991_JPG__006__resistor.png,winnies_packages,train/images/IMG_7991_JPG.rf.51918a8eea3a81e51eb63d354bd9165a.jpg,IMG_7991_JPG,resistor,102,234,19,44,64,146,component,,,
IMG_7991_JPG__007__resistor.png,winnies_packages,train/images/IMG_7991_JPG.rf.51918a8eea3a81e51eb63d354bd9165a.jpg,IMG_7991_JPG,resistor,143,78,27,14,89,49,component,,,
IMG_7991_JPG__011__resistor.png,winnies_packages,train/images/IMG_7991_JPG.rf.51918a8eea3a81e51eb63d354bd9165a.jpg,IMG_7991_JPG,resistor,175,80,33,15,109,50,component,,,
IMG_7991_JPG__013__resistor.png,winnies_packages,train/images/IMG_7991_JPG.rf.51918a8eea3a81e51eb63d354bd9165a.jpg,IMG_7991_JPG,resistor,164,80,31,15,103,50,component,,,
IMG_7991_JPG__014__resistor.png,winnies_packages,train/images/IMG_7991_JPG.rf.51918a8eea3a81e51eb63d354bd9165a.jpg,IMG_7991_JPG,resistor,142,94,27,18,89,59,component,,,
IMG_7991_JPG__015__resistor.png,winnies_packages,train/images/IMG_7991_JPG.rf.51918a8eea3a81e51eb63d354bd9165a.jpg,IMG_7991_JPG,resistor,132,84,25,16,82,53,component,,,
IMG_7991_JPG__018__resistor.png,winnies_packages,train/images/IMG_7991_JPG.rf.51918a8eea3a81e51eb63d354bd9165a.jpg,IMG_7991_JPG,resistor,158,83,29,15,99,52,component,,,
IMG_7991_JPG__019__resistor.png,winnies_packages,train/images/IMG_7991_JPG.rf.51918a8eea3a81e51eb63d354bd9165a.jpg,IMG_7991_JPG,resistor,179,88,34,17,112,55,component,,,
IMG_7991_JPG__020__resistor.png,winnies_packages,train/images/IMG_7991_JPG.rf.51918a8eea3a81e51eb63d354bd9165a.jpg,IMG_7991_JPG,resistor,148,91,28,17,92,57,component,,,
IMG_7991_JPG__021__resistor.png,winnies_packages,train/images/IMG_7991_JPG.rf.51918a8eea3a81e51eb63d354bd9165a.jpg,IMG_7991_JPG,resistor,152,89,28,16,95,56,component,,,
IMG_7991_JPG__022__resistor.png,winnies_packages,train/images/IMG_7991_JPG.rf.51918a8eea3a81e51eb63d354bd9165a.jpg,IMG_7991_JPG,resistor,180,103,33,19,113,64,component,,,
IMG_7991_JPG__025__resistor.png,winnies_packages,train/images/IMG_7991_JPG.rf.51918a8eea3a81e51eb63d354bd9165a.jpg,IMG_7991_JPG,resistor,86,155,16,29,54,97,component,,,
IMG_7991_JPG__027__resistor.png,winnies_packages,train/images/IMG_7991_JPG.rf.51918a8eea3a81e51eb63d354bd9165a.jpg,IMG_7991_JPG,resistor,79,172,15,32,49,107,component,,,
IMG_7991_JPG__028__resistor.png,winnies_packages,train/images/IMG_7991_JPG.rf.51918a8eea3a81e51eb63d354bd9165a.jpg,IMG_7991_JPG,resistor,169,77,31,15,106,48,component,,,
IMG_7991_JPG__030__resistor.png,winnies_packages,train/images/IMG_7991_JPG.rf.51918a8eea3a81e51eb63d354bd9165a.jpg,IMG_7991_JPG,resistor,168,94,0,17,129,59,component,,,
IMG_7991_JPG__031__resistor.png,winnies_packages,train/images/IMG_7991_JPG.rf.51918a8eea3a81e51eb63d354bd9165a.jpg,IMG_7991_JPG,resistor,153,92,5,17,114,57,component,,,
IMG_7991_JPG__033__resistor.png,winnies_packages,train/images/IMG_7991_JPG.rf.51918a8eea3a81e51eb63d354bd9165a.jpg,IMG_7991_JPG,resistor,88,196,16,37,55,123,component,,,
IMG_7991_JPG__034__capacitor.png,winnies_packages,train/images/IMG_7991_JPG.rf.51918a8eea3a81e51eb63d354bd9165a.jpg,IMG_7991_JPG,capacitor,106,169,20,31,66,106,component,,,
IMG_7991_JPG__035__capacitor.png,winnies_packages,train/images/IMG_7991_JPG.rf.51918a8eea3a81e51eb63d354bd9165a.jpg,IMG_7991_JPG,capacitor,85,175,16,33,53,109,component,,,
IMG_7991_JPG__036__capacitor.png,winnies_packages,train/images/IMG_7991_JPG.rf.51918a8eea3a81e51eb63d354bd9165a.jpg,IMG_7991_JPG,capacitor,199,102,37,19,124,64,component,,,
IMG_7991_JPG__037__capacitor.png,winnies_packages,train/images/IMG_7991_JPG.rf.51918a8eea3a81e51eb63d354bd9165a.jpg,IMG_7991_JPG,capacitor,85,166,16,31,53,104,component,,,
IMG_7991_JPG__038__capacitor.png,winnies_packages,train/images/IMG_7991_JPG.rf.51918a8eea3a81e51eb63d354bd9165a.jpg,IMG_7991_JPG,capacitor,94,188,17,36,59,117,component,,,
IMG_7991_JPG__039__capacitor.png,winnies_packages,train/images/IMG_7991_JPG.rf.51918a8eea3a81e51eb63d354bd9165a.jpg,IMG_7991_JPG,capacitor,160,85,30,16,100,53,component,,,
IMG_7991_JPG__040__capacitor.png,winnies_packages,train/images/IMG_7991_JPG.rf.51918a8eea3a81e51eb63d354bd9165a.jpg,IMG_7991_JPG,capacitor,161,80,30,15,101,50,component,,,
IMG_7991_JPG__042__capacitor.png,winnies_packages,train/images/IMG_7991_JPG.rf.51918a8eea3a81e51eb63d354bd9165a.jpg,IMG_7991_JPG,capacitor,155,82,29,15,97,51,component,,,
IMG_7991_JPG__043__capacitor.png,winnies_packages,train/images/IMG_7991_JPG.rf.51918a8eea3a81e51eb63d354bd9165a.jpg,IMG_7991_JPG,capacitor,157,84,30,16,98,52,component,,,
IMG_7991_JPG__044__capacitor.png,winnies_packages,train/images/IMG_7991_JPG.rf.51918a8eea3a81e51eb63d354bd9165a.jpg,IMG_7991_JPG,capacitor,146,88,28,17,91,55,component,,,
IMG_7991_JPG__045__capacitor.png,winnies_packages,train/images/IMG_7991_JPG.rf.51918a8eea3a81e51eb63d354bd9165a.jpg,IMG_7991_JPG,capacitor,160,98,30,19,100,61,component,,,
IMG_7991_JPG__046__capacitor.png,winnies_packages,train/images/IMG_7991_JPG.rf.51918a8eea3a81e51eb63d354bd9165a.jpg,IMG_7991_JPG,capacitor,238,138,45,26,149,86,component,,,
IMG_7991_JPG__047__capacitor.png,winnies_packages,train/images/IMG_7991_JPG.rf.51918a8eea3a81e51eb63d354bd9165a.jpg,IMG_7991_JPG,capacitor,227,125,42,24,142,78,component,,,
IMG_7991_JPG__048__capacitor.png,winnies_packages,train/images/IMG_7991_JPG.rf.51918a8eea3a81e51eb63d354bd9165a.jpg,IMG_7991_JPG,capacitor,230,132,43,25,144,83,component,,,
IMG_7991_JPG__049__capacitor.png,winnies_packages,train/images/IMG_7991_JPG.rf.51918a8eea3a81e51eb63d354bd9165a.jpg,IMG_7991_JPG,capacitor,171,102,32,19,107,64,component,,,
IMG_7991_JPG__050__capacitor.png,winnies_packages,train/images/IMG_7991_JPG.rf.51918a8eea3a81e51eb63d354bd9165a.jpg,IMG_7991_JPG,capacitor,156,88,29,17,97,55,component,,,
IMG_7991_JPG__051__capacitor.png,winnies_packages,train/images/IMG_7991_JPG.rf.51918a8eea3a81e51eb63d354bd9165a.jpg,IMG_7991_JPG,capacitor,164,100,31,19,102,62,component,,,
IMG_7991_JPG__052__capacitor.png,winnies_packages,train/images/IMG_7991_JPG.rf.51918a8eea3a81e51eb63d354bd9165a.jpg,IMG_7991_JPG,capacitor,156,87,30,17,97,54,component,,,
IMG_7991_JPG__054__LED.png,winnies_packages,train/images/IMG_7991_JPG.rf.51918a8eea3a81e51eb63d354bd9165a.jpg,IMG_7991_JPG,LED,164,77,30,14,103,48,component,,,
IMG_7991_JPG__059__LED.png,winnies_packages,train/images/IMG_7991_JPG.rf.51918a8eea3a81e51eb63d354bd9165a.jpg,IMG_7991_JPG,LED,177,84,33,16,111,52,component,,,
IMG_7991_JPG__063__Polyfuse_Z.png,winnies_packages,train/images/IMG_7991_JPG.rf.51918a8eea3a81e51eb63d354bd9165a.jpg,IMG_7991_JPG,Polyfuse_Z,236,112,44,20,148,70,component,,,
IMG_7991_JPG__064__Polyfuse_Z.png,winnies_packages,train/images/IMG_7991_JPG.rf.51918a8eea3a81e51eb63d354bd9165a.jpg,IMG_7991_JPG,Polyfuse_Z,249,122,47,23,156,76,component,,,
IMG_7991_JPG__065__resistor.png,winnies_packages,train/images/IMG_7991_JPG.rf.51918a8eea3a81e51eb63d354bd9165a.jpg,IMG_7991_JPG,resistor,115,240,22,45,72,150,component,,,
IMG_7991_JPG__066__resistor.png,winnies_packages,train/images/IMG_7991_JPG.rf.51918a8eea3a81e51eb63d354bd9165a.jpg,IMG_7991_JPG,resistor,100,234,19,44,62,146,component,,,
IMG_7991_JPG__067__resistor.png,winnies_packages,train/images/IMG_7991_JPG.rf.51918a8eea3a81e51eb63d354bd9165a.jpg,IMG_7991_JPG,resistor,107,218,20,41,67,136,component,,,
IMG_7991_JPG__068__resistor.png,winnies_packages,train/images/IMG_7991_JPG.rf.51918a8eea3a81e51eb63d354bd9165a.jpg,IMG_7991_JPG,resistor,98,214,18,40,61,134,component,,,
IMG_7991_JPG__069__resistor.png,winnies_packages,train/images/IMG_7991_JPG.rf.51918a8eea3a81e51eb63d354bd9165a.jpg,IMG_7991_JPG,resistor,103,241,19,45,64,151,component,,,
IMG_7991_JPG__070__resistor.png,winnies_packages,train/images/IMG_7991_JPG.rf.51918a8eea3a81e51eb63d354bd9165a.jpg,IMG_7991_JPG,resistor,116,229,22,43,72,143,component,,,
IMG_7991_JPG__071__resistor.png,winnies_packages,train/images/IMG_7991_JPG.rf.51918a8eea3a81e51eb63d354bd9165a.jpg,IMG_7991_JPG,resistor,108,220,20,41,68,137,component,,,
IMG_7991_JPG__072__resistor.png,winnies_packages,train/images/IMG_7991_JPG.rf.51918a8eea3a81e51eb63d354bd9165a.jpg,IMG_7991_JPG,resistor,114,235,21,44,71,147,component,,,
IMG_7991_JPG__073__resistor.png,winnies_packages,train/images/IMG_7991_JPG.rf.51918a8eea3a81e51eb63d354bd9165a.jpg,IMG_7991_JPG,resistor,92,164,18,31,57,102,component,,,
IMG_7991_JPG__074__LED.png,winnies_packages,train/images/IMG_7991_JPG.rf.51918a8eea3a81e51eb63d354bd9165a.jpg,IMG_7991_JPG,LED,77,162,15,31,48,101,component,,,
IMG_7991_JPG__076__LED.png,winnies_packages,train/images/IMG_7991_JPG.rf.51918a8eea3a81e51eb63d354bd9165a.jpg,IMG_7991_JPG,LED,76,168,14,32,48,105,component,,,
IMG_7991_JPG__077__LED.png,winnies_packages,train/images/IMG_7991_JPG.rf.51918a8eea3a81e51eb63d354bd9165a.jpg,IMG_7991_JPG,LED,83,156,15,30,52,97,component,,,
IMG_7991_JPG__078__LED.png,winnies_packages,train/images/IMG_7991_JPG.rf.51918a8eea3a81e51eb63d354bd9165a.jpg,IMG_7991_JPG,LED,76,160,14,30,48,100,component,,,
IMG_7991_JPG__079__LED.png,winnies_packages,train/images/IMG_7991_JPG.rf.51918a8eea3a81e51eb63d354bd9165a.jpg,IMG_7991_JPG,LED,87,173,17,33,54,108,component,,,
IMG_7991_JPG__080__SOT457.png,winnies_packages,train/images/IMG_7991_JPG.rf.51918a8eea3a81e51eb63d354bd9165a.jpg,IMG_7991_JPG,SOT457,199,244,38,46,124,152,component,,,
IMG_7991_JPG__081__TSSOP-16.png,winnies_packages,train/images/IMG_7991_JPG.rf.51918a8eea3a81e51eb63d354bd9165a.jpg,IMG_7991_JPG,TSSOP-16,491,662,92,124,307,414,component,,,
IMG_7991_JPG__082__SOT753.png,winnies_packages,train/images/IMG_7991_JPG.rf.51918a8eea3a81e51eb63d354bd9165a.jpg,IMG_7991_JPG,SOT753,204,199,39,38,127,124,component,,,
IMG_7991_JPG__083__SOT753.png,winnies_packages,train/images/IMG_7991_JPG.rf.51918a8eea3a81e51eb63d354bd9165a.jpg,IMG_7991_JPG,SOT753,236,192,44,36,147,120,component,,,
IMG_7991_JPG__084__SOT753.png,winnies_packages,train/images/IMG_7991_JPG.rf.51918a8eea3a81e51eb63d354bd9165a.jpg,IMG_7991_JPG,SOT753,226,188,42,35,141,118,component,,,
IMG_7991_JPG__085__SOT753.png,winnies_packages,train/images/IMG_7991_JPG.rf.51918a8eea3a81e51eb63d354bd9165a.jpg,IMG_7991_JPG,SOT753,223,203,42,38,139,127,component,,,
IMG_7991_JPG__086__SOD123.png,winnies_packages,train/images/IMG_7991_JPG.rf.51918a8eea3a81e51eb63d354bd9165a.jpg,IMG_7991_JPG,SOD123,343,182,65,34,214,114,component,,,
IMG_7991_JPG__087__SOD323.png,winnies_packages,train/images/IMG_7991_JPG.rf.51918a8eea3a81e51eb63d354bd9165a.jpg,IMG_7991_JPG,SOD323,165,82,31,16,103,51,component,,,
IMG_7991_JPG__088__SOD323.png,winnies_packages,train/images/IMG_7991_JPG.rf.51918a8eea3a81e51eb63d354bd9165a.jpg,IMG_7991_JPG,SOD323,164,81,31,15,103,51,component,,,
IMG_7991_JPG__089__SOD323.png,winnies_packages,train/images/IMG_7991_JPG.rf.51918a8eea3a81e51eb63d354bd9165a.jpg,IMG_7991_JPG,SOD323,165,81,31,15,103,51,component,,,
IMG_7991_JPG__090__SOD323.png,winnies_packages,train/images/IMG_7991_JPG.rf.51918a8eea3a81e51eb63d354bd9165a.jpg,IMG_7991_JPG,SOD323,164,81,30,15,103,51,component,,,
IMG_7991_JPG__091__SOD323.png,winnies_packages,train/images/IMG_7991_JPG.rf.51918a8eea3a81e51eb63d354bd9165a.jpg,IMG_7991_JPG,SOD323,164,81,30,15,103,51,component,,,
IMG_7991_JPG__092__SOD323.png,winnies_packages,train/images/IMG_7991_JPG.rf.51918a8eea3a81e51eb63d354bd9165a.jpg,IMG_7991_JPG,SOD323,164,82,31,16,103,51,component,,,
IMG_7991_JPG__093__SOD323.png,winnies_packages,train/images/IMG_7991_JPG.rf.51918a8eea3a81e51eb63d354bd9165a.jpg,IMG_7991_JPG,SOD323,165,82,31,16,103,51,component,,,
IMG_7991_JPG__094__SOD323.png,winnies_packages,train/images/IMG_7991_JPG.rf.51918a8eea3a81e51eb63d354bd9165a.jpg,IMG_7991_JPG,SOD323,164,81,31,15,103,51,component,,,
IMG_7991_JPG__095__SOD323.png,winnies_packages,train/images/IMG_7991_JPG.rf.51918a8eea3a81e51eb63d354bd9165a.jpg,IMG_7991_JPG,SOD323,164,82,30,16,103,51,component,,,
IMG_7991_JPG__096__SOD323.png,winnies_packages,train/images/IMG_7991_JPG.rf.51918a8eea3a81e51eb63d354bd9165a.jpg,IMG_7991_JPG,SOD323,165,81,31,15,103,51,component,,,
IMG_7991_JPG__097__SOD323.png,winnies_packages,train/images/IMG_7991_JPG.rf.51918a8eea3a81e51eb63d354bd9165a.jpg,IMG_7991_JPG,SOD323,164,81,31,15,103,51,component,,,
IMG_7991_JPG__098__SOD323.png,winnies_packages,train/images/IMG_7991_JPG.rf.51918a8eea3a81e51eb63d354bd9165a.jpg,IMG_7991_JPG,SOD323,165,82,31,16,103,51,component,,,
IMG_7991_JPG__099__SOT753.png,winnies_packages,train/images/IMG_7991_JPG.rf.51918a8eea3a81e51eb63d354bd9165a.jpg,IMG_7991_JPG,SOT753,164,233,30,44,103,146,component,,,
IMG_7992_JPG__000__resistor.png,winnies_packages,train/images/IMG_7992_JPG.rf.6d13c0ed48a6cba617de14fa592018f6.jpg,IMG_7992_JPG,resistor,132,96,24,18,82,60,component,,,
IMG_7992_JPG__002__resistor.png,winnies_packages,train/images/IMG_7992_JPG.rf.6d13c0ed48a6cba617de14fa592018f6.jpg,IMG_7992_JPG,resistor,130,89,25,17,81,56,component,,,
IMG_7992_JPG__003__resistor.png,winnies_packages,train/images/IMG_7992_JPG.rf.6d13c0ed48a6cba617de14fa592018f6.jpg,IMG_7992_JPG,resistor,139,76,26,8,87,52,component,,,
IMG_7992_JPG__005__resistor.png,winnies_packages,train/images/IMG_7992_JPG.rf.6d13c0ed48a6cba617de14fa592018f6.jpg,IMG_7992_JPG,resistor,110,83,21,16,69,51,component,,,
IMG_7992_JPG__016__resistor.png,winnies_packages,train/images/IMG_7992_JPG.rf.6d13c0ed48a6cba617de14fa592018f6.jpg,IMG_7992_JPG,resistor,79,127,15,24,49,79,component,,,
IMG_7992_JPG__017__resistor.png,winnies_packages,train/images/IMG_7992_JPG.rf.6d13c0ed48a6cba617de14fa592018f6.jpg,IMG_7992_JPG,resistor,97,155,18,29,61,97,component,,,
IMG_7992_JPG__019__resistor.png,winnies_packages,train/images/IMG_7992_JPG.rf.6d13c0ed48a6cba617de14fa592018f6.jpg,IMG_7992_JPG,resistor,90,227,17,43,56,142,component,,,
IMG_7992_JPG__020__resistor.png,winnies_packages,train/images/IMG_7992_JPG.rf.6d13c0ed48a6cba617de14fa592018f6.jpg,IMG_7992_JPG,resistor,90,241,17,45,56,151,component,,,
IMG_7992_JPG__021__resistor.png,winnies_packages,train/images/IMG_7992_JPG.rf.6d13c0ed48a6cba617de14fa592018f6.jpg,IMG_7992_JPG,resistor,91,225,17,42,57,140,component,,,
IMG_7992_JPG__022__resistor.png,winnies_packages,train/images/IMG_7992_JPG.rf.6d13c0ed48a6cba617de14fa592018f6.jpg,IMG_7992_JPG,resistor,95,243,18,46,59,152,component,,,
IMG_7992_JPG__023__resistor.png,winnies_packages,train/images/IMG_7992_JPG.rf.6d13c0ed48a6cba617de14fa592018f6.jpg,IMG_7992_JPG,resistor,117,240,22,45,73,150,component,,,
IMG_7992_JPG__024__resistor.png,winnies_packages,train/images/IMG_7992_JPG.rf.6d13c0ed48a6cba617de14fa592018f6.jpg,IMG_7992_JPG,resistor,94,220,17,42,59,137,component,,,
IMG_7992_JPG__028__resistor.png,winnies_packages,train/images/IMG_7992_JPG.rf.6d13c0ed48a6cba617de14fa592018f6.jpg,IMG_7992_JPG,resistor,139,98,26,18,87,61,component,,,
IMG_7992_JPG__031__resistor.png,winnies_packages,train/images/IMG_7992_JPG.rf.6d13c0ed48a6cba617de14fa592018f6.jpg,IMG_7992_JPG,resistor,130,89,24,17,81,56,component,,,
IMG_7992_JPG__032__resistor.png,winnies_packages,train/images/IMG_7992_JPG.rf.6d13c0ed48a6cba617de14fa592018f6.jpg,IMG_7992_JPG,resistor,163,81,31,16,102,54,component,,,
IMG_7992_JPG__036__capacitor.png,winnies_packages,train/images/IMG_7992_JPG.rf.6d13c0ed48a6cba617de14fa592018f6.jpg,IMG_7992_JPG,capacitor,82,178,15,33,52,111,component,,,
IMG_7992_JPG__037__capacitor.png,winnies_packages,train/images/IMG_7992_JPG.rf.6d13c0ed48a6cba617de14fa592018f6.jpg,IMG_7992_JPG,capacitor,166,89,31,17,104,56,component,,,
IMG_7992_JPG__039__capacitor.png,winnies_packages,train/images/IMG_7992_JPG.rf.6d13c0ed48a6cba617de14fa592018f6.jpg,IMG_7992_JPG,capacitor,117,80,22,15,73,50,component,,,
IMG_7992_JPG__040__capacitor.png,winnies_packages,train/images/IMG_7992_JPG.rf.6d13c0ed48a6cba617de14fa592018f6.jpg,IMG_7992_JPG,capacitor,152,89,28,17,95,55,component,,,
IMG_7992_JPG__041__capacitor.png,winnies_packages,train/images/IMG_7992_JPG.rf.6d13c0ed48a6cba617de14fa592018f6.jpg,IMG_7992_JPG,capacitor,170,89,31,17,106,56,component,,,
IMG_7992_JPG__042__capacitor.png,winnies_packages,train/images/IMG_7992_JPG.rf.6d13c0ed48a6cba617de14fa592018f6.jpg,IMG_7992_JPG,capacitor,167,77,31,14,104,49,component,,,
IMG_7992_JPG__047__resistor.png,winnies_packages,train/images/IMG_7992_JPG.rf.6d13c0ed48a6cba617de14fa592018f6.jpg,IMG_7992_JPG,resistor,81,140,15,26,50,88,component,,,
IMG_7992_JPG__049__LED.png,winnies_packages,train/images/IMG_7992_JPG.rf.6d13c0ed48a6cba617de14fa592018f6.jpg,IMG_7992_JPG,LED,77,142,14,27,48,88,component,,,
IMG_7992_JPG__055__LED.png,winnies_packages,train/images/IMG_7992_JPG.rf.6d13c0ed48a6cba617de14fa592018f6.jpg,IMG_7992_JPG,LED,116,83,22,16,72,52,component,,,
IMG_7992_JPG__056__Polyfuse_Z.png,winnies_packages,train/images/IMG_7992_JPG.rf.6d13c0ed48a6cba617de14fa592018f6.jpg,IMG_7992_JPG,Polyfuse_Z,104,221,20,42,65,138,component,,,
IMG_7992_JPG__057__Polyfuse_Z.png,winnies_packages,train/images/IMG_7992_JPG.rf.6d13c0ed48a6cba617de14fa592018f6.jpg,IMG_7992_JPG,Polyfuse_Z,111,221,21,42,70,138,component,,,
IMG_7992_JPG__058__Polyfuse_Z.png,winnies_packages,train/images/IMG_7992_JPG.rf.6d13c0ed48a6cba617de14fa592018f6.jpg,IMG_7992_JPG,Polyfuse_Z,82,222,15,42,51,139,component,,,
IMG_7992_JPG__059__Polyfuse_Z.png,winnies_packages,train/images/IMG_7992_JPG.rf.6d13c0ed48a6cba617de14fa592018f6.jpg,IMG_7992_JPG,Polyfuse_Z,101,159,19,37,63,122,component,,,
IMG_7992_JPG__065__TSSOP-16.png,winnies_packages,train/images/IMG_7992_JPG.rf.6d13c0ed48a6cba617de14fa592018f6.jpg,IMG_7992_JPG,TSSOP-16,423,500,79,48,264,347,component,,,
IMG_7992_JPG__066__SOIC-16.png,winnies_packages,train/images/IMG_7992_JPG.rf.6d13c0ed48a6cba617de14fa592018f6.jpg,IMG_7992_JPG,SOIC-16,278,395,52,74,174,247,component,,,
IMG_7992_JPG__067__SOT753.png,winnies_packages,train/images/IMG_7992_JPG.rf.6d13c0ed48a6cba617de14fa592018f6.jpg,IMG_7992_JPG,SOT753,204,176,38,33,127,110,component,,,
IMG_7992_JPG__068__SOT753.png,winnies_packages,train/images/IMG_7992_JPG.rf.6d13c0ed48a6cba617de14fa592018f6.jpg,IMG_7992_JPG,SOT753,195,160,37,30,122,100,component,,,
IMG_7992_JPG__069__SOT753.png,winnies_packages,train/images/IMG_7992_JPG.rf.6d13c0ed48a6cba617de14fa592018f6.jpg,IMG_7992_JPG,SOT753,195,164,37,31,122,102,component,,,
IMG_7992_JPG__070__SOT23.png,winnies_packages,train/images/IMG_7992_JPG.rf.6d13c0ed48a6cba617de14fa592018f6.jpg,IMG_7992_JPG,SOT23,164,179,31,33,102,112,component,,,
IMG_7992_JPG__071__SOT23.png,winnies_packages,train/images/IMG_7992_JPG.rf.6d13c0ed48a6cba617de14fa592018f6.jpg,IMG_7992_JPG,SOT23,161,195,31,37,100,122,component,,,
IMG_7992_JPG__072__SOT23.png,winnies_packages,train/images/IMG_7992_JPG.rf.6d13c0ed48a6cba617de14fa592018f6.jpg,IMG_7992_JPG,SOT23,176,142,33,26,110,89,component,,,
IMG_7992_JPG__073__SOT23.png,winnies_packages,train/images/IMG_7992_JPG.rf.6d13c0ed48a6cba617de14fa592018f6.jpg,IMG_7992_JPG,SOT23,170,145,32,27,106,91,component,,,
IMG_7992_JPG__074__SOT23.png,winnies_packages,train/images/IMG_7992_JPG.rf.6d13c0ed48a6cba617de14fa592018f6.jpg,IMG_7992_JPG,SOT23,164,149,31,28,102,93,component,,,
IMG_7992_JPG__075__SOT23.png,winnies_packages,train/images/IMG_7992_JPG.rf.6d13c0ed48a6cba617de14fa592018f6.jpg,IMG_7992_JPG,SOT23,167,145,31,27,104,91,component,,,
IMG_7992_JPG__076__SOT23.png,winnies_packages,train/images/IMG_7992_JPG.rf.6d13c0ed48a6cba617de14fa592018f6.jpg,IMG_7992_JPG,SOT23,188,179,35,34,118,112,component,,,
IMG_7992_JPG__077__SOD323.png,winnies_packages,train/images/IMG_7992_JPG.rf.6d13c0ed48a6cba617de14fa592018f6.jpg,IMG_7992_JPG,SOD323,142,96,27,18,89,60,component,,,
IMG_7992_JPG__078__SOD323.png,winnies_packages,train/images/IMG_7992_JPG.rf.6d13c0ed48a6cba617de14fa592018f6.jpg,IMG_7992_JPG,SOD323,146,100,27,19,92,63,component,,,
IMG_7992_JPG__079__SOD323.png,winnies_packages,train/images/IMG_7992_JPG.rf.6d13c0ed48a6cba617de14fa592018f6.jpg,IMG_7992_JPG,SOD323,150,103,28,20,94,64,component,,,
IMG_7992_JPG__080__SOD323.png,winnies_packages,train/images/IMG_7992_JPG.rf.6d13c0ed48a6cba617de14fa592018f6.jpg,IMG_7992_JPG,SOD323,155,102,29,19,96,64,component,,,
IMG_7992_JPG__081__SOD323.png,winnies_packages,train/images/IMG_7992_JPG.rf.6d13c0ed48a6cba617de14fa592018f6.jpg,IMG_7992_JPG,SOD323,162,114,30,21,101,71,component,,,
IMG_7992_JPG__082__SOD323.png,winnies_packages,train/images/IMG_7992_JPG.rf.6d13c0ed48a6cba617de14fa592018f6.jpg,IMG_7992_JPG,SOD323,145,72,27,17,90,55,component,,,
IMG_7993_JPG__000__resistor.png,winnies_packages,train/images/IMG_7993_JPG.rf.31d7544749191f6b17b925cb983b8304.jpg,IMG_7993_JPG,resistor,120,85,0,16,92,53,component,,,
IMG_7993_JPG__001__resistor.png,winnies_packages,train/images/IMG_7993_JPG.rf.31d7544749191f6b17b925cb983b8304.jpg,IMG_7993_JPG,resistor,118,76,0,14,91,48,component,,,
IMG_7993_JPG__003__resistor.png,winnies_packages,train/images/IMG_7993_JPG.rf.31d7544749191f6b17b925cb983b8304.jpg,IMG_7993_JPG,resistor,164,82,31,15,103,51,component,,,
IMG_7993_JPG__025__resistor.png,winnies_packages,train/images/IMG_7993_JPG.rf.31d7544749191f6b17b925cb983b8304.jpg,IMG_7993_JPG,resistor,125,84,24,16,78,52,component,,,
IMG_7993_JPG__032__resistor.png,winnies_packages,train/images/IMG_7993_JPG.rf.31d7544749191f6b17b925cb983b8304.jpg,IMG_7993_JPG,resistor,85,177,16,33,53,111,component,,,
IMG_7993_JPG__042__capacitor.png,winnies_packages,train/images/IMG_7993_JPG.rf.31d7544749191f6b17b925cb983b8304.jpg,IMG_7993_JPG,capacitor,123,76,23,9,77,52,component,,,
IMG_7993_JPG__044__capacitor.png,winnies_packages,train/images/IMG_7993_JPG.rf.31d7544749191f6b17b925cb983b8304.jpg,IMG_7993_JPG,capacitor,158,98,30,18,99,61,component,,,
IMG_7993_JPG__045__capacitor.png,winnies_packages,train/images/IMG_7993_JPG.rf.31d7544749191f6b17b925cb983b8304.jpg,IMG_7993_JPG,capacitor,153,79,28,15,96,50,component,,,
IMG_7993_JPG__046__capacitor.png,winnies_packages,train/images/IMG_7993_JPG.rf.31d7544749191f6b17b925cb983b8304.jpg,IMG_7993_JPG,capacitor,91,166,17,31,57,103,component,,,
IMG_7993_JPG__048__capacitor.png,winnies_packages,train/images/IMG_7993_JPG.rf.31d7544749191f6b17b925cb983b8304.jpg,IMG_7993_JPG,capacitor,80,184,15,35,50,115,component,,,
IMG_7993_JPG__049__capacitor.png,winnies_packages,train/images/IMG_7993_JPG.rf.31d7544749191f6b17b925cb983b8304.jpg,IMG_7993_JPG,capacitor,144,93,27,17,90,59,component,,,
IMG_7993_JPG__050__capacitor.png,winnies_packages,train/images/IMG_7993_JPG.rf.31d7544749191f6b17b925cb983b8304.jpg,IMG_7993_JPG,capacitor,98,107,18,20,61,67,component,,,
IMG_7993_JPG__058__feriet_kraal.png,winnies_packages,train/images/IMG_7993_JPG.rf.31d7544749191f6b17b925cb983b8304.jpg,IMG_7993_JPG,feriet kraal,85,171,16,32,53,107,component,,,
IMG_7993_JPG__059__resistor.png,winnies_packages,train/images/IMG_7993_JPG.rf.31d7544749191f6b17b925cb983b8304.jpg,IMG_7993_JPG,resistor,85,193,16,36,53,121,component,,,
IMG_7993_JPG__060__Polyfuse_Z.png,winnies_packages,train/images/IMG_7993_JPG.rf.31d7544749191f6b17b925cb983b8304.jpg,IMG_7993_JPG,Polyfuse_Z,92,208,17,39,57,130,component,,,
IMG_7993_JPG__061__Polyfuse_Z.png,winnies_packages,train/images/IMG_7993_JPG.rf.31d7544749191f6b17b925cb983b8304.jpg,IMG_7993_JPG,Polyfuse_Z,81,180,16,34,51,113,component,,,
IMG_7993_JPG__062__Polyfuse_Z.png,winnies_packages,train/images/IMG_7993_JPG.rf.31d7544749191f6b17b925cb983b8304.jpg,IMG_7993_JPG,Polyfuse_Z,79,191,15,36,49,119,component,,,
IMG_7993_JPG__063__Polyfuse_Z.png,winnies_packages,train/images/IMG_7993_JPG.rf.31d7544749191f6b17b925cb983b8304.jpg,IMG_7993_JPG,Polyfuse_Z,100,205,19,38,63,128,component,,,
IMG_7993_JPG__064__Polyfuse_Z.png,winnies_packages,train/images/IMG_7993_JPG.rf.31d7544749191f6b17b925cb983b8304.jpg,IMG_7993_JPG,Polyfuse_Z,90,219,17,41,56,137,component,,,
IMG_7993_JPG__065__Polyfuse_Z.png,winnies_packages,train/images/IMG_7993_JPG.rf.31d7544749191f6b17b925cb983b8304.jpg,IMG_7993_JPG,Polyfuse_Z,95,202,18,38,59,127,component,,,
IMG_7993_JPG__066__SOT23.png,winnies_packages,train/images/IMG_7993_JPG.rf.31d7544749191f6b17b925cb983b8304.jpg,IMG_7993_JPG,SOT23,174,152,33,28,109,95,component,,,
IMG_7993_JPG__067__SOT23.png,winnies_packages,train/images/IMG_7993_JPG.rf.31d7544749191f6b17b925cb983b8304.jpg,IMG_7993_JPG,SOT23,162,151,30,28,101,94,component,,,
IMG_7993_JPG__068__SOT23.png,winnies_packages,train/images/IMG_7993_JPG.rf.31d7544749191f6b17b925cb983b8304.jpg,IMG_7993_JPG,SOT23,169,140,32,26,106,88,component,,,
IMG_7993_JPG__069__SOT23.png,winnies_packages,train/images/IMG_7993_JPG.rf.31d7544749191f6b17b925cb983b8304.jpg,IMG_7993_JPG,SOT23,145,140,28,26,91,88,component,,,
IMG_7993_JPG__070__SOT23.png,winnies_packages,train/images/IMG_7993_JPG.rf.31d7544749191f6b17b925cb983b8304.jpg,IMG_7993_JPG,SOT23,161,143,30,27,101,90,component,,,
IMG_7993_JPG__071__SOD323.png,winnies_packages,train/images/IMG_7993_JPG.rf.31d7544749191f6b17b925cb983b8304.jpg,IMG_7993_JPG,SOD323,139,82,26,15,87,51,component,,,
IMG_7993_JPG__072__SOD323.png,winnies_packages,train/images/IMG_7993_JPG.rf.31d7544749191f6b17b925cb983b8304.jpg,IMG_7993_JPG,SOD323,139,82,26,15,87,51,component,,,
IMG_7993_JPG__073__SOD323.png,winnies_packages,train/images/IMG_7993_JPG.rf.31d7544749191f6b17b925cb983b8304.jpg,IMG_7993_JPG,SOD323,139,82,26,15,87,51,component,,,
IMG_7993_JPG__074__SOD323.png,winnies_packages,train/images/IMG_7993_JPG.rf.31d7544749191f6b17b925cb983b8304.jpg,IMG_7993_JPG,SOD323,139,82,26,15,87,51,component,,,
IMG_7993_JPG__075__SOD323.png,winnies_packages,train/images/IMG_7993_JPG.rf.31d7544749191f6b17b925cb983b8304.jpg,IMG_7993_JPG,SOD323,138,82,26,15,87,51,component,,,
IMG_7993_JPG__076__SOD323.png,winnies_packages,train/images/IMG_7993_JPG.rf.31d7544749191f6b17b925cb983b8304.jpg,IMG_7993_JPG,SOD323,139,82,26,15,87,51,component,,,
IMG_7993_JPG__077__SOD323.png,winnies_packages,train/images/IMG_7993_JPG.rf.31d7544749191f6b17b925cb983b8304.jpg,IMG_7993_JPG,SOD323,139,82,26,15,87,51,component,,,
IMG_7993_JPG__078__SOD323.png,winnies_packages,train/images/IMG_7993_JPG.rf.31d7544749191f6b17b925cb983b8304.jpg,IMG_7993_JPG,SOD323,138,82,26,16,87,51,component,,,
IMG_7993_JPG__079__SOD323.png,winnies_packages,train/images/IMG_7993_JPG.rf.31d7544749191f6b17b925cb983b8304.jpg,IMG_7993_JPG,SOD323,139,82,26,15,87,51,component,,,
IMG_7993_JPG__080__SOD323.png,winnies_packages,train/images/IMG_7993_JPG.rf.31d7544749191f6b17b925cb983b8304.jpg,IMG_7993_JPG,SOD323,139,82,26,15,87,51,component,,,
IMG_7993_JPG__081__SOT753.png,winnies_packages,train/images/IMG_7993_JPG.rf.31d7544749191f6b17b925cb983b8304.jpg,IMG_7993_JPG,SOT753,179,146,34,27,111,91,component,,,
IMG_7993_JPG__082__SOT753.png,winnies_packages,train/images/IMG_7993_JPG.rf.31d7544749191f6b17b925cb983b8304.jpg,IMG_7993_JPG,SOT753,183,157,35,29,114,98,component,,,
IMG_7993_JPG__083__SOT457.png,winnies_packages,train/images/IMG_7993_JPG.rf.31d7544749191f6b17b925cb983b8304.jpg,IMG_7993_JPG,SOT457,113,193,0,36,87,121,component,,,
IMG_7993_JPG__084__SOT457.png,winnies_packages,train/images/IMG_7993_JPG.rf.31d7544749191f6b17b925cb983b8304.jpg,IMG_7993_JPG,SOT457,111,194,0,36,86,121,component,,,
IMG_7993_JPG__086__SOD323.png,winnies_packages,train/images/IMG_7993_JPG.rf.31d7544749191f6b17b925cb983b8304.jpg,IMG_7993_JPG,SOD323,133,78,25,14,83,49,component,,,
IMG_7993_JPG__088__SOT23.png,winnies_packages,train/images/IMG_7993_JPG.rf.31d7544749191f6b17b925cb983b8304.jpg,IMG_7993_JPG,SOT23,138,167,26,32,86,104,component,,,
IMG_7993_JPG__089__SOT23.png,winnies_packages,train/images/IMG_7993_JPG.rf.31d7544749191f6b17b925cb983b8304.jpg,IMG_7993_JPG,SOT23,185,157,34,29,116,98,component,,,
IMG_7993_JPG__090__SOT23.png,winnies_packages,train/images/IMG_7993_JPG.rf.31d7544749191f6b17b925cb983b8304.jpg,IMG_7993_JPG,SOT23,174,153,33,29,109,96,component,,,
IMG_7993_JPG__091__LED.png,winnies_packages,train/images/IMG_7993_JPG.rf.31d7544749191f6b17b925cb983b8304.jpg,IMG_7993_JPG,LED,121,88,23,17,76,55,component,,,
IMG_7993_JPG__092__SOT223.png,winnies_packages,train/images/IMG_7993_JPG.rf.31d7544749191f6b17b925cb983b8304.jpg,IMG_7993_JPG,SOT223,321,399,60,75,201,249,component,,,
IMG_7993_JPG__093__SOT457.png,winnies_packages,train/images/IMG_7993_JPG.rf.31d7544749191f6b17b925cb983b8304.jpg,IMG_7993_JPG,SOT457,179,158,34,30,112,99,component,,,
IMG_7994_JPG__063__capacitor.png,winnies_packages,train/images/IMG_7994_JPG.rf.5767617fdfb48a27210680e32e062534.jpg,IMG_7994_JPG,capacitor,99,86,19,16,62,53,component,,,
IMG_7994_JPG__078__Polyfuse_Z.png,winnies_packages,train/images/IMG_7994_JPG.rf.5767617fdfb48a27210680e32e062534.jpg,IMG_7994_JPG,Polyfuse_Z,80,151,15,28,50,95,component,,,
IMG_7994_JPG__084__SOT23.png,winnies_packages,train/images/IMG_7994_JPG.rf.5767617fdfb48a27210680e32e062534.jpg,IMG_7994_JPG,SOT23,126,117,24,22,79,73,component,,,
IMG_7994_JPG__085__SOT23.png,winnies_packages,train/images/IMG_7994_JPG.rf.5767617fdfb48a27210680e32e062534.jpg,IMG_7994_JPG,SOT23,115,113,22,21,72,71,component,,,
IMG_7994_JPG__086__SOT23.png,winnies_packages,train/images/IMG_7994_JPG.rf.5767617fdfb48a27210680e32e062534.jpg,IMG_7994_JPG,SOT23,115,110,21,21,72,68,component,,,
IMG_7994_JPG__087__SOT23.png,winnies_packages,train/images/IMG_7994_JPG.rf.5767617fdfb48a27210680e32e062534.jpg,IMG_7994_JPG,SOT23,119,106,23,20,74,66,component,,,
IMG_7994_JPG__088__SOT23.png,winnies_packages,train/images/IMG_7994_JPG.rf.5767617fdfb48a27210680e32e062534.jpg,IMG_7994_JPG,SOT23,121,102,23,19,75,64,component,,,
IMG_7994_JPG__089__SOT753.png,winnies_packages,train/images/IMG_7994_JPG.rf.5767617fdfb48a27210680e32e062534.jpg,IMG_7994_JPG,SOT753,135,125,25,24,85,78,component,,,
IMG_7994_JPG__090__SOT753.png,winnies_packages,train/images/IMG_7994_JPG.rf.5767617fdfb48a27210680e32e062534.jpg,IMG_7994_JPG,SOT753,140,128,26,24,88,80,component,,,
IMG_7994_JPG__091__SOT23.png,winnies_packages,train/images/IMG_7994_JPG.rf.5767617fdfb48a27210680e32e062534.jpg,IMG_7994_JPG,SOT23,108,124,20,23,67,78,component,,,
IMG_7994_JPG__092__SOT457.png,winnies_packages,train/images/IMG_7994_JPG.rf.5767617fdfb48a27210680e32e062534.jpg,IMG_7994_JPG,SOT457,135,161,25,30,85,101,component,,,
IMG_7994_JPG__093__SOT457.png,winnies_packages,train/images/IMG_7994_JPG.rf.5767617fdfb48a27210680e32e062534.jpg,IMG_7994_JPG,SOT457,110,152,21,29,68,95,component,,,
IMG_7994_JPG__094__SOT753.png,winnies_packages,train/images/IMG_7994_JPG.rf.5767617fdfb48a27210680e32e062534.jpg,IMG_7994_JPG,SOT753,139,123,26,23,87,77,component,,,
IMG_7994_JPG__095__SOT753.png,winnies_packages,train/images/IMG_7994_JPG.rf.5767617fdfb48a27210680e32e062534.jpg,IMG_7994_JPG,SOT753,144,114,27,22,90,71,component,,,
IMG_7994_JPG__110__SOT23.png,winnies_packages,train/images/IMG_7994_JPG.rf.5767617fdfb48a27210680e32e062534.jpg,IMG_7994_JPG,SOT23,125,119,23,22,78,74,component,,,
IMG_7994_JPG__111__SOT23.png,winnies_packages,train/images/IMG_7994_JPG.rf.5767617fdfb48a27210680e32e062534.jpg,IMG_7994_JPG,SOT23,126,113,24,21,79,71,component,,,
IMG_7994_JPG__112__SOT457.png,winnies_packages,train/images/IMG_7994_JPG.rf.5767617fdfb48a27210680e32e062534.jpg,IMG_7994_JPG,SOT457,137,123,25,23,86,77,component,,,
IMG_7994_JPG__113__SOT223.png,winnies_packages,train/images/IMG_7994_JPG.rf.5767617fdfb48a27210680e32e062534.jpg,IMG_7994_JPG,SOT223,257,309,48,58,161,193,component,,,
IMG_7994_JPG__114__SOT23.png,winnies_packages,train/images/IMG_7994_JPG.rf.5767617fdfb48a27210680e32e062534.jpg,IMG_7994_JPG,SOT23,104,134,20,25,65,84,component,,,
IMG_7995_JPG__145__capacitor.png,winnies_packages,train/images/IMG_7995_JPG.rf.4fafa963119eb818c7cccb3dccd1bb48.jpg,IMG_7995_JPG,capacitor,115,84,22,16,72,52,component,,,
IMG_7995_JPG__146__capacitor.png,winnies_packages,train/images/IMG_7995_JPG.rf.4fafa963119eb818c7cccb3dccd1bb48.jpg,IMG_7995_JPG,capacitor,123,79,23,15,77,50,component,,,
IMG_7995_JPG__147__capacitor.png,winnies_packages,train/images/IMG_7995_JPG.rf.4fafa963119eb818c7cccb3dccd1bb48.jpg,IMG_7995_JPG,capacitor,127,80,24,15,80,50,component,,,
IMG_7995_JPG__148__SOT23.png,winnies_packages,train/images/IMG_7995_JPG.rf.4fafa963119eb818c7cccb3dccd1bb48.jpg,IMG_7995_JPG,SOT23,110,118,21,22,68,74,component,,,
IMG_7995_JPG__149__SOT753.png,winnies_packages,train/images/IMG_7995_JPG.rf.4fafa963119eb818c7cccb3dccd1bb48.jpg,IMG_7995_JPG,SOT753,111,139,21,26,69,87,component,,,
IMG_7995_JPG__150__SOT753.png,winnies_packages,train/images/IMG_7995_JPG.rf.4fafa963119eb818c7cccb3dccd1bb48.jpg,IMG_7995_JPG,SOT753,103,147,20,28,64,92,component,,,
IMG_7995_JPG__151__SOT753.png,winnies_packages,train/images/IMG_7995_JPG.rf.4fafa963119eb818c7cccb3dccd1bb48.jpg,IMG_7995_JPG,SOT753,129,116,24,22,81,73,component,,,
IMG_7995_JPG__152__SOT753.png,winnies_packages,train/images/IMG_7995_JPG.rf.4fafa963119eb818c7cccb3dccd1bb48.jpg,IMG_7995_JPG,SOT753,135,117,25,22,84,73,component,,,
IMG_7995_JPG__153__SOT753.png,winnies_packages,train/images/IMG_7995_JPG.rf.4fafa963119eb818c7cccb3dccd1bb48.jpg,IMG_7995_JPG,SOT753,130,115,24,22,82,72,component,,,
IMG_7995_JPG__154__SOT753.png,winnies_packages,train/images/IMG_7995_JPG.rf.4fafa963119eb818c7cccb3dccd1bb48.jpg,IMG_7995_JPG,SOT753,138,115,26,21,86,72,component,,,
IMG_7995_JPG__163__SOT753.png,winnies_packages,train/images/IMG_7995_JPG.rf.4fafa963119eb818c7cccb3dccd1bb48.jpg,IMG_7995_JPG,SOT753,130,120,25,22,81,75,component,,,
IMG_7995_JPG__164__SOT753.png,winnies_packages,train/images/IMG_7995_JPG.rf.4fafa963119eb818c7cccb3dccd1bb48.jpg,IMG_7995_JPG,SOT753,128,116,24,21,80,73,component,,,
IMG_7995_JPG__165__SOT753.png,winnies_packages,train/images/IMG_7995_JPG.rf.4fafa963119eb818c7cccb3dccd1bb48.jpg,IMG_7995_JPG,SOT753,130,118,24,22,81,74,component,,,
IMG_7995_JPG__166__SOT23.png,winnies_packages,train/images/IMG_7995_JPG.rf.4fafa963119eb818c7cccb3dccd1bb48.jpg,IMG_7995_JPG,SOT23,100,119,19,23,63,74,component,,,
IMG_7995_JPG__167__SOT23.png,winnies_packages,train/images/IMG_7995_JPG.rf.4fafa963119eb818c7cccb3dccd1bb48.jpg,IMG_7995_JPG,SOT23,90,116,17,21,56,73,component,,,
IMG_7995_JPG__168__SOT23.png,winnies_packages,train/images/IMG_7995_JPG.rf.4fafa963119eb818c7cccb3dccd1bb48.jpg,IMG_7995_JPG,SOT23,112,124,21,23,70,78,component,,,
IMG_7995_JPG__170__SOT457.png,winnies_packages,train/images/IMG_7995_JPG.rf.4fafa963119eb818c7cccb3dccd1bb48.jpg,IMG_7995_JPG,SOT457,113,136,21,25,71,86,component,,,
IMG_7995_JPG__171__SOT457.png,winnies_packages,train/images/IMG_7995_JPG.rf.4fafa963119eb818c7cccb3dccd1bb48.jpg,IMG_7995_JPG,SOT457,106,134,20,25,66,84,component,,,
IMG_7995_JPG__172__SOT457.png,winnies_packages,train/images/IMG_7995_JPG.rf.4fafa963119eb818c7cccb3dccd1bb48.jpg,IMG_7995_JPG,SOT457,107,136,20,26,67,85,component,,,
IMG_7995_JPG__173__SOT23.png,winnies_packages,train/images/IMG_7995_JPG.rf.4fafa963119eb818c7cccb3dccd1bb48.jpg,IMG_7995_JPG,SOT23,116,99,22,19,73,62,component,,,
IMG_7995_JPG__174__SOT96.png,winnies_packages,train/images/IMG_7995_JPG.rf.4fafa963119eb818c7cccb3dccd1bb48.jpg,IMG_7995_JPG,SOT96,180,278,33,52,113,173,component,,,
IMG_7995_JPG__175__SOT457.png,winnies_packages,train/images/IMG_7995_JPG.rf.4fafa963119eb818c7cccb3dccd1bb48.jpg,IMG_7995_JPG,SOT457,138,112,26,21,86,70,component,,,
IMG_7995_JPG__179__SOIC-16.png,winnies_packages,train/images/IMG_7995_JPG.rf.4fafa963119eb818c7cccb3dccd1bb48.jpg,IMG_7995_JPG,SOIC-16,176,261,7,49,130,163,component,,,
IMG_7995_JPG__180__SOIC-16.png,winnies_packages,train/images/IMG_7995_JPG.rf.4fafa963119eb818c7cccb3dccd1bb48.jpg,IMG_7995_JPG,SOIC-16,169,261,3,49,128,163,component,,,
IMG_7995_JPG__181__SOIC-16.png,winnies_packages,train/images/IMG_7995_JPG.rf.4fafa963119eb818c7cccb3dccd1bb48.jpg,IMG_7995_JPG,SOIC-16,261,203,49,38,163,127,component,,,
IMG_7995_JPG__182__SOIC-16.png,winnies_packages,train/images/IMG_7995_JPG.rf.4fafa963119eb818c7cccb3dccd1bb48.jpg,IMG_7995_JPG,SOIC-16,171,257,7,48,126,161,component,,,
IMG_7995_JPG__183__SOIC-16.png,winnies_packages,train/images/IMG_7995_JPG.rf.4fafa963119eb818c7cccb3dccd1bb48.jpg,IMG_7995_JPG,SOIC-16,168,261,8,49,123,163,component,,,
IMG_7995_JPG__184__SOIC-16.png,winnies_packages,train/images/IMG_7995_JPG.rf.4fafa963119eb818c7cccb3dccd1bb48.jpg,IMG_7995_JPG,SOIC-16,191,252,36,47,120,158,component,,,
IMG_7995_JPG__185__TSSOP-16.png,winnies_packages,train/images/IMG_7995_JPG.rf.4fafa963119eb818c7cccb3dccd1bb48.jpg,IMG_7995_JPG,TSSOP-16,272,357,51,67,170,223,component,,,
IMG_7995_JPG__186__TSSOP-16.png,winnies_packages,train/images/IMG_7995_JPG.rf.4fafa963119eb818c7cccb3dccd1bb48.jpg,IMG_7995_JPG,TSSOP-16,272,349,51,65,170,218,component,,,
IMG_7996_JPG__107__SOT96.png,winnies_packages,train/images/IMG_7996_JPG.rf.133f4930a834dd6cb2c36fbcd044a919.jpg,IMG_7996_JPG,SOT96,99,134,18,25,62,83,component,,,
IMG_7996_JPG__110__SOT96.png,winnies_packages,train/images/IMG_7996_JPG.rf.133f4930a834dd6cb2c36fbcd044a919.jpg,IMG_7996_JPG,SOT96,98,141,18,27,61,88,component,,,
IMG_7996_JPG__111__SOT96.png,winnies_packages,train/images/IMG_7996_JPG.rf.133f4930a834dd6cb2c36fbcd044a919.jpg,IMG_7996_JPG,SOT96,145,112,27,21,91,71,component,,,
IMG_7996_JPG__113__SOT96.png,winnies_packages,train/images/IMG_7996_JPG.rf.133f4930a834dd6cb2c36fbcd044a919.jpg,IMG_7996_JPG,SOT96,107,143,20,27,67,90,component,,,
IMG_7996_JPG__117__SOT23.png,winnies_packages,train/images/IMG_7996_JPG.rf.133f4930a834dd6cb2c36fbcd044a919.jpg,IMG_7996_JPG,SOT23,78,88,15,17,49,55,component,,,
IMG_7996_JPG__119__SOT96.png,winnies_packages,train/images/IMG_7996_JPG.rf.133f4930a834dd6cb2c36fbcd044a919.jpg,IMG_7996_JPG,SOT96,143,124,27,23,89,78,component,,,
IMG_7996_JPG__120__SOT96.png,winnies_packages,train/images/IMG_7996_JPG.rf.133f4930a834dd6cb2c36fbcd044a919.jpg,IMG_7996_JPG,SOT96,145,126,27,24,91,79,component,,,
IMG_7996_JPG__121__SOT96.png,winnies_packages,train/images/IMG_7996_JPG.rf.133f4930a834dd6cb2c36fbcd044a919.jpg,IMG_7996_JPG,SOT96,112,146,21,27,71,92,component,,,
IMG_7997_JPG__136__SOT96.png,winnies_packages,train/images/IMG_7997_JPG.rf.0182f687164000f5439f1da2a927b1e0.jpg,IMG_7997_JPG,SOT96,120,94,22,18,75,59,component,,,
IMG_7997_JPG__138__SOIC-16.png,winnies_packages,train/images/IMG_7997_JPG.rf.0182f687164000f5439f1da2a927b1e0.jpg,IMG_7997_JPG,SOIC-16,218,202,41,38,136,126,component,,,
IMG_7997_JPG__148__SOT96.png,winnies_packages,train/images/IMG_7997_JPG.rf.0182f687164000f5439f1da2a927b1e0.jpg,IMG_7997_JPG,SOT96,140,99,27,18,87,62,component,,,
IMG_7997_JPG__150__SOT96.png,winnies_packages,train/images/IMG_7997_JPG.rf.0182f687164000f5439f1da2a927b1e0.jpg,IMG_7997_JPG,SOT96,144,98,28,18,90,61,component,,,
IMG_7997_JPG__151__SOT96.png,winnies_packages,train/images/IMG_7997_JPG.rf.0182f687164000f5439f1da2a927b1e0.jpg,IMG_7997_JPG,SOT96,105,128,20,24,66,80,component,,,
IMG_7997_JPG__152__SOT96.png,winnies_packages,train/images/IMG_7997_JPG.rf.0182f687164000f5439f1da2a927b1e0.jpg,IMG_7997_JPG,SOT96,97,136,18,25,61,85,component,,,
IMG_7997_JPG__153__SOT96.png,winnies_packages,train/images/IMG_7997_JPG.rf.0182f687164000f5439f1da2a927b1e0.jpg,IMG_7997_JPG,SOT96,131,104,24,20,82,65,component,,,
IMG_7997_JPG__154__SOT96.png,winnies_packages,train/images/IMG_7997_JPG.rf.0182f687164000f5439f1da2a927b1e0.jpg,IMG_7997_JPG,SOT96,133,91,25,17,83,57,component,,,
IMG_7997_JPG__155__SOT96.png,winnies_packages,train/images/IMG_7997_JPG.rf.0182f687164000f5439f1da2a927b1e0.jpg,IMG_7997_JPG,SOT96,109,132,20,25,68,82,component,,,
IMG_7998_JPG__139__SOT96.png,winnies_packages,train/images/IMG_7998_JPG.rf.056df5735d9c1c6f4b436bb97d026800.jpg,IMG_7998_JPG,SOT96,90,124,17,23,56,78,component,,,
IMG_7998_JPG__141__SOIC-16.png,winnies_packages,train/images/IMG_7998_JPG.rf.056df5735d9c1c6f4b436bb97d026800.jpg,IMG_7998_JPG,SOIC-16,191,204,36,38,119,128,component,,,
IMG_7998_JPG__142__SOT96.png,winnies_packages,train/images/IMG_7998_JPG.rf.056df5735d9c1c6f4b436bb97d026800.jpg,IMG_7998_JPG,SOT96,90,123,17,23,56,77,component,,,
IMG_7998_JPG__143__SOT96.png,winnies_packages,train/images/IMG_7998_JPG.rf.056df5735d9c1c6f4b436bb97d026800.jpg,IMG_7998_JPG,SOT96,132,100,25,18,82,63,component,,,
IMG_7998_JPG__151__SOT96.png,winnies_packages,train/images/IMG_7998_JPG.rf.056df5735d9c1c6f4b436bb97d026800.jpg,IMG_7998_JPG,SOT96,97,130,18,25,61,81,component,,,
IMG_7998_JPG__153__SOT96.png,winnies_packages,train/images/IMG_7998_JPG.rf.056df5735d9c1c6f4b436bb97d026800.jpg,IMG_7998_JPG,SOT96,96,148,18,28,60,92,component,,,
IMG_7998_JPG__155__SOT96.png,winnies_packages,train/images/IMG_7998_JPG.rf.056df5735d9c1c6f4b436bb97d026800.jpg,IMG_7998_JPG,SOT96,128,103,24,20,80,64,component,,,
IMG_7998_JPG__156__SOT96.png,winnies_packages,train/images/IMG_7998_JPG.rf.056df5735d9c1c6f4b436bb97d026800.jpg,IMG_7998_JPG,SOT96,119,101,23,19,74,63,component,,,
IMG_7998_JPG__157__SOT96.png,winnies_packages,train/images/IMG_7998_JPG.rf.056df5735d9c1c6f4b436bb97d026800.jpg,IMG_7998_JPG,SOT96,96,129,18,24,60,81,component,,,
IMG_8001_JPG__091__MOSFET-2.png,winnies_packages,valid/images/IMG_8001_JPG.rf.359c0edd87affde934cbde4725d3fc96.jpg,IMG_8001_JPG,MOSFET-2,131,189,24,35,82,118,component,,,
IMG_8001_JPG__092__MOSFET-2.png,winnies_packages,valid/images/IMG_8001_JPG.rf.359c0edd87affde934cbde4725d3fc96.jpg,IMG_8001_JPG,MOSFET-2,206,140,39,26,129,87,component,,,
IMG_8001_JPG__093__MOSFET-2.png,winnies_packages,valid/images/IMG_8001_JPG.rf.359c0edd87affde934cbde4725d3fc96.jpg,IMG_8001_JPG,MOSFET-2,128,194,24,37,80,121,component,,,
IMG_8001_JPG__094__MOSFET-2.png,winnies_packages,valid/images/IMG_8001_JPG.rf.359c0edd87affde934cbde4725d3fc96.jpg,IMG_8001_JPG,MOSFET-2,119,205,22,39,75,128,component,,,
IMG_8001_JPG__095__MOSFET-2.png,winnies_packages,valid/images/IMG_8001_JPG.rf.359c0edd87affde934cbde4725d3fc96.jpg,IMG_8001_JPG,MOSFET-2,197,145,37,27,123,90,component,,,
IMG_8001_JPG__096__MOSFET-2.png,winnies_packages,valid/images/IMG_8001_JPG.rf.359c0edd87affde934cbde4725d3fc96.jpg,IMG_8001_JPG,MOSFET-2,135,202,25,37,84,126,component,,,
IMG_8001_JPG__097__MOSFET-2.png,winnies_packages,valid/images/IMG_8001_JPG.rf.359c0edd87affde934cbde4725d3fc96.jpg,IMG_8001_JPG,MOSFET-2,132,204,24,38,83,128,component,,,
IMG_8001_JPG__098__MOSFET-2.png,winnies_packages,valid/images/IMG_8001_JPG.rf.359c0edd87affde934cbde4725d3fc96.jpg,IMG_8001_JPG,MOSFET-2,125,199,24,38,78,124,component,,,
IMG_8002_JPG__088__MOSFET-2.png,winnies_packages,train/images/IMG_8002_JPG.rf.134c033e9fe4e6a1868fbe3c71eb9717.jpg,IMG_8002_JPG,MOSFET-2,215,150,41,28,134,94,component,,,
IMG_8002_JPG__089__MOSFET-2.png,winnies_packages,train/images/IMG_8002_JPG.rf.134c033e9fe4e6a1868fbe3c71eb9717.jpg,IMG_8002_JPG,MOSFET-2,222,148,42,27,139,93,component,,,
IMG_8002_JPG__090__MOSFET-2.png,winnies_packages,train/images/IMG_8002_JPG.rf.134c033e9fe4e6a1868fbe3c71eb9717.jpg,IMG_8002_JPG,MOSFET-2,236,159,44,30,147,99,component,,,
IMG_8002_JPG__091__MOSFET-2.png,winnies_packages,train/images/IMG_8002_JPG.rf.134c033e9fe4e6a1868fbe3c71eb9717.jpg,IMG_8002_JPG,MOSFET-2,157,232,30,44,98,145,component,,,
IMG_8002_JPG__092__MOSFET-2.png,winnies_packages,train/images/IMG_8002_JPG.rf.134c033e9fe4e6a1868fbe3c71eb9717.jpg,IMG_8002_JPG,MOSFET-2,236,148,45,27,147,93,component,,,
IMG_8002_JPG__093__MOSFET-2.png,winnies_packages,train/images/IMG_8002_JPG.rf.134c033e9fe4e6a1868fbe3c71eb9717.jpg,IMG_8002_JPG,MOSFET-2,224,152,42,28,140,95,component,,,
IMG_8002_JPG__094__MOSFET-2.png,winnies_packages,train/images/IMG_8002_JPG.rf.134c033e9fe4e6a1868fbe3c71eb9717.jpg,IMG_8002_JPG,MOSFET-2,226,151,42,28,141,94,component,,,
IMG_8002_JPG__095__MOSFET-2.png,winnies_packages,train/images/IMG_8002_JPG.rf.134c033e9fe4e6a1868fbe3c71eb9717.jpg,IMG_8002_JPG,MOSFET-2,137,240,25,45,86,150,component,,,
IMG_8002_JPG__096__SOT23.png,winnies_packages,train/images/IMG_8002_JPG.rf.134c033e9fe4e6a1868fbe3c71eb9717.jpg,IMG_8002_JPG,SOT23,101,84,19,16,63,52,component,,,
IMG_8002_JPG__097__SOT23.png,winnies_packages,train/images/IMG_8002_JPG.rf.134c033e9fe4e6a1868fbe3c71eb9717.jpg,IMG_8002_JPG,SOT23,92,81,17,15,57,51,component,,,
IMG_8002_JPG__098__SOT23.png,winnies_packages,train/images/IMG_8002_JPG.rf.134c033e9fe4e6a1868fbe3c71eb9717.jpg,IMG_8002_JPG,SOT23,108,85,21,16,67,53,component,,,
IMG_8002_JPG__099__SOT23.png,winnies_packages,train/images/IMG_8002_JPG.rf.134c033e9fe4e6a1868fbe3c71eb9717.jpg,IMG_8002_JPG,SOT23,81,96,15,18,51,60,component,,,
IMG_8002_JPG__100__SOT23.png,winnies_packages,train/images/IMG_8002_JPG.rf.134c033e9fe4e6a1868fbe3c71eb9717.jpg,IMG_8002_JPG,SOT23,104,79,19,15,65,49,component,,,
IMG_8003_JPG__139__MOSFET-2.png,winnies_packages,valid/images/IMG_8003_JPG.rf.6ce77941c06a229225b84b0bea53a82a.jpg,IMG_8003_JPG,MOSFET-2,146,215,27,41,91,134,component,,,
IMG_8003_JPG__140__MOSFET-2.png,winnies_packages,valid/images/IMG_8003_JPG.rf.6ce77941c06a229225b84b0bea53a82a.jpg,IMG_8003_JPG,MOSFET-2,144,218,27,41,90,136,component,,,
IMG_8003_JPG__141__MOSFET-2.png,winnies_packages,valid/images/IMG_8003_JPG.rf.6ce77941c06a229225b84b0bea53a82a.jpg,IMG_8003_JPG,MOSFET-2,149,213,28,40,93,133,component,,,
IMG_8003_JPG__142__MOSFET-2.png,winnies_packages,valid/images/IMG_8003_JPG.rf.6ce77941c06a229225b84b0bea53a82a.jpg,IMG_8003_JPG,MOSFET-2,222,142,41,27,139,89,component,,,
IMG_8003_JPG__143__MOSFET-2.png,winnies_packages,valid/images/IMG_8003_JPG.rf.6ce77941c06a229225b84b0bea53a82a.jpg,IMG_8003_JPG,MOSFET-2,223,160,42,30,139,100,component,,,
IMG_8003_JPG__148__SOT23.png,winnies_packages,valid/images/IMG_8003_JPG.rf.6ce77941c06a229225b84b0bea53a82a.jpg,IMG_8003_JPG,SOT23,87,99,16,19,55,62,component,,,
IMG_8003_JPG__149__SOT23.png,winnies_packages,valid/images/IMG_8003_JPG.rf.6ce77941c06a229225b84b0bea53a82a.jpg,IMG_8003_JPG,SOT23,91,80,17,15,57,50,component,,,
IMG_8003_JPG__150__SOT23.png,winnies_packages,valid/images/IMG_8003_JPG.rf.6ce77941c06a229225b84b0bea53a82a.jpg,IMG_8003_JPG,SOT23,83,99,16,18,51,62,component,,,
IMG_8003_JPG__151__SOT457.png,winnies_packages,valid/images/IMG_8003_JPG.rf.6ce77941c06a229225b84b0bea53a82a.jpg,IMG_8003_JPG,SOT457,104,86,19,16,65,54,component,,,
IMG_8003_JPG__152__SOT457.png,winnies_packages,valid/images/IMG_8003_JPG.rf.6ce77941c06a229225b84b0bea53a82a.jpg,IMG_8003_JPG,SOT457,101,93,19,18,63,58,component,,,
IMG_8003_JPG__153__SOT457.png,winnies_packages,valid/images/IMG_8003_JPG.rf.6ce77941c06a229225b84b0bea53a82a.jpg,IMG_8003_JPG,SOT457,91,80,17,15,57,50,component,,,
IMG_8003_JPG__154__SOT457.png,winnies_packages,valid/images/IMG_8003_JPG.rf.6ce77941c06a229225b84b0bea53a82a.jpg,IMG_8003_JPG,SOT457,100,82,19,16,62,51,component,,,
IMG_8003_JPG__155__SOT23.png,winnies_packages,valid/images/IMG_8003_JPG.rf.6ce77941c06a229225b84b0bea53a82a.jpg,IMG_8003_JPG,SOT23,84,88,15,17,53,55,component,,,
IMG_8003_JPG__156__SOD123.png,winnies_packages,valid/images/IMG_8003_JPG.rf.6ce77941c06a229225b84b0bea53a82a.jpg,IMG_8003_JPG,SOD123,165,91,31,17,103,57,component,,,
IMG_8003_JPG__157__SOD123.png,winnies_packages,valid/images/IMG_8003_JPG.rf.6ce77941c06a229225b84b0bea53a82a.jpg,IMG_8003_JPG,SOD123,164,91,31,17,103,57,component,,,
IMG_8003_JPG__158__SOD123.png,winnies_packages,valid/images/IMG_8003_JPG.rf.6ce77941c06a229225b84b0bea53a82a.jpg,IMG_8003_JPG,SOD123,165,91,31,17,103,57,component,,,
IMG_8003_JPG__159__SOD123.png,winnies_packages,valid/images/IMG_8003_JPG.rf.6ce77941c06a229225b84b0bea53a82a.jpg,IMG_8003_JPG,SOD123,164,91,30,17,103,57,component,,,
IMG_8003_JPG__160__SOD123.png,winnies_packages,valid/images/IMG_8003_JPG.rf.6ce77941c06a229225b84b0bea53a82a.jpg,IMG_8003_JPG,SOD123,165,91,31,17,103,57,component,,,
IMG_8003_JPG__161__SOD123.png,winnies_packages,valid/images/IMG_8003_JPG.rf.6ce77941c06a229225b84b0bea53a82a.jpg,IMG_8003_JPG,SOD123,164,91,30,17,103,57,component,,,
IMG_8003_JPG__162__SOD123.png,winnies_packages,valid/images/IMG_8003_JPG.rf.6ce77941c06a229225b84b0bea53a82a.jpg,IMG_8003_JPG,SOD123,164,91,31,17,103,57,component,,,
IMG_8003_JPG__163__SOD123.png,winnies_packages,valid/images/IMG_8003_JPG.rf.6ce77941c06a229225b84b0bea53a82a.jpg,IMG_8003_JPG,SOD123,165,91,31,17,103,57,component,,,
IMG_8003_JPG__164__SOD123.png,winnies_packages,valid/images/IMG_8003_JPG.rf.6ce77941c06a229225b84b0bea53a82a.jpg,IMG_8003_JPG,SOD123,165,91,31,17,103,57,component,,,
IMG_8003_JPG__165__SOD123.png,winnies_packages,valid/images/IMG_8003_JPG.rf.6ce77941c06a229225b84b0bea53a82a.jpg,IMG_8003_JPG,SOD123,164,91,31,17,103,57,component,,,
IMG_8003_JPG__166__SOD123.png,winnies_packages,valid/images/IMG_8003_JPG.rf.6ce77941c06a229225b84b0bea53a82a.jpg,IMG_8003_JPG,SOD123,165,91,31,18,103,57,component,,,
IMG_8003_JPG__167__SOD123.png,winnies_packages,valid/images/IMG_8003_JPG.rf.6ce77941c06a229225b84b0bea53a82a.jpg,IMG_8003_JPG,SOD123,165,91,31,17,103,57,component,,,
IMG_8003_JPG__168__SOD123.png,winnies_packages,valid/images/IMG_8003_JPG.rf.6ce77941c06a229225b84b0bea53a82a.jpg,IMG_8003_JPG,SOD123,164,91,31,17,103,57,component,,,
IMG_8003_JPG__169__SOD123.png,winnies_packages,valid/images/IMG_8003_JPG.rf.6ce77941c06a229225b84b0bea53a82a.jpg,IMG_8003_JPG,SOD123,165,91,31,17,103,57,component,,,
IMG_8003_JPG__170__SOD123.png,winnies_packages,valid/images/IMG_8003_JPG.rf.6ce77941c06a229225b84b0bea53a82a.jpg,IMG_8003_JPG,SOD123,165,90,31,17,103,57,component,,,
IMG_8003_JPG__171__SOD128.png,winnies_packages,valid/images/IMG_8003_JPG.rf.6ce77941c06a229225b84b0bea53a82a.jpg,IMG_8003_JPG,SOD128,189,125,36,23,118,78,component,,,
IMG_8003_JPG__172__SOD128.png,winnies_packages,valid/images/IMG_8003_JPG.rf.6ce77941c06a229225b84b0bea53a82a.jpg,IMG_8003_JPG,SOD128,188,125,35,23,118,78,component,,,
IMG_8003_JPG__173__SOD128.png,winnies_packages,valid/images/IMG_8003_JPG.rf.6ce77941c06a229225b84b0bea53a82a.jpg,IMG_8003_JPG,SOD128,189,125,35,23,118,78,component,,,
IMG_8003_JPG__174__SOD128.png,winnies_packages,valid/images/IMG_8003_JPG.rf.6ce77941c06a229225b84b0bea53a82a.jpg,IMG_8003_JPG,SOD128,189,125,36,23,118,78,component,,,
IMG_8003_JPG__175__SOD128.png,winnies_packages,valid/images/IMG_8003_JPG.rf.6ce77941c06a229225b84b0bea53a82a.jpg,IMG_8003_JPG,SOD128,188,125,35,23,118,78,component,,,
IMG_8003_JPG__176__SOD128.png,winnies_packages,valid/images/IMG_8003_JPG.rf.6ce77941c06a229225b84b0bea53a82a.jpg,IMG_8003_JPG,SOD128,188,125,35,23,118,78,component,,,
IMG_8003_JPG__177__SOD128.png,winnies_packages,valid/images/IMG_8003_JPG.rf.6ce77941c06a229225b84b0bea53a82a.jpg,IMG_8003_JPG,SOD128,189,125,35,24,118,78,component,,,
IMG_8003_JPG__178__SOD128.png,winnies_packages,valid/images/IMG_8003_JPG.rf.6ce77941c06a229225b84b0bea53a82a.jpg,IMG_8003_JPG,SOD128,189,126,36,24,118,78,component,,,
IMG_8003_JPG__179__SOD128.png,winnies_packages,valid/images/IMG_8003_JPG.rf.6ce77941c06a229225b84b0bea53a82a.jpg,IMG_8003_JPG,SOD128,188,125,35,23,118,78,component,,,
IMG_8003_JPG__180__SOD128.png,winnies_packages,valid/images/IMG_8003_JPG.rf.6ce77941c06a229225b84b0bea53a82a.jpg,IMG_8003_JPG,SOD128,189,125,35,24,118,78,component,,,
IMG_8003_JPG__181__SOD128.png,winnies_packages,valid/images/IMG_8003_JPG.rf.6ce77941c06a229225b84b0bea53a82a.jpg,IMG_8003_JPG,SOD128,188,125,35,23,118,78,component,,,
IMG_8003_JPG__182__SOD128.png,winnies_packages,valid/images/IMG_8003_JPG.rf.6ce77941c06a229225b84b0bea53a82a.jpg,IMG_8003_JPG,SOD128,189,125,35,23,118,78,component,,,
IMG_8003_JPG__183__SOD128.png,winnies_packages,valid/images/IMG_8003_JPG.rf.6ce77941c06a229225b84b0bea53a82a.jpg,IMG_8003_JPG,SOD128,188,125,35,24,118,78,component,,,
IMG_8003_JPG__184__SOD128.png,winnies_packages,valid/images/IMG_8003_JPG.rf.6ce77941c06a229225b84b0bea53a82a.jpg,IMG_8003_JPG,SOD128,188,125,35,24,118,78,component,,,
IMG_8003_JPG__185__SOD128.png,winnies_packages,valid/images/IMG_8003_JPG.rf.6ce77941c06a229225b84b0bea53a82a.jpg,IMG_8003_JPG,SOD128,189,125,36,23,118,78,component,,,
IMG_8003_JPG__186__MOSFET-2.png,winnies_packages,valid/images/IMG_8003_JPG.rf.6ce77941c06a229225b84b0bea53a82a.jpg,IMG_8003_JPG,MOSFET-2,180,163,34,31,113,102,component,,,
IMG_8003_JPG__187__MOSFET-2.png,winnies_packages,valid/images/IMG_8003_JPG.rf.6ce77941c06a229225b84b0bea53a82a.jpg,IMG_8003_JPG,MOSFET-2,180,163,34,31,113,102,component,,,
IMG_8003_JPG__188__MOSFET-2.png,winnies_packages,valid/images/IMG_8003_JPG.rf.6ce77941c06a229225b84b0bea53a82a.jpg,IMG_8003_JPG,MOSFET-2,180,163,34,31,113,102,component,,,
IMG_8003_JPG__189__MOSFET-2.png,winnies_packages,valid/images/IMG_8003_JPG.rf.6ce77941c06a229225b84b0bea53a82a.jpg,IMG_8003_JPG,MOSFET-2,180,163,34,31,113,102,component,,,
IMG_8003_JPG__190__MOSFET-2.png,winnies_packages,valid/images/IMG_8003_JPG.rf.6ce77941c06a229225b84b0bea53a82a.jpg,IMG_8003_JPG,MOSFET-2,180,162,34,30,113,102,component,,,
IMG_8003_JPG__191__MOSFET-2.png,winnies_packages,valid/images/IMG_8003_JPG.rf.6ce77941c06a229225b84b0bea53a82a.jpg,IMG_8003_JPG,MOSFET-2,181,163,34,30,113,102,component,,,
IMG_8003_JPG__192__MOSFET-2.png,winnies_packages,valid/images/IMG_8003_JPG.rf.6ce77941c06a229225b84b0bea53a82a.jpg,IMG_8003_JPG,MOSFET-2,180,163,34,30,113,102,component,,,
IMG_8003_JPG__193__MOSFET-2.png,winnies_packages,valid/images/IMG_8003_JPG.rf.6ce77941c06a229225b84b0bea53a82a.jpg,IMG_8003_JPG,MOSFET-2,180,163,33,31,113,102,component,,,
IMG_8003_JPG__194__MOSFET-2.png,winnies_packages,valid/images/IMG_8003_JPG.rf.6ce77941c06a229225b84b0bea53a82a.jpg,IMG_8003_JPG,MOSFET-2,180,163,34,31,113,102,component,,,
IMG_8003_JPG__195__MOSFET-2.png,winnies_packages,valid/images/IMG_8003_JPG.rf.6ce77941c06a229225b84b0bea53a82a.jpg,IMG_8003_JPG,MOSFET-2,180,163,33,30,113,102,component,,,
IMG_8003_JPG__196__MOSFET-2.png,winnies_packages,valid/images/IMG_8003_JPG.rf.6ce77941c06a229225b84b0bea53a82a.jpg,IMG_8003_JPG,MOSFET-2,180,163,34,30,113,102,component,,,
IMG_8003_JPG__197__MOSFET-2.png,winnies_packages,valid/images/IMG_8003_JPG.rf.6ce77941c06a229225b84b0bea53a82a.jpg,IMG_8003_JPG,MOSFET-2,180,163,34,30,113,102,component,,,
IMG_8003_JPG__198__MOSFET-2.png,winnies_packages,valid/images/IMG_8003_JPG.rf.6ce77941c06a229225b84b0bea53a82a.jpg,IMG_8003_JPG,MOSFET-2,180,162,34,30,113,102,component,,,
IMG_8003_JPG__199__MOSFET-2.png,winnies_packages,valid/images/IMG_8003_JPG.rf.6ce77941c06a229225b84b0bea53a82a.jpg,IMG_8003_JPG,MOSFET-2,180,163,34,31,113,102,component,,,
IMG_8003_JPG__200__MOSFET-2.png,winnies_packages,valid/images/IMG_8003_JPG.rf.6ce77941c06a229225b84b0bea53a82a.jpg,IMG_8003_JPG,MOSFET-2,180,151,34,28,113,94,component,,,
IMG_8005_JPG__031__Resistor_rond.png,winnies_packages,test/images/IMG_8005_JPG.rf.e9d32a3fe7b52756d84ae5ff02231455.jpg,IMG_8005_JPG,Resistor rond,185,89,35,17,115,55,component,,,
IMG_8005_JPG__036__Resistor_rond.png,winnies_packages,test/images/IMG_8005_JPG.rf.e9d32a3fe7b52756d84ae5ff02231455.jpg,IMG_8005_JPG,Resistor rond,79,190,15,36,49,118,component,,,
IMG_8005_JPG__038__Resistor_rond.png,winnies_packages,test/images/IMG_8005_JPG.rf.e9d32a3fe7b52756d84ae5ff02231455.jpg,IMG_8005_JPG,Resistor rond,79,189,15,35,49,118,component,,,
IMG_8005_JPG__039__Resistor_rond.png,winnies_packages,test/images/IMG_8005_JPG.rf.e9d32a3fe7b52756d84ae5ff02231455.jpg,IMG_8005_JPG,Resistor rond,78,190,15,36,49,118,component,,,
IMG_8005_JPG__040__Resistor_rond.png,winnies_packages,test/images/IMG_8005_JPG.rf.e9d32a3fe7b52756d84ae5ff02231455.jpg,IMG_8005_JPG,Resistor rond,79,189,15,35,49,118,component,,,
IMG_8005_JPG__041__Resistor_rond.png,winnies_packages,test/images/IMG_8005_JPG.rf.e9d32a3fe7b52756d84ae5ff02231455.jpg,IMG_8005_JPG,Resistor rond,78,190,14,36,49,118,component,,,
IMG_8005_JPG__042__Resistor_rond.png,winnies_packages,test/images/IMG_8005_JPG.rf.e9d32a3fe7b52756d84ae5ff02231455.jpg,IMG_8005_JPG,Resistor rond,79,189,15,35,49,118,component,,,
IMG_8005_JPG__043__Resistor_rond.png,winnies_packages,test/images/IMG_8005_JPG.rf.e9d32a3fe7b52756d84ae5ff02231455.jpg,IMG_8005_JPG,Resistor rond,78,189,15,35,49,118,component,,,
IMG_8005_JPG__044__Resistor_rond.png,winnies_packages,test/images/IMG_8005_JPG.rf.e9d32a3fe7b52756d84ae5ff02231455.jpg,IMG_8005_JPG,Resistor rond,78,189,15,35,49,118,component,,,
IMG_8005_JPG__045__Resistor_rond.png,winnies_packages,test/images/IMG_8005_JPG.rf.e9d32a3fe7b52756d84ae5ff02231455.jpg,IMG_8005_JPG,Resistor rond,78,190,14,36,49,118,component,,,
IMG_8005_JPG__046__Resistor_rond.png,winnies_packages,test/images/IMG_8005_JPG.rf.e9d32a3fe7b52756d84ae5ff02231455.jpg,IMG_8005_JPG,Resistor rond,78,190,14,36,49,118,component,,,
IMG_8005_JPG__047__Resistor_rond.png,winnies_packages,test/images/IMG_8005_JPG.rf.e9d32a3fe7b52756d84ae5ff02231455.jpg,IMG_8005_JPG,Resistor rond,78,190,15,36,49,118,component,,,
IMG_8005_JPG__048__Resistor_rond.png,winnies_packages,test/images/IMG_8005_JPG.rf.e9d32a3fe7b52756d84ae5ff02231455.jpg,IMG_8005_JPG,Resistor rond,78,190,15,36,49,118,component,,,
IMG_8005_JPG__049__Resistor_rond.png,winnies_packages,test/images/IMG_8005_JPG.rf.e9d32a3fe7b52756d84ae5ff02231455.jpg,IMG_8005_JPG,Resistor rond,79,189,15,35,49,118,component,,,
IMG_8005_JPG__050__Resistor_rond.png,winnies_packages,test/images/IMG_8005_JPG.rf.e9d32a3fe7b52756d84ae5ff02231455.jpg,IMG_8005_JPG,Resistor rond,79,190,15,36,49,118,component,,,
IMG_8005_JPG__051__Resistor_rond.png,winnies_packages,test/images/IMG_8005_JPG.rf.e9d32a3fe7b52756d84ae5ff02231455.jpg,IMG_8005_JPG,Resistor rond,78,189,15,35,49,118,component,,,
IMG_8005_JPG__052__Resistor_rond.png,winnies_packages,test/images/IMG_8005_JPG.rf.e9d32a3fe7b52756d84ae5ff02231455.jpg,IMG_8005_JPG,Resistor rond,78,190,15,36,49,118,component,,,
IMG_8005_JPG__053__Resistor_rond.png,winnies_packages,test/images/IMG_8005_JPG.rf.e9d32a3fe7b52756d84ae5ff02231455.jpg,IMG_8005_JPG,Resistor rond,79,189,15,35,49,118,component,,,
IMG_8005_JPG__054__Resistor_rond.png,winnies_packages,test/images/IMG_8005_JPG.rf.e9d32a3fe7b52756d84ae5ff02231455.jpg,IMG_8005_JPG,Resistor rond,75,189,15,35,49,118,component,,,
IMG_8005_JPG__055__MOSFET.png,winnies_packages,test/images/IMG_8005_JPG.rf.e9d32a3fe7b52756d84ae5ff02231455.jpg,IMG_8005_JPG,MOSFET,288,369,54,69,179,231,component,,,
IMG_8005_JPG__056__MOSFET.png,winnies_packages,test/images/IMG_8005_JPG.rf.e9d32a3fe7b52756d84ae5ff02231455.jpg,IMG_8005_JPG,MOSFET,291,364,55,68,182,227,component,,,
IMG_8005_JPG__057__MOSFET.png,winnies_packages,test/images/IMG_8005_JPG.rf.e9d32a3fe7b52756d84ae5ff02231455.jpg,IMG_8005_JPG,MOSFET,281,371,53,70,176,232,component,,,
IMG_8005_JPG__058__MOSFET.png,winnies_packages,test/images/IMG_8005_JPG.rf.e9d32a3fe7b52756d84ae5ff02231455.jpg,IMG_8005_JPG,MOSFET,282,366,53,69,176,228,component,,,
IMG_8005_JPG__059__MOSFET.png,winnies_packages,test/images/IMG_8005_JPG.rf.e9d32a3fe7b52756d84ae5ff02231455.jpg,IMG_8005_JPG,MOSFET,276,366,52,69,173,228,component,,,
IMG_8005_JPG__060__MOSFET.png,winnies_packages,test/images/IMG_8005_JPG.rf.e9d32a3fe7b52756d84ae5ff02231455.jpg,IMG_8005_JPG,MOSFET,283,371,53,69,177,232,component,,,
IMG_8005_JPG__061__TSSOP-16.png,winnies_packages,test/images/IMG_8005_JPG.rf.e9d32a3fe7b52756d84ae5ff02231455.jpg,IMG_8005_JPG,TSSOP-16,212,285,40,53,133,178,component,,,
IMG_8005_JPG__062__TSSOP-16.png,winnies_packages,test/images/IMG_8005_JPG.rf.e9d32a3fe7b52756d84ae5ff02231455.jpg,IMG_8005_JPG,TSSOP-16,216,284,40,53,135,177,component,,,
IMG_8005_JPG__069__SOD123.png,winnies_packages,test/images/IMG_8005_JPG.rf.e9d32a3fe7b52756d84ae5ff02231455.jpg,IMG_8005_JPG,SOD123,176,89,33,17,110,55,component,,,
IMG_8005_JPG__070__SOD123.png,winnies_packages,test/images/IMG_8005_JPG.rf.e9d32a3fe7b52756d84ae5ff02231455.jpg,IMG_8005_JPG,SOD123,187,97,35,19,116,60,component,,,
IMG_8006_JPG__077__TSSOP-16.png,winnies_packages,train/images/IMG_8006_JPG.rf.4055a17e2ad433b1df27c6daf974dd42.jpg,IMG_8006_JPG,TSSOP-16,219,282,41,53,137,176,component,,,
IMG_8006_JPG__078__TSSOP-16.png,winnies_packages,train/images/IMG_8006_JPG.rf.4055a17e2ad433b1df27c6daf974dd42.jpg,IMG_8006_JPG,TSSOP-16,230,284,43,53,144,177,component,,,
IMG_8006_JPG__079__TSSOP-16.png,winnies_packages,train/images/IMG_8006_JPG.rf.4055a17e2ad433b1df27c6daf974dd42.jpg,IMG_8006_JPG,TSSOP-16,220,273,41,51,137,171,component,,,
IMG_8006_JPG__081__SOT23.png,winnies_packages,train/images/IMG_8006_JPG.rf.4055a17e2ad433b1df27c6daf974dd42.jpg,IMG_8006_JPG,SOT23,85,86,16,16,53,53,component,,,
IMG_8006_JPG__082__MOSFET.png,winnies_packages,train/images/IMG_8006_JPG.rf.4055a17e2ad433b1df27c6daf974dd42.jpg,IMG_8006_JPG,MOSFET,304,363,57,68,191,227,component,,,
IMG_8006_JPG__083__MOSFET.png,winnies_packages,train/images/IMG_8006_JPG.rf.4055a17e2ad433b1df27c6daf974dd42.jpg,IMG_8006_JPG,MOSFET,299,376,56,71,187,235,component,,,
IMG_8006_JPG__084__MOSFET.png,winnies_packages,train/images/IMG_8006_JPG.rf.4055a17e2ad433b1df27c6daf974dd42.jpg,IMG_8006_JPG,MOSFET,291,370,55,69,182,232,component,,,
IMG_8006_JPG__085__MOSFET.png,winnies_packages,train/images/IMG_8006_JPG.rf.4055a17e2ad433b1df27c6daf974dd42.jpg,IMG_8006_JPG,MOSFET,295,373,55,70,184,233,component,,,
IMG_8006_JPG__086__MOSFET.png,winnies_packages,train/images/IMG_8006_JPG.rf.4055a17e2ad433b1df27c6daf974dd42.jpg,IMG_8006_JPG,MOSFET,291,367,55,68,182,230,component,,,
IMG_8006_JPG__087__SOT143.png,winnies_packages,train/images/IMG_8006_JPG.rf.4055a17e2ad433b1df27c6daf974dd42.jpg,IMG_8006_JPG,SOT143,102,92,19,17,64,57,component,,,
IMG_8006_JPG__088__SOT143.png,winnies_packages,train/images/IMG_8006_JPG.rf.4055a17e2ad433b1df27c6daf974dd42.jpg,IMG_8006_JPG,SOT143,101,90,19,17,63,56,component,,,
IMG_8006_JPG__089__SOT457.png,winnies_packages,train/images/IMG_8006_JPG.rf.4055a17e2ad433b1df27c6daf974dd42.jpg,IMG_8006_JPG,SOT457,87,113,16,22,54,70,component,,,
IMG_8006_JPG__092__MOSFET.png,winnies_packages,train/images/IMG_8006_JPG.rf.4055a17e2ad433b1df27c6daf974dd42.jpg,IMG_8006_JPG,MOSFET,286,366,53,69,179,229,component,,,
IMG_8007_JPG__057__Resistor_rond.png,winnies_packages,valid/images/IMG_8007_JPG.rf.f1ae7fa413820e74c6467d9d0840ad94.jpg,IMG_8007_JPG,Resistor rond,82,207,15,39,52,129,component,,,
IMG_8007_JPG__058__Resistor_rond.png,winnies_packages,valid/images/IMG_8007_JPG.rf.f1ae7fa413820e74c6467d9d0840ad94.jpg,IMG_8007_JPG,Resistor rond,82,207,15,39,52,129,component,,,
IMG_8007_JPG__059__Resistor_rond.png,winnies_packages,valid/images/IMG_8007_JPG.rf.f1ae7fa413820e74c6467d9d0840ad94.jpg,IMG_8007_JPG,Resistor rond,83,207,16,38,52,129,component,,,
IMG_8007_JPG__060__Resistor_rond.png,winnies_packages,valid/images/IMG_8007_JPG.rf.f1ae7fa413820e74c6467d9d0840ad94.jpg,IMG_8007_JPG,Resistor rond,82,206,15,38,52,129,component,,,
IMG_8007_JPG__061__Resistor_rond.png,winnies_packages,valid/images/IMG_8007_JPG.rf.f1ae7fa413820e74c6467d9d0840ad94.jpg,IMG_8007_JPG,Resistor rond,83,207,16,39,52,129,component,,,
IMG_8007_JPG__062__Resistor_rond.png,winnies_packages,valid/images/IMG_8007_JPG.rf.f1ae7fa413820e74c6467d9d0840ad94.jpg,IMG_8007_JPG,Resistor rond,82,207,15,39,52,129,component,,,
IMG_8007_JPG__063__Resistor_rond.png,winnies_packages,valid/images/IMG_8007_JPG.rf.f1ae7fa413820e74c6467d9d0840ad94.jpg,IMG_8007_JPG,Resistor rond,83,207,16,39,52,129,component,,,
IMG_8007_JPG__064__Resistor_rond.png,winnies_packages,valid/images/IMG_8007_JPG.rf.f1ae7fa413820e74c6467d9d0840ad94.jpg,IMG_8007_JPG,Resistor rond,82,207,15,39,52,129,component,,,
IMG_8007_JPG__065__Resistor_rond.png,winnies_packages,valid/images/IMG_8007_JPG.rf.f1ae7fa413820e74c6467d9d0840ad94.jpg,IMG_8007_JPG,Resistor rond,83,207,16,39,52,129,component,,,
IMG_8007_JPG__066__Resistor_rond.png,winnies_packages,valid/images/IMG_8007_JPG.rf.f1ae7fa413820e74c6467d9d0840ad94.jpg,IMG_8007_JPG,Resistor rond,83,206,16,38,52,129,component,,,
IMG_8007_JPG__067__Resistor_rond.png,winnies_packages,valid/images/IMG_8007_JPG.rf.f1ae7fa413820e74c6467d9d0840ad94.jpg,IMG_8007_JPG,Resistor rond,82,207,15,39,52,129,component,,,
IMG_8007_JPG__068__Resistor_rond.png,winnies_packages,valid/images/IMG_8007_JPG.rf.f1ae7fa413820e74c6467d9d0840ad94.jpg,IMG_8007_JPG,Resistor rond,82,207,15,39,52,129,component,,,
IMG_8007_JPG__069__Resistor_rond.png,winnies_packages,valid/images/IMG_8007_JPG.rf.f1ae7fa413820e74c6467d9d0840ad94.jpg,IMG_8007_JPG,Resistor rond,83,207,16,39,52,129,component,,,
IMG_8007_JPG__070__Resistor_rond.png,winnies_packages,valid/images/IMG_8007_JPG.rf.f1ae7fa413820e74c6467d9d0840ad94.jpg,IMG_8007_JPG,Resistor rond,83,207,16,39,52,129,component,,,
IMG_8007_JPG__071__Resistor_rond.png,winnies_packages,valid/images/IMG_8007_JPG.rf.f1ae7fa413820e74c6467d9d0840ad94.jpg,IMG_8007_JPG,Resistor rond,83,207,16,39,52,129,component,,,
IMG_8007_JPG__072__Resistor_rond.png,winnies_packages,valid/images/IMG_8007_JPG.rf.f1ae7fa413820e74c6467d9d0840ad94.jpg,IMG_8007_JPG,Resistor rond,83,207,16,39,52,129,component,,,
IMG_8007_JPG__073__Resistor_rond.png,winnies_packages,valid/images/IMG_8007_JPG.rf.f1ae7fa413820e74c6467d9d0840ad94.jpg,IMG_8007_JPG,Resistor rond,82,207,15,38,52,129,component,,,
IMG_8007_JPG__074__Resistor_rond.png,winnies_packages,valid/images/IMG_8007_JPG.rf.f1ae7fa413820e74c6467d9d0840ad94.jpg,IMG_8007_JPG,Resistor rond,82,207,15,39,52,129,component,,,
IMG_8007_JPG__075__Resistor_rond.png,winnies_packages,valid/images/IMG_8007_JPG.rf.f1ae7fa413820e74c6467d9d0840ad94.jpg,IMG_8007_JPG,Resistor rond,82,207,15,39,52,129,component,,,
IMG_8007_JPG__076__Resistor_rond.png,winnies_packages,valid/images/IMG_8007_JPG.rf.f1ae7fa413820e74c6467d9d0840ad94.jpg,IMG_8007_JPG,Resistor rond,67,207,0,38,52,129,component,,,
IMG_8007_JPG__077__MOSFET.png,winnies_packages,valid/images/IMG_8007_JPG.rf.f1ae7fa413820e74c6467d9d0840ad94.jpg,IMG_8007_JPG,MOSFET,303,376,57,71,189,235,component,,,
IMG_8007_JPG__078__MOSFET.png,winnies_packages,valid/images/IMG_8007_JPG.rf.f1ae7fa413820e74c6467d9d0840ad94.jpg,IMG_8007_JPG,MOSFET,308,382,58,72,192,239,component,,,
IMG_8007_JPG__079__MOSFET.png,winnies_packages,valid/images/IMG_8007_JPG.rf.f1ae7fa413820e74c6467d9d0840ad94.jpg,IMG_8007_JPG,MOSFET,319,385,60,72,199,241,component,,,
IMG_8007_JPG__080__MOSFET.png,winnies_packages,valid/images/IMG_8007_JPG.rf.f1ae7fa413820e74c6467d9d0840ad94.jpg,IMG_8007_JPG,MOSFET,300,382,56,72,188,239,component,,,
IMG_8007_JPG__081__MOSFET.png,winnies_packages,valid/images/IMG_8007_JPG.rf.f1ae7fa413820e74c6467d9d0840ad94.jpg,IMG_8007_JPG,MOSFET,317,378,60,71,198,236,component,,,
IMG_8007_JPG__082__MOSFET.png,winnies_packages,valid/images/IMG_8007_JPG.rf.f1ae7fa413820e74c6467d9d0840ad94.jpg,IMG_8007_JPG,MOSFET,308,371,58,69,192,232,component,,,
IMG_8007_JPG__083__TSSOP-14.png,winnies_packages,valid/images/IMG_8007_JPG.rf.f1ae7fa413820e74c6467d9d0840ad94.jpg,IMG_8007_JPG,TSSOP-14,230,289,43,54,144,180,component,,,
IMG_8007_JPG__084__TSSOP-14.png,winnies_packages,valid/images/IMG_8007_JPG.rf.f1ae7fa413820e74c6467d9d0840ad94.jpg,IMG_8007_JPG,TSSOP-14,240,288,45,54,150,180,component,,,
IMG_8007_JPG__085__TSSOP-14.png,winnies_packages,valid/images/IMG_8007_JPG.rf.f1ae7fa413820e74c6467d9d0840ad94.jpg,IMG_8007_JPG,TSSOP-14,221,287,41,54,138,179,component,,,
IMG_8007_JPG__086__SOT143.png,winnies_packages,valid/images/IMG_8007_JPG.rf.f1ae7fa413820e74c6467d9d0840ad94.jpg,IMG_8007_JPG,SOT143,111,97,21,19,70,61,component,,,
IMG_8007_JPG__087__SOT143.png,winnies_packages,valid/images/IMG_8007_JPG.rf.f1ae7fa413820e74c6467d9d0840ad94.jpg,IMG_8007_JPG,SOT143,104,90,19,17,65,56,component,,,
IMG_8007_JPG__088__SOT23.png,winnies_packages,valid/images/IMG_8007_JPG.rf.f1ae7fa413820e74c6467d9d0840ad94.jpg,IMG_8007_JPG,SOT23,94,83,17,15,59,52,component,,,
IMG_8008_JPG__040__Resistor_rond.png,winnies_packages,train/images/IMG_8008_JPG.rf.99776daa68cb97a8fd5baa7bd38fcf8d.jpg,IMG_8008_JPG,Resistor rond,211,79,39,15,132,49,component,,,
IMG_8008_JPG__041__Resistor_rond.png,winnies_packages,train/images/IMG_8008_JPG.rf.99776daa68cb97a8fd5baa7bd38fcf8d.jpg,IMG_8008_JPG,Resistor rond,212,78,40,15,132,49,component,,,
IMG_8008_JPG__042__Resistor_rond.png,winnies_packages,train/images/IMG_8008_JPG.rf.99776daa68cb97a8fd5baa7bd38fcf8d.jpg,IMG_8008_JPG,Resistor rond,211,79,40,15,132,49,component,,,
IMG_8008_JPG__043__Resistor_rond.png,winnies_packages,train/images/IMG_8008_JPG.rf.99776daa68cb97a8fd5baa7bd38fcf8d.jpg,IMG_8008_JPG,Resistor rond,211,78,39,15,132,49,component,,,
IMG_8008_JPG__044__Resistor_rond.png,winnies_packages,train/images/IMG_8008_JPG.rf.99776daa68cb97a8fd5baa7bd38fcf8d.jpg,IMG_8008_JPG,Resistor rond,212,79,40,15,132,49,component,,,
IMG_8008_JPG__045__Resistor_rond.png,winnies_packages,train/images/IMG_8008_JPG.rf.99776daa68cb97a8fd5baa7bd38fcf8d.jpg,IMG_8008_JPG,Resistor rond,211,78,40,15,132,49,component,,,
IMG_8008_JPG__046__Resistor_rond.png,winnies_packages,train/images/IMG_8008_JPG.rf.99776daa68cb97a8fd5baa7bd38fcf8d.jpg,IMG_8008_JPG,Resistor rond,212,79,40,15,132,49,component,,,
IMG_8008_JPG__058__SOT23.png,winnies_packages,train/images/IMG_8008_JPG.rf.99776daa68cb97a8fd5baa7bd38fcf8d.jpg,IMG_8008_JPG,SOT23,110,80,20,16,69,50,component,,,
IMG_8008_JPG__059__SOT23.png,winnies_packages,train/images/IMG_8008_JPG.rf.99776daa68cb97a8fd5baa7bd38fcf8d.jpg,IMG_8008_JPG,SOT23,101,76,19,14,63,48,component,,,
IMG_8008_JPG__060__SOT23.png,winnies_packages,train/images/IMG_8008_JPG.rf.99776daa68cb97a8fd5baa7bd38fcf8d.jpg,IMG_8008_JPG,SOT23,95,78,18,15,59,49,component,,,
IMG_8008_JPG__061__SOT457.png,winnies_packages,train/images/IMG_8008_JPG.rf.99776daa68cb97a8fd5baa7bd38fcf8d.jpg,IMG_8008_JPG,SOT457,100,116,19,22,62,72,component,,,
IMG_8008_JPG__062__SOT143.png,winnies_packages,train/images/IMG_8008_JPG.rf.99776daa68cb97a8fd5baa7bd38fcf8d.jpg,IMG_8008_JPG,SOT143,103,90,20,17,64,56,component,,,
IMG_8008_JPG__063__SOT457.png,winnies_packages,train/images/IMG_8008_JPG.rf.99776daa68cb97a8fd5baa7bd38fcf8d.jpg,IMG_8008_JPG,SOT457,101,120,19,23,63,75,component,,,
IMG_8008_JPG__064__SOT457.png,winnies_packages,train/images/IMG_8008_JPG.rf.99776daa68cb97a8fd5baa7bd38fcf8d.jpg,IMG_8008_JPG,SOT457,93,109,18,20,58,68,component,,,
IMG_8008_JPG__065__SOT143.png,winnies_packages,train/images/IMG_8008_JPG.rf.99776daa68cb97a8fd5baa7bd38fcf8d.jpg,IMG_8008_JPG,SOT143,98,106,18,20,61,66,component,,,
IMG_8008_JPG__068__SOT96.png,winnies_packages,train/images/IMG_8008_JPG.rf.99776daa68cb97a8fd5baa7bd38fcf8d.jpg,IMG_8008_JPG,SOT96,178,96,34,18,111,60,component,,,
IMG_8008_JPG__069__SOT23.png,winnies_packages,train/images/IMG_8008_JPG.rf.99776daa68cb97a8fd5baa7bd38fcf8d.jpg,IMG_8008_JPG,SOT23,90,84,17,16,56,53,component,,,
IMG_8008_JPG__070__SOT143.png,winnies_packages,train/images/IMG_8008_JPG.rf.99776daa68cb97a8fd5baa7bd38fcf8d.jpg,IMG_8008_JPG,SOT143,92,104,17,19,57,65,component,,,
IMG_8008_JPG__071__SOT143.png,winnies_packages,train/images/IMG_8008_JPG.rf.99776daa68cb97a8fd5baa7bd38fcf8d.jpg,IMG_8008_JPG,SOT143,88,96,16,18,55,60,component,,,
IMG_8008_JPG__072__TSSOP-16.png,winnies_packages,train/images/IMG_8008_JPG.rf.99776daa68cb97a8fd5baa7bd38fcf8d.jpg,IMG_8008_JPG,TSSOP-16,287,214,54,40,179,134,component,,,
IMG_8008_JPG__073__MOSFET.png,winnies_packages,train/images/IMG_8008_JPG.rf.99776daa68cb97a8fd5baa7bd38fcf8d.jpg,IMG_8008_JPG,MOSFET,376,287,70,54,235,179,component,,,
IMG_8008_JPG__074__MOSFET.png,winnies_packages,train/images/IMG_8008_JPG.rf.99776daa68cb97a8fd5baa7bd38fcf8d.jpg,IMG_8008_JPG,MOSFET,384,298,72,56,240,186,component,,,
IMG_8008_JPG__075__MOSFET.png,winnies_packages,train/images/IMG_8008_JPG.rf.99776daa68cb97a8fd5baa7bd38fcf8d.jpg,IMG_8008_JPG,MOSFET,393,292,73,55,246,182,component,,,
IMG_8008_JPG__076__MOSFET.png,winnies_packages,train/images/IMG_8008_JPG.rf.99776daa68cb97a8fd5baa7bd38fcf8d.jpg,IMG_8008_JPG,MOSFET,380,290,71,55,238,181,component,,,
IMG_8008_JPG__077__SOD123.png,winnies_packages,train/images/IMG_8008_JPG.rf.99776daa68cb97a8fd5baa7bd38fcf8d.jpg,IMG_8008_JPG,SOD123,78,164,15,30,49,103,component,,,
IMG_8015_JPG__150__SOT223.png,winnies_packages,train/images/IMG_8015_JPG.rf.b5daf8adcc7c76ecfdebfab62402e106.jpg,IMG_8015_JPG,SOT223,84,80,15,15,53,50,component,,,
IMG_8015_JPG__151__SOT223.png,winnies_packages,train/images/IMG_8015_JPG.rf.b5daf8adcc7c76ecfdebfab62402e106.jpg,IMG_8015_JPG,SOT223,85,78,16,15,53,49,component,,,
IMG_8015_JPG__152__SOT223.png,winnies_packages,train/images/IMG_8015_JPG.rf.b5daf8adcc7c76ecfdebfab62402e106.jpg,IMG_8015_JPG,SOT223,85,76,16,14,53,48,component,,,
IMG_8015_JPG__153__SOT223.png,winnies_packages,train/images/IMG_8015_JPG.rf.b5daf8adcc7c76ecfdebfab62402e106.jpg,IMG_8015_JPG,SOT223,76,77,14,14,48,48,component,,,
IMG_8015_JPG__162__SOT223.png,winnies_packages,train/images/IMG_8015_JPG.rf.b5daf8adcc7c76ecfdebfab62402e106.jpg,IMG_8015_JPG,SOT223,86,78,16,15,54,49,component,,,
IMG_8015_JPG__164__SOT96.png,winnies_packages,train/images/IMG_8015_JPG.rf.b5daf8adcc7c76ecfdebfab62402e106.jpg,IMG_8015_JPG,SOT96,120,92,22,18,75,57,component,,,
IMG_8016_JPG__060__SOT457.png,winnies_packages,train/images/IMG_8016_JPG.rf.7d5352e54ed8a3943eb75df6e261885c.jpg,IMG_8016_JPG,SOT457,103,109,20,21,64,68,component,,,
IMG_8016_JPG__061__SOT143.png,winnies_packages,train/images/IMG_8016_JPG.rf.7d5352e54ed8a3943eb75df6e261885c.jpg,IMG_8016_JPG,SOT143,120,100,23,19,75,62,component,,,
IMG_8016_JPG__070__SOT143.png,winnies_packages,train/images/IMG_8016_JPG.rf.7d5352e54ed8a3943eb75df6e261885c.jpg,IMG_8016_JPG,SOT143,108,110,21,20,67,69,component,,,
IMG_8016_JPG__071__SOT143.png,winnies_packages,train/images/IMG_8016_JPG.rf.7d5352e54ed8a3943eb75df6e261885c.jpg,IMG_8016_JPG,SOT143,112,116,20,21,70,73,component,,,
IMG_8016_JPG__073__SOT223.png,winnies_packages,train/images/IMG_8016_JPG.rf.7d5352e54ed8a3943eb75df6e261885c.jpg,IMG_8016_JPG,SOT223,141,140,26,26,88,88,component,,,
IMG_8016_JPG__074__SOT223.png,winnies_packages,train/images/IMG_8016_JPG.rf.7d5352e54ed8a3943eb75df6e261885c.jpg,IMG_8016_JPG,SOT223,127,140,24,26,79,88,component,,,
IMG_8016_JPG__075__SOT223.png,winnies_packages,train/images/IMG_8016_JPG.rf.7d5352e54ed8a3943eb75df6e261885c.jpg,IMG_8016_JPG,SOT223,136,140,25,26,85,88,component,,,
IMG_8016_JPG__076__SOT143.png,winnies_packages,train/images/IMG_8016_JPG.rf.7d5352e54ed8a3943eb75df6e261885c.jpg,IMG_8016_JPG,SOT143,101,112,19,21,63,70,component,,,
IMG_8016_JPG__077__SOT96.png,winnies_packages,train/images/IMG_8016_JPG.rf.7d5352e54ed8a3943eb75df6e261885c.jpg,IMG_8016_JPG,SOT96,149,208,28,39,93,130,component,,,
IMG_8016_JPG__080__SOT223.png,winnies_packages,train/images/IMG_8016_JPG.rf.7d5352e54ed8a3943eb75df6e261885c.jpg,IMG_8016_JPG,SOT223,143,142,27,27,89,89,component,,,
IMG_8017_JPG__059__capacitor.png,winnies_packages,valid/images/IMG_8017_JPG.rf.6c96a8211d1190dd98201d1ea7f195fc.jpg,IMG_8017_JPG,capacitor,109,78,20,15,68,49,component,,,
IMG_8017_JPG__083__SOT23.png,winnies_packages,valid/images/IMG_8017_JPG.rf.6c96a8211d1190dd98201d1ea7f195fc.jpg,IMG_8017_JPG,SOT23,86,101,16,19,54,63,component,,,
IMG_8017_JPG__084__SOT96.png,winnies_packages,valid/images/IMG_8017_JPG.rf.6c96a8211d1190dd98201d1ea7f195fc.jpg,IMG_8017_JPG,SOT96,98,161,18,31,62,100,component,,,
IMG_8017_JPG__085__SOT96.png,winnies_packages,valid/images/IMG_8017_JPG.rf.6c96a8211d1190dd98201d1ea7f195fc.jpg,IMG_8017_JPG,SOT96,161,107,31,20,100,67,component,,,
IMG_8017_JPG__086__SOT96.png,winnies_packages,valid/images/IMG_8017_JPG.rf.6c96a8211d1190dd98201d1ea7f195fc.jpg,IMG_8017_JPG,SOT96,96,152,18,28,60,95,component,,,
IMG_8017_JPG__087__MOSFET-2.png,winnies_packages,valid/images/IMG_8017_JPG.rf.6c96a8211d1190dd98201d1ea7f195fc.jpg,IMG_8017_JPG,MOSFET-2,103,126,19,24,64,78,component,,,
IMG_8017_JPG__088__MOSFET-2.png,winnies_packages,valid/images/IMG_8017_JPG.rf.6c96a8211d1190dd98201d1ea7f195fc.jpg,IMG_8017_JPG,MOSFET-2,104,114,20,21,65,71,component,,,
IMG_8017_JPG__089__MOSFET-2.png,winnies_packages,valid/images/IMG_8017_JPG.rf.6c96a8211d1190dd98201d1ea7f195fc.jpg,IMG_8017_JPG,MOSFET-2,98,110,18,20,62,69,component,,,
IMG_8017_JPG__090__MOSFET-2.png,winnies_packages,valid/images/IMG_8017_JPG.rf.6c96a8211d1190dd98201d1ea7f195fc.jpg,IMG_8017_JPG,MOSFET-2,103,110,19,20,64,69,component,,,
IMG_8017_JPG__091__SOT457.png,winnies_packages,valid/images/IMG_8017_JPG.rf.6c96a8211d1190dd98201d1ea7f195fc.jpg,IMG_8017_JPG,SOT457,113,94,22,18,70,59,component,,,
IMG_8017_JPG__092__SOT753.png,winnies_packages,valid/images/IMG_8017_JPG.rf.6c96a8211d1190dd98201d1ea7f195fc.jpg,IMG_8017_JPG,SOT753,88,124,17,23,55,78,component,,,
IMG_8017_JPG__095__SOT753.png,winnies_packages,valid/images/IMG_8017_JPG.rf.6c96a8211d1190dd98201d1ea7f195fc.jpg,IMG_8017_JPG,SOT753,85,126,16,24,53,78,component,,,
IMG_8017_JPG__096__SOT753.png,winnies_packages,valid/images/IMG_8017_JPG.rf.6c96a8211d1190dd98201d1ea7f195fc.jpg,IMG_8017_JPG,SOT753,89,121,17,22,55,76,component,,,
IMG_8017_JPG__097__SOT753.png,winnies_packages,valid/images/IMG_8017_JPG.rf.6c96a8211d1190dd98201d1ea7f195fc.jpg,IMG_8017_JPG,SOT753,87,119,16,22,55,74,component,,,
IMG_8017_JPG__098__SOT23.png,winnies_packages,valid/images/IMG_8017_JPG.rf.6c96a8211d1190dd98201d1ea7f195fc.jpg,IMG_8017_JPG,SOT23,80,100,15,19,50,63,component,,,
IMG_8017_JPG__099__SOT143.png,winnies_packages,valid/images/IMG_8017_JPG.rf.6c96a8211d1190dd98201d1ea7f195fc.jpg,IMG_8017_JPG,SOT143,86,110,16,20,54,69,component,,,
IMG_8017_JPG__101__SOT753.png,winnies_packages,valid/images/IMG_8017_JPG.rf.6c96a8211d1190dd98201d1ea7f195fc.jpg,IMG_8017_JPG,SOT753,92,111,17,21,57,70,component,,,
IMG_8017_JPG__102__SOT143.png,winnies_packages,valid/images/IMG_8017_JPG.rf.6c96a8211d1190dd98201d1ea7f195fc.jpg,IMG_8017_JPG,SOT143,88,109,16,20,55,68,component,,,
IMG_8017_JPG__103__SOT23.png,winnies_packages,valid/images/IMG_8017_JPG.rf.6c96a8211d1190dd98201d1ea7f195fc.jpg,IMG_8017_JPG,SOT23,84,110,16,20,53,69,component,,,
IMG_8017_JPG__108__SOT143.png,winnies_packages,valid/images/IMG_8017_JPG.rf.6c96a8211d1190dd98201d1ea7f195fc.jpg,IMG_8017_JPG,SOT143,117,105,22,19,73,66,component,,,
IMG_8017_JPG__109__SOT143.png,winnies_packages,valid/images/IMG_8017_JPG.rf.6c96a8211d1190dd98201d1ea7f195fc.jpg,IMG_8017_JPG,SOT143,107,95,20,18,67,59,component,,,
IMG_8017_JPG__110__SOT223.png,winnies_packages,valid/images/IMG_8017_JPG.rf.6c96a8211d1190dd98201d1ea7f195fc.jpg,IMG_8017_JPG,SOT223,140,137,26,26,87,85,component,,,
IMG_8017_JPG__111__SOT223.png,winnies_packages,valid/images/IMG_8017_JPG.rf.6c96a8211d1190dd98201d1ea7f195fc.jpg,IMG_8017_JPG,SOT223,131,143,24,26,82,90,component,,,
IMG_8017_JPG__112__SOT223.png,winnies_packages,valid/images/IMG_8017_JPG.rf.6c96a8211d1190dd98201d1ea7f195fc.jpg,IMG_8017_JPG,SOT223,126,147,24,27,79,92,component,,,
IMG_8017_JPG__113__SOT223.png,winnies_packages,valid/images/IMG_8017_JPG.rf.6c96a8211d1190dd98201d1ea7f195fc.jpg,IMG_8017_JPG,SOT223,128,155,24,29,79,97,component,,,
IMG_8018_JPG__000__resistor.png,winnies_packages,train/images/IMG_8018_JPG.rf.4157842d32a9a049ba3dd44c5a729b9b.jpg,IMG_8018_JPG,resistor,153,82,28,16,96,51,component,,,
IMG_8018_JPG__001__resistor.png,winnies_packages,train/images/IMG_8018_JPG.rf.4157842d32a9a049ba3dd44c5a729b9b.jpg,IMG_8018_JPG,resistor,82,134,16,25,51,84,component,,,
IMG_8018_JPG__003__resistor.png,winnies_packages,train/images/IMG_8018_JPG.rf.4157842d32a9a049ba3dd44c5a729b9b.jpg,IMG_8018_JPG,resistor,78,148,15,28,49,93,component,,,
IMG_8018_JPG__005__resistor.png,winnies_packages,train/images/IMG_8018_JPG.rf.4157842d32a9a049ba3dd44c5a729b9b.jpg,IMG_8018_JPG,resistor,141,87,26,16,88,55,component,,,
IMG_8018_JPG__007__capacitor.png,winnies_packages,train/images/IMG_8018_JPG.rf.4157842d32a9a049ba3dd44c5a729b9b.jpg,IMG_8018_JPG,capacitor,132,85,25,16,83,53,component,,,
IMG_8018_JPG__010__capacitor.png,winnies_packages,train/images/IMG_8018_JPG.rf.4157842d32a9a049ba3dd44c5a729b9b.jpg,IMG_8018_JPG,capacitor,90,169,17,32,57,105,component,,,
IMG_8018_JPG__011__capacitor.png,winnies_packages,train/images/IMG_8018_JPG.rf.4157842d32a9a049ba3dd44c5a729b9b.jpg,IMG_8018_JPG,capacitor,123,85,23,16,77,54,component,,,
IMG_8018_JPG__012__capacitor.png,winnies_packages,train/images/IMG_8018_JPG.rf.4157842d32a9a049ba3dd44c5a729b9b.jpg,IMG_8018_JPG,capacitor,166,150,31,28,104,93,component,,,
IMG_8018_JPG__013__capacitor.png,winnies_packages,train/images/IMG_8018_JPG.rf.4157842d32a9a049ba3dd44c5a729b9b.jpg,IMG_8018_JPG,capacitor,157,122,30,23,98,76,component,,,
IMG_8018_JPG__014__capacitor.png,winnies_packages,train/images/IMG_8018_JPG.rf.4157842d32a9a049ba3dd44c5a729b9b.jpg,IMG_8018_JPG,capacitor,154,129,29,25,96,80,component,,,
IMG_8018_JPG__015__capacitor.png,winnies_packages,train/images/IMG_8018_JPG.rf.4157842d32a9a049ba3dd44c5a729b9b.jpg,IMG_8018_JPG,capacitor,160,103,30,21,100,69,component,,,
IMG_8018_JPG__016__resistor.png,winnies_packages,train/images/IMG_8018_JPG.rf.4157842d32a9a049ba3dd44c5a729b9b.jpg,IMG_8018_JPG,resistor,88,205,17,38,54,129,component,,,
IMG_8018_JPG__017__resistor.png,winnies_packages,train/images/IMG_8018_JPG.rf.4157842d32a9a049ba3dd44c5a729b9b.jpg,IMG_8018_JPG,resistor,84,182,15,34,53,114,component,,,
IMG_8018_JPG__018__Resistor_rond.png,winnies_packages,train/images/IMG_8018_JPG.rf.4157842d32a9a049ba3dd44c5a729b9b.jpg,IMG_8018_JPG,Resistor rond,204,119,39,22,127,74,component,,,
IMG_8018_JPG__019__Resistor_rond.png,winnies_packages,train/images/IMG_8018_JPG.rf.4157842d32a9a049ba3dd44c5a729b9b.jpg,IMG_8018_JPG,Resistor rond,183,97,34,18,115,60,component,,,
IMG_8018_JPG__020__Resistor_rond.png,winnies_packages,train/images/IMG_8018_JPG.rf.4157842d32a9a049ba3dd44c5a729b9b.jpg,IMG_8018_JPG,Resistor rond,195,95,37,18,122,59,component,,,
IMG_8018_JPG__022__feriet_kraal.png,winnies_packages,train/images/IMG_8018_JPG.rf.4157842d32a9a049ba3dd44c5a729b9b.jpg,IMG_8018_JPG,feriet kraal,114,87,22,16,71,54,component,,,
IMG_8018_JPG__025__feriet_kraal.png,winnies_packages,train/images/IMG_8018_JPG.rf.4157842d32a9a049ba3dd44c5a729b9b.jpg,IMG_8018_JPG,feriet kraal,124,77,23,15,78,48,component,,,
IMG_8018_JPG__026__SOD323.png,winnies_packages,train/images/IMG_8018_JPG.rf.4157842d32a9a049ba3dd44c5a729b9b.jpg,IMG_8018_JPG,SOD323,205,98,38,18,128,61,component,,,
IMG_8018_JPG__028__SOD323.png,winnies_packages,train/images/IMG_8018_JPG.rf.4157842d32a9a049ba3dd44c5a729b9b.jpg,IMG_8018_JPG,SOD323,170,81,32,15,106,50,component,,,
IMG_8018_JPG__029__SOD323.png,winnies_packages,train/images/IMG_8018_JPG.rf.4157842d32a9a049ba3dd44c5a729b9b.jpg,IMG_8018_JPG,SOD323,182,86,34,16,114,53,component,,,
IMG_8018_JPG__030__SOD323.png,winnies_packages,train/images/IMG_8018_JPG.rf.4157842d32a9a049ba3dd44c5a729b9b.jpg,IMG_8018_JPG,SOD323,177,84,33,16,110,52,component,,,
IMG_8018_JPG__031__SOT143.png,winnies_packages,train/images/IMG_8018_JPG.rf.4157842d32a9a049ba3dd44c5a729b9b.jpg,IMG_8018_JPG,SOT143,139,145,26,27,87,90,component,,,
IMG_8018_JPG__032__SOD323.png,winnies_packages,train/images/IMG_8018_JPG.rf.4157842d32a9a049ba3dd44c5a729b9b.jpg,IMG_8018_JPG,SOD323,192,97,36,18,120,60,component,,,
IMG_8018_JPG__033__SOT223.png,winnies_packages,train/images/IMG_8018_JPG.rf.4157842d32a9a049ba3dd44c5a729b9b.jpg,IMG_8018_JPG,SOT223,214,207,40,39,134,129,component,,,
IMG_8018_JPG__034__SOT223.png,winnies_packages,train/images/IMG_8018_JPG.rf.4157842d32a9a049ba3dd44c5a729b9b.jpg,IMG_8018_JPG,SOT223,207,232,39,44,129,145,component,,,
IMG_8018_JPG__035__SOT143.png,winnies_packages,train/images/IMG_8018_JPG.rf.4157842d32a9a049ba3dd44c5a729b9b.jpg,IMG_8018_JPG,SOT143,159,139,30,26,99,87,component,,,
IMG_8018_JPG__036__SOD323.png,winnies_packages,train/images/IMG_8018_JPG.rf.4157842d32a9a049ba3dd44c5a729b9b.jpg,IMG_8018_JPG,SOD323,184,90,35,17,115,56,component,,,
IMG_8018_JPG__037__SOT223.png,winnies_packages,train/images/IMG_8018_JPG.rf.4157842d32a9a049ba3dd44c5a729b9b.jpg,IMG_8018_JPG,SOT223,209,216,39,40,130,135,component,,,
IMG_8018_JPG__038__SOT223.png,winnies_packages,train/images/IMG_8018_JPG.rf.4157842d32a9a049ba3dd44c5a729b9b.jpg,IMG_8018_JPG,SOT223,196,219,37,41,123,137,component,,,
IMG_8018_JPG__039__SOD323.png,winnies_packages,train/images/IMG_8018_JPG.rf.4157842d32a9a049ba3dd44c5a729b9b.jpg,IMG_8018_JPG,SOD323,176,84,33,16,110,52,component,,,
IMG_8018_JPG__040__SOD323.png,winnies_packages,train/images/IMG_8018_JPG.rf.4157842d32a9a049ba3dd44c5a729b9b.jpg,IMG_8018_JPG,SOD323,177,84,33,16,110,52,component,,,
IMG_8018_JPG__041__SOT143.png,winnies_packages,train/images/IMG_8018_JPG.rf.4157842d32a9a049ba3dd44c5a729b9b.jpg,IMG_8018_JPG,SOT143,170,187,32,35,106,117,component,,,
IMG_8018_JPG__042__SOT223.png,winnies_packages,train/images/IMG_8018_JPG.rf.4157842d32a9a049ba3dd44c5a729b9b.jpg,IMG_8018_JPG,SOT223,196,220,37,41,123,137,component,,,
IMG_8018_JPG__043__capacitor.png,winnies_packages,train/images/IMG_8018_JPG.rf.4157842d32a9a049ba3dd44c5a729b9b.jpg,IMG_8018_JPG,capacitor,126,185,23,35,79,116,component,,,
IMG_8018_JPG__044__Resistor_rond.png,winnies_packages,train/images/IMG_8018_JPG.rf.4157842d32a9a049ba3dd44c5a729b9b.jpg,IMG_8018_JPG,Resistor rond,175,91,33,17,109,57,component,,,
IMG_8018_JPG__045__SOT457.png,winnies_packages,train/images/IMG_8018_JPG.rf.4157842d32a9a049ba3dd44c5a729b9b.jpg,IMG_8018_JPG,SOT457,167,167,26,31,109,104,component,,,
IMG_8019_JPG__110__SOT23.png,winnies_packages,train/images/IMG_8019_JPG.rf.3651e6d38e15fa8c931aa74535e96c15.jpg,IMG_8019_JPG,SOT23,87,77,16,14,54,49,component,,,
IMG_8019_JPG__111__SOT23.png,winnies_packages,train/images/IMG_8019_JPG.rf.3651e6d38e15fa8c931aa74535e96c15.jpg,IMG_8019_JPG,SOT23,93,83,17,15,58,52,component,,,
IMG_8019_JPG__112__SOT23.png,winnies_packages,train/images/IMG_8019_JPG.rf.3651e6d38e15fa8c931aa74535e96c15.jpg,IMG_8019_JPG,SOT23,93,92,18,18,58,57,component,,,
IMG_8019_JPG__113__SOT23.png,winnies_packages,train/images/IMG_8019_JPG.rf.3651e6d38e15fa8c931aa74535e96c15.jpg,IMG_8019_JPG,SOT23,80,97,15,18,50,61,component,,,
IMG_8019_JPG__114__SOT23.png,winnies_packages,train/images/IMG_8019_JPG.rf.3651e6d38e15fa8c931aa74535e96c15.jpg,IMG_8019_JPG,SOT23,82,87,15,16,51,54,component,,,
IMG_8019_JPG__115__SOT23.png,winnies_packages,train/images/IMG_8019_JPG.rf.3651e6d38e15fa8c931aa74535e96c15.jpg,IMG_8019_JPG,SOT23,83,90,15,17,52,56,component,,,
IMG_8019_JPG__116__SOT23.png,winnies_packages,train/images/IMG_8019_JPG.rf.3651e6d38e15fa8c931aa74535e96c15.jpg,IMG_8019_JPG,SOT23,87,83,17,15,54,52,component,,,
IMG_8019_JPG__117__SOT23.png,winnies_packages,train/images/IMG_8019_JPG.rf.3651e6d38e15fa8c931aa74535e96c15.jpg,IMG_8019_JPG,SOT23,77,79,14,15,49,49,component,,,
IMG_8019_JPG__118__SOT23.png,winnies_packages,train/images/IMG_8019_JPG.rf.3651e6d38e15fa8c931aa74535e96c15.jpg,IMG_8019_JPG,SOT23,82,80,15,15,51,50,component,,,
IMG_8019_JPG__119__SOT23.png,winnies_packages,train/images/IMG_8019_JPG.rf.3651e6d38e15fa8c931aa74535e96c15.jpg,IMG_8019_JPG,SOT23,80,84,15,16,50,52,component,,,
IMG_8019_JPG__120__SOT23.png,winnies_packages,train/images/IMG_8019_JPG.rf.3651e6d38e15fa8c931aa74535e96c15.jpg,IMG_8019_JPG,SOT23,90,83,17,16,56,51,component,,,
IMG_8019_JPG__121__SOT23.png,winnies_packages,train/images/IMG_8019_JPG.rf.3651e6d38e15fa8c931aa74535e96c15.jpg,IMG_8019_JPG,SOT23,81,82,15,15,51,51,component,,,
IMG_8019_JPG__122__SOT23.png,winnies_packages,train/images/IMG_8019_JPG.rf.3651e6d38e15fa8c931aa74535e96c15.jpg,IMG_8019_JPG,SOT23,92,85,17,16,57,54,component,,,
IMG_8019_JPG__123__SOT23.png,winnies_packages,train/images/IMG_8019_JPG.rf.3651e6d38e15fa8c931aa74535e96c15.jpg,IMG_8019_JPG,SOT23,81,79,15,15,51,49,component,,,
IMG_8019_JPG__124__SOT23.png,winnies_packages,train/images/IMG_8019_JPG.rf.3651e6d38e15fa8c931aa74535e96c15.jpg,IMG_8019_JPG,SOT23,88,86,16,16,55,54,component,,,
IMG_8019_JPG__125__SOT23.png,winnies_packages,train/images/IMG_8019_JPG.rf.3651e6d38e15fa8c931aa74535e96c15.jpg,IMG_8019_JPG,SOT23,78,92,15,18,49,57,component,,,
IMG_8019_JPG__126__SOT23.png,winnies_packages,train/images/IMG_8019_JPG.rf.3651e6d38e15fa8c931aa74535e96c15.jpg,IMG_8019_JPG,SOT23,85,93,16,17,53,58,component,,,
IMG_8021_JPG__013__capacitor.png,winnies_packages,train/images/IMG_8021_JPG.rf.5ca459f973871b341059d4c74e2ef2e7.jpg,IMG_8021_JPG,capacitor,79,113,15,21,49,71,component,,,
IMG_8021_JPG__024__capacitor.png,winnies_packages,train/images/IMG_8021_JPG.rf.5ca459f973871b341059d4c74e2ef2e7.jpg,IMG_8021_JPG,capacitor,76,93,14,17,48,58,component,,,
IMG_8021_JPG__026__Polyfuse_GR.png,winnies_packages,train/images/IMG_8021_JPG.rf.5ca459f973871b341059d4c74e2ef2e7.jpg,IMG_8021_JPG,Polyfuse_GR,80,147,15,28,50,92,component,,,
IMG_8021_JPG__027__Polyfuse_GR.png,winnies_packages,train/images/IMG_8021_JPG.rf.5ca459f973871b341059d4c74e2ef2e7.jpg,IMG_8021_JPG,Polyfuse_GR,83,147,16,27,52,92,component,,,
IMG_8021_JPG__028__Polyfuse_GR.png,winnies_packages,train/images/IMG_8021_JPG.rf.5ca459f973871b341059d4c74e2ef2e7.jpg,IMG_8021_JPG,Polyfuse_GR,79,144,15,28,49,90,component,,,
IMG_8021_JPG__030__Polyfuse_GR.png,winnies_packages,train/images/IMG_8021_JPG.rf.5ca459f973871b341059d4c74e2ef2e7.jpg,IMG_8021_JPG,Polyfuse_GR,77,160,14,30,48,100,component,,,
IMG_8021_JPG__057__SOT23.png,winnies_packages,train/images/IMG_8021_JPG.rf.5ca459f973871b341059d4c74e2ef2e7.jpg,IMG_8021_JPG,SOT23,121,119,23,23,76,74,component,,,
IMG_8021_JPG__059__SOT23.png,winnies_packages,train/images/IMG_8021_JPG.rf.5ca459f973871b341059d4c74e2ef2e7.jpg,IMG_8021_JPG,SOT23,130,109,25,20,81,68,component,,,
IMG_8021_JPG__060__SOT23.png,winnies_packages,train/images/IMG_8021_JPG.rf.5ca459f973871b341059d4c74e2ef2e7.jpg,IMG_8021_JPG,SOT23,130,109,25,20,81,68,component,,,
IMG_8021_JPG__061__SOT23.png,winnies_packages,train/images/IMG_8021_JPG.rf.5ca459f973871b341059d4c74e2ef2e7.jpg,IMG_8021_JPG,SOT23,129,108,24,20,81,68,component,,,
IMG_8021_JPG__062__SOT23.png,winnies_packages,train/images/IMG_8021_JPG.rf.5ca459f973871b341059d4c74e2ef2e7.jpg,IMG_8021_JPG,SOT23,129,109,24,21,81,68,component,,,
IMG_8021_JPG__063__SOT23.png,winnies_packages,train/images/IMG_8021_JPG.rf.5ca459f973871b341059d4c74e2ef2e7.jpg,IMG_8021_JPG,SOT23,130,108,25,20,81,68,component,,,
IMG_8021_JPG__064__SOT23.png,winnies_packages,train/images/IMG_8021_JPG.rf.5ca459f973871b341059d4c74e2ef2e7.jpg,IMG_8021_JPG,SOT23,129,108,24,20,81,68,component,,,
IMG_8021_JPG__065__SOT23.png,winnies_packages,train/images/IMG_8021_JPG.rf.5ca459f973871b341059d4c74e2ef2e7.jpg,IMG_8021_JPG,SOT23,129,108,24,20,81,68,component,,,
IMG_8021_JPG__066__SOT23.png,winnies_packages,train/images/IMG_8021_JPG.rf.5ca459f973871b341059d4c74e2ef2e7.jpg,IMG_8021_JPG,SOT23,130,109,25,21,81,68,component,,,
IMG_8025_JPG__258__SOT96.png,winnies_packages,train/images/IMG_8025_JPG.rf.082b6627e705f11860e85293f115651a.jpg,IMG_8025_JPG,SOT96,126,107,24,20,79,67,component,,,
IMG_8025_JPG__259__SOT96.png,winnies_packages,train/images/IMG_8025_JPG.rf.082b6627e705f11860e85293f115651a.jpg,IMG_8025_JPG,SOT96,133,103,25,19,83,65,component,,,
IMG_8025_JPG__260__SOT96.png,winnies_packages,train/images/IMG_8025_JPG.rf.082b6627e705f11860e85293f115651a.jpg,IMG_8025_JPG,SOT96,127,97,24,18,80,61,component,,,
IMG_8025_JPG__261__SOT96.png,winnies_packages,train/images/IMG_8025_JPG.rf.082b6627e705f11860e85293f115651a.jpg,IMG_8025_JPG,SOT96,129,96,25,18,81,60,component,,,
IMG_8025_JPG__262__SOT96.png,winnies_packages,train/images/IMG_8025_JPG.rf.082b6627e705f11860e85293f115651a.jpg,IMG_8025_JPG,SOT96,132,92,24,17,82,58,component,,,
IMG_8025_JPG__263__SOT96.png,winnies_packages,train/images/IMG_8025_JPG.rf.082b6627e705f11860e85293f115651a.jpg,IMG_8025_JPG,SOT96,135,97,25,18,84,61,component,,,
IMG_8025_JPG__267__SOIC-16.png,winnies_packages,train/images/IMG_8025_JPG.rf.082b6627e705f11860e85293f115651a.jpg,IMG_8025_JPG,SOIC-16,82,110,15,21,51,69,component,,,
IMG_8025_JPG__270__SOT96.png,winnies_packages,train/images/IMG_8025_JPG.rf.082b6627e705f11860e85293f115651a.jpg,IMG_8025_JPG,SOT96,98,155,18,29,61,97,component,,,
IMG_8025_JPG__272__SOT96.png,winnies_packages,train/images/IMG_8025_JPG.rf.082b6627e705f11860e85293f115651a.jpg,IMG_8025_JPG,SOT96,99,152,19,29,62,95,component,,,
IMG_8025_JPG__273__SOT96.png,winnies_packages,train/images/IMG_8025_JPG.rf.082b6627e705f11860e85293f115651a.jpg,IMG_8025_JPG,SOT96,151,92,28,18,94,57,component,,,
IMG_8025_JPG__276__SOT223.png,winnies_packages,train/images/IMG_8025_JPG.rf.082b6627e705f11860e85293f115651a.jpg,IMG_8025_JPG,SOT223,159,136,30,26,99,85,component,,,
IMG_8025_JPG__277__SOT223.png,winnies_packages,train/images/IMG_8025_JPG.rf.082b6627e705f11860e85293f115651a.jpg,IMG_8025_JPG,SOT223,165,134,31,25,104,84,component,,,
IMG_8025_JPG__278__SOT223.png,winnies_packages,train/images/IMG_8025_JPG.rf.082b6627e705f11860e85293f115651a.jpg,IMG_8025_JPG,SOT223,159,138,30,25,100,86,component,,,
IMG_8025_JPG__282__SOT96.png,winnies_packages,train/images/IMG_8025_JPG.rf.082b6627e705f11860e85293f115651a.jpg,IMG_8025_JPG,SOT96,106,153,20,28,66,96,component,,,
IMG_8025_JPG__283__SOIC-16.png,winnies_packages,train/images/IMG_8025_JPG.rf.082b6627e705f11860e85293f115651a.jpg,IMG_8025_JPG,SOIC-16,77,100,15,19,48,62,component,,,
IMG_8025_JPG__284__SOIC-16.png,winnies_packages,train/images/IMG_8025_JPG.rf.082b6627e705f11860e85293f115651a.jpg,IMG_8025_JPG,SOIC-16,86,105,16,20,54,66,component,,,
IMG_8025_JPG__286__SOT223.png,winnies_packages,train/images/IMG_8025_JPG.rf.082b6627e705f11860e85293f115651a.jpg,IMG_8025_JPG,SOT223,133,165,25,31,83,103,component,,,
IMG_8025_JPG__287__SOT223.png,winnies_packages,train/images/IMG_8025_JPG.rf.082b6627e705f11860e85293f115651a.jpg,IMG_8025_JPG,SOT223,134,168,25,31,84,105,component,,,
IMG_8025_JPG__288__SOT223.png,winnies_packages,train/images/IMG_8025_JPG.rf.082b6627e705f11860e85293f115651a.jpg,IMG_8025_JPG,SOT223,144,170,27,32,90,106,component,,,
IMG_8027_JPG__248__SOT96.png,winnies_packages,valid/images/IMG_8027_JPG.rf.214437df253309a34a1fd0c659025443.jpg,IMG_8027_JPG,SOT96,156,103,29,19,97,65,component,,,
IMG_8027_JPG__266__SOT96.png,winnies_packages,valid/images/IMG_8027_JPG.rf.214437df253309a34a1fd0c659025443.jpg,IMG_8027_JPG,SOT96,148,128,28,24,92,80,component,,,
IMG_8027_JPG__268__TSSOP-16.png,winnies_packages,valid/images/IMG_8027_JPG.rf.214437df253309a34a1fd0c659025443.jpg,IMG_8027_JPG,TSSOP-16,205,167,38,32,128,104,component,,,
IMG_8027_JPG__269__SOIC-14.png,winnies_packages,valid/images/IMG_8027_JPG.rf.214437df253309a34a1fd0c659025443.jpg,IMG_8027_JPG,SOIC-14,147,114,28,21,92,71,component,,,
IMG_8027_JPG__270__SOIC-14.png,winnies_packages,valid/images/IMG_8027_JPG.rf.214437df253309a34a1fd0c659025443.jpg,IMG_8027_JPG,SOIC-14,148,113,27,21,93,71,component,,,
IMG_8027_JPG__271__SOIC-14.png,winnies_packages,valid/images/IMG_8027_JPG.rf.214437df253309a34a1fd0c659025443.jpg,IMG_8027_JPG,SOIC-14,151,116,28,22,95,73,component,,,
IMG_8027_JPG__279__SOT96.png,winnies_packages,valid/images/IMG_8027_JPG.rf.214437df253309a34a1fd0c659025443.jpg,IMG_8027_JPG,SOT96,104,164,19,31,65,102,component,,,
IMG_8027_JPG__280__SOIC-16.png,winnies_packages,valid/images/IMG_8027_JPG.rf.214437df253309a34a1fd0c659025443.jpg,IMG_8027_JPG,SOIC-16,224,253,42,47,140,158,component,,,
IMG_8027_JPG__293__TSSOP-16.png,winnies_packages,valid/images/IMG_8027_JPG.rf.214437df253309a34a1fd0c659025443.jpg,IMG_8027_JPG,TSSOP-16,212,162,40,31,132,101,component,,,
IMG_8027_JPG__294__SOT96.png,winnies_packages,valid/images/IMG_8027_JPG.rf.214437df253309a34a1fd0c659025443.jpg,IMG_8027_JPG,SOT96,125,196,23,37,78,122,component,,,
IMG_8029_JPG__001__resistor.png,winnies_packages,train/images/IMG_8029_JPG.rf.2220ad1517026077f3f79632582c8d2a.jpg,IMG_8029_JPG,resistor,76,143,14,27,48,89,component,,,
IMG_8029_JPG__029__resistor.png,winnies_packages,train/images/IMG_8029_JPG.rf.2220ad1517026077f3f79632582c8d2a.jpg,IMG_8029_JPG,resistor,68,76,16,14,52,48,component,,,
IMG_8029_JPG__042__resistor.png,winnies_packages,train/images/IMG_8029_JPG.rf.2220ad1517026077f3f79632582c8d2a.jpg,IMG_8029_JPG,resistor,164,84,32,16,106,52,component,,,
IMG_8029_JPG__044__capacitor.png,winnies_packages,train/images/IMG_8029_JPG.rf.2220ad1517026077f3f79632582c8d2a.jpg,IMG_8029_JPG,capacitor,79,144,15,28,49,90,component,,,
IMG_8029_JPG__046__capacitor.png,winnies_packages,train/images/IMG_8029_JPG.rf.2220ad1517026077f3f79632582c8d2a.jpg,IMG_8029_JPG,capacitor,145,87,27,16,91,54,component,,,
IMG_8029_JPG__047__capacitor.png,winnies_packages,train/images/IMG_8029_JPG.rf.2220ad1517026077f3f79632582c8d2a.jpg,IMG_8029_JPG,capacitor,80,151,15,28,50,94,component,,,
IMG_8029_JPG__049__capacitor.png,winnies_packages,train/images/IMG_8029_JPG.rf.2220ad1517026077f3f79632582c8d2a.jpg,IMG_8029_JPG,capacitor,87,129,17,24,54,81,component,,,
IMG_8029_JPG__057__capacitor.png,winnies_packages,train/images/IMG_8029_JPG.rf.2220ad1517026077f3f79632582c8d2a.jpg,IMG_8029_JPG,capacitor,83,150,15,28,52,94,component,,,
IMG_8029_JPG__058__capacitor.png,winnies_packages,train/images/IMG_8029_JPG.rf.2220ad1517026077f3f79632582c8d2a.jpg,IMG_8029_JPG,capacitor,79,148,15,28,49,93,component,,,
IMG_8029_JPG__064__capacitor.png,winnies_packages,train/images/IMG_8029_JPG.rf.2220ad1517026077f3f79632582c8d2a.jpg,IMG_8029_JPG,capacitor,154,76,29,14,96,48,component,,,
IMG_8029_JPG__066__capacitor.png,winnies_packages,train/images/IMG_8029_JPG.rf.2220ad1517026077f3f79632582c8d2a.jpg,IMG_8029_JPG,capacitor,72,79,17,15,55,49,component,,,
IMG_8029_JPG__068__capacitor.png,winnies_packages,train/images/IMG_8029_JPG.rf.2220ad1517026077f3f79632582c8d2a.jpg,IMG_8029_JPG,capacitor,102,166,19,31,64,104,component,,,
IMG_8029_JPG__069__capacitor.png,winnies_packages,train/images/IMG_8029_JPG.rf.2220ad1517026077f3f79632582c8d2a.jpg,IMG_8029_JPG,capacitor,80,125,14,23,50,78,component,,,
IMG_8029_JPG__076__capacitor.png,winnies_packages,train/images/IMG_8029_JPG.rf.2220ad1517026077f3f79632582c8d2a.jpg,IMG_8029_JPG,capacitor,82,154,15,29,51,96,component,,,
IMG_8029_JPG__078__Polyfuse_Z.png,winnies_packages,train/images/IMG_8029_JPG.rf.2220ad1517026077f3f79632582c8d2a.jpg,IMG_8029_JPG,Polyfuse_Z,78,196,14,36,49,123,component,,,
IMG_8029_JPG__079__Polyfuse_Z.png,winnies_packages,train/images/IMG_8029_JPG.rf.2220ad1517026077f3f79632582c8d2a.jpg,IMG_8029_JPG,Polyfuse_Z,90,185,17,35,56,116,component,,,
IMG_8029_JPG__080__Polyfuse_Z.png,winnies_packages,train/images/IMG_8029_JPG.rf.2220ad1517026077f3f79632582c8d2a.jpg,IMG_8029_JPG,Polyfuse_Z,80,186,15,35,50,116,component,,,
IMG_8029_JPG__081__Polyfuse_Z.png,winnies_packages,train/images/IMG_8029_JPG.rf.2220ad1517026077f3f79632582c8d2a.jpg,IMG_8029_JPG,Polyfuse_Z,87,179,16,33,54,112,component,,,
IMG_8029_JPG__082__Polyfuse_Z.png,winnies_packages,train/images/IMG_8029_JPG.rf.2220ad1517026077f3f79632582c8d2a.jpg,IMG_8029_JPG,Polyfuse_Z,83,195,15,36,52,122,component,,,
IMG_8029_JPG__083__Polyfuse_Z.png,winnies_packages,train/images/IMG_8029_JPG.rf.2220ad1517026077f3f79632582c8d2a.jpg,IMG_8029_JPG,Polyfuse_Z,88,176,17,34,55,110,component,,,
IMG_8029_JPG__084__Polyfuse_Z.png,winnies_packages,train/images/IMG_8029_JPG.rf.2220ad1517026077f3f79632582c8d2a.jpg,IMG_8029_JPG,Polyfuse_Z,80,177,15,33,50,111,component,,,
IMG_8029_JPG__085__Polyfuse_Z.png,winnies_packages,train/images/IMG_8029_JPG.rf.2220ad1517026077f3f79632582c8d2a.jpg,IMG_8029_JPG,Polyfuse_Z,88,180,17,34,55,113,component,,,
IMG_8029_JPG__086__Polyfuse_Z.png,winnies_packages,train/images/IMG_8029_JPG.rf.2220ad1517026077f3f79632582c8d2a.jpg,IMG_8029_JPG,Polyfuse_Z,95,191,18,36,59,119,component,,,
IMG_8029_JPG__087__Polyfuse_Z.png,winnies_packages,train/images/IMG_8029_JPG.rf.2220ad1517026077f3f79632582c8d2a.jpg,IMG_8029_JPG,Polyfuse_Z,78,164,14,31,49,102,component,,,
IMG_8029_JPG__088__Polyfuse_Z.png,winnies_packages,train/images/IMG_8029_JPG.rf.2220ad1517026077f3f79632582c8d2a.jpg,IMG_8029_JPG,Polyfuse_Z,80,173,16,33,50,108,component,,,
IMG_8029_JPG__089__Polyfuse_Z.png,winnies_packages,train/images/IMG_8029_JPG.rf.2220ad1517026077f3f79632582c8d2a.jpg,IMG_8029_JPG,Polyfuse_Z,84,172,13,32,55,108,component,,,
IMG_8029_JPG__091__SOT753.png,winnies_packages,train/images/IMG_8029_JPG.rf.2220ad1517026077f3f79632582c8d2a.jpg,IMG_8029_JPG,SOT753,173,132,32,25,108,82,component,,,
IMG_8029_JPG__092__SOT753.png,winnies_packages,train/images/IMG_8029_JPG.rf.2220ad1517026077f3f79632582c8d2a.jpg,IMG_8029_JPG,SOT753,149,166,28,31,93,104,component,,,
IMG_8029_JPG__093__SOT753.png,winnies_packages,train/images/IMG_8029_JPG.rf.2220ad1517026077f3f79632582c8d2a.jpg,IMG_8029_JPG,SOT753,176,132,34,25,110,82,component,,,
IMG_8029_JPG__094__SOT753.png,winnies_packages,train/images/IMG_8029_JPG.rf.2220ad1517026077f3f79632582c8d2a.jpg,IMG_8029_JPG,SOT753,171,139,32,26,107,87,component,,,
IMG_8029_JPG__095__SOT753.png,winnies_packages,train/images/IMG_8029_JPG.rf.2220ad1517026077f3f79632582c8d2a.jpg,IMG_8029_JPG,SOT753,177,139,33,26,111,87,component,,,
IMG_8029_JPG__096__SOT753.png,winnies_packages,train/images/IMG_8029_JPG.rf.2220ad1517026077f3f79632582c8d2a.jpg,IMG_8029_JPG,SOT753,166,125,31,23,104,78,component,,,
IMG_8029_JPG__097__SOT753.png,winnies_packages,train/images/IMG_8029_JPG.rf.2220ad1517026077f3f79632582c8d2a.jpg,IMG_8029_JPG,SOT753,173,127,33,24,108,79,component,,,
IMG_8029_JPG__098__SOT753.png,winnies_packages,train/images/IMG_8029_JPG.rf.2220ad1517026077f3f79632582c8d2a.jpg,IMG_8029_JPG,SOT753,140,152,26,28,88,95,component,,,
IMG_8029_JPG__099__SOT23.png,winnies_packages,train/images/IMG_8029_JPG.rf.2220ad1517026077f3f79632582c8d2a.jpg,IMG_8029_JPG,SOT23,161,131,30,25,101,82,component,,,
IMG_8029_JPG__100__SOT23.png,winnies_packages,train/images/IMG_8029_JPG.rf.2220ad1517026077f3f79632582c8d2a.jpg,IMG_8029_JPG,SOT23,66,136,15,26,51,85,component,,,
IMG_8029_JPG__101__SOT96.png,winnies_packages,train/images/IMG_8029_JPG.rf.2220ad1517026077f3f79632582c8d2a.jpg,IMG_8029_JPG,SOT96,241,380,45,71,151,238,component,,,
IMG_8029_JPG__102__TSSOP-16.png,winnies_packages,train/images/IMG_8029_JPG.rf.2220ad1517026077f3f79632582c8d2a.jpg,IMG_8029_JPG,TSSOP-16,437,339,82,64,273,212,component,,,
IMG_8029_JPG__103__TSSOP-16.png,winnies_packages,train/images/IMG_8029_JPG.rf.2220ad1517026077f3f79632582c8d2a.jpg,IMG_8029_JPG,TSSOP-16,185,321,43,60,142,201,component,,,
IMG_8029_JPG__104__SOT753.png,winnies_packages,train/images/IMG_8029_JPG.rf.2220ad1517026077f3f79632582c8d2a.jpg,IMG_8029_JPG,SOT753,140,168,26,31,88,105,component,,,
IMG_8029_JPG__105__SOT143.png,winnies_packages,train/images/IMG_8029_JPG.rf.2220ad1517026077f3f79632582c8d2a.jpg,IMG_8029_JPG,SOT143,158,140,30,27,99,87,component,,,
IMG_8029_JPG__106__SOT143.png,winnies_packages,train/images/IMG_8029_JPG.rf.2220ad1517026077f3f79632582c8d2a.jpg,IMG_8029_JPG,SOT143,181,144,34,27,113,90,component,,,
IMG_8029_JPG__107__SOT753.png,winnies_packages,train/images/IMG_8029_JPG.rf.2220ad1517026077f3f79632582c8d2a.jpg,IMG_8029_JPG,SOT753,198,136,37,25,124,85,component,,,
IMG_8029_JPG__108__SOT753.png,winnies_packages,train/images/IMG_8029_JPG.rf.2220ad1517026077f3f79632582c8d2a.jpg,IMG_8029_JPG,SOT753,171,140,32,26,107,88,component,,,
IMG_8029_JPG__109__SOT753.png,winnies_packages,train/images/IMG_8029_JPG.rf.2220ad1517026077f3f79632582c8d2a.jpg,IMG_8029_JPG,SOT753,172,136,32,25,107,85,component,,,
IMG_8029_JPG__110__SOT753.png,winnies_packages,train/images/IMG_8029_JPG.rf.2220ad1517026077f3f79632582c8d2a.jpg,IMG_8029_JPG,SOT753,141,152,26,28,88,95,component,,,
IMG_8030_JPG__001__resistor.png,winnies_packages,train/images/IMG_8030_JPG.rf.60d21000feb762a38061765e2c1a4046.jpg,IMG_8030_JPG,resistor,139,87,26,16,87,54,component,,,
IMG_8030_JPG__021__resistor.png,winnies_packages,train/images/IMG_8030_JPG.rf.60d21000feb762a38061765e2c1a4046.jpg,IMG_8030_JPG,resistor,157,79,29,15,98,49,component,,,
IMG_8030_JPG__022__resistor.png,winnies_packages,train/images/IMG_8030_JPG.rf.60d21000feb762a38061765e2c1a4046.jpg,IMG_8030_JPG,resistor,131,77,24,14,82,48,component,,,
IMG_8030_JPG__024__resistor.png,winnies_packages,train/images/IMG_8030_JPG.rf.60d21000feb762a38061765e2c1a4046.jpg,IMG_8030_JPG,resistor,156,76,29,14,98,48,component,,,
IMG_8030_JPG__035__capacitor.png,winnies_packages,train/images/IMG_8030_JPG.rf.60d21000feb762a38061765e2c1a4046.jpg,IMG_8030_JPG,capacitor,83,134,16,25,52,84,component,,,
IMG_8030_JPG__041__capacitor.png,winnies_packages,train/images/IMG_8030_JPG.rf.60d21000feb762a38061765e2c1a4046.jpg,IMG_8030_JPG,capacitor,120,81,23,15,75,51,component,,,
IMG_8030_JPG__042__capacitor.png,winnies_packages,train/images/IMG_8030_JPG.rf.60d21000feb762a38061765e2c1a4046.jpg,IMG_8030_JPG,capacitor,108,81,20,15,68,51,component,,,
IMG_8030_JPG__054__Polyfuse_Z.png,winnies_packages,train/images/IMG_8030_JPG.rf.60d21000feb762a38061765e2c1a4046.jpg,IMG_8030_JPG,Polyfuse_Z,96,198,18,37,60,124,component,,,
IMG_8030_JPG__055__Polyfuse_Z.png,winnies_packages,train/images/IMG_8030_JPG.rf.60d21000feb762a38061765e2c1a4046.jpg,IMG_8030_JPG,Polyfuse_Z,98,184,19,34,61,115,component,,,
IMG_8030_JPG__056__Polyfuse_Z.png,winnies_packages,train/images/IMG_8030_JPG.rf.60d21000feb762a38061765e2c1a4046.jpg,IMG_8030_JPG,Polyfuse_Z,179,91,34,17,112,57,component,,,
IMG_8030_JPG__057__Polyfuse_Z.png,winnies_packages,train/images/IMG_8030_JPG.rf.60d21000feb762a38061765e2c1a4046.jpg,IMG_8030_JPG,Polyfuse_Z,174,96,33,18,109,60,component,,,
IMG_8030_JPG__058__Polyfuse_Z.png,winnies_packages,train/images/IMG_8030_JPG.rf.60d21000feb762a38061765e2c1a4046.jpg,IMG_8030_JPG,Polyfuse_Z,207,93,39,18,129,58,component,,,
IMG_8030_JPG__059__Polyfuse_Z.png,winnies_packages,train/images/IMG_8030_JPG.rf.60d21000feb762a38061765e2c1a4046.jpg,IMG_8030_JPG,Polyfuse_Z,164,101,31,19,103,63,component,,,
IMG_8030_JPG__060__SOT753.png,winnies_packages,train/images/IMG_8030_JPG.rf.60d21000feb762a38061765e2c1a4046.jpg,IMG_8030_JPG,SOT753,132,174,25,32,83,109,component,,,
IMG_8030_JPG__061__SOT753.png,winnies_packages,train/images/IMG_8030_JPG.rf.60d21000feb762a38061765e2c1a4046.jpg,IMG_8030_JPG,SOT753,124,167,23,32,78,104,component,,,
IMG_8030_JPG__062__SOT753.png,winnies_packages,train/images/IMG_8030_JPG.rf.60d21000feb762a38061765e2c1a4046.jpg,IMG_8030_JPG,SOT753,128,164,24,30,80,103,component,,,
IMG_8030_JPG__063__SOT753.png,winnies_packages,train/images/IMG_8030_JPG.rf.60d21000feb762a38061765e2c1a4046.jpg,IMG_8030_JPG,SOT753,120,176,22,33,75,110,component,,,
IMG_8030_JPG__064__SOT753.png,winnies_packages,train/images/IMG_8030_JPG.rf.60d21000feb762a38061765e2c1a4046.jpg,IMG_8030_JPG,SOT753,124,173,23,33,78,108,component,,,
IMG_8030_JPG__065__SOT753.png,winnies_packages,train/images/IMG_8030_JPG.rf.60d21000feb762a38061765e2c1a4046.jpg,IMG_8030_JPG,SOT753,177,132,33,25,111,83,component,,,
IMG_8030_JPG__066__SOT23.png,winnies_packages,train/images/IMG_8030_JPG.rf.60d21000feb762a38061765e2c1a4046.jpg,IMG_8030_JPG,SOT23,152,137,28,26,95,86,component,,,
IMG_8030_JPG__067__SOT23.png,winnies_packages,train/images/IMG_8030_JPG.rf.60d21000feb762a38061765e2c1a4046.jpg,IMG_8030_JPG,SOT23,153,137,28,25,96,86,component,,,
IMG_8030_JPG__068__SOT23.png,winnies_packages,train/images/IMG_8030_JPG.rf.60d21000feb762a38061765e2c1a4046.jpg,IMG_8030_JPG,SOT23,143,147,27,28,89,92,component,,,
IMG_8030_JPG__069__SOT753.png,winnies_packages,train/images/IMG_8030_JPG.rf.60d21000feb762a38061765e2c1a4046.jpg,IMG_8030_JPG,SOT753,133,194,25,36,83,121,component,,,
IMG_8030_JPG__070__SOT753.png,winnies_packages,train/images/IMG_8030_JPG.rf.60d21000feb762a38061765e2c1a4046.jpg,IMG_8030_JPG,SOT753,168,136,32,26,105,85,component,,,
IMG_8030_JPG__071__SOT753.png,winnies_packages,train/images/IMG_8030_JPG.rf.60d21000feb762a38061765e2c1a4046.jpg,IMG_8030_JPG,SOT753,155,150,29,28,97,94,component,,,
IMG_8030_JPG__072__SOT143.png,winnies_packages,train/images/IMG_8030_JPG.rf.60d21000feb762a38061765e2c1a4046.jpg,IMG_8030_JPG,SOT143,148,180,28,34,93,112,component,,,
IMG_8030_JPG__073__SOT143.png,winnies_packages,train/images/IMG_8030_JPG.rf.60d21000feb762a38061765e2c1a4046.jpg,IMG_8030_JPG,SOT143,124,134,23,0,78,103,component,,,
IMG_8030_JPG__074__SOT96.png,winnies_packages,train/images/IMG_8030_JPG.rf.60d21000feb762a38061765e2c1a4046.jpg,IMG_8030_JPG,SOT96,352,224,66,42,220,140,component,,,
IMG_8030_JPG__075__SOIC-14.png,winnies_packages,train/images/IMG_8030_JPG.rf.60d21000feb762a38061765e2c1a4046.jpg,IMG_8030_JPG,SOIC-14,220,340,41,64,138,212,component,,,
IMG_8030_JPG__076__SOIC-16.png,winnies_packages,train/images/IMG_8030_JPG.rf.60d21000feb762a38061765e2c1a4046.jpg,IMG_8030_JPG,SOIC-16,540,488,102,91,337,305,component,,,
IMG_8031_JPG__032__capacitor.png,winnies_packages,train/images/IMG_8031_JPG.rf.4e8cafc4a7b82d4a43f4c81ce5ef06f9.jpg,IMG_8031_JPG,capacitor,80,116,14,22,50,72,component,,,
IMG_8031_JPG__039__capacitor.png,winnies_packages,train/images/IMG_8031_JPG.rf.4e8cafc4a7b82d4a43f4c81ce5ef06f9.jpg,IMG_8031_JPG,capacitor,150,79,28,15,94,49,component,,,
IMG_8031_JPG__040__capacitor.png,winnies_packages,train/images/IMG_8031_JPG.rf.4e8cafc4a7b82d4a43f4c81ce5ef06f9.jpg,IMG_8031_JPG,capacitor,149,82,28,16,93,51,component,,,
IMG_8031_JPG__043__capacitor.png,winnies_packages,train/images/IMG_8031_JPG.rf.4e8cafc4a7b82d4a43f4c81ce5ef06f9.jpg,IMG_8031_JPG,capacitor,148,81,27,15,93,51,component,,,
IMG_8031_JPG__059__feriet_kraal.png,winnies_packages,train/images/IMG_8031_JPG.rf.4e8cafc4a7b82d4a43f4c81ce5ef06f9.jpg,IMG_8031_JPG,feriet kraal,80,127,14,24,50,79,component,,,
IMG_8031_JPG__060__Polyfuse_Z.png,winnies_packages,train/images/IMG_8031_JPG.rf.4e8cafc4a7b82d4a43f4c81ce5ef06f9.jpg,IMG_8031_JPG,Polyfuse_Z,120,240,23,44,75,150,component,,,
IMG_8031_JPG__061__SOT96.png,winnies_packages,train/images/IMG_8031_JPG.rf.4e8cafc4a7b82d4a43f4c81ce5ef06f9.jpg,IMG_8031_JPG,SOT96,204,302,38,57,128,189,component,,,
IMG_8031_JPG__062__SOIC-16.png,winnies_packages,train/images/IMG_8031_JPG.rf.4e8cafc4a7b82d4a43f4c81ce5ef06f9.jpg,IMG_8031_JPG,SOIC-16,150,197,28,37,94,123,component,,,
IMG_8031_JPG__063__SOD123.png,winnies_packages,train/images/IMG_8031_JPG.rf.4e8cafc4a7b82d4a43f4c81ce5ef06f9.jpg,IMG_8031_JPG,SOD123,90,200,17,37,56,125,component,,,
IMG_8031_JPG__064__SOD123.png,winnies_packages,train/images/IMG_8031_JPG.rf.4e8cafc4a7b82d4a43f4c81ce5ef06f9.jpg,IMG_8031_JPG,SOD123,98,200,18,37,61,125,component,,,
IMG_8031_JPG__065__SOD123.png,winnies_packages,train/images/IMG_8031_JPG.rf.4e8cafc4a7b82d4a43f4c81ce5ef06f9.jpg,IMG_8031_JPG,SOD123,203,111,38,21,127,69,component,,,
IMG_8031_JPG__066__SOT223.png,winnies_packages,train/images/IMG_8031_JPG.rf.4e8cafc4a7b82d4a43f4c81ce5ef06f9.jpg,IMG_8031_JPG,SOT223,245,301,46,57,153,188,component,,,
IMG_8031_JPG__067__SOT223.png,winnies_packages,train/images/IMG_8031_JPG.rf.4e8cafc4a7b82d4a43f4c81ce5ef06f9.jpg,IMG_8031_JPG,SOT223,261,288,49,54,163,180,component,,,
IMG_8031_JPG__068__SOT223.png,winnies_packages,train/images/IMG_8031_JPG.rf.4e8cafc4a7b82d4a43f4c81ce5ef06f9.jpg,IMG_8031_JPG,SOT223,240,310,46,58,150,194,component,,,
IMG_8031_JPG__069__SOT753.png,winnies_packages,train/images/IMG_8031_JPG.rf.4e8cafc4a7b82d4a43f4c81ce5ef06f9.jpg,IMG_8031_JPG,SOT753,135,105,25,19,84,66,component,,,
IMG_8031_JPG__070__SOIC-16.png,winnies_packages,train/images/IMG_8031_JPG.rf.4e8cafc4a7b82d4a43f4c81ce5ef06f9.jpg,IMG_8031_JPG,SOIC-16,160,185,30,34,100,116,component,,,
IMG_8031_JPG__071__SOT23.png,winnies_packages,train/images/IMG_8031_JPG.rf.4e8cafc4a7b82d4a43f4c81ce5ef06f9.jpg,IMG_8031_JPG,SOT23,89,117,16,22,56,73,component,,,
IMG_8031_JPG__072__SOT23.png,winnies_packages,train/images/IMG_8031_JPG.rf.4e8cafc4a7b82d4a43f4c81ce5ef06f9.jpg,IMG_8031_JPG,SOT23,92,104,17,20,57,65,component,,,
IMG_8031_JPG__073__SOT96.png,winnies_packages,train/images/IMG_8031_JPG.rf.4e8cafc4a7b82d4a43f4c81ce5ef06f9.jpg,IMG_8031_JPG,SOT96,192,302,36,56,120,189,component,,,
IMG_8031_JPG__074__SOT96.png,winnies_packages,train/images/IMG_8031_JPG.rf.4e8cafc4a7b82d4a43f4c81ce5ef06f9.jpg,IMG_8031_JPG,SOT96,188,275,36,52,117,172,component,,,
IMG_8032_JPG__000__resistor.png,winnies_packages,train/images/IMG_8032_JPG.rf.1bba2a539372775762d46f0c2eda0ac0.jpg,IMG_8032_JPG,resistor,213,112,40,21,133,70,component,,,
IMG_8032_JPG__001__resistor.png,winnies_packages,train/images/IMG_8032_JPG.rf.1bba2a539372775762d46f0c2eda0ac0.jpg,IMG_8032_JPG,resistor,213,118,40,22,133,74,component,,,
IMG_8032_JPG__002__resistor.png,winnies_packages,train/images/IMG_8032_JPG.rf.1bba2a539372775762d46f0c2eda0ac0.jpg,IMG_8032_JPG,resistor,214,113,40,21,133,70,component,,,
IMG_8032_JPG__003__resistor.png,winnies_packages,train/images/IMG_8032_JPG.rf.1bba2a539372775762d46f0c2eda0ac0.jpg,IMG_8032_JPG,resistor,186,111,43,21,142,69,component,,,
IMG_8032_JPG__004__resistor.png,winnies_packages,train/images/IMG_8032_JPG.rf.1bba2a539372775762d46f0c2eda0ac0.jpg,IMG_8032_JPG,resistor,84,213,19,40,65,133,component,,,
IMG_8032_JPG__005__resistor.png,winnies_packages,train/images/IMG_8032_JPG.rf.1bba2a539372775762d46f0c2eda0ac0.jpg,IMG_8032_JPG,resistor,115,228,22,43,72,143,component,,,
IMG_8032_JPG__006__resistor.png,winnies_packages,train/images/IMG_8032_JPG.rf.1bba2a539372775762d46f0c2eda0ac0.jpg,IMG_8032_JPG,resistor,112,231,21,43,70,145,component,,,
IMG_8032_JPG__007__resistor.png,winnies_packages,train/images/IMG_8032_JPG.rf.1bba2a539372775762d46f0c2eda0ac0.jpg,IMG_8032_JPG,resistor,100,210,19,39,62,131,component,,,
IMG_8032_JPG__031__capacitor.png,winnies_packages,train/images/IMG_8032_JPG.rf.1bba2a539372775762d46f0c2eda0ac0.jpg,IMG_8032_JPG,capacitor,91,154,17,29,57,96,component,,,
IMG_8032_JPG__032__capacitor.png,winnies_packages,train/images/IMG_8032_JPG.rf.1bba2a539372775762d46f0c2eda0ac0.jpg,IMG_8032_JPG,capacitor,82,160,16,30,51,100,component,,,
IMG_8032_JPG__033__capacitor.png,winnies_packages,train/images/IMG_8032_JPG.rf.1bba2a539372775762d46f0c2eda0ac0.jpg,IMG_8032_JPG,capacitor,102,161,19,30,64,100,component,,,
IMG_8032_JPG__034__capacitor.png,winnies_packages,train/images/IMG_8032_JPG.rf.1bba2a539372775762d46f0c2eda0ac0.jpg,IMG_8032_JPG,capacitor,96,166,18,31,60,104,component,,,
IMG_8032_JPG__035__capacitor.png,winnies_packages,train/images/IMG_8032_JPG.rf.1bba2a539372775762d46f0c2eda0ac0.jpg,IMG_8032_JPG,capacitor,86,165,16,31,54,104,component,,,
IMG_8032_JPG__036__capacitor.png,winnies_packages,train/images/IMG_8032_JPG.rf.1bba2a539372775762d46f0c2eda0ac0.jpg,IMG_8032_JPG,capacitor,95,175,18,33,59,109,component,,,
IMG_8032_JPG__037__capacitor.png,winnies_packages,train/images/IMG_8032_JPG.rf.1bba2a539372775762d46f0c2eda0ac0.jpg,IMG_8032_JPG,capacitor,89,163,17,31,55,102,component,,,
IMG_8032_JPG__039__capacitor.png,winnies_packages,train/images/IMG_8032_JPG.rf.1bba2a539372775762d46f0c2eda0ac0.jpg,IMG_8032_JPG,capacitor,94,171,18,32,59,107,component,,,
IMG_8032_JPG__042__capacitor.png,winnies_packages,train/images/IMG_8032_JPG.rf.1bba2a539372775762d46f0c2eda0ac0.jpg,IMG_8032_JPG,capacitor,82,167,16,31,51,104,component,,,
IMG_8032_JPG__043__capacitor.png,winnies_packages,train/images/IMG_8032_JPG.rf.1bba2a539372775762d46f0c2eda0ac0.jpg,IMG_8032_JPG,capacitor,77,159,14,30,48,99,component,,,
IMG_8032_JPG__060__capacitor.png,winnies_packages,train/images/IMG_8032_JPG.rf.1bba2a539372775762d46f0c2eda0ac0.jpg,IMG_8032_JPG,capacitor,95,153,18,29,59,96,component,,,
IMG_8032_JPG__061__capacitor.png,winnies_packages,train/images/IMG_8032_JPG.rf.1bba2a539372775762d46f0c2eda0ac0.jpg,IMG_8032_JPG,capacitor,88,162,16,31,55,101,component,,,
IMG_8032_JPG__062__capacitor.png,winnies_packages,train/images/IMG_8032_JPG.rf.1bba2a539372775762d46f0c2eda0ac0.jpg,IMG_8032_JPG,capacitor,81,155,15,30,50,97,component,,,
IMG_8032_JPG__063__capacitor.png,winnies_packages,train/images/IMG_8032_JPG.rf.1bba2a539372775762d46f0c2eda0ac0.jpg,IMG_8032_JPG,capacitor,79,160,15,30,49,100,component,,,
IMG_8032_JPG__065__capacitor.png,winnies_packages,train/images/IMG_8032_JPG.rf.1bba2a539372775762d46f0c2eda0ac0.jpg,IMG_8032_JPG,capacitor,83,158,16,30,52,98,component,,,
IMG_8032_JPG__066__capacitor.png,winnies_packages,train/images/IMG_8032_JPG.rf.1bba2a539372775762d46f0c2eda0ac0.jpg,IMG_8032_JPG,capacitor,82,152,15,28,51,95,component,,,
IMG_8032_JPG__070__capacitor.png,winnies_packages,train/images/IMG_8032_JPG.rf.1bba2a539372775762d46f0c2eda0ac0.jpg,IMG_8032_JPG,capacitor,82,161,15,30,51,100,component,,,
IMG_8032_JPG__072__capacitor.png,winnies_packages,train/images/IMG_8032_JPG.rf.1bba2a539372775762d46f0c2eda0ac0.jpg,IMG_8032_JPG,capacitor,145,80,27,15,91,50,component,,,
IMG_8032_JPG__080__SOT753.png,winnies_packages,train/images/IMG_8032_JPG.rf.1bba2a539372775762d46f0c2eda0ac0.jpg,IMG_8032_JPG,SOT753,114,142,21,27,71,89,component,,,
IMG_8032_JPG__081__SOT96.png,winnies_packages,train/images/IMG_8032_JPG.rf.1bba2a539372775762d46f0c2eda0ac0.jpg,IMG_8032_JPG,SOT96,287,198,54,37,180,124,component,,,
IMG_8032_JPG__082__SOT753.png,winnies_packages,train/images/IMG_8032_JPG.rf.1bba2a539372775762d46f0c2eda0ac0.jpg,IMG_8032_JPG,SOT753,114,143,21,27,71,89,component,,,
IMG_8032_JPG__083__SOT96.png,winnies_packages,train/images/IMG_8032_JPG.rf.1bba2a539372775762d46f0c2eda0ac0.jpg,IMG_8032_JPG,SOT96,286,183,54,34,178,115,component,,,
IMG_8032_JPG__084__SOD123.png,winnies_packages,train/images/IMG_8032_JPG.rf.1bba2a539372775762d46f0c2eda0ac0.jpg,IMG_8032_JPG,SOD123,127,227,24,42,80,142,component,,,
IMG_8032_JPG__085__SOIC-16.png,winnies_packages,train/images/IMG_8032_JPG.rf.1bba2a539372775762d46f0c2eda0ac0.jpg,IMG_8032_JPG,SOIC-16,179,166,33,32,112,104,component,,,
IMG_8032_JPG__086__SOIC-16.png,winnies_packages,train/images/IMG_8032_JPG.rf.1bba2a539372775762d46f0c2eda0ac0.jpg,IMG_8032_JPG,SOIC-16,194,174,36,33,122,108,component,,,
IMG_8032_JPG__087__SOT223.png,winnies_packages,train/images/IMG_8032_JPG.rf.1bba2a539372775762d46f0c2eda0ac0.jpg,IMG_8032_JPG,SOT223,312,264,58,50,195,165,component,,,
IMG_8032_JPG__088__SOT223.png,winnies_packages,train/images/IMG_8032_JPG.rf.1bba2a539372775762d46f0c2eda0ac0.jpg,IMG_8032_JPG,SOT223,309,272,58,51,193,170,component,,,
IMG_8032_JPG__089__SOT223.png,winnies_packages,train/images/IMG_8032_JPG.rf.1bba2a539372775762d46f0c2eda0ac0.jpg,IMG_8032_JPG,SOT223,318,276,60,52,199,172,component,,,
IMG_8032_JPG__090__SOT753.png,winnies_packages,train/images/IMG_8032_JPG.rf.1bba2a539372775762d46f0c2eda0ac0.jpg,IMG_8032_JPG,SOT753,128,154,24,29,80,96,component,,,
IMG_8032_JPG__091__SOD123.png,winnies_packages,train/images/IMG_8032_JPG.rf.1bba2a539372775762d46f0c2eda0ac0.jpg,IMG_8032_JPG,SOD123,131,206,25,39,82,129,component,,,
IMG_8032_JPG__092__SOD123.png,winnies_packages,train/images/IMG_8032_JPG.rf.1bba2a539372775762d46f0c2eda0ac0.jpg,IMG_8032_JPG,SOD123,106,210,20,39,66,131,component,,,
IMG_8032_JPG__093__SOD123.png,winnies_packages,train/images/IMG_8032_JPG.rf.1bba2a539372775762d46f0c2eda0ac0.jpg,IMG_8032_JPG,SOD123,121,223,23,42,76,140,component,,,
IMG_8032_JPG__094__SOD123.png,winnies_packages,train/images/IMG_8032_JPG.rf.1bba2a539372775762d46f0c2eda0ac0.jpg,IMG_8032_JPG,SOD123,222,115,42,21,139,72,component,,,
IMG_8033_JPG__004__resistor.png,winnies_packages,train/images/IMG_8033_JPG.rf.48fccf4e18e217fdf9de7fb2ac08c78b.jpg,IMG_8033_JPG,resistor,117,77,22,14,73,49,component,,,
IMG_8033_JPG__008__resistor.png,winnies_packages,train/images/IMG_8033_JPG.rf.48fccf4e18e217fdf9de7fb2ac08c78b.jpg,IMG_8033_JPG,resistor,213,122,40,23,133,76,component,,,
IMG_8033_JPG__009__resistor.png,winnies_packages,train/images/IMG_8033_JPG.rf.48fccf4e18e217fdf9de7fb2ac08c78b.jpg,IMG_8033_JPG,resistor,223,108,42,21,139,67,component,,,
IMG_8033_JPG__010__resistor.png,winnies_packages,train/images/IMG_8033_JPG.rf.48fccf4e18e217fdf9de7fb2ac08c78b.jpg,IMG_8033_JPG,resistor,221,96,42,18,138,60,component,,,
IMG_8033_JPG__011__resistor.png,winnies_packages,train/images/IMG_8033_JPG.rf.48fccf4e18e217fdf9de7fb2ac08c78b.jpg,IMG_8033_JPG,resistor,207,104,39,20,129,65,component,,,
IMG_8033_JPG__012__resistor.png,winnies_packages,train/images/IMG_8033_JPG.rf.48fccf4e18e217fdf9de7fb2ac08c78b.jpg,IMG_8033_JPG,resistor,93,214,17,40,58,134,component,,,
IMG_8033_JPG__013__resistor.png,winnies_packages,train/images/IMG_8033_JPG.rf.48fccf4e18e217fdf9de7fb2ac08c78b.jpg,IMG_8033_JPG,resistor,103,217,20,41,64,135,component,,,
IMG_8033_JPG__014__resistor.png,winnies_packages,train/images/IMG_8033_JPG.rf.48fccf4e18e217fdf9de7fb2ac08c78b.jpg,IMG_8033_JPG,resistor,99,224,18,42,62,140,component,,,
IMG_8033_JPG__015__resistor.png,winnies_packages,train/images/IMG_8033_JPG.rf.48fccf4e18e217fdf9de7fb2ac08c78b.jpg,IMG_8033_JPG,resistor,109,217,21,41,68,135,component,,,
IMG_8033_JPG__018__resistor.png,winnies_packages,train/images/IMG_8033_JPG.rf.48fccf4e18e217fdf9de7fb2ac08c78b.jpg,IMG_8033_JPG,resistor,213,100,40,18,133,63,component,,,
IMG_8033_JPG__019__resistor.png,winnies_packages,train/images/IMG_8033_JPG.rf.48fccf4e18e217fdf9de7fb2ac08c78b.jpg,IMG_8033_JPG,resistor,210,110,40,20,131,69,component,,,
IMG_8033_JPG__020__resistor.png,winnies_packages,train/images/IMG_8033_JPG.rf.48fccf4e18e217fdf9de7fb2ac08c78b.jpg,IMG_8033_JPG,resistor,206,104,38,19,129,65,component,,,
IMG_8033_JPG__021__resistor.png,winnies_packages,train/images/IMG_8033_JPG.rf.48fccf4e18e217fdf9de7fb2ac08c78b.jpg,IMG_8033_JPG,resistor,198,103,37,19,124,64,component,,,
IMG_8033_JPG__022__resistor.png,winnies_packages,train/images/IMG_8033_JPG.rf.48fccf4e18e217fdf9de7fb2ac08c78b.jpg,IMG_8033_JPG,resistor,208,103,39,19,130,64,component,,,
IMG_8033_JPG__023__resistor.png,winnies_packages,train/images/IMG_8033_JPG.rf.48fccf4e18e217fdf9de7fb2ac08c78b.jpg,IMG_8033_JPG,resistor,203,105,38,20,127,65,component,,,
IMG_8033_JPG__024__resistor.png,winnies_packages,train/images/IMG_8033_JPG.rf.48fccf4e18e217fdf9de7fb2ac08c78b.jpg,IMG_8033_JPG,resistor,218,100,40,19,136,62,component,,,
IMG_8033_JPG__025__resistor.png,winnies_packages,train/images/IMG_8033_JPG.rf.48fccf4e18e217fdf9de7fb2ac08c78b.jpg,IMG_8033_JPG,resistor,207,109,39,21,129,68,component,,,
IMG_8033_JPG__026__resistor.png,winnies_packages,train/images/IMG_8033_JPG.rf.48fccf4e18e217fdf9de7fb2ac08c78b.jpg,IMG_8033_JPG,resistor,101,213,19,40,63,133,component,,,
IMG_8033_JPG__027__resistor.png,winnies_packages,train/images/IMG_8033_JPG.rf.48fccf4e18e217fdf9de7fb2ac08c78b.jpg,IMG_8033_JPG,resistor,100,218,18,41,63,136,component,,,
IMG_8033_JPG__028__resistor.png,winnies_packages,train/images/IMG_8033_JPG.rf.48fccf4e18e217fdf9de7fb2ac08c78b.jpg,IMG_8033_JPG,resistor,95,219,18,41,59,137,component,,,
IMG_8033_JPG__029__resistor.png,winnies_packages,train/images/IMG_8033_JPG.rf.48fccf4e18e217fdf9de7fb2ac08c78b.jpg,IMG_8033_JPG,resistor,91,210,17,39,57,132,component,,,
IMG_8033_JPG__030__resistor.png,winnies_packages,train/images/IMG_8033_JPG.rf.48fccf4e18e217fdf9de7fb2ac08c78b.jpg,IMG_8033_JPG,resistor,98,216,18,40,61,135,component,,,
IMG_8033_JPG__031__resistor.png,winnies_packages,train/images/IMG_8033_JPG.rf.48fccf4e18e217fdf9de7fb2ac08c78b.jpg,IMG_8033_JPG,resistor,101,216,19,40,63,135,component,,,
IMG_8033_JPG__032__resistor.png,winnies_packages,train/images/IMG_8033_JPG.rf.48fccf4e18e217fdf9de7fb2ac08c78b.jpg,IMG_8033_JPG,resistor,106,215,20,40,66,134,component,,,
IMG_8033_JPG__033__resistor.png,winnies_packages,train/images/IMG_8033_JPG.rf.48fccf4e18e217fdf9de7fb2ac08c78b.jpg,IMG_8033_JPG,resistor,106,218,20,41,66,136,component,,,
IMG_8033_JPG__068__capacitor.png,winnies_packages,train/images/IMG_8033_JPG.rf.48fccf4e18e217fdf9de7fb2ac08c78b.jpg,IMG_8033_JPG,capacitor,80,154,15,29,50,96,component,,,
IMG_8033_JPG__069__capacitor.png,winnies_packages,train/images/IMG_8033_JPG.rf.48fccf4e18e217fdf9de7fb2ac08c78b.jpg,IMG_8033_JPG,capacitor,79,149,15,28,49,93,component,,,
IMG_8033_JPG__070__capacitor.png,winnies_packages,train/images/IMG_8033_JPG.rf.48fccf4e18e217fdf9de7fb2ac08c78b.jpg,IMG_8033_JPG,capacitor,79,138,15,26,49,87,component,,,
IMG_8033_JPG__071__capacitor.png,winnies_packages,train/images/IMG_8033_JPG.rf.48fccf4e18e217fdf9de7fb2ac08c78b.jpg,IMG_8033_JPG,capacitor,81,140,15,26,51,88,component,,,
IMG_8033_JPG__091__capacitor.png,winnies_packages,train/images/IMG_8033_JPG.rf.48fccf4e18e217fdf9de7fb2ac08c78b.jpg,IMG_8033_JPG,capacitor,143,90,27,17,89,56,component,,,
IMG_8033_JPG__093__capacitor.png,winnies_packages,train/images/IMG_8033_JPG.rf.48fccf4e18e217fdf9de7fb2ac08c78b.jpg,IMG_8033_JPG,capacitor,84,169,16,31,52,105,component,,,
IMG_8033_JPG__108__SOT96.png,winnies_packages,train/images/IMG_8033_JPG.rf.48fccf4e18e217fdf9de7fb2ac08c78b.jpg,IMG_8033_JPG,SOT96,202,243,38,45,126,152,component,,,
IMG_8033_JPG__109__SOD123.png,winnies_packages,train/images/IMG_8033_JPG.rf.48fccf4e18e217fdf9de7fb2ac08c78b.jpg,IMG_8033_JPG,SOD123,89,204,17,38,56,127,component,,,
IMG_8033_JPG__110__SOT753.png,winnies_packages,train/images/IMG_8033_JPG.rf.48fccf4e18e217fdf9de7fb2ac08c78b.jpg,IMG_8033_JPG,SOT753,111,145,21,28,70,90,component,,,
IMG_8033_JPG__111__SOT96.png,winnies_packages,train/images/IMG_8033_JPG.rf.48fccf4e18e217fdf9de7fb2ac08c78b.jpg,IMG_8033_JPG,SOT96,293,194,55,36,183,122,component,,,
IMG_8033_JPG__112__SOT96.png,winnies_packages,train/images/IMG_8033_JPG.rf.48fccf4e18e217fdf9de7fb2ac08c78b.jpg,IMG_8033_JPG,SOT96,131,261,30,49,101,163,component,,,
IMG_8033_JPG__113__SOIC-16.png,winnies_packages,train/images/IMG_8033_JPG.rf.48fccf4e18e217fdf9de7fb2ac08c78b.jpg,IMG_8033_JPG,SOIC-16,209,169,39,32,131,105,component,,,
IMG_8033_JPG__114__SOIC-16.png,winnies_packages,train/images/IMG_8033_JPG.rf.48fccf4e18e217fdf9de7fb2ac08c78b.jpg,IMG_8033_JPG,SOIC-16,178,156,33,29,111,97,component,,,
IMG_8033_JPG__115__SOD123.png,winnies_packages,train/images/IMG_8033_JPG.rf.48fccf4e18e217fdf9de7fb2ac08c78b.jpg,IMG_8033_JPG,SOD123,204,110,38,21,127,68,component,,,
IMG_8033_JPG__116__SOD123.png,winnies_packages,train/images/IMG_8033_JPG.rf.48fccf4e18e217fdf9de7fb2ac08c78b.jpg,IMG_8033_JPG,SOD123,102,209,19,39,64,131,component,,,
IMG_8033_JPG__117__SOD123.png,winnies_packages,train/images/IMG_8033_JPG.rf.48fccf4e18e217fdf9de7fb2ac08c78b.jpg,IMG_8033_JPG,SOD123,96,215,18,40,60,134,component,,,
IMG_8033_JPG__118__SOD123.png,winnies_packages,train/images/IMG_8033_JPG.rf.48fccf4e18e217fdf9de7fb2ac08c78b.jpg,IMG_8033_JPG,SOD123,85,195,16,37,53,122,component,,,
IMG_8033_JPG__119__SOD123.png,winnies_packages,train/images/IMG_8033_JPG.rf.48fccf4e18e217fdf9de7fb2ac08c78b.jpg,IMG_8033_JPG,SOD123,105,154,20,29,66,96,component,,,
IMG_8033_JPG__120__SOD123.png,winnies_packages,train/images/IMG_8033_JPG.rf.48fccf4e18e217fdf9de7fb2ac08c78b.jpg,IMG_8033_JPG,SOD123,190,105,36,19,118,66,component,,,
IMG_8033_JPG__121__SOD123.png,winnies_packages,train/images/IMG_8033_JPG.rf.48fccf4e18e217fdf9de7fb2ac08c78b.jpg,IMG_8033_JPG,SOD123,191,105,36,20,119,66,component,,,
IMG_8033_JPG__122__SOT223.png,winnies_packages,train/images/IMG_8033_JPG.rf.48fccf4e18e217fdf9de7fb2ac08c78b.jpg,IMG_8033_JPG,SOT223,250,308,47,58,156,192,component,,,
IMG_8033_JPG__123__SOT223.png,winnies_packages,train/images/IMG_8033_JPG.rf.48fccf4e18e217fdf9de7fb2ac08c78b.jpg,IMG_8033_JPG,SOT223,246,301,46,56,154,188,component,,,
IMG_8033_JPG__124__SOT96.png,winnies_packages,train/images/IMG_8033_JPG.rf.48fccf4e18e217fdf9de7fb2ac08c78b.jpg,IMG_8033_JPG,SOT96,267,196,50,37,167,123,component,,,
IMG_8033_JPG__125__SOT96.png,winnies_packages,train/images/IMG_8033_JPG.rf.48fccf4e18e217fdf9de7fb2ac08c78b.jpg,IMG_8033_JPG,SOT96,215,215,47,40,155,134,component,,,
IMG_8033_JPG__126__SOT23.png,winnies_packages,train/images/IMG_8033_JPG.rf.48fccf4e18e217fdf9de7fb2ac08c78b.jpg,IMG_8033_JPG,SOT23,106,130,20,24,66,81,component,,,
IMG_8033_JPG__127__SOT23.png,winnies_packages,train/images/IMG_8033_JPG.rf.48fccf4e18e217fdf9de7fb2ac08c78b.jpg,IMG_8033_JPG,SOT23,99,127,19,24,61,79,component,,,
IMG_8033_JPG__128__SOT23.png,winnies_packages,train/images/IMG_8033_JPG.rf.48fccf4e18e217fdf9de7fb2ac08c78b.jpg,IMG_8033_JPG,SOT23,95,113,18,21,59,71,component,,,
IMG_8033_JPG__129__SOD123.png,winnies_packages,train/images/IMG_8033_JPG.rf.48fccf4e18e217fdf9de7fb2ac08c78b.jpg,IMG_8033_JPG,SOD123,189,128,35,24,118,80,component,,,
IMG_8034_JPG__001__resistor.png,winnies_packages,test/images/IMG_8034_JPG.rf.83883603e917f9711996e25a9e86ff1c.jpg,IMG_8034_JPG,resistor,168,121,0,23,130,76,component,,,
IMG_8034_JPG__002__resistor.png,winnies_packages,test/images/IMG_8034_JPG.rf.83883603e917f9711996e25a9e86ff1c.jpg,IMG_8034_JPG,resistor,103,212,20,40,64,133,component,,,
IMG_8034_JPG__003__resistor.png,winnies_packages,test/images/IMG_8034_JPG.rf.83883603e917f9711996e25a9e86ff1c.jpg,IMG_8034_JPG,resistor,200,103,37,19,125,64,component,,,
IMG_8034_JPG__004__resistor.png,winnies_packages,test/images/IMG_8034_JPG.rf.83883603e917f9711996e25a9e86ff1c.jpg,IMG_8034_JPG,resistor,198,111,37,21,124,70,component,,,
IMG_8034_JPG__005__resistor.png,winnies_packages,test/images/IMG_8034_JPG.rf.83883603e917f9711996e25a9e86ff1c.jpg,IMG_8034_JPG,resistor,199,105,37,19,125,66,component,,,
IMG_8034_JPG__006__resistor.png,winnies_packages,test/images/IMG_8034_JPG.rf.83883603e917f9711996e25a9e86ff1c.jpg,IMG_8034_JPG,resistor,194,103,36,19,121,64,component,,,
IMG_8034_JPG__007__resistor.png,winnies_packages,test/images/IMG_8034_JPG.rf.83883603e917f9711996e25a9e86ff1c.jpg,IMG_8034_JPG,resistor,217,99,41,18,135,62,component,,,
IMG_8034_JPG__008__resistor.png,winnies_packages,test/images/IMG_8034_JPG.rf.83883603e917f9711996e25a9e86ff1c.jpg,IMG_8034_JPG,resistor,205,103,38,20,128,64,component,,,
IMG_8034_JPG__009__resistor.png,winnies_packages,test/images/IMG_8034_JPG.rf.83883603e917f9711996e25a9e86ff1c.jpg,IMG_8034_JPG,resistor,202,112,38,21,126,70,component,,,
IMG_8034_JPG__010__resistor.png,winnies_packages,test/images/IMG_8034_JPG.rf.83883603e917f9711996e25a9e86ff1c.jpg,IMG_8034_JPG,resistor,209,107,39,20,131,67,component,,,
IMG_8034_JPG__011__resistor.png,winnies_packages,test/images/IMG_8034_JPG.rf.83883603e917f9711996e25a9e86ff1c.jpg,IMG_8034_JPG,resistor,98,208,18,39,62,130,component,,,
IMG_8034_JPG__012__resistor.png,winnies_packages,test/images/IMG_8034_JPG.rf.83883603e917f9711996e25a9e86ff1c.jpg,IMG_8034_JPG,resistor,91,203,17,38,57,127,component,,,
IMG_8034_JPG__013__resistor.png,winnies_packages,test/images/IMG_8034_JPG.rf.83883603e917f9711996e25a9e86ff1c.jpg,IMG_8034_JPG,resistor,86,204,16,38,54,127,component,,,
IMG_8034_JPG__014__resistor.png,winnies_packages,test/images/IMG_8034_JPG.rf.83883603e917f9711996e25a9e86ff1c.jpg,IMG_8034_JPG,resistor,88,197,17,37,55,123,component,,,
IMG_8034_JPG__015__resistor.png,winnies_packages,test/images/IMG_8034_JPG.rf.83883603e917f9711996e25a9e86ff1c.jpg,IMG_8034_JPG,resistor,92,205,17,39,57,128,component,,,
IMG_8034_JPG__016__resistor.png,winnies_packages,test/images/IMG_8034_JPG.rf.83883603e917f9711996e25a9e86ff1c.jpg,IMG_8034_JPG,resistor,88,203,16,38,55,127,component,,,
IMG_8034_JPG__017__resistor.png,winnies_packages,test/images/IMG_8034_JPG.rf.83883603e917f9711996e25a9e86ff1c.jpg,IMG_8034_JPG,resistor,95,198,18,38,59,124,component,,,
IMG_8034_JPG__018__resistor.png,winnies_packages,test/images/IMG_8034_JPG.rf.83883603e917f9711996e25a9e86ff1c.jpg,IMG_8034_JPG,resistor,93,210,17,39,58,131,component,,,
IMG_8034_JPG__053__capacitor.png,winnies_packages,test/images/IMG_8034_JPG.rf.83883603e917f9711996e25a9e86ff1c.jpg,IMG_8034_JPG,capacitor,83,139,15,26,52,87,component,,,
IMG_8034_JPG__058__capacitor.png,winnies_packages,test/images/IMG_8034_JPG.rf.83883603e917f9711996e25a9e86ff1c.jpg,IMG_8034_JPG,capacitor,86,175,16,33,54,109,component,,,
IMG_8034_JPG__063__capacitor.png,winnies_packages,test/images/IMG_8034_JPG.rf.83883603e917f9711996e25a9e86ff1c.jpg,IMG_8034_JPG,capacitor,81,153,15,29,50,95,component,,,
IMG_8034_JPG__069__capacitor.png,winnies_packages,test/images/IMG_8034_JPG.rf.83883603e917f9711996e25a9e86ff1c.jpg,IMG_8034_JPG,capacitor,90,142,17,26,56,89,component,,,
IMG_8034_JPG__079__SOT753.png,winnies_packages,test/images/IMG_8034_JPG.rf.83883603e917f9711996e25a9e86ff1c.jpg,IMG_8034_JPG,SOT753,126,107,24,20,79,67,component,,,
IMG_8034_JPG__080__SOD123.png,winnies_packages,test/images/IMG_8034_JPG.rf.83883603e917f9711996e25a9e86ff1c.jpg,IMG_8034_JPG,SOD123,193,108,36,20,121,67,component,,,
IMG_8034_JPG__081__SOT96.png,winnies_packages,test/images/IMG_8034_JPG.rf.83883603e917f9711996e25a9e86ff1c.jpg,IMG_8034_JPG,SOT96,177,256,33,48,110,160,component,,,
IMG_8034_JPG__082__SOT753.png,winnies_packages,test/images/IMG_8034_JPG.rf.83883603e917f9711996e25a9e86ff1c.jpg,IMG_8034_JPG,SOT753,119,109,22,20,74,68,component,,,
IMG_8034_JPG__083__SOD123.png,winnies_packages,test/images/IMG_8034_JPG.rf.83883603e917f9711996e25a9e86ff1c.jpg,IMG_8034_JPG,SOD123,196,105,37,20,123,66,component,,,
IMG_8034_JPG__084__SOD123.png,winnies_packages,test/images/IMG_8034_JPG.rf.83883603e917f9711996e25a9e86ff1c.jpg,IMG_8034_JPG,SOD123,189,89,35,17,118,56,component,,,
IMG_8034_JPG__085__SOT23.png,winnies_packages,test/images/IMG_8034_JPG.rf.83883603e917f9711996e25a9e86ff1c.jpg,IMG_8034_JPG,SOT23,98,118,19,22,61,74,component,,,
IMG_8034_JPG__086__SOT23.png,winnies_packages,test/images/IMG_8034_JPG.rf.83883603e917f9711996e25a9e86ff1c.jpg,IMG_8034_JPG,SOT23,91,123,17,23,57,77,component,,,
IMG_8034_JPG__087__SOT23.png,winnies_packages,test/images/IMG_8034_JPG.rf.83883603e917f9711996e25a9e86ff1c.jpg,IMG_8034_JPG,SOT23,91,126,17,23,57,79,component,,,
IMG_8034_JPG__088__SOT96.png,winnies_packages,test/images/IMG_8034_JPG.rf.83883603e917f9711996e25a9e86ff1c.jpg,IMG_8034_JPG,SOT96,248,189,46,35,155,118,component,,,
IMG_8034_JPG__089__SOT96.png,winnies_packages,test/images/IMG_8034_JPG.rf.83883603e917f9711996e25a9e86ff1c.jpg,IMG_8034_JPG,SOT96,260,198,49,37,162,124,component,,,
