crop_path,dataset_source,source_image,scene_id,component_class,crop_w,crop_h,body_x,body_y,body_w,body_h,roi_kind,label_status,reviewer_id,notes
ACM-109_Bottom_jpg__061__Connector.png,fpic_rf100,train/images/ACM-109_Bottom_jpg.rf.2d62d1698c2625e82dc3f6c4a24e7e42.jpg,ACM-109_Bottom_jpg,Connector,516,116,47,0,417,89,component,,,
ACM-109_Bottom_jpg__062__Connector.png,fpic_rf100,train/images/ACM-109_Bottom_jpg.rf.2d62d1698c2625e82dc3f6c4a24e7e42.jpg,ACM-109_Bottom_jpg,Connector,516,108,45,25,416,82,component,,,
ACM-109_Top_jpg__007__IC.png,fpic_rf100,train/images/ACM-109_Top_jpg.rf.bb8e27c1888a9f6ba7c61ffef6c1dd0e.jpg,ACM-109_Top_jpg,IC,111,134,21,25,69,84,component,,,
ACM-109_Top_jpg__015__IC.png,fpic_rf100,train/images/ACM-109_Top_jpg.rf.bb8e27c1888a9f6ba7c61ffef6c1dd0e.jpg,ACM-109_Top_jpg,IC,108,149,20,28,68,93,component,,,
ACM-109_Top_jpg__021__Switch.png,fpic_rf100,train/images/ACM-109_Top_jpg.rf.bb8e27c1888a9f6ba7c61ffef6c1dd0e.jpg,ACM-109_Top_jpg,Switch,91,161,17,30,57,101,component,,,
ACM-109_Top_jpg__022__Pads.png,fpic_rf100,train/images/ACM-109_Top_jpg.rf.bb8e27c1888a9f6ba7c61ffef6c1dd0e.jpg,ACM-109_Top_jpg,Pads,138,140,26,26,86,88,component,,,
ACM-109_Top_jpg__028__IC.png,fpic_rf100,train/images/ACM-109_Top_jpg.rf.bb8e27c1888a9f6ba7c61ffef6c1dd0e.jpg,ACM-109_Top_jpg,IC,313,315,59,59,195,197,component,,,
ACM-109_Top_jpg__032__Capacitor.png,fpic_rf100,train/images/ACM-109_Top_jpg.rf.bb8e27c1888a9f6ba7c61ffef6c1dd0e.jpg,ACM-109_Top_jpg,Capacitor,79,120,15,22,49,75,component,,,
ACM-109_Top_jpg__040__IC.png,fpic_rf100,train/images/ACM-109_Top_jpg.rf.bb8e27c1888a9f6ba7c61ffef6c1dd0e.jpg,ACM-109_Top_jpg,IC,77,92,13,17,49,58,component,,,
ACM-109_Top_jpg__058__Connector.png,fpic_rf100,train/images/ACM-109_Top_jpg.rf.bb8e27c1888a9f6ba7c61ffef6c1dd0e.jpg,ACM-109_Top_jpg,Connector,108,282,21,53,71,176,component,,,
ACM-109_Top_jpg__061__Pads.png,fpic_rf100,train/images/ACM-109_Top_jpg.rf.bb8e27c1888a9f6ba7c61ffef6c1dd0e.jpg,ACM-109_Top_jpg,Pads,140,140,26,26,88,88,component,,,
ATTIOT_Bottom_jpg__000__Connector.png,fpic_rf100,test/images/ATTIOT_Bottom_jpg.rf.94cd89169043c7506cde7ced6de19680.jpg,ATTIOT_Bottom_jpg,Connector,1051,222,197,1,657,170,component,,,
ATTIOT_Bottom_jpg__002__Connector.png,fpic_rf100,test/images/ATTIOT_Bottom_jpg.rf.94cd89169043c7506cde7ced6de19680.jpg,ATTIOT_Bottom_jpg,Connector,881,228,165,0,551,175,component,,,
ATTIOT_Bottom_jpg__004__Connector.png,fpic_rf100,test/images/ATTIOT_Bottom_jpg.rf.94cd89169043c7506cde7ced6de19680.jpg,ATTIOT_Bottom_jpg,Connector,112,204,21,38,70,128,component,,,
ATTIOT_Bottom_jpg__005__Connector.png,fpic_rf100,test/images/ATTIOT_Bottom_jpg.rf.94cd89169043c7506cde7ced6de19680.jpg,ATTIOT_Bottom_jpg,Connector,112,202,21,38,70,126,component,,,
ATTIOT_Bottom_jpg__011__Diode.png,fpic_rf100,test/images/ATTIOT_Bottom_jpg.rf.94cd89169043c7506cde7ced6de19680.jpg,ATTIOT_Bottom_jpg,Diode,86,133,16,25,54,83,component,,,
ATTIOT_Bottom_jpg__012__Diode.png,fpic_rf100,test/images/ATTIOT_Bottom_jpg.rf.94cd89169043c7506cde7ced6de19680.jpg,ATTIOT_Bottom_jpg,Diode,85,129,16,24,53,81,component,,,
ATTIOT_Bottom_jpg__013__Diode.png,fpic_rf100,test/images/ATTIOT_Bottom_jpg.rf.94cd89169043c7506cde7ced6de19680.jpg,ATTIOT_Bottom_jpg,Diode,84,132,16,25,52,82,component,,,
ATTIOT_Bottom_jpg__014__Diode.png,fpic_rf100,test/images/ATTIOT_Bottom_jpg.rf.94cd89169043c7506cde7ced6de19680.jpg,ATTIOT_Bottom_jpg,Diode,91,136,17,26,57,85,component,,,
ATTIOT_Bottom_jpg__015__Jumper.png,fpic_rf100,test/images/ATTIOT_Bottom_jpg.rf.94cd89169043c7506cde7ced6de19680.jpg,ATTIOT_Bottom_jpg,Jumper,139,216,26,40,87,135,component,,,
ATTIOT_Bottom_jpg__021__Clock.png,fpic_rf100,test/images/ATTIOT_Bottom_jpg.rf.94cd89169043c7506cde7ced6de19680.jpg,ATTIOT_Bottom_jpg,Clock,136,138,25,26,85,86,component,,,
ATTIOT_Bottom_jpg__024__Button.png,fpic_rf100,test/images/ATTIOT_Bottom_jpg.rf.94cd89169043c7506cde7ced6de19680.jpg,ATTIOT_Bottom_jpg,Button,191,133,36,25,119,83,component,,,
ATTIOT_Bottom_jpg__028__IC.png,fpic_rf100,test/images/ATTIOT_Bottom_jpg.rf.94cd89169043c7506cde7ced6de19680.jpg,ATTIOT_Bottom_jpg,IC,267,321,50,60,167,201,component,,,
ATTIOT_Bottom_jpg__029__Connector.png,fpic_rf100,test/images/ATTIOT_Bottom_jpg.rf.94cd89169043c7506cde7ced6de19680.jpg,ATTIOT_Bottom_jpg,Connector,252,416,47,78,158,260,component,,,
ATTIOT_Bottom_jpg__030__Diode.png,fpic_rf100,test/images/ATTIOT_Bottom_jpg.rf.94cd89169043c7506cde7ced6de19680.jpg,ATTIOT_Bottom_jpg,Diode,129,86,24,16,81,54,component,,,
ATTIOT_Bottom_jpg__033__Connector.png,fpic_rf100,test/images/ATTIOT_Bottom_jpg.rf.94cd89169043c7506cde7ced6de19680.jpg,ATTIOT_Bottom_jpg,Connector,219,213,41,40,137,133,component,,,
ATTIOT_Bottom_jpg__034__Button.png,fpic_rf100,test/images/ATTIOT_Bottom_jpg.rf.94cd89169043c7506cde7ced6de19680.jpg,ATTIOT_Bottom_jpg,Button,176,122,33,23,110,76,component,,,
ATTIOT_Bottom_jpg__037__Led.png,fpic_rf100,test/images/ATTIOT_Bottom_jpg.rf.94cd89169043c7506cde7ced6de19680.jpg,ATTIOT_Bottom_jpg,Led,116,138,22,26,74,86,component,,,
ATTIOT_Bottom_jpg__053__Pads.png,fpic_rf100,test/images/ATTIOT_Bottom_jpg.rf.94cd89169043c7506cde7ced6de19680.jpg,ATTIOT_Bottom_jpg,Pads,160,92,30,17,100,58,component,,,
ATTIOT_Bottom_jpg__054__Connector.png,fpic_rf100,test/images/ATTIOT_Bottom_jpg.rf.94cd89169043c7506cde7ced6de19680.jpg,ATTIOT_Bottom_jpg,Connector,278,332,52,74,174,247,component,,,
ATTIOT_Bottom_jpg__055__Button.png,fpic_rf100,test/images/ATTIOT_Bottom_jpg.rf.94cd89169043c7506cde7ced6de19680.jpg,ATTIOT_Bottom_jpg,Button,164,132,31,25,102,82,component,,,
ATTIOT_Bottom_jpg__056__Connector.png,fpic_rf100,test/images/ATTIOT_Bottom_jpg.rf.94cd89169043c7506cde7ced6de19680.jpg,ATTIOT_Bottom_jpg,Connector,716,208,134,47,448,157,component,,,
ATTIOT_Bottom_jpg__057__Connector.png,fpic_rf100,test/images/ATTIOT_Bottom_jpg.rf.94cd89169043c7506cde7ced6de19680.jpg,ATTIOT_Bottom_jpg,Connector,860,202,161,46,538,153,component,,,
ATTIOT_Bottom_jpg__058__Connector.png,fpic_rf100,test/images/ATTIOT_Bottom_jpg.rf.94cd89169043c7506cde7ced6de19680.jpg,ATTIOT_Bottom_jpg,Connector,319,107,60,20,199,67,component,,,
ATTIOT_Bottom_jpg__079__Jumper.png,fpic_rf100,test/images/ATTIOT_Bottom_jpg.rf.94cd89169043c7506cde7ced6de19680.jpg,ATTIOT_Bottom_jpg,Jumper,214,159,40,30,134,99,component,,,
ATTIOT_Bottom_jpg__083__Connector.png,fpic_rf100,test/images/ATTIOT_Bottom_jpg.rf.94cd89169043c7506cde7ced6de19680.jpg,ATTIOT_Bottom_jpg,Connector,106,117,20,22,66,73,component,,,
ATTIOT_Bottom_jpg__092__Connector.png,fpic_rf100,test/images/ATTIOT_Bottom_jpg.rf.94cd89169043c7506cde7ced6de19680.jpg,ATTIOT_Bottom_jpg,Connector,261,309,49,58,163,193,component,,,
ATTIOT_Bottom_jpg__093__IC.png,fpic_rf100,test/images/ATTIOT_Bottom_jpg.rf.94cd89169043c7506cde7ced6de19680.jpg,ATTIOT_Bottom_jpg,IC,257,267,48,50,161,167,component,,,
ATTIOT_Bottom_jpg__107__Connector.png,fpic_rf100,test/images/ATTIOT_Bottom_jpg.rf.94cd89169043c7506cde7ced6de19680.jpg,ATTIOT_Bottom_jpg,Connector,207,112,39,21,129,70,component,,,
ATTIOT_Bottom_jpg__113__IC.png,fpic_rf100,test/images/ATTIOT_Bottom_jpg.rf.94cd89169043c7506cde7ced6de19680.jpg,ATTIOT_Bottom_jpg,IC,128,133,24,25,80,83,component,,,
ATTIOT_Bottom_jpg__114__Connector.png,fpic_rf100,test/images/ATTIOT_Bottom_jpg.rf.94cd89169043c7506cde7ced6de19680.jpg,ATTIOT_Bottom_jpg,Connector,218,401,41,75,136,251,component,,,
ATTIOT_Bottom_jpg__116__Connector.png,fpic_rf100,test/images/ATTIOT_Bottom_jpg.rf.94cd89169043c7506cde7ced6de19680.jpg,ATTIOT_Bottom_jpg,Connector,203,111,38,21,127,69,component,,,
ATTIOT_Bottom_jpg__136__Connector.png,fpic_rf100,test/images/ATTIOT_Bottom_jpg.rf.94cd89169043c7506cde7ced6de19680.jpg,ATTIOT_Bottom_jpg,Connector,88,362,17,68,55,226,component,,,
ATTIOT_Bottom_jpg__138__IC.png,fpic_rf100,test/images/ATTIOT_Bottom_jpg.rf.94cd89169043c7506cde7ced6de19680.jpg,ATTIOT_Bottom_jpg,IC,84,80,16,15,52,50,component,,,
ATTIOT_Bottom_jpg__141__IC.png,fpic_rf100,test/images/ATTIOT_Bottom_jpg.rf.94cd89169043c7506cde7ced6de19680.jpg,ATTIOT_Bottom_jpg,IC,143,123,27,23,89,77,component,,,
ATTIOT_Bottom_jpg__145__Connector.png,fpic_rf100,test/images/ATTIOT_Bottom_jpg.rf.94cd89169043c7506cde7ced6de19680.jpg,ATTIOT_Bottom_jpg,Connector,200,108,37,20,125,68,component,,,
ATTIOT_Bottom_jpg__146__Connector.png,fpic_rf100,test/images/ATTIOT_Bottom_jpg.rf.94cd89169043c7506cde7ced6de19680.jpg,ATTIOT_Bottom_jpg,Connector,148,251,28,47,92,157,component,,,
ATTIOT_Bottom_jpg__147__Connector.png,fpic_rf100,test/images/ATTIOT_Bottom_jpg.rf.94cd89169043c7506cde7ced6de19680.jpg,ATTIOT_Bottom_jpg,Connector,145,256,27,48,91,160,component,,,
ATTIOT_Bottom_jpg__166__Connector.png,fpic_rf100,test/images/ATTIOT_Bottom_jpg.rf.94cd89169043c7506cde7ced6de19680.jpg,ATTIOT_Bottom_jpg,Connector,198,106,37,20,124,66,component,,,
ATTIOT_Bottom_jpg__183__Clock.png,fpic_rf100,test/images/ATTIOT_Bottom_jpg.rf.94cd89169043c7506cde7ced6de19680.jpg,ATTIOT_Bottom_jpg,Clock,111,150,21,28,69,94,component,,,
ATTIOT_Bottom_jpg__185__Connector.png,fpic_rf100,test/images/ATTIOT_Bottom_jpg.rf.94cd89169043c7506cde7ced6de19680.jpg,ATTIOT_Bottom_jpg,Connector,202,106,38,20,126,66,component,,,
ATTIOT_Bottom_jpg__187__Diode.png,fpic_rf100,test/images/ATTIOT_Bottom_jpg.rf.94cd89169043c7506cde7ced6de19680.jpg,ATTIOT_Bottom_jpg,Diode,100,97,19,18,62,61,component,,,
ATTIOT_Bottom_jpg__189__Pads.png,fpic_rf100,test/images/ATTIOT_Bottom_jpg.rf.94cd89169043c7506cde7ced6de19680.jpg,ATTIOT_Bottom_jpg,Pads,86,84,16,16,54,52,component,,,
ATTIOT_Bottom_jpg__191__Connector.png,fpic_rf100,test/images/ATTIOT_Bottom_jpg.rf.94cd89169043c7506cde7ced6de19680.jpg,ATTIOT_Bottom_jpg,Connector,782,667,1,125,601,417,component,,,
ATTIOT_Bottom_jpg__192__IC.png,fpic_rf100,test/images/ATTIOT_Bottom_jpg.rf.94cd89169043c7506cde7ced6de19680.jpg,ATTIOT_Bottom_jpg,IC,168,170,31,32,105,106,component,,,
ATTIOT_Bottom_jpg__202__Connector.png,fpic_rf100,test/images/ATTIOT_Bottom_jpg.rf.94cd89169043c7506cde7ced6de19680.jpg,ATTIOT_Bottom_jpg,Connector,207,116,39,22,129,72,component,,,
ATTIOT_Bottom_jpg__209__Resistor_Network.png,fpic_rf100,test/images/ATTIOT_Bottom_jpg.rf.94cd89169043c7506cde7ced6de19680.jpg,ATTIOT_Bottom_jpg,Resistor Network,85,144,16,27,53,90,component,,,
ATTIOT_Bottom_jpg__211__IC.png,fpic_rf100,test/images/ATTIOT_Bottom_jpg.rf.94cd89169043c7506cde7ced6de19680.jpg,ATTIOT_Bottom_jpg,IC,748,756,140,142,468,472,component,,,
ATTIOT_Bottom_jpg__213__Connector.png,fpic_rf100,test/images/ATTIOT_Bottom_jpg.rf.94cd89169043c7506cde7ced6de19680.jpg,ATTIOT_Bottom_jpg,Connector,207,111,39,21,129,69,component,,,
ATTIOT_Bottom_jpg__214__Connector.png,fpic_rf100,test/images/ATTIOT_Bottom_jpg.rf.94cd89169043c7506cde7ced6de19680.jpg,ATTIOT_Bottom_jpg,Connector,234,427,53,80,177,267,component,,,
ATTIOT_Bottom_jpg__216__Connector.png,fpic_rf100,test/images/ATTIOT_Bottom_jpg.rf.94cd89169043c7506cde7ced6de19680.jpg,ATTIOT_Bottom_jpg,Connector,108,208,20,39,68,130,component,,,
ATTIOT_Bottom_jpg__217__Diode.png,fpic_rf100,test/images/ATTIOT_Bottom_jpg.rf.94cd89169043c7506cde7ced6de19680.jpg,ATTIOT_Bottom_jpg,Diode,80,138,15,26,50,86,component,,,
ATTIOT_Bottom_jpg__218__Diode.png,fpic_rf100,test/images/ATTIOT_Bottom_jpg.rf.94cd89169043c7506cde7ced6de19680.jpg,ATTIOT_Bottom_jpg,Diode,88,134,16,25,55,84,component,,,
ATTIOT_Bottom_jpg__219__Connector.png,fpic_rf100,test/images/ATTIOT_Bottom_jpg.rf.94cd89169043c7506cde7ced6de19680.jpg,ATTIOT_Bottom_jpg,Connector,106,202,20,38,66,126,component,,,
ATTIOT_Top_JPG_jpg__002__Connector.png,fpic_rf100,train/images/ATTIOT_Top_JPG_jpg.rf.1c69fe2eb6cfe54c5f1e05eb8da5df50.jpg,ATTIOT_Top_JPG_jpg,Connector,334,363,77,68,256,227,component,,,
ATTIOT_Top_JPG_jpg__004__Diode.png,fpic_rf100,train/images/ATTIOT_Top_JPG_jpg.rf.1c69fe2eb6cfe54c5f1e05eb8da5df50.jpg,ATTIOT_Top_JPG_jpg,Diode,85,100,16,19,53,62,component,,,
ATTIOT_Top_JPG_jpg__009__Connector.png,fpic_rf100,train/images/ATTIOT_Top_JPG_jpg.rf.1c69fe2eb6cfe54c5f1e05eb8da5df50.jpg,ATTIOT_Top_JPG_jpg,Connector,721,799,18,150,541,499,component,,,
ATTIOT_Top_JPG_jpg__011__IC.png,fpic_rf100,train/images/ATTIOT_Top_JPG_jpg.rf.1c69fe2eb6cfe54c5f1e05eb8da5df50.jpg,ATTIOT_Top_JPG_jpg,IC,1169,1092,219,205,731,682,component,,,
ATTIOT_Top_JPG_jpg__020__Connector.png,fpic_rf100,train/images/ATTIOT_Top_JPG_jpg.rf.1c69fe2eb6cfe54c5f1e05eb8da5df50.jpg,ATTIOT_Top_JPG_jpg,Connector,219,148,41,28,137,92,component,,,
ATTIOT_Top_JPG_jpg__021__Jumper.png,fpic_rf100,train/images/ATTIOT_Top_JPG_jpg.rf.1c69fe2eb6cfe54c5f1e05eb8da5df50.jpg,ATTIOT_Top_JPG_jpg,Jumper,266,181,50,34,166,113,component,,,
ATTIOT_Top_JPG_jpg__022__Connector.png,fpic_rf100,train/images/ATTIOT_Top_JPG_jpg.rf.1c69fe2eb6cfe54c5f1e05eb8da5df50.jpg,ATTIOT_Top_JPG_jpg,Connector,395,842,74,158,247,526,component,,,
ATTIOT_Top_JPG_jpg__026__Pads.png,fpic_rf100,train/images/ATTIOT_Top_JPG_jpg.rf.1c69fe2eb6cfe54c5f1e05eb8da5df50.jpg,ATTIOT_Top_JPG_jpg,Pads,299,176,56,33,187,110,component,,,
ATTIOT_Top_JPG_jpg__027__Capacitor_Jumper.png,fpic_rf100,train/images/ATTIOT_Top_JPG_jpg.rf.1c69fe2eb6cfe54c5f1e05eb8da5df50.jpg,ATTIOT_Top_JPG_jpg,Capacitor Jumper,132,85,25,16,82,53,component,,,
ATTIOT_Top_JPG_jpg__037__IC.png,fpic_rf100,train/images/ATTIOT_Top_JPG_jpg.rf.1c69fe2eb6cfe54c5f1e05eb8da5df50.jpg,ATTIOT_Top_JPG_jpg,IC,171,156,32,29,107,98,component,,,
ATTIOT_Top_JPG_jpg__038__Capacitor_Jumper.png,fpic_rf100,train/images/ATTIOT_Top_JPG_jpg.rf.1c69fe2eb6cfe54c5f1e05eb8da5df50.jpg,ATTIOT_Top_JPG_jpg,Capacitor Jumper,138,84,26,16,86,52,component,,,
ATTIOT_Top_JPG_jpg__039__Connector.png,fpic_rf100,train/images/ATTIOT_Top_JPG_jpg.rf.1c69fe2eb6cfe54c5f1e05eb8da5df50.jpg,ATTIOT_Top_JPG_jpg,Connector,536,508,112,117,373,390,component,,,
ATTIOT_Top_JPG_jpg__043__IC.png,fpic_rf100,train/images/ATTIOT_Top_JPG_jpg.rf.1c69fe2eb6cfe54c5f1e05eb8da5df50.jpg,ATTIOT_Top_JPG_jpg,IC,122,112,23,21,76,70,component,,,
ATTIOT_Top_JPG_jpg__044__Connector.png,fpic_rf100,train/images/ATTIOT_Top_JPG_jpg.rf.1c69fe2eb6cfe54c5f1e05eb8da5df50.jpg,ATTIOT_Top_JPG_jpg,Connector,1088,276,204,0,680,212,component,,,
ATTIOT_Top_JPG_jpg__046__IC.png,fpic_rf100,train/images/ATTIOT_Top_JPG_jpg.rf.1c69fe2eb6cfe54c5f1e05eb8da5df50.jpg,ATTIOT_Top_JPG_jpg,IC,230,202,43,38,144,126,component,,,
ATTIOT_Top_JPG_jpg__047__Connector.png,fpic_rf100,train/images/ATTIOT_Top_JPG_jpg.rf.1c69fe2eb6cfe54c5f1e05eb8da5df50.jpg,ATTIOT_Top_JPG_jpg,Connector,177,443,0,83,136,277,component,,,
ATTIOT_Top_JPG_jpg__051__Diode.png,fpic_rf100,train/images/ATTIOT_Top_JPG_jpg.rf.1c69fe2eb6cfe54c5f1e05eb8da5df50.jpg,ATTIOT_Top_JPG_jpg,Diode,305,235,57,44,191,147,component,,,
ATTIOT_Top_JPG_jpg__052__Inductor.png,fpic_rf100,train/images/ATTIOT_Top_JPG_jpg.rf.1c69fe2eb6cfe54c5f1e05eb8da5df50.jpg,ATTIOT_Top_JPG_jpg,Inductor,202,234,38,44,126,146,component,,,
ATTIOT_Top_JPG_jpg__053__Capacitor_Jumper.png,fpic_rf100,train/images/ATTIOT_Top_JPG_jpg.rf.1c69fe2eb6cfe54c5f1e05eb8da5df50.jpg,ATTIOT_Top_JPG_jpg,Capacitor Jumper,140,91,26,17,88,57,component,,,
ATTIOT_Top_JPG_jpg__057__Connector.png,fpic_rf100,train/images/ATTIOT_Top_JPG_jpg.rf.1c69fe2eb6cfe54c5f1e05eb8da5df50.jpg,ATTIOT_Top_JPG_jpg,Connector,441,309,83,58,275,193,component,,,
ATTIOT_Top_JPG_jpg__061__Diode.png,fpic_rf100,train/images/ATTIOT_Top_JPG_jpg.rf.1c69fe2eb6cfe54c5f1e05eb8da5df50.jpg,ATTIOT_Top_JPG_jpg,Diode,224,247,42,46,140,155,component,,,
ATTIOT_Top_JPG_jpg__062__Pads.png,fpic_rf100,train/images/ATTIOT_Top_JPG_jpg.rf.1c69fe2eb6cfe54c5f1e05eb8da5df50.jpg,ATTIOT_Top_JPG_jpg,Pads,143,92,27,17,89,58,component,,,
ATTIOT_Top_JPG_jpg__064__Connector.png,fpic_rf100,train/images/ATTIOT_Top_JPG_jpg.rf.1c69fe2eb6cfe54c5f1e05eb8da5df50.jpg,ATTIOT_Top_JPG_jpg,Connector,936,438,176,40,585,306,component,,,
ATTIOT_Top_JPG_jpg__066__Connector.png,fpic_rf100,train/images/ATTIOT_Top_JPG_jpg.rf.1c69fe2eb6cfe54c5f1e05eb8da5df50.jpg,ATTIOT_Top_JPG_jpg,Connector,902,356,169,82,564,273,component,,,
ATTIOT_Top_JPG_jpg__067__Connector.png,fpic_rf100,train/images/ATTIOT_Top_JPG_jpg.rf.1c69fe2eb6cfe54c5f1e05eb8da5df50.jpg,ATTIOT_Top_JPG_jpg,Connector,776,192,146,44,485,147,component,,,
ATTIOT_Top_JPG_jpg__068__Connector.png,fpic_rf100,train/images/ATTIOT_Top_JPG_jpg.rf.1c69fe2eb6cfe54c5f1e05eb8da5df50.jpg,ATTIOT_Top_JPG_jpg,Connector,223,277,51,52,171,173,component,,,
ATTIOT_Top_JPG_jpg__071__Diode.png,fpic_rf100,train/images/ATTIOT_Top_JPG_jpg.rf.1c69fe2eb6cfe54c5f1e05eb8da5df50.jpg,ATTIOT_Top_JPG_jpg,Diode,150,148,28,28,94,92,component,,,
ATTIOT_Top_JPG_jpg__074__Button.png,fpic_rf100,train/images/ATTIOT_Top_JPG_jpg.rf.1c69fe2eb6cfe54c5f1e05eb8da5df50.jpg,ATTIOT_Top_JPG_jpg,Button,479,298,90,15,299,218,component,,,
ATTIOT_Top_JPG_jpg__075__Diode.png,fpic_rf100,train/images/ATTIOT_Top_JPG_jpg.rf.1c69fe2eb6cfe54c5f1e05eb8da5df50.jpg,ATTIOT_Top_JPG_jpg,Diode,95,143,18,27,59,89,component,,,
ATTIOT_Top_JPG_jpg__076__Capacitor_Jumper.png,fpic_rf100,train/images/ATTIOT_Top_JPG_jpg.rf.1c69fe2eb6cfe54c5f1e05eb8da5df50.jpg,ATTIOT_Top_JPG_jpg,Capacitor Jumper,86,132,16,25,54,82,component,,,
ATTIOT_Top_JPG_jpg__078__Inductor.png,fpic_rf100,train/images/ATTIOT_Top_JPG_jpg.rf.1c69fe2eb6cfe54c5f1e05eb8da5df50.jpg,ATTIOT_Top_JPG_jpg,Inductor,116,150,22,28,72,94,component,,,
ATTIOT_Top_JPG_jpg__081__Connector.png,fpic_rf100,train/images/ATTIOT_Top_JPG_jpg.rf.1c69fe2eb6cfe54c5f1e05eb8da5df50.jpg,ATTIOT_Top_JPG_jpg,Connector,342,270,64,0,214,208,component,,,
ATTIOT_Top_JPG_jpg__085__Connector.png,fpic_rf100,train/images/ATTIOT_Top_JPG_jpg.rf.1c69fe2eb6cfe54c5f1e05eb8da5df50.jpg,ATTIOT_Top_JPG_jpg,Connector,528,314,99,59,330,196,component,,,
ATTIOT_Top_JPG_jpg__087__IC.png,fpic_rf100,train/images/ATTIOT_Top_JPG_jpg.rf.1c69fe2eb6cfe54c5f1e05eb8da5df50.jpg,ATTIOT_Top_JPG_jpg,IC,229,203,43,38,143,127,component,,,
ATTIOT_Top_JPG_jpg__094__Connector.png,fpic_rf100,train/images/ATTIOT_Top_JPG_jpg.rf.1c69fe2eb6cfe54c5f1e05eb8da5df50.jpg,ATTIOT_Top_JPG_jpg,Connector,271,399,62,75,208,249,component,,,
ATTIOT_Top_JPG_jpg__103__Connector.png,fpic_rf100,train/images/ATTIOT_Top_JPG_jpg.rf.1c69fe2eb6cfe54c5f1e05eb8da5df50.jpg,ATTIOT_Top_JPG_jpg,Connector,144,216,27,40,90,135,component,,,
ATTIOT_Top_JPG_jpg__105__Connector.png,fpic_rf100,train/images/ATTIOT_Top_JPG_jpg.rf.1c69fe2eb6cfe54c5f1e05eb8da5df50.jpg,ATTIOT_Top_JPG_jpg,Connector,321,532,60,100,201,332,component,,,
ArduinoMega_Bottom_jpg__000__Connector.png,fpic_rf100,train/images/ArduinoMega_Bottom_jpg.rf.42e045f8dfbb85e593287fa807016fda.jpg,ArduinoMega_Bottom_jpg,Connector,213,95,40,18,133,59,component,,,
ArduinoMega_Bottom_jpg__001__Pins.png,fpic_rf100,train/images/ArduinoMega_Bottom_jpg.rf.42e045f8dfbb85e593287fa807016fda.jpg,ArduinoMega_Bottom_jpg,Pins,145,624,27,117,91,390,component,,,
ArduinoMega_Bottom_jpg__002__Connector.png,fpic_rf100,train/images/ArduinoMega_Bottom_jpg.rf.42e045f8dfbb85e593287fa807016fda.jpg,ArduinoMega_Bottom_jpg,Connector,262,447,49,84,164,279,component,,,
ArduinoMega_Bottom_jpg__003__Pins.png,fpic_rf100,train/images/ArduinoMega_Bottom_jpg.rf.42e045f8dfbb85e593287fa807016fda.jpg,ArduinoMega_Bottom_jpg,Pins,193,209,36,39,121,131,component,,,
ArduinoMega_Bottom_jpg__004__Pads.png,fpic_rf100,train/images/ArduinoMega_Bottom_jpg.rf.42e045f8dfbb85e593287fa807016fda.jpg,ArduinoMega_Bottom_jpg,Pads,133,85,25,16,83,53,component,,,
ArduinoMega_Bottom_jpg__005__Pins.png,fpic_rf100,train/images/ArduinoMega_Bottom_jpg.rf.42e045f8dfbb85e593287fa807016fda.jpg,ArduinoMega_Bottom_jpg,Pins,198,1775,37,333,124,1109,component,,,
ArduinoMega_Bottom_jpg__006__Pins.png,fpic_rf100,train/images/ArduinoMega_Bottom_jpg.rf.42e045f8dfbb85e593287fa807016fda.jpg,ArduinoMega_Bottom_jpg,Pins,200,292,38,55,125,182,component,,,
ArduinoMega_Bottom_jpg__007__Pins.png,fpic_rf100,train/images/ArduinoMega_Bottom_jpg.rf.42e045f8dfbb85e593287fa807016fda.jpg,ArduinoMega_Bottom_jpg,Pins,304,95,57,18,190,59,component,,,
ArduinoMega_Bottom_jpg__008__Pins.png,fpic_rf100,train/images/ArduinoMega_Bottom_jpg.rf.42e045f8dfbb85e593287fa807016fda.jpg,ArduinoMega_Bottom_jpg,Pins,465,415,87,78,291,259,component,,,
ArduinoMega_Bottom_jpg__009__Pins.png,fpic_rf100,train/images/ArduinoMega_Bottom_jpg.rf.42e045f8dfbb85e593287fa807016fda.jpg,ArduinoMega_Bottom_jpg,Pins,785,122,147,23,491,76,component,,,
ArduinoMega_Bottom_jpg__010__Pins.png,fpic_rf100,train/images/ArduinoMega_Bottom_jpg.rf.42e045f8dfbb85e593287fa807016fda.jpg,ArduinoMega_Bottom_jpg,Pins,780,112,146,21,488,70,component,,,
ArduinoMega_Bottom_jpg__011__Pins.png,fpic_rf100,train/images/ArduinoMega_Bottom_jpg.rf.42e045f8dfbb85e593287fa807016fda.jpg,ArduinoMega_Bottom_jpg,Pins,763,127,143,24,477,79,component,,,
ArduinoMega_Bottom_jpg__012__Pins.png,fpic_rf100,train/images/ArduinoMega_Bottom_jpg.rf.42e045f8dfbb85e593287fa807016fda.jpg,ArduinoMega_Bottom_jpg,Pins,966,107,181,20,604,67,component,,,
ArduinoMega_Bottom_jpg__013__Pins.png,fpic_rf100,train/images/ArduinoMega_Bottom_jpg.rf.42e045f8dfbb85e593287fa807016fda.jpg,ArduinoMega_Bottom_jpg,Pins,790,118,148,22,494,74,component,,,
ArduinoMega_Bottom_jpg__014__Pins.png,fpic_rf100,train/images/ArduinoMega_Bottom_jpg.rf.42e045f8dfbb85e593287fa807016fda.jpg,ArduinoMega_Bottom_jpg,Pins,772,116,145,22,482,72,component,,,
ArduinoMega_Bottom_jpg__015__Pins.png,fpic_rf100,train/images/ArduinoMega_Bottom_jpg.rf.42e045f8dfbb85e593287fa807016fda.jpg,ArduinoMega_Bottom_jpg,Pins,278,177,52,33,174,111,component,,,
ArduinoMega_Bottom_jpg__016__Pins.png,fpic_rf100,train/images/ArduinoMega_Bottom_jpg.rf.42e045f8dfbb85e593287fa807016fda.jpg,ArduinoMega_Bottom_jpg,Pins,232,96,43,18,145,60,component,,,
ArduinoMega_Bottom_png_jpg__001__Pins.png,fpic_rf100,train/images/ArduinoMega_Bottom_png_jpg.rf.13f7517a523638ca4a4666f186513327.jpg,ArduinoMega_Bottom_png_jpg,Pins,100,315,19,59,62,197,component,,,
ArduinoMega_Bottom_png_jpg__002__Connector.png,fpic_rf100,train/images/ArduinoMega_Bottom_png_jpg.rf.13f7517a523638ca4a4666f186513327.jpg,ArduinoMega_Bottom_png_jpg,Connector,149,232,28,44,93,145,component,,,
ArduinoMega_Bottom_png_jpg__003__Pins.png,fpic_rf100,train/images/ArduinoMega_Bottom_png_jpg.rf.13f7517a523638ca4a4666f186513327.jpg,ArduinoMega_Bottom_png_jpg,Pins,104,112,19,21,65,70,component,,,
ArduinoMega_Bottom_png_jpg__005__Pins.png,fpic_rf100,train/images/ArduinoMega_Bottom_png_jpg.rf.13f7517a523638ca4a4666f186513327.jpg,ArduinoMega_Bottom_png_jpg,Pins,175,888,33,166,109,555,component,,,
ArduinoMega_Bottom_png_jpg__006__Pins.png,fpic_rf100,train/images/ArduinoMega_Bottom_png_jpg.rf.13f7517a523638ca4a4666f186513327.jpg,ArduinoMega_Bottom_png_jpg,Pins,112,152,21,28,70,95,component,,,
ArduinoMega_Bottom_png_jpg__008__Pins.png,fpic_rf100,train/images/ArduinoMega_Bottom_png_jpg.rf.13f7517a523638ca4a4666f186513327.jpg,ArduinoMega_Bottom_png_jpg,Pins,248,224,46,42,155,140,component,,,
ArduinoMega_Bottom_png_jpg__009__Pins.png,fpic_rf100,train/images/ArduinoMega_Bottom_png_jpg.rf.13f7517a523638ca4a4666f186513327.jpg,ArduinoMega_Bottom_png_jpg,Pins,394,92,74,17,246,58,component,,,
ArduinoMega_Bottom_png_jpg__010__Pins.png,fpic_rf100,train/images/ArduinoMega_Bottom_png_jpg.rf.13f7517a523638ca4a4666f186513327.jpg,ArduinoMega_Bottom_png_jpg,Pins,392,87,74,16,245,55,component,,,
ArduinoMega_Bottom_png_jpg__011__Pins.png,fpic_rf100,train/images/ArduinoMega_Bottom_png_jpg.rf.13f7517a523638ca4a4666f186513327.jpg,ArduinoMega_Bottom_png_jpg,Pins,383,96,72,18,239,60,component,,,
ArduinoMega_Bottom_png_jpg__012__Pins.png,fpic_rf100,train/images/ArduinoMega_Bottom_png_jpg.rf.13f7517a523638ca4a4666f186513327.jpg,ArduinoMega_Bottom_png_jpg,Pins,484,95,91,18,302,59,component,,,
ArduinoMega_Bottom_png_jpg__013__Pins.png,fpic_rf100,train/images/ArduinoMega_Bottom_png_jpg.rf.13f7517a523638ca4a4666f186513327.jpg,ArduinoMega_Bottom_png_jpg,Pins,396,91,74,17,248,57,component,,,
ArduinoMega_Bottom_png_jpg__014__Pins.png,fpic_rf100,train/images/ArduinoMega_Bottom_png_jpg.rf.13f7517a523638ca4a4666f186513327.jpg,ArduinoMega_Bottom_png_jpg,Pins,388,90,73,17,242,56,component,,,
ArduinoMega_Bottom_png_jpg__015__Pins.png,fpic_rf100,train/images/ArduinoMega_Bottom_png_jpg.rf.13f7517a523638ca4a4666f186513327.jpg,ArduinoMega_Bottom_png_jpg,Pins,144,100,27,19,90,62,component,,,
ArduinoMega_Top_jpg__002__Connector.png,fpic_rf100,train/images/ArduinoMega_Top_jpg.rf.9515ce5a85c2c606410f01af6b5a5ff6.jpg,ArduinoMega_Top_jpg,Connector,172,171,32,32,108,107,component,,,
ArduinoMega_Top_jpg__005__Resistor_Jumper.png,fpic_rf100,train/images/ArduinoMega_Top_jpg.rf.9515ce5a85c2c606410f01af6b5a5ff6.jpg,ArduinoMega_Top_jpg,Resistor Jumper,76,140,14,26,48,88,component,,,
ArduinoMega_Top_jpg__006__Connector.png,fpic_rf100,train/images/ArduinoMega_Top_jpg.rf.9515ce5a85c2c606410f01af6b5a5ff6.jpg,ArduinoMega_Top_jpg,Connector,640,488,120,92,400,305,component,,,
ArduinoMega_Top_jpg__013__IC.png,fpic_rf100,train/images/ArduinoMega_Top_jpg.rf.9515ce5a85c2c606410f01af6b5a5ff6.jpg,ArduinoMega_Top_jpg,IC,219,236,41,44,137,148,component,,,
ArduinoMega_Top_jpg__019__Connector.png,fpic_rf100,train/images/ArduinoMega_Top_jpg.rf.9515ce5a85c2c606410f01af6b5a5ff6.jpg,ArduinoMega_Top_jpg,Connector,246,1777,46,333,154,1111,component,,,
ArduinoMega_Top_jpg__025__IC.png,fpic_rf100,train/images/ArduinoMega_Top_jpg.rf.9515ce5a85c2c606410f01af6b5a5ff6.jpg,ArduinoMega_Top_jpg,IC,698,689,131,129,436,431,component,,,
ArduinoMega_Top_jpg__026__Button.png,fpic_rf100,train/images/ArduinoMega_Top_jpg.rf.9515ce5a85c2c606410f01af6b5a5ff6.jpg,ArduinoMega_Top_jpg,Button,252,406,47,76,158,254,component,,,
ArduinoMega_Top_jpg__027__Connector.png,fpic_rf100,train/images/ArduinoMega_Top_jpg.rf.9515ce5a85c2c606410f01af6b5a5ff6.jpg,ArduinoMega_Top_jpg,Connector,203,309,38,58,127,193,component,,,
ArduinoMega_Top_jpg__028__Clock.png,fpic_rf100,train/images/ArduinoMega_Top_jpg.rf.9515ce5a85c2c606410f01af6b5a5ff6.jpg,ArduinoMega_Top_jpg,Clock,431,188,81,35,269,118,component,,,
ArduinoMega_Top_jpg__029__IC.png,fpic_rf100,train/images/ArduinoMega_Top_jpg.rf.9515ce5a85c2c606410f01af6b5a5ff6.jpg,ArduinoMega_Top_jpg,IC,123,132,23,25,77,82,component,,,
ArduinoMega_Top_jpg__030__IC.png,fpic_rf100,train/images/ArduinoMega_Top_jpg.rf.9515ce5a85c2c606410f01af6b5a5ff6.jpg,ArduinoMega_Top_jpg,IC,121,181,23,34,75,113,component,,,
ArduinoMega_Top_jpg__032__IC.png,fpic_rf100,train/images/ArduinoMega_Top_jpg.rf.9515ce5a85c2c606410f01af6b5a5ff6.jpg,ArduinoMega_Top_jpg,IC,228,136,43,25,142,85,component,,,
ArduinoMega_Top_jpg__034__IC.png,fpic_rf100,train/images/ArduinoMega_Top_jpg.rf.9515ce5a85c2c606410f01af6b5a5ff6.jpg,ArduinoMega_Top_jpg,IC,336,272,63,51,210,170,component,,,
ArduinoMega_Top_jpg__038__Pads.png,fpic_rf100,train/images/ArduinoMega_Top_jpg.rf.9515ce5a85c2c606410f01af6b5a5ff6.jpg,ArduinoMega_Top_jpg,Pads,140,108,26,20,88,68,component,,,
ArduinoMega_Top_jpg__043__Electrolytic_Capacitor.png,fpic_rf100,train/images/ArduinoMega_Top_jpg.rf.9515ce5a85c2c606410f01af6b5a5ff6.jpg,ArduinoMega_Top_jpg,Electrolytic Capacitor,268,319,50,60,168,199,component,,,
ArduinoMega_Top_jpg__044__Electrolytic_Capacitor.png,fpic_rf100,train/images/ArduinoMega_Top_jpg.rf.9515ce5a85c2c606410f01af6b5a5ff6.jpg,ArduinoMega_Top_jpg,Electrolytic Capacitor,266,321,50,60,166,201,component,,,
ArduinoMega_Top_jpg__046__Connector.png,fpic_rf100,train/images/ArduinoMega_Top_jpg.rf.9515ce5a85c2c606410f01af6b5a5ff6.jpg,ArduinoMega_Top_jpg,Connector,644,484,121,91,402,302,component,,,
ArduinoMega_Top_jpg__047__Connector.png,fpic_rf100,train/images/ArduinoMega_Top_jpg.rf.9515ce5a85c2c606410f01af6b5a5ff6.jpg,ArduinoMega_Top_jpg,Connector,837,111,157,21,523,69,component,,,
ArduinoMega_Top_jpg__048__Connector.png,fpic_rf100,train/images/ArduinoMega_Top_jpg.rf.9515ce5a85c2c606410f01af6b5a5ff6.jpg,ArduinoMega_Top_jpg,Connector,820,106,154,20,512,66,component,,,
ArduinoMega_Top_jpg__049__IC.png,fpic_rf100,train/images/ArduinoMega_Top_jpg.rf.9515ce5a85c2c606410f01af6b5a5ff6.jpg,ArduinoMega_Top_jpg,IC,278,150,52,28,174,94,component,,,
ArduinoMega_Top_jpg__050__Connector.png,fpic_rf100,train/images/ArduinoMega_Top_jpg.rf.9515ce5a85c2c606410f01af6b5a5ff6.jpg,ArduinoMega_Top_jpg,Connector,827,113,155,21,517,71,component,,,
ArduinoMega_Top_jpg__051__Connector.png,fpic_rf100,train/images/ArduinoMega_Top_jpg.rf.9515ce5a85c2c606410f01af6b5a5ff6.jpg,ArduinoMega_Top_jpg,Connector,812,137,152,26,508,85,component,,,
ArduinoMega_Top_jpg__052__Connector.png,fpic_rf100,train/images/ArduinoMega_Top_jpg.rf.9515ce5a85c2c606410f01af6b5a5ff6.jpg,ArduinoMega_Top_jpg,Connector,820,134,154,25,512,84,component,,,
ArduinoMega_Top_jpg__053__Connector.png,fpic_rf100,train/images/ArduinoMega_Top_jpg.rf.9515ce5a85c2c606410f01af6b5a5ff6.jpg,ArduinoMega_Top_jpg,Connector,1019,127,191,24,637,79,component,,,
ArduinoMega_Top_jpg__054__Connector.png,fpic_rf100,train/images/ArduinoMega_Top_jpg.rf.9515ce5a85c2c606410f01af6b5a5ff6.jpg,ArduinoMega_Top_jpg,Connector,292,193,55,36,182,121,component,,,
ArduinoMega_Top_jpg__055__Diode.png,fpic_rf100,train/images/ArduinoMega_Top_jpg.rf.9515ce5a85c2c606410f01af6b5a5ff6.jpg,ArduinoMega_Top_jpg,Diode,76,199,14,37,48,125,component,,,
ArduinoMega_Top_png_jpg__002__Connector.png,fpic_rf100,valid/images/ArduinoMega_Top_png_jpg.rf.adf4311397d790b9e92adcbde2304ab1.jpg,ArduinoMega_Top_png_jpg,Connector,172,171,32,32,108,107,component,,,
ArduinoMega_Top_png_jpg__005__Resistor_Jumper.png,fpic_rf100,valid/images/ArduinoMega_Top_png_jpg.rf.adf4311397d790b9e92adcbde2304ab1.jpg,ArduinoMega_Top_png_jpg,Resistor Jumper,76,140,14,26,48,88,component,,,
ArduinoMega_Top_png_jpg__006__Connector.png,fpic_rf100,valid/images/ArduinoMega_Top_png_jpg.rf.adf4311397d790b9e92adcbde2304ab1.jpg,ArduinoMega_Top_png_jpg,Connector,640,488,120,92,400,305,component,,,
ArduinoMega_Top_png_jpg__013__IC.png,fpic_rf100,valid/images/ArduinoMega_Top_png_jpg.rf.adf4311397d790b9e92adcbde2304ab1.jpg,ArduinoMega_Top_png_jpg,IC,219,236,41,44,137,148,component,,,
ArduinoMega_Top_png_jpg__019__Connector.png,fpic_rf100,valid/images/ArduinoMega_Top_png_jpg.rf.adf4311397d790b9e92adcbde2304ab1.jpg,ArduinoMega_Top_png_jpg,Connector,246,1777,46,333,154,1111,component,,,
ArduinoMega_Top_png_jpg__025__IC.png,fpic_rf100,valid/images/ArduinoMega_Top_png_jpg.rf.adf4311397d790b9e92adcbde2304ab1.jpg,ArduinoMega_Top_png_jpg,IC,698,689,131,129,436,431,component,,,
ArduinoMega_Top_png_jpg__026__Button.png,fpic_rf100,valid/images/ArduinoMega_Top_png_jpg.rf.adf4311397d790b9e92adcbde2304ab1.jpg,ArduinoMega_Top_png_jpg,Button,252,406,47,76,158,254,component,,,
ArduinoMega_Top_png_jpg__027__Connector.png,fpic_rf100,valid/images/ArduinoMega_Top_png_jpg.rf.adf4311397d790b9e92adcbde2304ab1.jpg,ArduinoMega_Top_png_jpg,Connector,203,309,38,58,127,193,component,,,
ArduinoMega_Top_png_jpg__028__Clock.png,fpic_rf100,valid/images/ArduinoMega_Top_png_jpg.rf.adf4311397d790b9e92adcbde2304ab1.jpg,ArduinoMega_Top_png_jpg,Clock,431,188,81,35,269,118,component,,,
ArduinoMega_Top_png_jpg__029__IC.png,fpic_rf100,valid/images/ArduinoMega_Top_png_jpg.rf.adf4311397d790b9e92adcbde2304ab1.jpg,ArduinoMega_Top_png_jpg,IC,123,132,23,25,77,82,component,,,
ArduinoMega_Top_png_jpg__030__IC.png,fpic_rf100,valid/images/ArduinoMega_Top_png_jpg.rf.adf4311397d790b9e92adcbde2304ab1.jpg,ArduinoMega_Top_png_jpg,IC,121,181,23,34,75,113,component,,,
ArduinoMega_Top_png_jpg__032__IC.png,fpic_rf100,valid/images/ArduinoMega_Top_png_jpg.rf.adf4311397d790b9e92adcbde2304ab1.jpg,ArduinoMega_Top_png_jpg,IC,228,136,43,25,142,85,component,,,
ArduinoMega_Top_png_jpg__034__IC.png,fpic_rf100,valid/images/ArduinoMega_Top_png_jpg.rf.adf4311397d790b9e92adcbde2304ab1.jpg,ArduinoMega_Top_png_jpg,IC,336,272,63,51,210,170,component,,,
ArduinoMega_Top_png_jpg__038__Pads.png,fpic_rf100,valid/images/ArduinoMega_Top_png_jpg.rf.adf4311397d790b9e92adcbde2304ab1.jpg,ArduinoMega_Top_png_jpg,Pads,140,108,26,20,88,68,component,,,
ArduinoMega_Top_png_jpg__043__Electrolytic_Capacitor.png,fpic_rf100,valid/images/ArduinoMega_Top_png_jpg.rf.adf4311397d790b9e92adcbde2304ab1.jpg,ArduinoMega_Top_png_jpg,Electrolytic Capacitor,268,319,50,60,168,199,component,,,
ArduinoMega_Top_png_jpg__044__Electrolytic_Capacitor.png,fpic_rf100,valid/images/ArduinoMega_Top_png_jpg.rf.adf4311397d790b9e92adcbde2304ab1.jpg,ArduinoMega_Top_png_jpg,Electrolytic Capacitor,266,321,50,60,166,201,component,,,
ArduinoMega_Top_png_jpg__046__Connector.png,fpic_rf100,valid/images/ArduinoMega_Top_png_jpg.rf.adf4311397d790b9e92adcbde2304ab1.jpg,ArduinoMega_Top_png_jpg,Connector,644,484,121,91,402,302,component,,,
ArduinoMega_Top_png_jpg__047__Connector.png,fpic_rf100,valid/images/ArduinoMega_Top_png_jpg.rf.adf4311397d790b9e92adcbde2304ab1.jpg,ArduinoMega_Top_png_jpg,Connector,837,111,157,21,523,69,component,,,
ArduinoMega_Top_png_jpg__048__Connector.png,fpic_rf100,valid/images/ArduinoMega_Top_png_jpg.rf.adf4311397d790b9e92adcbde2304ab1.jpg,ArduinoMega_Top_png_jpg,Connector,820,106,154,20,512,66,component,,,
ArduinoMega_Top_png_jpg__049__IC.png,fpic_rf100,valid/images/ArduinoMega_Top_png_jpg.rf.adf4311397d790b9e92adcbde2304ab1.jpg,ArduinoMega_Top_png_jpg,IC,278,150,52,28,174,94,component,,,
ArduinoMega_Top_png_jpg__050__Connector.png,fpic_rf100,valid/images/ArduinoMega_Top_png_jpg.rf.adf4311397d790b9e92adcbde2304ab1.jpg,ArduinoMega_Top_png_jpg,Connector,827,113,155,21,517,71,component,,,
ArduinoMega_Top_png_jpg__051__Connector.png,fpic_rf100,valid/images/ArduinoMega_Top_png_jpg.rf.adf4311397d790b9e92adcbde2304ab1.jpg,ArduinoMega_Top_png_jpg,Connector,812,137,152,26,508,85,component,,,
ArduinoMega_Top_png_jpg__052__Connector.png,fpic_rf100,valid/images/ArduinoMega_Top_png_jpg.rf.adf4311397d790b9e92adcbde2304ab1.jpg,ArduinoMega_Top_png_jpg,Connector,820,134,154,25,512,84,component,,,
ArduinoMega_Top_png_jpg__053__Connector.png,fpic_rf100,valid/images/ArduinoMega_Top_png_jpg.rf.adf4311397d790b9e92adcbde2304ab1.jpg,ArduinoMega_Top_png_jpg,Connector,1019,127,191,24,637,79,component,,,
ArduinoMega_Top_png_jpg__054__Connector.png,fpic_rf100,valid/images/ArduinoMega_Top_png_jpg.rf.adf4311397d790b9e92adcbde2304ab1.jpg,ArduinoMega_Top_png_jpg,Connector,292,193,55,36,182,121,component,,,
ArduinoMega_Top_png_jpg__055__Diode.png,fpic_rf100,valid/images/ArduinoMega_Top_png_jpg.rf.adf4311397d790b9e92adcbde2304ab1.jpg,ArduinoMega_Top_png_jpg,Diode,76,199,14,37,48,125,component,,,
Arty_Bottom_jpg__019__Pins.png,fpic_rf100,test/images/Arty_Bottom_jpg.rf.16f36245a0765afee4ea9dd43ae09f68.jpg,Arty_Bottom_jpg,Pins,122,200,23,38,76,125,component,,,
Arty_Bottom_jpg__020__Pins.png,fpic_rf100,test/images/Arty_Bottom_jpg.rf.16f36245a0765afee4ea9dd43ae09f68.jpg,Arty_Bottom_jpg,Pins,85,564,16,106,53,352,component,,,
Arty_Bottom_jpg__032__Capacitor_Jumper.png,fpic_rf100,test/images/Arty_Bottom_jpg.rf.16f36245a0765afee4ea9dd43ae09f68.jpg,Arty_Bottom_jpg,Capacitor Jumper,116,84,22,16,72,52,component,,,
Arty_Bottom_jpg__094__IC.png,fpic_rf100,test/images/Arty_Bottom_jpg.rf.16f36245a0765afee4ea9dd43ae09f68.jpg,Arty_Bottom_jpg,IC,117,133,22,25,73,83,component,,,
Arty_Bottom_jpg__107__Pins.png,fpic_rf100,test/images/Arty_Bottom_jpg.rf.16f36245a0765afee4ea9dd43ae09f68.jpg,Arty_Bottom_jpg,Pins,134,132,25,25,84,82,component,,,
Arty_Bottom_jpg__108__Capacitor_Jumper.png,fpic_rf100,test/images/Arty_Bottom_jpg.rf.16f36245a0765afee4ea9dd43ae09f68.jpg,Arty_Bottom_jpg,Capacitor Jumper,90,88,17,17,56,55,component,,,
Arty_Bottom_jpg__135__IC.png,fpic_rf100,test/images/Arty_Bottom_jpg.rf.16f36245a0765afee4ea9dd43ae09f68.jpg,Arty_Bottom_jpg,IC,113,129,21,24,71,81,component,,,
Arty_Bottom_jpg__143__Transistor.png,fpic_rf100,test/images/Arty_Bottom_jpg.rf.16f36245a0765afee4ea9dd43ae09f68.jpg,Arty_Bottom_jpg,Transistor,188,156,35,29,118,98,component,,,
Arty_Bottom_jpg__147__Pins.png,fpic_rf100,test/images/Arty_Bottom_jpg.rf.16f36245a0765afee4ea9dd43ae09f68.jpg,Arty_Bottom_jpg,Pins,234,223,44,42,146,139,component,,,
Arty_Bottom_jpg__148__Pins.png,fpic_rf100,test/images/Arty_Bottom_jpg.rf.16f36245a0765afee4ea9dd43ae09f68.jpg,Arty_Bottom_jpg,Pins,428,138,80,26,268,86,component,,,
Arty_Bottom_jpg__149__Pins.png,fpic_rf100,test/images/Arty_Bottom_jpg.rf.16f36245a0765afee4ea9dd43ae09f68.jpg,Arty_Bottom_jpg,Pins,582,134,109,25,364,84,component,,,
Arty_Bottom_jpg__180__IC.png,fpic_rf100,test/images/Arty_Bottom_jpg.rf.16f36245a0765afee4ea9dd43ae09f68.jpg,Arty_Bottom_jpg,IC,90,95,17,18,56,59,component,,,
Arty_Bottom_jpg__181__Transistor.png,fpic_rf100,test/images/Arty_Bottom_jpg.rf.16f36245a0765afee4ea9dd43ae09f68.jpg,Arty_Bottom_jpg,Transistor,95,95,18,18,59,59,component,,,
Arty_Bottom_jpg__286__Pins.png,fpic_rf100,test/images/Arty_Bottom_jpg.rf.16f36245a0765afee4ea9dd43ae09f68.jpg,Arty_Bottom_jpg,Pins,424,128,79,24,265,80,component,,,
Arty_Bottom_jpg__287__Pins.png,fpic_rf100,test/images/Arty_Bottom_jpg.rf.16f36245a0765afee4ea9dd43ae09f68.jpg,Arty_Bottom_jpg,Pins,424,129,79,24,265,81,component,,,
Arty_Bottom_jpg__288__Pins.png,fpic_rf100,test/images/Arty_Bottom_jpg.rf.16f36245a0765afee4ea9dd43ae09f68.jpg,Arty_Bottom_jpg,Pins,427,129,80,24,267,81,component,,,
Arty_Bottom_jpg__289__Pins.png,fpic_rf100,test/images/Arty_Bottom_jpg.rf.16f36245a0765afee4ea9dd43ae09f68.jpg,Arty_Bottom_jpg,Pins,427,129,80,24,267,81,component,,,
Arty_Bottom_jpg__298__Transistor.png,fpic_rf100,test/images/Arty_Bottom_jpg.rf.16f36245a0765afee4ea9dd43ae09f68.jpg,Arty_Bottom_jpg,Transistor,96,90,18,17,60,56,component,,,
Arty_Bottom_jpg__308__IC.png,fpic_rf100,test/images/Arty_Bottom_jpg.rf.16f36245a0765afee4ea9dd43ae09f68.jpg,Arty_Bottom_jpg,IC,107,90,20,17,67,56,component,,,
Arty_Bottom_jpg__345__Pins.png,fpic_rf100,test/images/Arty_Bottom_jpg.rf.16f36245a0765afee4ea9dd43ae09f68.jpg,Arty_Bottom_jpg,Pins,575,138,108,26,359,86,component,,,
Arty_Bottom_jpg__347__Pins.png,fpic_rf100,test/images/Arty_Bottom_jpg.rf.16f36245a0765afee4ea9dd43ae09f68.jpg,Arty_Bottom_jpg,Pins,726,133,136,25,454,83,component,,,
Arty_Bottom_jpg__348__Connector.png,fpic_rf100,test/images/Arty_Bottom_jpg.rf.16f36245a0765afee4ea9dd43ae09f68.jpg,Arty_Bottom_jpg,Connector,97,252,19,47,64,158,component,,,
Arty_Bottom_jpg__366__IC.png,fpic_rf100,test/images/Arty_Bottom_jpg.rf.16f36245a0765afee4ea9dd43ae09f68.jpg,Arty_Bottom_jpg,IC,101,117,19,22,63,73,component,,,
Arty_Bottom_jpg__375__Pads.png,fpic_rf100,test/images/Arty_Bottom_jpg.rf.16f36245a0765afee4ea9dd43ae09f68.jpg,Arty_Bottom_jpg,Pads,264,166,50,31,165,104,component,,,
Arty_Bottom_jpg__379__Capacitor_Jumper.png,fpic_rf100,test/images/Arty_Bottom_jpg.rf.16f36245a0765afee4ea9dd43ae09f68.jpg,Arty_Bottom_jpg,Capacitor Jumper,144,139,27,26,90,87,component,,,
Arty_Bottom_jpg__381__Capacitor_Jumper.png,fpic_rf100,test/images/Arty_Bottom_jpg.rf.16f36245a0765afee4ea9dd43ae09f68.jpg,Arty_Bottom_jpg,Capacitor Jumper,90,85,17,16,56,53,component,,,
Arty_Top_jpg__006__Inductor.png,fpic_rf100,test/images/Arty_Top_jpg.rf.5d15b4645b32647b6439efa7fe4e3942.jpg,Arty_Top_jpg,Inductor,180,161,34,30,112,101,component,,,
Arty_Top_jpg__007__Connector.png,fpic_rf100,test/images/Arty_Top_jpg.rf.5d15b4645b32647b6439efa7fe4e3942.jpg,Arty_Top_jpg,Connector,154,188,29,35,96,118,component,,,
Arty_Top_jpg__009__Connector.png,fpic_rf100,test/images/Arty_Top_jpg.rf.5d15b4645b32647b6439efa7fe4e3942.jpg,Arty_Top_jpg,Connector,577,113,108,21,361,71,component,,,
Arty_Top_jpg__010__Connector.png,fpic_rf100,test/images/Arty_Top_jpg.rf.5d15b4645b32647b6439efa7fe4e3942.jpg,Arty_Top_jpg,Connector,460,113,86,21,288,71,component,,,
Arty_Top_jpg__011__IC.png,fpic_rf100,test/images/Arty_Top_jpg.rf.5d15b4645b32647b6439efa7fe4e3942.jpg,Arty_Top_jpg,IC,245,241,46,45,153,151,component,,,
Arty_Top_jpg__012__IC.png,fpic_rf100,test/images/Arty_Top_jpg.rf.5d15b4645b32647b6439efa7fe4e3942.jpg,Arty_Top_jpg,IC,214,207,40,39,134,129,component,,,
Arty_Top_jpg__019__IC.png,fpic_rf100,test/images/Arty_Top_jpg.rf.5d15b4645b32647b6439efa7fe4e3942.jpg,Arty_Top_jpg,IC,100,97,19,18,62,61,component,,,
Arty_Top_jpg__042__IC.png,fpic_rf100,test/images/Arty_Top_jpg.rf.5d15b4645b32647b6439efa7fe4e3942.jpg,Arty_Top_jpg,IC,144,144,27,27,90,90,component,,,
Arty_Top_jpg__047__Connector.png,fpic_rf100,test/images/Arty_Top_jpg.rf.5d15b4645b32647b6439efa7fe4e3942.jpg,Arty_Top_jpg,Connector,608,385,114,72,380,241,component,,,
Arty_Top_jpg__048__Connector.png,fpic_rf100,test/images/Arty_Top_jpg.rf.5d15b4645b32647b6439efa7fe4e3942.jpg,Arty_Top_jpg,Connector,128,180,24,34,80,112,component,,,
Arty_Top_jpg__053__IC.png,fpic_rf100,test/images/Arty_Top_jpg.rf.5d15b4645b32647b6439efa7fe4e3942.jpg,Arty_Top_jpg,IC,220,310,41,58,138,194,component,,,
Arty_Top_jpg__054__IC.png,fpic_rf100,test/images/Arty_Top_jpg.rf.5d15b4645b32647b6439efa7fe4e3942.jpg,Arty_Top_jpg,IC,481,465,90,87,301,291,component,,,
Arty_Top_jpg__082__Inductor.png,fpic_rf100,test/images/Arty_Top_jpg.rf.5d15b4645b32647b6439efa7fe4e3942.jpg,Arty_Top_jpg,Inductor,138,134,26,25,86,84,component,,,
Arty_Top_jpg__083__Inductor.png,fpic_rf100,test/images/Arty_Top_jpg.rf.5d15b4645b32647b6439efa7fe4e3942.jpg,Arty_Top_jpg,Inductor,92,90,17,17,58,56,component,,,
Arty_Top_jpg__090__IC.png,fpic_rf100,test/images/Arty_Top_jpg.rf.5d15b4645b32647b6439efa7fe4e3942.jpg,Arty_Top_jpg,IC,166,165,31,31,104,103,component,,,
Arty_Top_jpg__095__Connector.png,fpic_rf100,test/images/Arty_Top_jpg.rf.5d15b4645b32647b6439efa7fe4e3942.jpg,Arty_Top_jpg,Connector,344,213,65,40,215,133,component,,,
Arty_Top_jpg__102__Inductor.png,fpic_rf100,test/images/Arty_Top_jpg.rf.5d15b4645b32647b6439efa7fe4e3942.jpg,Arty_Top_jpg,Inductor,92,91,17,17,58,57,component,,,
Arty_Top_jpg__103__Connector.png,fpic_rf100,test/images/Arty_Top_jpg.rf.5d15b4645b32647b6439efa7fe4e3942.jpg,Arty_Top_jpg,Connector,358,127,67,24,224,79,component,,,
Arty_Top_jpg__105__Connector.png,fpic_rf100,test/images/Arty_Top_jpg.rf.5d15b4645b32647b6439efa7fe4e3942.jpg,Arty_Top_jpg,Connector,456,113,86,21,285,71,component,,,
Arty_Top_jpg__106__Inductor.png,fpic_rf100,test/images/Arty_Top_jpg.rf.5d15b4645b32647b6439efa7fe4e3942.jpg,Arty_Top_jpg,Inductor,92,92,17,17,58,58,component,,,
Arty_Top_jpg__122__Switch.png,fpic_rf100,test/images/Arty_Top_jpg.rf.5d15b4645b32647b6439efa7fe4e3942.jpg,Arty_Top_jpg,Switch,136,276,26,52,85,172,component,,,
Arty_Top_jpg__123__Switch.png,fpic_rf100,test/images/Arty_Top_jpg.rf.5d15b4645b32647b6439efa7fe4e3942.jpg,Arty_Top_jpg,Switch,136,273,25,51,85,171,component,,,
Arty_Top_jpg__124__Switch.png,fpic_rf100,test/images/Arty_Top_jpg.rf.5d15b4645b32647b6439efa7fe4e3942.jpg,Arty_Top_jpg,Switch,134,273,25,51,84,171,component,,,
Arty_Top_jpg__125__Switch.png,fpic_rf100,test/images/Arty_Top_jpg.rf.5d15b4645b32647b6439efa7fe4e3942.jpg,Arty_Top_jpg,Switch,136,273,26,51,85,171,component,,,
Arty_Top_jpg__126__Button.png,fpic_rf100,test/images/Arty_Top_jpg.rf.5d15b4645b32647b6439efa7fe4e3942.jpg,Arty_Top_jpg,Button,112,202,21,38,70,126,component,,,
Arty_Top_jpg__127__Button.png,fpic_rf100,test/images/Arty_Top_jpg.rf.5d15b4645b32647b6439efa7fe4e3942.jpg,Arty_Top_jpg,Button,116,202,22,38,72,126,component,,,
Arty_Top_jpg__128__Button.png,fpic_rf100,test/images/Arty_Top_jpg.rf.5d15b4645b32647b6439efa7fe4e3942.jpg,Arty_Top_jpg,Button,111,208,21,39,69,130,component,,,
Arty_Top_jpg__129__Button.png,fpic_rf100,test/images/Arty_Top_jpg.rf.5d15b4645b32647b6439efa7fe4e3942.jpg,Arty_Top_jpg,Button,112,202,21,38,70,126,component,,,
Arty_Top_jpg__146__Button.png,fpic_rf100,test/images/Arty_Top_jpg.rf.5d15b4645b32647b6439efa7fe4e3942.jpg,Arty_Top_jpg,Button,207,116,39,22,129,72,component,,,
Arty_Top_jpg__147__Button.png,fpic_rf100,test/images/Arty_Top_jpg.rf.5d15b4645b32647b6439efa7fe4e3942.jpg,Arty_Top_jpg,Button,209,113,39,21,131,71,component,,,
Arty_Top_jpg__148__Connector.png,fpic_rf100,test/images/Arty_Top_jpg.rf.5d15b4645b32647b6439efa7fe4e3942.jpg,Arty_Top_jpg,Connector,364,326,68,61,228,204,component,,,
Arty_Top_jpg__149__Connector.png,fpic_rf100,test/images/Arty_Top_jpg.rf.5d15b4645b32647b6439efa7fe4e3942.jpg,Arty_Top_jpg,Connector,368,315,69,59,230,197,component,,,
Arty_Top_jpg__150__Connector.png,fpic_rf100,test/images/Arty_Top_jpg.rf.5d15b4645b32647b6439efa7fe4e3942.jpg,Arty_Top_jpg,Connector,351,321,66,60,219,201,component,,,
Arty_Top_jpg__151__Connector.png,fpic_rf100,test/images/Arty_Top_jpg.rf.5d15b4645b32647b6439efa7fe4e3942.jpg,Arty_Top_jpg,Connector,356,316,67,59,222,198,component,,,
DigitalDiscovery_jpg__003__IC.png,fpic_rf100,train/images/DigitalDiscovery_jpg.rf.17421997678c48062b36b1956f379cad.jpg,DigitalDiscovery_jpg,IC,106,105,20,20,66,65,component,,,
DigitalDiscovery_jpg__056__IC.png,fpic_rf100,train/images/DigitalDiscovery_jpg.rf.17421997678c48062b36b1956f379cad.jpg,DigitalDiscovery_jpg,IC,112,101,21,19,70,63,component,,,
DigitalDiscovery_jpg__088__Inductor.png,fpic_rf100,train/images/DigitalDiscovery_jpg.rf.17421997678c48062b36b1956f379cad.jpg,DigitalDiscovery_jpg,Inductor,187,216,18,41,130,135,component,,,
DigitalDiscovery_jpg__089__Led.png,fpic_rf100,train/images/DigitalDiscovery_jpg.rf.17421997678c48062b36b1956f379cad.jpg,DigitalDiscovery_jpg,Led,90,80,17,15,56,50,component,,,
DigitalDiscovery_jpg__091__Led.png,fpic_rf100,train/images/DigitalDiscovery_jpg.rf.17421997678c48062b36b1956f379cad.jpg,DigitalDiscovery_jpg,Led,86,79,16,15,54,49,component,,,
DigitalDiscovery_jpg__093__Connector.png,fpic_rf100,train/images/DigitalDiscovery_jpg.rf.17421997678c48062b36b1956f379cad.jpg,DigitalDiscovery_jpg,Connector,1188,404,223,93,742,310,component,,,
DigitalDiscovery_jpg__094__Connector.png,fpic_rf100,train/images/DigitalDiscovery_jpg.rf.17421997678c48062b36b1956f379cad.jpg,DigitalDiscovery_jpg,Connector,262,197,49,16,164,139,component,,,
DigitalDiscovery_jpg__095__IC.png,fpic_rf100,train/images/DigitalDiscovery_jpg.rf.17421997678c48062b36b1956f379cad.jpg,DigitalDiscovery_jpg,IC,112,101,21,19,70,63,component,,,
DigitalDiscovery_jpg__099__Resistor.png,fpic_rf100,train/images/DigitalDiscovery_jpg.rf.17421997678c48062b36b1956f379cad.jpg,DigitalDiscovery_jpg,Resistor,76,134,14,25,48,84,component,,,
DigitalDiscovery_jpg__114__IC.png,fpic_rf100,train/images/DigitalDiscovery_jpg.rf.17421997678c48062b36b1956f379cad.jpg,DigitalDiscovery_jpg,IC,281,277,53,52,175,173,component,,,
DigitalDiscovery_jpg__119__Inductor.png,fpic_rf100,train/images/DigitalDiscovery_jpg.rf.17421997678c48062b36b1956f379cad.jpg,DigitalDiscovery_jpg,Inductor,273,256,51,48,171,160,component,,,
DigitalDiscovery_jpg__121__Inductor.png,fpic_rf100,train/images/DigitalDiscovery_jpg.rf.17421997678c48062b36b1956f379cad.jpg,DigitalDiscovery_jpg,Inductor,175,257,40,48,134,161,component,,,
DigitalDiscovery_jpg__124__IC.png,fpic_rf100,train/images/DigitalDiscovery_jpg.rf.17421997678c48062b36b1956f379cad.jpg,DigitalDiscovery_jpg,IC,111,92,21,17,69,58,component,,,
DigitalDiscovery_jpg__141__Inductor.png,fpic_rf100,train/images/DigitalDiscovery_jpg.rf.17421997678c48062b36b1956f379cad.jpg,DigitalDiscovery_jpg,Inductor,191,197,36,37,119,123,component,,,
DigitalDiscovery_jpg__147__IC.png,fpic_rf100,train/images/DigitalDiscovery_jpg.rf.17421997678c48062b36b1956f379cad.jpg,DigitalDiscovery_jpg,IC,440,324,82,61,275,202,component,,,
DigitalDiscovery_jpg__165__Connector.png,fpic_rf100,train/images/DigitalDiscovery_jpg.rf.17421997678c48062b36b1956f379cad.jpg,DigitalDiscovery_jpg,Connector,406,491,29,92,290,307,component,,,
DigitalDiscovery_jpg__166__Connector.png,fpic_rf100,train/images/DigitalDiscovery_jpg.rf.17421997678c48062b36b1956f379cad.jpg,DigitalDiscovery_jpg,Connector,360,484,83,91,276,302,component,,,
DigitalDiscovery_jpg__171__IC.png,fpic_rf100,train/images/DigitalDiscovery_jpg.rf.17421997678c48062b36b1956f379cad.jpg,DigitalDiscovery_jpg,IC,223,251,42,47,139,157,component,,,
DigitalDiscovery_jpg__174__IC.png,fpic_rf100,train/images/DigitalDiscovery_jpg.rf.17421997678c48062b36b1956f379cad.jpg,DigitalDiscovery_jpg,IC,484,480,91,90,302,300,component,,,
DigitalDiscovery_jpg__178__IC.png,fpic_rf100,train/images/DigitalDiscovery_jpg.rf.17421997678c48062b36b1956f379cad.jpg,DigitalDiscovery_jpg,IC,255,225,48,42,159,141,component,,,
DigitalDiscovery_jpg__192__Transistor.png,fpic_rf100,train/images/DigitalDiscovery_jpg.rf.17421997678c48062b36b1956f379cad.jpg,DigitalDiscovery_jpg,Transistor,252,223,47,42,158,139,component,,,
DuetWIFI_Bottom_jpg__000__Connector.png,fpic_rf100,valid/images/DuetWIFI_Bottom_jpg.rf.97e79ba5f8d658e236b8789b01700423.jpg,DuetWIFI_Bottom_jpg,Connector,102,390,19,73,64,244,component,,,
DuetWIFI_Bottom_jpg__001__Pins.png,fpic_rf100,valid/images/DuetWIFI_Bottom_jpg.rf.97e79ba5f8d658e236b8789b01700423.jpg,DuetWIFI_Bottom_jpg,Pins,267,181,50,34,167,113,component,,,
DuetWIFI_Bottom_jpg__002__Connector.png,fpic_rf100,valid/images/DuetWIFI_Bottom_jpg.rf.97e79ba5f8d658e236b8789b01700423.jpg,DuetWIFI_Bottom_jpg,Connector,196,267,37,50,122,167,component,,,
DuetWIFI_Bottom_jpg__003__Connector.png,fpic_rf100,valid/images/DuetWIFI_Bottom_jpg.rf.97e79ba5f8d658e236b8789b01700423.jpg,DuetWIFI_Bottom_jpg,Connector,392,111,74,21,245,69,component,,,
DuetWIFI_Bottom_jpg__004__Pins.png,fpic_rf100,valid/images/DuetWIFI_Bottom_jpg.rf.97e79ba5f8d658e236b8789b01700423.jpg,DuetWIFI_Bottom_jpg,Pins,282,746,53,140,176,466,component,,,
DuetWIFI_Bottom_jpg__005__Pins.png,fpic_rf100,valid/images/DuetWIFI_Bottom_jpg.rf.97e79ba5f8d658e236b8789b01700423.jpg,DuetWIFI_Bottom_jpg,Pins,293,300,55,56,183,188,component,,,
DuetWIFI_Bottom_jpg__006__Pins.png,fpic_rf100,valid/images/DuetWIFI_Bottom_jpg.rf.97e79ba5f8d658e236b8789b01700423.jpg,DuetWIFI_Bottom_jpg,Pins,90,390,17,73,56,244,component,,,
DuetWIFI_Bottom_jpg__007__Connector.png,fpic_rf100,valid/images/DuetWIFI_Bottom_jpg.rf.97e79ba5f8d658e236b8789b01700423.jpg,DuetWIFI_Bottom_jpg,Connector,91,392,17,73,57,245,component,,,
DuetWIFI_Bottom_jpg__008__Connector.png,fpic_rf100,valid/images/DuetWIFI_Bottom_jpg.rf.97e79ba5f8d658e236b8789b01700423.jpg,DuetWIFI_Bottom_jpg,Connector,170,257,32,48,106,161,component,,,
DuetWIFI_Bottom_jpg__009__Connector.png,fpic_rf100,valid/images/DuetWIFI_Bottom_jpg.rf.97e79ba5f8d658e236b8789b01700423.jpg,DuetWIFI_Bottom_jpg,Connector,136,287,25,54,85,179,component,,,
DuetWIFI_Bottom_jpg__010__Pins.png,fpic_rf100,valid/images/DuetWIFI_Bottom_jpg.rf.97e79ba5f8d658e236b8789b01700423.jpg,DuetWIFI_Bottom_jpg,Pins,92,212,17,40,58,132,component,,,
DuetWIFI_Bottom_jpg__011__Pads.png,fpic_rf100,valid/images/DuetWIFI_Bottom_jpg.rf.97e79ba5f8d658e236b8789b01700423.jpg,DuetWIFI_Bottom_jpg,Pads,121,86,23,16,75,54,component,,,
DuetWIFI_Bottom_jpg__012__Pins.png,fpic_rf100,valid/images/DuetWIFI_Bottom_jpg.rf.97e79ba5f8d658e236b8789b01700423.jpg,DuetWIFI_Bottom_jpg,Pins,175,465,33,87,109,291,component,,,
DuetWIFI_Bottom_jpg__013__Pins.png,fpic_rf100,valid/images/DuetWIFI_Bottom_jpg.rf.97e79ba5f8d658e236b8789b01700423.jpg,DuetWIFI_Bottom_jpg,Pins,480,104,90,20,300,65,component,,,
DuetWIFI_Bottom_jpg__014__Pins.png,fpic_rf100,valid/images/DuetWIFI_Bottom_jpg.rf.97e79ba5f8d658e236b8789b01700423.jpg,DuetWIFI_Bottom_jpg,Pins,92,212,17,40,58,132,component,,,
DuetWIFI_Bottom_jpg__015__Pins.png,fpic_rf100,valid/images/DuetWIFI_Bottom_jpg.rf.97e79ba5f8d658e236b8789b01700423.jpg,DuetWIFI_Bottom_jpg,Pins,384,188,72,35,240,118,component,,,
DuetWIFI_Bottom_jpg__016__Pins.png,fpic_rf100,valid/images/DuetWIFI_Bottom_jpg.rf.97e79ba5f8d658e236b8789b01700423.jpg,DuetWIFI_Bottom_jpg,Pins,484,112,91,21,302,70,component,,,
DuetWIFI_Bottom_jpg__017__Pins.png,fpic_rf100,valid/images/DuetWIFI_Bottom_jpg.rf.97e79ba5f8d658e236b8789b01700423.jpg,DuetWIFI_Bottom_jpg,Pins,151,156,28,29,95,98,component,,,
DuetWIFI_Bottom_jpg__018__Pins.png,fpic_rf100,valid/images/DuetWIFI_Bottom_jpg.rf.97e79ba5f8d658e236b8789b01700423.jpg,DuetWIFI_Bottom_jpg,Pins,181,246,34,46,113,154,component,,,
DuetWIFI_Bottom_jpg__019__Connector.png,fpic_rf100,valid/images/DuetWIFI_Bottom_jpg.rf.97e79ba5f8d658e236b8789b01700423.jpg,DuetWIFI_Bottom_jpg,Connector,138,182,26,34,86,114,component,,,
DuetWIFI_Bottom_jpg__020__Pins.png,fpic_rf100,valid/images/DuetWIFI_Bottom_jpg.rf.97e79ba5f8d658e236b8789b01700423.jpg,DuetWIFI_Bottom_jpg,Pins,287,116,54,22,179,72,component,,,
DuetWIFI_Bottom_jpg__021__Pins.png,fpic_rf100,valid/images/DuetWIFI_Bottom_jpg.rf.97e79ba5f8d658e236b8789b01700423.jpg,DuetWIFI_Bottom_jpg,Pins,161,196,30,37,101,122,component,,,
DuetWIFI_Bottom_jpg__022__Connector.png,fpic_rf100,valid/images/DuetWIFI_Bottom_jpg.rf.97e79ba5f8d658e236b8789b01700423.jpg,DuetWIFI_Bottom_jpg,Connector,280,101,52,19,175,63,component,,,
DuetWIFI_Bottom_jpg__023__Pins.png,fpic_rf100,valid/images/DuetWIFI_Bottom_jpg.rf.97e79ba5f8d658e236b8789b01700423.jpg,DuetWIFI_Bottom_jpg,Pins,151,156,28,29,95,98,component,,,
DuetWIFI_Bottom_jpg__024__Pins.png,fpic_rf100,valid/images/DuetWIFI_Bottom_jpg.rf.97e79ba5f8d658e236b8789b01700423.jpg,DuetWIFI_Bottom_jpg,Pins,288,140,54,26,180,88,component,,,
DuetWIFI_Bottom_jpg__025__Pins.png,fpic_rf100,valid/images/DuetWIFI_Bottom_jpg.rf.97e79ba5f8d658e236b8789b01700423.jpg,DuetWIFI_Bottom_jpg,Pins,283,152,53,29,177,95,component,,,
DuetWIFI_Bottom_jpg__026__Pins.png,fpic_rf100,valid/images/DuetWIFI_Bottom_jpg.rf.97e79ba5f8d658e236b8789b01700423.jpg,DuetWIFI_Bottom_jpg,Pins,288,155,54,29,180,97,component,,,
DuetWIFI_Bottom_jpg__027__Connector.png,fpic_rf100,valid/images/DuetWIFI_Bottom_jpg.rf.97e79ba5f8d658e236b8789b01700423.jpg,DuetWIFI_Bottom_jpg,Connector,164,245,31,46,102,153,component,,,
DuetWIFI_Bottom_jpg__028__Pins.png,fpic_rf100,valid/images/DuetWIFI_Bottom_jpg.rf.97e79ba5f8d658e236b8789b01700423.jpg,DuetWIFI_Bottom_jpg,Pins,209,164,39,31,131,102,component,,,
DuetWIFI_Bottom_jpg__029__Connector.png,fpic_rf100,valid/images/DuetWIFI_Bottom_jpg.rf.97e79ba5f8d658e236b8789b01700423.jpg,DuetWIFI_Bottom_jpg,Connector,177,187,33,35,111,117,component,,,
DuetWIFI_Bottom_jpg__032__Connector.png,fpic_rf100,valid/images/DuetWIFI_Bottom_jpg.rf.97e79ba5f8d658e236b8789b01700423.jpg,DuetWIFI_Bottom_jpg,Connector,91,292,17,55,57,182,component,,,
DuetWIFI_Bottom_jpg__033__Pins.png,fpic_rf100,valid/images/DuetWIFI_Bottom_jpg.rf.97e79ba5f8d658e236b8789b01700423.jpg,DuetWIFI_Bottom_jpg,Pins,568,95,106,18,355,59,component,,,
DuetWIFI_Bottom_jpg__034__Pins.png,fpic_rf100,valid/images/DuetWIFI_Bottom_jpg.rf.97e79ba5f8d658e236b8789b01700423.jpg,DuetWIFI_Bottom_jpg,Pins,100,294,19,55,62,184,component,,,
DuetWIFI_Bottom_jpg__035__Pads.png,fpic_rf100,valid/images/DuetWIFI_Bottom_jpg.rf.97e79ba5f8d658e236b8789b01700423.jpg,DuetWIFI_Bottom_jpg,Pads,119,86,22,16,75,54,component,,,
DuetWIFI_Bottom_jpg__036__Pads.png,fpic_rf100,valid/images/DuetWIFI_Bottom_jpg.rf.97e79ba5f8d658e236b8789b01700423.jpg,DuetWIFI_Bottom_jpg,Pads,123,88,23,17,77,55,component,,,
DuetWIFI_Bottom_jpg__037__Connector.png,fpic_rf100,valid/images/DuetWIFI_Bottom_jpg.rf.97e79ba5f8d658e236b8789b01700423.jpg,DuetWIFI_Bottom_jpg,Connector,284,97,53,18,178,61,component,,,
DuetWIFI_Bottom_jpg__038__Connector.png,fpic_rf100,valid/images/DuetWIFI_Bottom_jpg.rf.97e79ba5f8d658e236b8789b01700423.jpg,DuetWIFI_Bottom_jpg,Connector,176,133,33,25,110,83,component,,,
DuetWIFI_Bottom_jpg__039__Connector.png,fpic_rf100,valid/images/DuetWIFI_Bottom_jpg.rf.97e79ba5f8d658e236b8789b01700423.jpg,DuetWIFI_Bottom_jpg,Connector,180,140,34,26,112,88,component,,,
DuetWIFI_Bottom_jpg__040__Pins.png,fpic_rf100,valid/images/DuetWIFI_Bottom_jpg.rf.97e79ba5f8d658e236b8789b01700423.jpg,DuetWIFI_Bottom_jpg,Pins,293,316,55,59,183,198,component,,,
DuetWIFI_Bottom_jpg__041__Pins.png,fpic_rf100,valid/images/DuetWIFI_Bottom_jpg.rf.97e79ba5f8d658e236b8789b01700423.jpg,DuetWIFI_Bottom_jpg,Pins,303,309,57,58,189,193,component,,,
DuetWIFI_Bottom_jpg__042__Pins.png,fpic_rf100,valid/images/DuetWIFI_Bottom_jpg.rf.97e79ba5f8d658e236b8789b01700423.jpg,DuetWIFI_Bottom_jpg,Pins,304,310,57,58,190,194,component,,,
DuetWIFI_Bottom_jpg__043__Pins.png,fpic_rf100,valid/images/DuetWIFI_Bottom_jpg.rf.97e79ba5f8d658e236b8789b01700423.jpg,DuetWIFI_Bottom_jpg,Pins,294,256,55,48,184,160,component,,,
DuetWIFI_Bottom_jpg__044__Pins.png,fpic_rf100,valid/images/DuetWIFI_Bottom_jpg.rf.97e79ba5f8d658e236b8789b01700423.jpg,DuetWIFI_Bottom_jpg,Pins,1476,107,277,20,922,67,component,,,
DuetWIFI_Bottom_jpg__045__Pins.png,fpic_rf100,valid/images/DuetWIFI_Bottom_jpg.rf.97e79ba5f8d658e236b8789b01700423.jpg,DuetWIFI_Bottom_jpg,Pins,251,187,47,35,157,117,component,,,
DuetWIFI_Bottom_jpg__046__Pins.png,fpic_rf100,valid/images/DuetWIFI_Bottom_jpg.rf.97e79ba5f8d658e236b8789b01700423.jpg,DuetWIFI_Bottom_jpg,Pins,232,180,44,34,145,112,component,,,
DuetWIFI_Bottom_jpg__047__Pins.png,fpic_rf100,valid/images/DuetWIFI_Bottom_jpg.rf.97e79ba5f8d658e236b8789b01700423.jpg,DuetWIFI_Bottom_jpg,Pins,228,197,43,37,142,123,component,,,
DuetWIFI_Bottom_jpg__048__Connector.png,fpic_rf100,valid/images/DuetWIFI_Bottom_jpg.rf.97e79ba5f8d658e236b8789b01700423.jpg,DuetWIFI_Bottom_jpg,Connector,528,208,99,39,330,130,component,,,
DuetWIFI_Bottom_jpg__049__Connector.png,fpic_rf100,valid/images/DuetWIFI_Bottom_jpg.rf.97e79ba5f8d658e236b8789b01700423.jpg,DuetWIFI_Bottom_jpg,Connector,529,191,99,36,331,119,component,,,
DuetWIFI_Bottom_jpg__050__Connector.png,fpic_rf100,valid/images/DuetWIFI_Bottom_jpg.rf.97e79ba5f8d658e236b8789b01700423.jpg,DuetWIFI_Bottom_jpg,Connector,517,202,97,38,323,126,component,,,
DuetWIFI_Bottom_jpg__051__Connector.png,fpic_rf100,valid/images/DuetWIFI_Bottom_jpg.rf.97e79ba5f8d658e236b8789b01700423.jpg,DuetWIFI_Bottom_jpg,Connector,527,188,99,35,329,118,component,,,
DuetWIFI_Bottom_jpg__052__Connector.png,fpic_rf100,valid/images/DuetWIFI_Bottom_jpg.rf.97e79ba5f8d658e236b8789b01700423.jpg,DuetWIFI_Bottom_jpg,Connector,504,192,95,36,315,120,component,,,
DuetWIFI_Bottom_jpg__053__Pins.png,fpic_rf100,valid/images/DuetWIFI_Bottom_jpg.rf.97e79ba5f8d658e236b8789b01700423.jpg,DuetWIFI_Bottom_jpg,Pins,379,145,71,27,237,91,component,,,
DuetWIFI_Bottom_jpg__054__Pins.png,fpic_rf100,valid/images/DuetWIFI_Bottom_jpg.rf.97e79ba5f8d658e236b8789b01700423.jpg,DuetWIFI_Bottom_jpg,Pins,379,143,71,27,237,89,component,,,
DuetWIFI_Bottom_jpg__055__Pins.png,fpic_rf100,valid/images/DuetWIFI_Bottom_jpg.rf.97e79ba5f8d658e236b8789b01700423.jpg,DuetWIFI_Bottom_jpg,Pins,392,143,74,27,245,89,component,,,
DuetWIFI_Bottom_jpg__056__Pins.png,fpic_rf100,valid/images/DuetWIFI_Bottom_jpg.rf.97e79ba5f8d658e236b8789b01700423.jpg,DuetWIFI_Bottom_jpg,Pins,388,143,73,27,242,89,component,,,
DuetWIFI_Bottom_jpg__057__Pins.png,fpic_rf100,valid/images/DuetWIFI_Bottom_jpg.rf.97e79ba5f8d658e236b8789b01700423.jpg,DuetWIFI_Bottom_jpg,Pins,376,150,71,28,235,94,component,,,
DuetWIFI_Bottom_jpg__058__Pins.png,fpic_rf100,valid/images/DuetWIFI_Bottom_jpg.rf.97e79ba5f8d658e236b8789b01700423.jpg,DuetWIFI_Bottom_jpg,Pins,196,102,37,19,122,64,component,,,
DuetWIFI_Bottom_jpg__059__Pins.png,fpic_rf100,valid/images/DuetWIFI_Bottom_jpg.rf.97e79ba5f8d658e236b8789b01700423.jpg,DuetWIFI_Bottom_jpg,Pins,123,757,23,142,77,473,component,,,
DuetWIFI_Bottom_jpg__060__Pins.png,fpic_rf100,valid/images/DuetWIFI_Bottom_jpg.rf.97e79ba5f8d658e236b8789b01700423.jpg,DuetWIFI_Bottom_jpg,Pins,104,303,19,57,65,189,component,,,
DuetWIFI_Bottom_jpg__061__Connector.png,fpic_rf100,valid/images/DuetWIFI_Bottom_jpg.rf.97e79ba5f8d658e236b8789b01700423.jpg,DuetWIFI_Bottom_jpg,Connector,107,399,20,75,67,249,component,,,
DuetWIFI_Bottom_jpg__062__Connector.png,fpic_rf100,valid/images/DuetWIFI_Bottom_jpg.rf.97e79ba5f8d658e236b8789b01700423.jpg,DuetWIFI_Bottom_jpg,Connector,101,395,19,74,63,247,component,,,
DuetWIFI_Bottom_jpg__063__Connector.png,fpic_rf100,valid/images/DuetWIFI_Bottom_jpg.rf.97e79ba5f8d658e236b8789b01700423.jpg,DuetWIFI_Bottom_jpg,Connector,101,404,19,76,63,252,component,,,
DuetWIFI_Bottom_jpg__064__Connector.png,fpic_rf100,valid/images/DuetWIFI_Bottom_jpg.rf.97e79ba5f8d658e236b8789b01700423.jpg,DuetWIFI_Bottom_jpg,Connector,106,400,20,75,66,250,component,,,
DuetWIFI_Bottom_png_jpg__000__Connector.png,fpic_rf100,train/images/DuetWIFI_Bottom_png_jpg.rf.0a23785cc84437ccdf0ca8d20416d6b7.jpg,DuetWIFI_Bottom_png_jpg,Connector,88,200,16,38,55,125,component,,,
DuetWIFI_Bottom_png_jpg__001__Pins.png,fpic_rf100,train/images/DuetWIFI_Bottom_png_jpg.rf.0a23785cc84437ccdf0ca8d20416d6b7.jpg,DuetWIFI_Bottom_png_jpg,Pins,149,116,28,22,93,72,component,,,
DuetWIFI_Bottom_png_jpg__002__Connector.png,fpic_rf100,train/images/DuetWIFI_Bottom_png_jpg.rf.0a23785cc84437ccdf0ca8d20416d6b7.jpg,DuetWIFI_Bottom_png_jpg,Connector,122,150,23,28,76,94,component,,,
DuetWIFI_Bottom_png_jpg__003__Connector.png,fpic_rf100,train/images/DuetWIFI_Bottom_png_jpg.rf.0a23785cc84437ccdf0ca8d20416d6b7.jpg,DuetWIFI_Bottom_png_jpg,Connector,202,95,38,18,126,59,component,,,
DuetWIFI_Bottom_png_jpg__004__Pins.png,fpic_rf100,train/images/DuetWIFI_Bottom_png_jpg.rf.0a23785cc84437ccdf0ca8d20416d6b7.jpg,DuetWIFI_Bottom_png_jpg,Pins,213,392,40,74,133,245,component,,,
DuetWIFI_Bottom_png_jpg__005__Pins.png,fpic_rf100,train/images/DuetWIFI_Bottom_png_jpg.rf.0a23785cc84437ccdf0ca8d20416d6b7.jpg,DuetWIFI_Bottom_png_jpg,Pins,172,176,32,33,108,110,component,,,
DuetWIFI_Bottom_png_jpg__006__Pins.png,fpic_rf100,train/images/DuetWIFI_Bottom_png_jpg.rf.0a23785cc84437ccdf0ca8d20416d6b7.jpg,DuetWIFI_Bottom_png_jpg,Pins,84,198,16,37,52,124,component,,,
DuetWIFI_Bottom_png_jpg__007__Connector.png,fpic_rf100,train/images/DuetWIFI_Bottom_png_jpg.rf.0a23785cc84437ccdf0ca8d20416d6b7.jpg,DuetWIFI_Bottom_png_jpg,Connector,85,201,16,38,53,125,component,,,
DuetWIFI_Bottom_png_jpg__008__Connector.png,fpic_rf100,train/images/DuetWIFI_Bottom_png_jpg.rf.0a23785cc84437ccdf0ca8d20416d6b7.jpg,DuetWIFI_Bottom_png_jpg,Connector,107,143,20,27,67,89,component,,,
DuetWIFI_Bottom_png_jpg__009__Connector.png,fpic_rf100,train/images/DuetWIFI_Bottom_png_jpg.rf.0a23785cc84437ccdf0ca8d20416d6b7.jpg,DuetWIFI_Bottom_png_jpg,Connector,96,154,18,29,60,96,component,,,
DuetWIFI_Bottom_png_jpg__012__Pins.png,fpic_rf100,train/images/DuetWIFI_Bottom_png_jpg.rf.0a23785cc84437ccdf0ca8d20416d6b7.jpg,DuetWIFI_Bottom_png_jpg,Pins,133,244,25,46,83,152,component,,,
DuetWIFI_Bottom_png_jpg__013__Pins.png,fpic_rf100,train/images/DuetWIFI_Bottom_png_jpg.rf.0a23785cc84437ccdf0ca8d20416d6b7.jpg,DuetWIFI_Bottom_png_jpg,Pins,244,100,46,19,152,62,component,,,
DuetWIFI_Bottom_png_jpg__015__Pins.png,fpic_rf100,train/images/DuetWIFI_Bottom_png_jpg.rf.0a23785cc84437ccdf0ca8d20416d6b7.jpg,DuetWIFI_Bottom_png_jpg,Pins,204,129,38,24,128,81,component,,,
DuetWIFI_Bottom_png_jpg__016__Pins.png,fpic_rf100,train/images/DuetWIFI_Bottom_png_jpg.rf.0a23785cc84437ccdf0ca8d20416d6b7.jpg,DuetWIFI_Bottom_png_jpg,Pins,246,102,46,19,154,64,component,,,
DuetWIFI_Bottom_png_jpg__017__Pins.png,fpic_rf100,train/images/DuetWIFI_Bottom_png_jpg.rf.0a23785cc84437ccdf0ca8d20416d6b7.jpg,DuetWIFI_Bottom_png_jpg,Pins,90,91,17,17,56,57,component,,,
DuetWIFI_Bottom_png_jpg__018__Pins.png,fpic_rf100,train/images/DuetWIFI_Bottom_png_jpg.rf.0a23785cc84437ccdf0ca8d20416d6b7.jpg,DuetWIFI_Bottom_png_jpg,Pins,113,138,21,26,71,86,component,,,
DuetWIFI_Bottom_png_jpg__019__Connector.png,fpic_rf100,train/images/DuetWIFI_Bottom_png_jpg.rf.0a23785cc84437ccdf0ca8d20416d6b7.jpg,DuetWIFI_Bottom_png_jpg,Connector,85,102,16,19,53,64,component,,,
DuetWIFI_Bottom_png_jpg__020__Pins.png,fpic_rf100,train/images/DuetWIFI_Bottom_png_jpg.rf.0a23785cc84437ccdf0ca8d20416d6b7.jpg,DuetWIFI_Bottom_png_jpg,Pins,150,85,28,16,94,53,component,,,
DuetWIFI_Bottom_png_jpg__021__Pins.png,fpic_rf100,train/images/DuetWIFI_Bottom_png_jpg.rf.0a23785cc84437ccdf0ca8d20416d6b7.jpg,DuetWIFI_Bottom_png_jpg,Pins,97,111,18,21,61,69,component,,,
DuetWIFI_Bottom_png_jpg__023__Pins.png,fpic_rf100,train/images/DuetWIFI_Bottom_png_jpg.rf.0a23785cc84437ccdf0ca8d20416d6b7.jpg,DuetWIFI_Bottom_png_jpg,Pins,90,91,17,17,56,57,component,,,
DuetWIFI_Bottom_png_jpg__024__Pins.png,fpic_rf100,train/images/DuetWIFI_Bottom_png_jpg.rf.0a23785cc84437ccdf0ca8d20416d6b7.jpg,DuetWIFI_Bottom_png_jpg,Pins,154,97,29,18,96,61,component,,,
DuetWIFI_Bottom_png_jpg__025__Pins.png,fpic_rf100,train/images/DuetWIFI_Bottom_png_jpg.rf.0a23785cc84437ccdf0ca8d20416d6b7.jpg,DuetWIFI_Bottom_png_jpg,Pins,154,102,29,19,96,64,component,,,
DuetWIFI_Bottom_png_jpg__026__Pins.png,fpic_rf100,train/images/DuetWIFI_Bottom_png_jpg.rf.0a23785cc84437ccdf0ca8d20416d6b7.jpg,DuetWIFI_Bottom_png_jpg,Pins,155,104,29,20,97,65,component,,,
DuetWIFI_Bottom_png_jpg__027__Connector.png,fpic_rf100,train/images/DuetWIFI_Bottom_png_jpg.rf.0a23785cc84437ccdf0ca8d20416d6b7.jpg,DuetWIFI_Bottom_png_jpg,Connector,104,136,19,25,65,85,component,,,
DuetWIFI_Bottom_png_jpg__028__Pins.png,fpic_rf100,train/images/DuetWIFI_Bottom_png_jpg.rf.0a23785cc84437ccdf0ca8d20416d6b7.jpg,DuetWIFI_Bottom_png_jpg,Pins,118,100,22,19,74,62,component,,,
DuetWIFI_Bottom_png_jpg__029__Connector.png,fpic_rf100,train/images/DuetWIFI_Bottom_png_jpg.rf.0a23785cc84437ccdf0ca8d20416d6b7.jpg,DuetWIFI_Bottom_png_jpg,Connector,106,108,20,20,66,68,component,,,
DuetWIFI_Bottom_png_jpg__032__Pins.png,fpic_rf100,train/images/DuetWIFI_Bottom_png_jpg.rf.0a23785cc84437ccdf0ca8d20416d6b7.jpg,DuetWIFI_Bottom_png_jpg,Pins,284,104,53,20,178,65,component,,,
DuetWIFI_Bottom_png_jpg__033__Pins.png,fpic_rf100,train/images/DuetWIFI_Bottom_png_jpg.rf.0a23785cc84437ccdf0ca8d20416d6b7.jpg,DuetWIFI_Bottom_png_jpg,Pins,76,152,14,28,48,95,component,,,
DuetWIFI_Bottom_png_jpg__037__Connector.png,fpic_rf100,train/images/DuetWIFI_Bottom_png_jpg.rf.0a23785cc84437ccdf0ca8d20416d6b7.jpg,DuetWIFI_Bottom_png_jpg,Connector,97,81,18,15,61,51,component,,,
DuetWIFI_Bottom_png_jpg__038__Connector.png,fpic_rf100,train/images/DuetWIFI_Bottom_png_jpg.rf.0a23785cc84437ccdf0ca8d20416d6b7.jpg,DuetWIFI_Bottom_png_jpg,Connector,101,85,19,16,63,53,component,,,
DuetWIFI_Bottom_png_jpg__039__Pins.png,fpic_rf100,train/images/DuetWIFI_Bottom_png_jpg.rf.0a23785cc84437ccdf0ca8d20416d6b7.jpg,DuetWIFI_Bottom_png_jpg,Pins,175,184,33,34,109,115,component,,,
DuetWIFI_Bottom_png_jpg__040__Pins.png,fpic_rf100,train/images/DuetWIFI_Bottom_png_jpg.rf.0a23785cc84437ccdf0ca8d20416d6b7.jpg,DuetWIFI_Bottom_png_jpg,Pins,180,181,34,34,112,113,component,,,
DuetWIFI_Bottom_png_jpg__041__Pins.png,fpic_rf100,train/images/DuetWIFI_Bottom_png_jpg.rf.0a23785cc84437ccdf0ca8d20416d6b7.jpg,DuetWIFI_Bottom_png_jpg,Pins,180,166,34,34,112,113,component,,,
DuetWIFI_Bottom_png_jpg__042__Pins.png,fpic_rf100,train/images/DuetWIFI_Bottom_png_jpg.rf.0a23785cc84437ccdf0ca8d20416d6b7.jpg,DuetWIFI_Bottom_png_jpg,Pins,168,154,32,29,105,96,component,,,
DuetWIFI_Bottom_png_jpg__043__Pins.png,fpic_rf100,train/images/DuetWIFI_Bottom_png_jpg.rf.0a23785cc84437ccdf0ca8d20416d6b7.jpg,DuetWIFI_Bottom_png_jpg,Pins,729,204,137,38,456,128,component,,,
DuetWIFI_Bottom_png_jpg__044__Pins.png,fpic_rf100,train/images/DuetWIFI_Bottom_png_jpg.rf.0a23785cc84437ccdf0ca8d20416d6b7.jpg,DuetWIFI_Bottom_png_jpg,Pins,140,117,26,22,88,73,component,,,
DuetWIFI_Bottom_png_jpg__045__Pins.png,fpic_rf100,train/images/DuetWIFI_Bottom_png_jpg.rf.0a23785cc84437ccdf0ca8d20416d6b7.jpg,DuetWIFI_Bottom_png_jpg,Pins,132,111,25,21,82,69,component,,,
DuetWIFI_Bottom_png_jpg__046__Pins.png,fpic_rf100,train/images/DuetWIFI_Bottom_png_jpg.rf.0a23785cc84437ccdf0ca8d20416d6b7.jpg,DuetWIFI_Bottom_png_jpg,Pins,129,118,24,22,81,74,component,,,
DuetWIFI_Bottom_png_jpg__047__Connector.png,fpic_rf100,train/images/DuetWIFI_Bottom_png_jpg.rf.0a23785cc84437ccdf0ca8d20416d6b7.jpg,DuetWIFI_Bottom_png_jpg,Connector,278,155,52,29,174,97,component,,,
DuetWIFI_Bottom_png_jpg__048__Connector.png,fpic_rf100,train/images/DuetWIFI_Bottom_png_jpg.rf.0a23785cc84437ccdf0ca8d20416d6b7.jpg,DuetWIFI_Bottom_png_jpg,Connector,277,148,52,28,173,92,component,,,
DuetWIFI_Bottom_png_jpg__049__Connector.png,fpic_rf100,train/images/DuetWIFI_Bottom_png_jpg.rf.0a23785cc84437ccdf0ca8d20416d6b7.jpg,DuetWIFI_Bottom_png_jpg,Connector,271,150,51,28,169,94,component,,,
DuetWIFI_Bottom_png_jpg__050__Connector.png,fpic_rf100,train/images/DuetWIFI_Bottom_png_jpg.rf.0a23785cc84437ccdf0ca8d20416d6b7.jpg,DuetWIFI_Bottom_png_jpg,Connector,276,118,52,0,172,91,component,,,
DuetWIFI_Bottom_png_jpg__052__Pins.png,fpic_rf100,train/images/DuetWIFI_Bottom_png_jpg.rf.0a23785cc84437ccdf0ca8d20416d6b7.jpg,DuetWIFI_Bottom_png_jpg,Pins,200,111,38,21,125,69,component,,,
DuetWIFI_Bottom_png_jpg__053__Pins.png,fpic_rf100,train/images/DuetWIFI_Bottom_png_jpg.rf.0a23785cc84437ccdf0ca8d20416d6b7.jpg,DuetWIFI_Bottom_png_jpg,Pins,200,108,38,20,125,68,component,,,
DuetWIFI_Bottom_png_jpg__054__Pins.png,fpic_rf100,train/images/DuetWIFI_Bottom_png_jpg.rf.0a23785cc84437ccdf0ca8d20416d6b7.jpg,DuetWIFI_Bottom_png_jpg,Pins,204,108,38,20,128,68,component,,,
DuetWIFI_Bottom_png_jpg__055__Pins.png,fpic_rf100,train/images/DuetWIFI_Bottom_png_jpg.rf.0a23785cc84437ccdf0ca8d20416d6b7.jpg,DuetWIFI_Bottom_png_jpg,Pins,203,108,38,20,127,68,component,,,
DuetWIFI_Bottom_png_jpg__056__Pins.png,fpic_rf100,train/images/DuetWIFI_Bottom_png_jpg.rf.0a23785cc84437ccdf0ca8d20416d6b7.jpg,DuetWIFI_Bottom_png_jpg,Pins,200,90,38,0,125,69,component,,,
DuetWIFI_Bottom_png_jpg__058__Pins.png,fpic_rf100,train/images/DuetWIFI_Bottom_png_jpg.rf.0a23785cc84437ccdf0ca8d20416d6b7.jpg,DuetWIFI_Bottom_png_jpg,Pins,138,380,26,71,86,238,component,,,
DuetWIFI_Bottom_png_jpg__059__Pins.png,fpic_rf100,train/images/DuetWIFI_Bottom_png_jpg.rf.0a23785cc84437ccdf0ca8d20416d6b7.jpg,DuetWIFI_Bottom_png_jpg,Pins,81,159,15,30,51,99,component,,,
DuetWIFI_Bottom_png_jpg__060__Connector.png,fpic_rf100,train/images/DuetWIFI_Bottom_png_jpg.rf.0a23785cc84437ccdf0ca8d20416d6b7.jpg,DuetWIFI_Bottom_png_jpg,Connector,92,204,17,38,58,128,component,,,
DuetWIFI_Bottom_png_jpg__061__Connector.png,fpic_rf100,train/images/DuetWIFI_Bottom_png_jpg.rf.0a23785cc84437ccdf0ca8d20416d6b7.jpg,DuetWIFI_Bottom_png_jpg,Connector,90,203,17,38,56,127,component,,,
DuetWIFI_Bottom_png_jpg__062__Connector.png,fpic_rf100,train/images/DuetWIFI_Bottom_png_jpg.rf.0a23785cc84437ccdf0ca8d20416d6b7.jpg,DuetWIFI_Bottom_png_jpg,Connector,90,207,17,39,56,129,component,,,
DuetWIFI_Bottom_png_jpg__063__Connector.png,fpic_rf100,train/images/DuetWIFI_Bottom_png_jpg.rf.0a23785cc84437ccdf0ca8d20416d6b7.jpg,DuetWIFI_Bottom_png_jpg,Connector,91,204,17,38,57,128,component,,,
DuetWIFI_Top_jpg__036__IC.png,fpic_rf100,train/images/DuetWIFI_Top_jpg.rf.26d313b1ab6db56f5df180f3be3800a0.jpg,DuetWIFI_Top_jpg,IC,124,134,23,25,78,84,component,,,
DuetWIFI_Top_jpg__037__IC.png,fpic_rf100,train/images/DuetWIFI_Top_jpg.rf.26d313b1ab6db56f5df180f3be3800a0.jpg,DuetWIFI_Top_jpg,IC,128,140,24,26,80,88,component,,,
DuetWIFI_Top_jpg__045__Connector.png,fpic_rf100,train/images/DuetWIFI_Top_jpg.rf.26d313b1ab6db56f5df180f3be3800a0.jpg,DuetWIFI_Top_jpg,Connector,104,160,19,30,65,100,component,,,
DuetWIFI_Top_jpg__060__Connector.png,fpic_rf100,train/images/DuetWIFI_Top_jpg.rf.26d313b1ab6db56f5df180f3be3800a0.jpg,DuetWIFI_Top_jpg,Connector,300,298,49,56,193,186,component,,,
DuetWIFI_Top_jpg__062__Connector.png,fpic_rf100,train/images/DuetWIFI_Top_jpg.rf.26d313b1ab6db56f5df180f3be3800a0.jpg,DuetWIFI_Top_jpg,Connector,176,422,33,79,110,264,component,,,
DuetWIFI_Top_jpg__065__Connector.png,fpic_rf100,train/images/DuetWIFI_Top_jpg.rf.26d313b1ab6db56f5df180f3be3800a0.jpg,DuetWIFI_Top_jpg,Connector,154,155,29,29,96,97,component,,,
DuetWIFI_Top_jpg__066__IC.png,fpic_rf100,train/images/DuetWIFI_Top_jpg.rf.26d313b1ab6db56f5df180f3be3800a0.jpg,DuetWIFI_Top_jpg,IC,95,96,18,18,59,60,component,,,
DuetWIFI_Top_jpg__081__Pads.png,fpic_rf100,train/images/DuetWIFI_Top_jpg.rf.26d313b1ab6db56f5df180f3be3800a0.jpg,DuetWIFI_Top_jpg,Pads,182,272,34,51,114,170,component,,,
DuetWIFI_Top_jpg__084__Connector.png,fpic_rf100,train/images/DuetWIFI_Top_jpg.rf.26d313b1ab6db56f5df180f3be3800a0.jpg,DuetWIFI_Top_jpg,Connector,113,164,21,31,71,102,component,,,
DuetWIFI_Top_jpg__098__IC.png,fpic_rf100,train/images/DuetWIFI_Top_jpg.rf.26d313b1ab6db56f5df180f3be3800a0.jpg,DuetWIFI_Top_jpg,IC,395,400,74,75,247,250,component,,,
DuetWIFI_Top_jpg__100__Transistor.png,fpic_rf100,train/images/DuetWIFI_Top_jpg.rf.26d313b1ab6db56f5df180f3be3800a0.jpg,DuetWIFI_Top_jpg,Transistor,168,218,32,41,105,136,component,,,
DuetWIFI_Top_jpg__110__IC.png,fpic_rf100,train/images/DuetWIFI_Top_jpg.rf.26d313b1ab6db56f5df180f3be3800a0.jpg,DuetWIFI_Top_jpg,IC,165,133,31,25,103,83,component,,,
DuetWIFI_Top_jpg__122__Connector.png,fpic_rf100,train/images/DuetWIFI_Top_jpg.rf.26d313b1ab6db56f5df180f3be3800a0.jpg,DuetWIFI_Top_jpg,Connector,380,356,26,67,272,222,component,,,
DuetWIFI_Top_jpg__129__Electrolytic_Capacitor.png,fpic_rf100,train/images/DuetWIFI_Top_jpg.rf.26d313b1ab6db56f5df180f3be3800a0.jpg,DuetWIFI_Top_jpg,Electrolytic Capacitor,144,134,27,25,90,84,component,,,
DuetWIFI_Top_jpg__132__IC.png,fpic_rf100,train/images/DuetWIFI_Top_jpg.rf.26d313b1ab6db56f5df180f3be3800a0.jpg,DuetWIFI_Top_jpg,IC,140,96,26,18,88,60,component,,,
DuetWIFI_Top_jpg__134__Pads.png,fpic_rf100,train/images/DuetWIFI_Top_jpg.rf.26d313b1ab6db56f5df180f3be3800a0.jpg,DuetWIFI_Top_jpg,Pads,213,171,40,32,133,107,component,,,
DuetWIFI_Top_jpg__174__Connector.png,fpic_rf100,train/images/DuetWIFI_Top_jpg.rf.26d313b1ab6db56f5df180f3be3800a0.jpg,DuetWIFI_Top_jpg,Connector,216,171,41,32,135,107,component,,,
DuetWIFI_Top_jpg__176__Transistor.png,fpic_rf100,train/images/DuetWIFI_Top_jpg.rf.26d313b1ab6db56f5df180f3be3800a0.jpg,DuetWIFI_Top_jpg,Transistor,132,150,25,28,82,94,component,,,
DuetWIFI_Top_jpg__178__Transistor.png,fpic_rf100,train/images/DuetWIFI_Top_jpg.rf.26d313b1ab6db56f5df180f3be3800a0.jpg,DuetWIFI_Top_jpg,Transistor,124,159,23,30,78,99,component,,,
DuetWIFI_Top_jpg__179__Transistor.png,fpic_rf100,train/images/DuetWIFI_Top_jpg.rf.26d313b1ab6db56f5df180f3be3800a0.jpg,DuetWIFI_Top_jpg,Transistor,155,129,29,24,97,81,component,,,
DuetWIFI_Top_jpg__180__IC.png,fpic_rf100,train/images/DuetWIFI_Top_jpg.rf.26d313b1ab6db56f5df180f3be3800a0.jpg,DuetWIFI_Top_jpg,IC,145,95,27,18,91,59,component,,,
DuetWIFI_Top_jpg__184__Electrolytic_Capacitor.png,fpic_rf100,train/images/DuetWIFI_Top_jpg.rf.26d313b1ab6db56f5df180f3be3800a0.jpg,DuetWIFI_Top_jpg,Electrolytic Capacitor,161,196,30,37,101,122,component,,,
DuetWIFI_Top_jpg__186__Electrolytic_Capacitor.png,fpic_rf100,train/images/DuetWIFI_Top_jpg.rf.26d313b1ab6db56f5df180f3be3800a0.jpg,DuetWIFI_Top_jpg,Electrolytic Capacitor,192,165,36,31,120,103,component,,,
DuetWIFI_Top_jpg__189__Connector.png,fpic_rf100,train/images/DuetWIFI_Top_jpg.rf.26d313b1ab6db56f5df180f3be3800a0.jpg,DuetWIFI_Top_jpg,Connector,291,294,23,55,206,184,component,,,
DuetWIFI_Top_jpg__193__Button.png,fpic_rf100,train/images/DuetWIFI_Top_jpg.rf.26d313b1ab6db56f5df180f3be3800a0.jpg,DuetWIFI_Top_jpg,Button,97,132,18,25,61,82,component,,,
DuetWIFI_Top_jpg__205__IC.png,fpic_rf100,train/images/DuetWIFI_Top_jpg.rf.26d313b1ab6db56f5df180f3be3800a0.jpg,DuetWIFI_Top_jpg,IC,88,117,16,22,55,73,component,,,
DuetWIFI_Top_jpg__211__Transistor.png,fpic_rf100,train/images/DuetWIFI_Top_jpg.rf.26d313b1ab6db56f5df180f3be3800a0.jpg,DuetWIFI_Top_jpg,Transistor,228,122,43,23,142,76,component,,,
DuetWIFI_Top_jpg__213__Transistor.png,fpic_rf100,train/images/DuetWIFI_Top_jpg.rf.26d313b1ab6db56f5df180f3be3800a0.jpg,DuetWIFI_Top_jpg,Transistor,224,132,42,25,140,82,component,,,
DuetWIFI_Top_jpg__218__Transistor.png,fpic_rf100,train/images/DuetWIFI_Top_jpg.rf.26d313b1ab6db56f5df180f3be3800a0.jpg,DuetWIFI_Top_jpg,Transistor,207,149,39,28,129,93,component,,,
DuetWIFI_Top_jpg__230__Connector.png,fpic_rf100,train/images/DuetWIFI_Top_jpg.rf.26d313b1ab6db56f5df180f3be3800a0.jpg,DuetWIFI_Top_jpg,Connector,120,148,22,28,75,92,component,,,
DuetWIFI_Top_jpg__236__Button.png,fpic_rf100,train/images/DuetWIFI_Top_jpg.rf.26d313b1ab6db56f5df180f3be3800a0.jpg,DuetWIFI_Top_jpg,Button,92,129,17,24,58,81,component,,,
DuetWIFI_Top_jpg__237__Connector.png,fpic_rf100,train/images/DuetWIFI_Top_jpg.rf.26d313b1ab6db56f5df180f3be3800a0.jpg,DuetWIFI_Top_jpg,Connector,239,195,45,45,149,149,component,,,
DuetWIFI_Top_jpg__238__Connector.png,fpic_rf100,train/images/DuetWIFI_Top_jpg.rf.26d313b1ab6db56f5df180f3be3800a0.jpg,DuetWIFI_Top_jpg,Connector,149,117,28,22,93,73,component,,,
DuetWIFI_Top_jpg__239__Connector.png,fpic_rf100,train/images/DuetWIFI_Top_jpg.rf.26d313b1ab6db56f5df180f3be3800a0.jpg,DuetWIFI_Top_jpg,Connector,150,117,28,22,94,73,component,,,
DuetWIFI_Top_jpg__240__Connector.png,fpic_rf100,train/images/DuetWIFI_Top_jpg.rf.26d313b1ab6db56f5df180f3be3800a0.jpg,DuetWIFI_Top_jpg,Connector,150,118,28,22,94,74,component,,,
DuetWIFI_Top_jpg__241__Connector.png,fpic_rf100,train/images/DuetWIFI_Top_jpg.rf.26d313b1ab6db56f5df180f3be3800a0.jpg,DuetWIFI_Top_jpg,Connector,145,117,27,22,91,73,component,,,
DuetWIFI_Top_jpg__242__Connector.png,fpic_rf100,train/images/DuetWIFI_Top_jpg.rf.26d313b1ab6db56f5df180f3be3800a0.jpg,DuetWIFI_Top_jpg,Connector,149,118,28,22,93,74,component,,,
DuetWIFI_Top_jpg__243__Connector.png,fpic_rf100,train/images/DuetWIFI_Top_jpg.rf.26d313b1ab6db56f5df180f3be3800a0.jpg,DuetWIFI_Top_jpg,Connector,230,178,43,41,144,136,component,,,
DuetWIFI_Top_jpg__244__Connector.png,fpic_rf100,train/images/DuetWIFI_Top_jpg.rf.26d313b1ab6db56f5df180f3be3800a0.jpg,DuetWIFI_Top_jpg,Connector,177,138,33,32,111,105,component,,,
DuetWIFI_Top_jpg__245__Connector.png,fpic_rf100,train/images/DuetWIFI_Top_jpg.rf.26d313b1ab6db56f5df180f3be3800a0.jpg,DuetWIFI_Top_jpg,Connector,229,176,43,40,143,134,component,,,
DuetWIFI_Top_jpg__246__Connector.png,fpic_rf100,train/images/DuetWIFI_Top_jpg.rf.26d313b1ab6db56f5df180f3be3800a0.jpg,DuetWIFI_Top_jpg,Connector,225,177,42,40,141,133,component,,,
DuetWIFI_Top_jpg__247__Connector.png,fpic_rf100,train/images/DuetWIFI_Top_jpg.rf.26d313b1ab6db56f5df180f3be3800a0.jpg,DuetWIFI_Top_jpg,Connector,166,126,31,29,104,96,component,,,
DuetWIFI_Top_jpg__248__Connector.png,fpic_rf100,train/images/DuetWIFI_Top_jpg.rf.26d313b1ab6db56f5df180f3be3800a0.jpg,DuetWIFI_Top_jpg,Connector,166,126,31,29,104,96,component,,,
DuetWIFI_Top_jpg__249__Connector.png,fpic_rf100,train/images/DuetWIFI_Top_jpg.rf.26d313b1ab6db56f5df180f3be3800a0.jpg,DuetWIFI_Top_jpg,Connector,248,95,46,18,155,59,component,,,
DuetWIFI_Top_jpg__250__Connector.png,fpic_rf100,train/images/DuetWIFI_Top_jpg.rf.26d313b1ab6db56f5df180f3be3800a0.jpg,DuetWIFI_Top_jpg,Connector,255,97,48,18,159,61,component,,,
DuetWIFI_Top_jpg__251__Connector.png,fpic_rf100,train/images/DuetWIFI_Top_jpg.rf.26d313b1ab6db56f5df180f3be3800a0.jpg,DuetWIFI_Top_jpg,Connector,256,95,48,18,160,59,component,,,
DuetWIFI_Top_jpg__252__Connector.png,fpic_rf100,train/images/DuetWIFI_Top_jpg.rf.26d313b1ab6db56f5df180f3be3800a0.jpg,DuetWIFI_Top_jpg,Connector,256,100,48,19,160,62,component,,,
DuetWIFI_Top_jpg__253__Connector.png,fpic_rf100,train/images/DuetWIFI_Top_jpg.rf.26d313b1ab6db56f5df180f3be3800a0.jpg,DuetWIFI_Top_jpg,Connector,248,96,47,18,155,60,component,,,
DuetWIFI_Top_jpg__254__Electrolytic_Capacitor.png,fpic_rf100,train/images/DuetWIFI_Top_jpg.rf.26d313b1ab6db56f5df180f3be3800a0.jpg,DuetWIFI_Top_jpg,Electrolytic Capacitor,156,196,29,37,98,122,component,,,
DuetWIFI_Top_jpg__255__Electrolytic_Capacitor.png,fpic_rf100,train/images/DuetWIFI_Top_jpg.rf.26d313b1ab6db56f5df180f3be3800a0.jpg,DuetWIFI_Top_jpg,Electrolytic Capacitor,176,186,33,35,110,116,component,,,
DuetWIFI_Top_jpg__256__Electrolytic_Capacitor.png,fpic_rf100,train/images/DuetWIFI_Top_jpg.rf.26d313b1ab6db56f5df180f3be3800a0.jpg,DuetWIFI_Top_jpg,Electrolytic Capacitor,172,196,32,37,108,122,component,,,
DuetWIFI_Top_jpg__257__Connector.png,fpic_rf100,train/images/DuetWIFI_Top_jpg.rf.26d313b1ab6db56f5df180f3be3800a0.jpg,DuetWIFI_Top_jpg,Connector,203,112,38,21,127,70,component,,,
DuetWIFI_Top_jpg__258__Connector.png,fpic_rf100,train/images/DuetWIFI_Top_jpg.rf.26d313b1ab6db56f5df180f3be3800a0.jpg,DuetWIFI_Top_jpg,Connector,196,111,37,21,122,69,component,,,
DuetWIFI_Top_jpg__259__Connector.png,fpic_rf100,train/images/DuetWIFI_Top_jpg.rf.26d313b1ab6db56f5df180f3be3800a0.jpg,DuetWIFI_Top_jpg,Connector,197,118,37,22,123,74,component,,,
DuetWIFI_Top_jpg__260__Connector.png,fpic_rf100,train/images/DuetWIFI_Top_jpg.rf.26d313b1ab6db56f5df180f3be3800a0.jpg,DuetWIFI_Top_jpg,Connector,197,116,37,22,123,72,component,,,
DuetWIFI_Top_jpg__261__Connector.png,fpic_rf100,train/images/DuetWIFI_Top_jpg.rf.26d313b1ab6db56f5df180f3be3800a0.jpg,DuetWIFI_Top_jpg,Connector,201,116,38,22,125,72,component,,,
DuetWIFI_Top_jpg__278__Electrolytic_Capacitor.png,fpic_rf100,train/images/DuetWIFI_Top_jpg.rf.26d313b1ab6db56f5df180f3be3800a0.jpg,DuetWIFI_Top_jpg,Electrolytic Capacitor,184,196,35,37,115,122,component,,,
DuetWIFI_Top_jpg__280__IC.png,fpic_rf100,train/images/DuetWIFI_Top_jpg.rf.26d313b1ab6db56f5df180f3be3800a0.jpg,DuetWIFI_Top_jpg,IC,149,154,28,29,93,96,component,,,
DuetWIFI_Top_jpg__281__IC.png,fpic_rf100,train/images/DuetWIFI_Top_jpg.rf.26d313b1ab6db56f5df180f3be3800a0.jpg,DuetWIFI_Top_jpg,IC,150,156,28,29,94,98,component,,,
DuetWIFI_Top_jpg__282__IC.png,fpic_rf100,train/images/DuetWIFI_Top_jpg.rf.26d313b1ab6db56f5df180f3be3800a0.jpg,DuetWIFI_Top_jpg,IC,150,153,28,29,94,95,component,,,
DuetWIFI_Top_jpg__283__IC.png,fpic_rf100,train/images/DuetWIFI_Top_jpg.rf.26d313b1ab6db56f5df180f3be3800a0.jpg,DuetWIFI_Top_jpg,IC,150,155,28,29,94,97,component,,,
DuetWIFI_Top_jpg__284__IC.png,fpic_rf100,train/images/DuetWIFI_Top_jpg.rf.26d313b1ab6db56f5df180f3be3800a0.jpg,DuetWIFI_Top_jpg,IC,154,161,29,30,96,101,component,,,
DuetWIFI_Top_jpg__297__Connector.png,fpic_rf100,train/images/DuetWIFI_Top_jpg.rf.26d313b1ab6db56f5df180f3be3800a0.jpg,DuetWIFI_Top_jpg,Connector,90,378,17,71,56,236,component,,,
DuetWIFI_Top_jpg__301__Electrolytic_Capacitor.png,fpic_rf100,train/images/DuetWIFI_Top_jpg.rf.26d313b1ab6db56f5df180f3be3800a0.jpg,DuetWIFI_Top_jpg,Electrolytic Capacitor,176,191,33,36,110,119,component,,,
DuetWIFI_Top_png_jpg__036__IC.png,fpic_rf100,test/images/DuetWIFI_Top_png_jpg.rf.0b9a1e43b5f2dcefa35b5dee2de71274.jpg,DuetWIFI_Top_png_jpg,IC,123,133,23,25,77,83,component,,,
DuetWIFI_Top_png_jpg__037__IC.png,fpic_rf100,test/images/DuetWIFI_Top_png_jpg.rf.0b9a1e43b5f2dcefa35b5dee2de71274.jpg,DuetWIFI_Top_png_jpg,IC,124,139,23,26,78,87,component,,,
DuetWIFI_Top_png_jpg__043__Connector.png,fpic_rf100,test/images/DuetWIFI_Top_png_jpg.rf.0b9a1e43b5f2dcefa35b5dee2de71274.jpg,DuetWIFI_Top_png_jpg,Connector,101,159,19,30,63,99,component,,,
DuetWIFI_Top_png_jpg__059__Connector.png,fpic_rf100,test/images/DuetWIFI_Top_png_jpg.rf.0b9a1e43b5f2dcefa35b5dee2de71274.jpg,DuetWIFI_Top_png_jpg,Connector,304,293,57,55,190,183,component,,,
DuetWIFI_Top_png_jpg__061__Connector.png,fpic_rf100,test/images/DuetWIFI_Top_png_jpg.rf.0b9a1e43b5f2dcefa35b5dee2de71274.jpg,DuetWIFI_Top_png_jpg,Connector,168,420,31,79,105,262,component,,,
DuetWIFI_Top_png_jpg__064__IC.png,fpic_rf100,test/images/DuetWIFI_Top_png_jpg.rf.0b9a1e43b5f2dcefa35b5dee2de71274.jpg,DuetWIFI_Top_png_jpg,IC,92,95,17,18,58,59,component,,,
DuetWIFI_Top_png_jpg__073__Connector.png,fpic_rf100,test/images/DuetWIFI_Top_png_jpg.rf.0b9a1e43b5f2dcefa35b5dee2de71274.jpg,DuetWIFI_Top_png_jpg,Connector,150,152,28,28,94,95,component,,,
DuetWIFI_Top_png_jpg__080__Pads.png,fpic_rf100,test/images/DuetWIFI_Top_png_jpg.rf.0b9a1e43b5f2dcefa35b5dee2de71274.jpg,DuetWIFI_Top_png_jpg,Pads,177,268,33,50,111,168,component,,,
DuetWIFI_Top_png_jpg__083__Connector.png,fpic_rf100,test/images/DuetWIFI_Top_png_jpg.rf.0b9a1e43b5f2dcefa35b5dee2de71274.jpg,DuetWIFI_Top_png_jpg,Connector,111,161,21,30,69,101,component,,,
DuetWIFI_Top_png_jpg__097__IC.png,fpic_rf100,test/images/DuetWIFI_Top_png_jpg.rf.0b9a1e43b5f2dcefa35b5dee2de71274.jpg,DuetWIFI_Top_png_jpg,IC,389,394,73,74,243,246,component,,,
DuetWIFI_Top_png_jpg__105__Transistor.png,fpic_rf100,test/images/DuetWIFI_Top_png_jpg.rf.0b9a1e43b5f2dcefa35b5dee2de71274.jpg,DuetWIFI_Top_png_jpg,Transistor,165,214,31,40,103,134,component,,,
DuetWIFI_Top_png_jpg__109__IC.png,fpic_rf100,test/images/DuetWIFI_Top_png_jpg.rf.0b9a1e43b5f2dcefa35b5dee2de71274.jpg,DuetWIFI_Top_png_jpg,IC,164,129,31,24,102,81,component,,,
DuetWIFI_Top_png_jpg__121__Connector.png,fpic_rf100,test/images/DuetWIFI_Top_png_jpg.rf.0b9a1e43b5f2dcefa35b5dee2de71274.jpg,DuetWIFI_Top_png_jpg,Connector,428,347,80,65,268,217,component,,,
DuetWIFI_Top_png_jpg__123__Electrolytic_Capacitor.png,fpic_rf100,test/images/DuetWIFI_Top_png_jpg.rf.0b9a1e43b5f2dcefa35b5dee2de71274.jpg,DuetWIFI_Top_png_jpg,Electrolytic Capacitor,143,132,27,25,89,82,component,,,
DuetWIFI_Top_png_jpg__131__IC.png,fpic_rf100,test/images/DuetWIFI_Top_png_jpg.rf.0b9a1e43b5f2dcefa35b5dee2de71274.jpg,DuetWIFI_Top_png_jpg,IC,139,92,26,17,87,58,component,,,
DuetWIFI_Top_png_jpg__133__Pads.png,fpic_rf100,test/images/DuetWIFI_Top_png_jpg.rf.0b9a1e43b5f2dcefa35b5dee2de71274.jpg,DuetWIFI_Top_png_jpg,Pads,209,168,39,32,131,105,component,,,
DuetWIFI_Top_png_jpg__173__Connector.png,fpic_rf100,test/images/DuetWIFI_Top_png_jpg.rf.0b9a1e43b5f2dcefa35b5dee2de71274.jpg,DuetWIFI_Top_png_jpg,Connector,213,168,40,32,133,105,component,,,
DuetWIFI_Top_png_jpg__175__Transistor.png,fpic_rf100,test/images/DuetWIFI_Top_png_jpg.rf.0b9a1e43b5f2dcefa35b5dee2de71274.jpg,DuetWIFI_Top_png_jpg,Transistor,128,149,24,28,80,93,component,,,
DuetWIFI_Top_png_jpg__177__Transistor.png,fpic_rf100,test/images/DuetWIFI_Top_png_jpg.rf.0b9a1e43b5f2dcefa35b5dee2de71274.jpg,DuetWIFI_Top_png_jpg,Transistor,122,156,23,29,76,98,component,,,
DuetWIFI_Top_png_jpg__178__Transistor.png,fpic_rf100,test/images/DuetWIFI_Top_png_jpg.rf.0b9a1e43b5f2dcefa35b5dee2de71274.jpg,DuetWIFI_Top_png_jpg,Transistor,154,127,29,24,96,79,component,,,
DuetWIFI_Top_png_jpg__182__Electrolytic_Capacitor.png,fpic_rf100,test/images/DuetWIFI_Top_png_jpg.rf.0b9a1e43b5f2dcefa35b5dee2de71274.jpg,DuetWIFI_Top_png_jpg,Electrolytic Capacitor,159,192,30,36,99,120,component,,,
DuetWIFI_Top_png_jpg__184__Electrolytic_Capacitor.png,fpic_rf100,test/images/DuetWIFI_Top_png_jpg.rf.0b9a1e43b5f2dcefa35b5dee2de71274.jpg,DuetWIFI_Top_png_jpg,Electrolytic Capacitor,188,161,35,30,118,101,component,,,
DuetWIFI_Top_png_jpg__187__Connector.png,fpic_rf100,test/images/DuetWIFI_Top_png_jpg.rf.0b9a1e43b5f2dcefa35b5dee2de71274.jpg,DuetWIFI_Top_png_jpg,Connector,325,288,61,54,203,180,component,,,
DuetWIFI_Top_png_jpg__191__Button.png,fpic_rf100,test/images/DuetWIFI_Top_png_jpg.rf.0b9a1e43b5f2dcefa35b5dee2de71274.jpg,DuetWIFI_Top_png_jpg,Button,96,129,18,24,60,81,component,,,
DuetWIFI_Top_png_jpg__204__IC.png,fpic_rf100,test/images/DuetWIFI_Top_png_jpg.rf.0b9a1e43b5f2dcefa35b5dee2de71274.jpg,DuetWIFI_Top_png_jpg,IC,86,116,16,22,54,72,component,,,
DuetWIFI_Top_png_jpg__210__Transistor.png,fpic_rf100,test/images/DuetWIFI_Top_png_jpg.rf.0b9a1e43b5f2dcefa35b5dee2de71274.jpg,DuetWIFI_Top_png_jpg,Transistor,225,118,42,22,141,74,component,,,
DuetWIFI_Top_png_jpg__212__Transistor.png,fpic_rf100,test/images/DuetWIFI_Top_png_jpg.rf.0b9a1e43b5f2dcefa35b5dee2de71274.jpg,DuetWIFI_Top_png_jpg,Transistor,223,128,42,24,139,80,component,,,
DuetWIFI_Top_png_jpg__217__Transistor.png,fpic_rf100,test/images/DuetWIFI_Top_png_jpg.rf.0b9a1e43b5f2dcefa35b5dee2de71274.jpg,DuetWIFI_Top_png_jpg,Transistor,203,145,38,27,127,91,component,,,
DuetWIFI_Top_png_jpg__229__Connector.png,fpic_rf100,test/images/DuetWIFI_Top_png_jpg.rf.0b9a1e43b5f2dcefa35b5dee2de71274.jpg,DuetWIFI_Top_png_jpg,Connector,117,145,22,27,73,91,component,,,
DuetWIFI_Top_png_jpg__235__Button.png,fpic_rf100,test/images/DuetWIFI_Top_png_jpg.rf.0b9a1e43b5f2dcefa35b5dee2de71274.jpg,DuetWIFI_Top_png_jpg,Button,91,128,17,24,57,80,component,,,
DuetWIFI_Top_png_jpg__236__Connector.png,fpic_rf100,test/images/DuetWIFI_Top_png_jpg.rf.0b9a1e43b5f2dcefa35b5dee2de71274.jpg,DuetWIFI_Top_png_jpg,Connector,230,288,43,54,144,180,component,,,
DuetWIFI_Top_png_jpg__237__Connector.png,fpic_rf100,test/images/DuetWIFI_Top_png_jpg.rf.0b9a1e43b5f2dcefa35b5dee2de71274.jpg,DuetWIFI_Top_png_jpg,Connector,148,113,28,21,92,71,component,,,
DuetWIFI_Top_png_jpg__238__Connector.png,fpic_rf100,test/images/DuetWIFI_Top_png_jpg.rf.0b9a1e43b5f2dcefa35b5dee2de71274.jpg,DuetWIFI_Top_png_jpg,Connector,149,113,28,21,93,71,component,,,
DuetWIFI_Top_png_jpg__239__Connector.png,fpic_rf100,test/images/DuetWIFI_Top_png_jpg.rf.0b9a1e43b5f2dcefa35b5dee2de71274.jpg,DuetWIFI_Top_png_jpg,Connector,149,116,28,22,93,72,component,,,
DuetWIFI_Top_png_jpg__240__Connector.png,fpic_rf100,test/images/DuetWIFI_Top_png_jpg.rf.0b9a1e43b5f2dcefa35b5dee2de71274.jpg,DuetWIFI_Top_png_jpg,Connector,144,113,27,21,90,71,component,,,
DuetWIFI_Top_png_jpg__241__Connector.png,fpic_rf100,test/images/DuetWIFI_Top_png_jpg.rf.0b9a1e43b5f2dcefa35b5dee2de71274.jpg,DuetWIFI_Top_png_jpg,Connector,148,116,28,22,92,72,component,,,
DuetWIFI_Top_png_jpg__242__Connector.png,fpic_rf100,test/images/DuetWIFI_Top_png_jpg.rf.0b9a1e43b5f2dcefa35b5dee2de71274.jpg,DuetWIFI_Top_png_jpg,Connector,224,282,42,53,140,176,component,,,
DuetWIFI_Top_png_jpg__243__Connector.png,fpic_rf100,test/images/DuetWIFI_Top_png_jpg.rf.0b9a1e43b5f2dcefa35b5dee2de71274.jpg,DuetWIFI_Top_png_jpg,Connector,171,218,32,41,107,136,component,,,
DuetWIFI_Top_png_jpg__244__Connector.png,fpic_rf100,test/images/DuetWIFI_Top_png_jpg.rf.0b9a1e43b5f2dcefa35b5dee2de71274.jpg,DuetWIFI_Top_png_jpg,Connector,224,283,42,53,140,177,component,,,
DuetWIFI_Top_png_jpg__245__Connector.png,fpic_rf100,test/images/DuetWIFI_Top_png_jpg.rf.0b9a1e43b5f2dcefa35b5dee2de71274.jpg,DuetWIFI_Top_png_jpg,Connector,220,289,41,54,138,181,component,,,
DuetWIFI_Top_png_jpg__246__Connector.png,fpic_rf100,test/images/DuetWIFI_Top_png_jpg.rf.0b9a1e43b5f2dcefa35b5dee2de71274.jpg,DuetWIFI_Top_png_jpg,Connector,160,204,30,38,100,128,component,,,
DuetWIFI_Top_png_jpg__247__Connector.png,fpic_rf100,test/images/DuetWIFI_Top_png_jpg.rf.0b9a1e43b5f2dcefa35b5dee2de71274.jpg,DuetWIFI_Top_png_jpg,Connector,160,214,30,40,100,134,component,,,
DuetWIFI_Top_png_jpg__248__Connector.png,fpic_rf100,test/images/DuetWIFI_Top_png_jpg.rf.0b9a1e43b5f2dcefa35b5dee2de71274.jpg,DuetWIFI_Top_png_jpg,Connector,246,90,46,17,154,56,component,,,
DuetWIFI_Top_png_jpg__249__Connector.png,fpic_rf100,test/images/DuetWIFI_Top_png_jpg.rf.0b9a1e43b5f2dcefa35b5dee2de71274.jpg,DuetWIFI_Top_png_jpg,Connector,252,92,47,17,158,58,component,,,
DuetWIFI_Top_png_jpg__250__Connector.png,fpic_rf100,test/images/DuetWIFI_Top_png_jpg.rf.0b9a1e43b5f2dcefa35b5dee2de71274.jpg,DuetWIFI_Top_png_jpg,Connector,255,90,48,17,159,56,component,,,
DuetWIFI_Top_png_jpg__251__Connector.png,fpic_rf100,test/images/DuetWIFI_Top_png_jpg.rf.0b9a1e43b5f2dcefa35b5dee2de71274.jpg,DuetWIFI_Top_png_jpg,Connector,255,95,48,18,159,59,component,,,
DuetWIFI_Top_png_jpg__252__Connector.png,fpic_rf100,test/images/DuetWIFI_Top_png_jpg.rf.0b9a1e43b5f2dcefa35b5dee2de71274.jpg,DuetWIFI_Top_png_jpg,Connector,246,91,46,17,154,57,component,,,
DuetWIFI_Top_png_jpg__253__Electrolytic_Capacitor.png,fpic_rf100,test/images/DuetWIFI_Top_png_jpg.rf.0b9a1e43b5f2dcefa35b5dee2de71274.jpg,DuetWIFI_Top_png_jpg,Electrolytic Capacitor,154,192,29,36,96,120,component,,,
DuetWIFI_Top_png_jpg__254__Electrolytic_Capacitor.png,fpic_rf100,test/images/DuetWIFI_Top_png_jpg.rf.0b9a1e43b5f2dcefa35b5dee2de71274.jpg,DuetWIFI_Top_png_jpg,Electrolytic Capacitor,172,182,32,34,108,114,component,,,
DuetWIFI_Top_png_jpg__255__Electrolytic_Capacitor.png,fpic_rf100,test/images/DuetWIFI_Top_png_jpg.rf.0b9a1e43b5f2dcefa35b5dee2de71274.jpg,DuetWIFI_Top_png_jpg,Electrolytic Capacitor,170,192,32,36,106,120,component,,,
DuetWIFI_Top_png_jpg__256__Connector.png,fpic_rf100,test/images/DuetWIFI_Top_png_jpg.rf.0b9a1e43b5f2dcefa35b5dee2de71274.jpg,DuetWIFI_Top_png_jpg,Connector,202,108,38,20,126,68,component,,,
DuetWIFI_Top_png_jpg__257__Connector.png,fpic_rf100,test/images/DuetWIFI_Top_png_jpg.rf.0b9a1e43b5f2dcefa35b5dee2de71274.jpg,DuetWIFI_Top_png_jpg,Connector,193,107,36,20,121,67,component,,,
DuetWIFI_Top_png_jpg__258__Connector.png,fpic_rf100,test/images/DuetWIFI_Top_png_jpg.rf.0b9a1e43b5f2dcefa35b5dee2de71274.jpg,DuetWIFI_Top_png_jpg,Connector,196,116,37,22,122,72,component,,,
DuetWIFI_Top_png_jpg__259__Connector.png,fpic_rf100,test/images/DuetWIFI_Top_png_jpg.rf.0b9a1e43b5f2dcefa35b5dee2de71274.jpg,DuetWIFI_Top_png_jpg,Connector,196,112,37,21,122,70,component,,,
DuetWIFI_Top_png_jpg__260__Connector.png,fpic_rf100,test/images/DuetWIFI_Top_png_jpg.rf.0b9a1e43b5f2dcefa35b5dee2de71274.jpg,DuetWIFI_Top_png_jpg,Connector,198,112,37,21,124,70,component,,,
DuetWIFI_Top_png_jpg__276__Electrolytic_Capacitor.png,fpic_rf100,test/images/DuetWIFI_Top_png_jpg.rf.0b9a1e43b5f2dcefa35b5dee2de71274.jpg,DuetWIFI_Top_png_jpg,Electrolytic Capacitor,181,192,34,36,113,120,component,,,
DuetWIFI_Top_png_jpg__278__IC.png,fpic_rf100,test/images/DuetWIFI_Top_png_jpg.rf.0b9a1e43b5f2dcefa35b5dee2de71274.jpg,DuetWIFI_Top_png_jpg,IC,145,150,27,28,91,94,component,,,
DuetWIFI_Top_png_jpg__279__IC.png,fpic_rf100,test/images/DuetWIFI_Top_png_jpg.rf.0b9a1e43b5f2dcefa35b5dee2de71274.jpg,DuetWIFI_Top_png_jpg,IC,148,154,28,29,92,96,component,,,
DuetWIFI_Top_png_jpg__280__IC.png,fpic_rf100,test/images/DuetWIFI_Top_png_jpg.rf.0b9a1e43b5f2dcefa35b5dee2de71274.jpg,DuetWIFI_Top_png_jpg,IC,148,149,28,28,92,93,component,,,
DuetWIFI_Top_png_jpg__281__IC.png,fpic_rf100,test/images/DuetWIFI_Top_png_jpg.rf.0b9a1e43b5f2dcefa35b5dee2de71274.jpg,DuetWIFI_Top_png_jpg,IC,148,152,28,28,92,95,component,,,
DuetWIFI_Top_png_jpg__282__IC.png,fpic_rf100,test/images/DuetWIFI_Top_png_jpg.rf.0b9a1e43b5f2dcefa35b5dee2de71274.jpg,DuetWIFI_Top_png_jpg,IC,150,159,28,30,94,99,component,,,
DuetWIFI_Top_png_jpg__295__Connector.png,fpic_rf100,test/images/DuetWIFI_Top_png_jpg.rf.0b9a1e43b5f2dcefa35b5dee2de71274.jpg,DuetWIFI_Top_png_jpg,Connector,84,376,16,71,52,235,component,,,
DuetWIFI_Top_png_jpg__299__Electrolytic_Capacitor.png,fpic_rf100,test/images/DuetWIFI_Top_png_jpg.rf.0b9a1e43b5f2dcefa35b5dee2de71274.jpg,DuetWIFI_Top_png_jpg,Electrolytic Capacitor,172,187,32,35,108,117,component,,,
EDA-008_Bottom_jpg__065__Connector.png,fpic_rf100,train/images/EDA-008_Bottom_jpg.rf.31784850ff6c2d75d180a1ae18be3097.jpg,EDA-008_Bottom_jpg,Connector,828,95,0,0,748,73,component,,,
EDA-008_Bottom_jpg__106__IC.png,fpic_rf100,train/images/EDA-008_Bottom_jpg.rf.31784850ff6c2d75d180a1ae18be3097.jpg,EDA-008_Bottom_jpg,IC,127,84,24,16,79,52,component,,,
EDA-008_Bottom_jpg__123__Connector.png,fpic_rf100,train/images/EDA-008_Bottom_jpg.rf.31784850ff6c2d75d180a1ae18be3097.jpg,EDA-008_Bottom_jpg,Connector,828,82,15,19,770,62,component,,,
EDA-008_Top_jpg__016__IC.png,fpic_rf100,valid/images/EDA-008_Top_jpg.rf.beb0d90869b502a248359d29c98e3a43.jpg,EDA-008_Top_jpg,IC,155,116,29,22,97,72,component,,,
EDA-008_Top_jpg__020__IC.png,fpic_rf100,valid/images/EDA-008_Top_jpg.rf.beb0d90869b502a248359d29c98e3a43.jpg,EDA-008_Top_jpg,IC,107,76,23,14,75,48,component,,,
EDA-008_Top_jpg__036__IC.png,fpic_rf100,valid/images/EDA-008_Top_jpg.rf.beb0d90869b502a248359d29c98e3a43.jpg,EDA-008_Top_jpg,IC,346,347,65,65,216,217,component,,,
EDA-008_Top_jpg__039__Connector.png,fpic_rf100,valid/images/EDA-008_Top_jpg.rf.beb0d90869b502a248359d29c98e3a43.jpg,EDA-008_Top_jpg,Connector,202,182,0,34,155,114,component,,,
EDA-008_Top_jpg__049__Connector.png,fpic_rf100,valid/images/EDA-008_Top_jpg.rf.beb0d90869b502a248359d29c98e3a43.jpg,EDA-008_Top_jpg,Connector,76,200,15,38,51,125,component,,,
EDA-008_Top_jpg__058__Electrolytic_Capacitor.png,fpic_rf100,valid/images/EDA-008_Top_jpg.rf.beb0d90869b502a248359d29c98e3a43.jpg,EDA-008_Top_jpg,Electrolytic Capacitor,196,192,37,36,122,120,component,,,
EDA-008_Top_jpg__061__IC.png,fpic_rf100,valid/images/EDA-008_Top_jpg.rf.beb0d90869b502a248359d29c98e3a43.jpg,EDA-008_Top_jpg,IC,120,120,23,23,75,75,component,,,
EDA-008_Top_jpg__084__Connector.png,fpic_rf100,valid/images/EDA-008_Top_jpg.rf.beb0d90869b502a248359d29c98e3a43.jpg,EDA-008_Top_jpg,Connector,879,70,88,16,780,53,component,,,
HackRF_JPG_jpg__015__Led.png,fpic_rf100,train/images/HackRF_JPG_jpg.rf.43420479caceb696af9fb45383e2b296.jpg,HackRF_JPG_jpg,Led,223,187,42,35,139,117,component,,,
HackRF_JPG_jpg__017__IC.png,fpic_rf100,train/images/HackRF_JPG_jpg.rf.43420479caceb696af9fb45383e2b296.jpg,HackRF_JPG_jpg,IC,1264,1269,237,238,790,793,component,,,
HackRF_JPG_jpg__025__IC.png,fpic_rf100,train/images/HackRF_JPG_jpg.rf.43420479caceb696af9fb45383e2b296.jpg,HackRF_JPG_jpg,IC,276,279,52,52,172,175,component,,,
HackRF_JPG_jpg__040__Connector.png,fpic_rf100,train/images/HackRF_JPG_jpg.rf.43420479caceb696af9fb45383e2b296.jpg,HackRF_JPG_jpg,Connector,341,1208,64,227,213,755,component,,,
HackRF_JPG_jpg__042__Connector.png,fpic_rf100,train/images/HackRF_JPG_jpg.rf.43420479caceb696af9fb45383e2b296.jpg,HackRF_JPG_jpg,Connector,218,1201,41,225,136,751,component,,,
HackRF_JPG_jpg__045__Led.png,fpic_rf100,train/images/HackRF_JPG_jpg.rf.43420479caceb696af9fb45383e2b296.jpg,HackRF_JPG_jpg,Led,219,175,41,33,137,109,component,,,
HackRF_JPG_jpg__048__Capacitor.png,fpic_rf100,train/images/HackRF_JPG_jpg.rf.43420479caceb696af9fb45383e2b296.jpg,HackRF_JPG_jpg,Capacitor,85,95,16,18,53,59,component,,,
HackRF_JPG_jpg__050__Connector.png,fpic_rf100,train/images/HackRF_JPG_jpg.rf.43420479caceb696af9fb45383e2b296.jpg,HackRF_JPG_jpg,Connector,642,416,142,78,475,260,component,,,
HackRF_JPG_jpg__056__IC.png,fpic_rf100,train/images/HackRF_JPG_jpg.rf.43420479caceb696af9fb45383e2b296.jpg,HackRF_JPG_jpg,IC,112,85,21,16,70,53,component,,,
HackRF_JPG_jpg__057__Capacitor.png,fpic_rf100,train/images/HackRF_JPG_jpg.rf.43420479caceb696af9fb45383e2b296.jpg,HackRF_JPG_jpg,Capacitor,97,100,18,19,61,62,component,,,
HackRF_JPG_jpg__077__Capacitor.png,fpic_rf100,train/images/HackRF_JPG_jpg.rf.43420479caceb696af9fb45383e2b296.jpg,HackRF_JPG_jpg,Capacitor,100,100,19,19,62,62,component,,,
HackRF_JPG_jpg__078__Led.png,fpic_rf100,train/images/HackRF_JPG_jpg.rf.43420479caceb696af9fb45383e2b296.jpg,HackRF_JPG_jpg,Led,214,184,40,35,134,115,component,,,
HackRF_JPG_jpg__087__Capacitor.png,fpic_rf100,train/images/HackRF_JPG_jpg.rf.43420479caceb696af9fb45383e2b296.jpg,HackRF_JPG_jpg,Capacitor,86,90,16,17,54,56,component,,,
HackRF_JPG_jpg__091__Transistor.png,fpic_rf100,train/images/HackRF_JPG_jpg.rf.43420479caceb696af9fb45383e2b296.jpg,HackRF_JPG_jpg,Transistor,144,128,27,24,90,80,component,,,
HackRF_JPG_jpg__101__Capacitor.png,fpic_rf100,train/images/HackRF_JPG_jpg.rf.43420479caceb696af9fb45383e2b296.jpg,HackRF_JPG_jpg,Capacitor,84,80,16,15,52,50,component,,,
HackRF_JPG_jpg__138__IC.png,fpic_rf100,train/images/HackRF_JPG_jpg.rf.43420479caceb696af9fb45383e2b296.jpg,HackRF_JPG_jpg,IC,122,97,23,18,76,61,component,,,
HackRF_JPG_jpg__143__Capacitor.png,fpic_rf100,train/images/HackRF_JPG_jpg.rf.43420479caceb696af9fb45383e2b296.jpg,HackRF_JPG_jpg,Capacitor,97,102,18,19,61,64,component,,,
HackRF_JPG_jpg__159__IC.png,fpic_rf100,train/images/HackRF_JPG_jpg.rf.43420479caceb696af9fb45383e2b296.jpg,HackRF_JPG_jpg,IC,272,279,51,52,170,175,component,,,
HackRF_JPG_jpg__162__IC.png,fpic_rf100,train/images/HackRF_JPG_jpg.rf.43420479caceb696af9fb45383e2b296.jpg,HackRF_JPG_jpg,IC,139,106,26,20,87,66,component,,,
HackRF_JPG_jpg__171__Connector.png,fpic_rf100,train/images/HackRF_JPG_jpg.rf.43420479caceb696af9fb45383e2b296.jpg,HackRF_JPG_jpg,Connector,630,120,118,23,394,75,component,,,
HackRF_JPG_jpg__172__IC.png,fpic_rf100,train/images/HackRF_JPG_jpg.rf.43420479caceb696af9fb45383e2b296.jpg,HackRF_JPG_jpg,IC,395,245,74,46,247,153,component,,,
HackRF_JPG_jpg__190__Connector.png,fpic_rf100,train/images/HackRF_JPG_jpg.rf.43420479caceb696af9fb45383e2b296.jpg,HackRF_JPG_jpg,Connector,719,384,12,72,544,240,component,,,
HackRF_JPG_jpg__207__IC.png,fpic_rf100,train/images/HackRF_JPG_jpg.rf.43420479caceb696af9fb45383e2b296.jpg,HackRF_JPG_jpg,IC,225,220,42,41,141,138,component,,,
HackRF_JPG_jpg__214__Connector.png,fpic_rf100,train/images/HackRF_JPG_jpg.rf.43420479caceb696af9fb45383e2b296.jpg,HackRF_JPG_jpg,Connector,737,395,163,74,544,247,component,,,
HackRF_JPG_jpg__220__Transistor.png,fpic_rf100,train/images/HackRF_JPG_jpg.rf.43420479caceb696af9fb45383e2b296.jpg,HackRF_JPG_jpg,Transistor,127,134,24,25,79,84,component,,,
HackRF_JPG_jpg__229__Transistor.png,fpic_rf100,train/images/HackRF_JPG_jpg.rf.43420479caceb696af9fb45383e2b296.jpg,HackRF_JPG_jpg,Transistor,124,118,23,22,78,74,component,,,
HackRF_JPG_jpg__230__Connector.png,fpic_rf100,train/images/HackRF_JPG_jpg.rf.43420479caceb696af9fb45383e2b296.jpg,HackRF_JPG_jpg,Connector,1488,299,279,56,930,187,component,,,
HackRF_JPG_jpg__246__IC.png,fpic_rf100,train/images/HackRF_JPG_jpg.rf.43420479caceb696af9fb45383e2b296.jpg,HackRF_JPG_jpg,IC,108,154,20,29,68,96,component,,,
HackRF_JPG_jpg__257__Connector.png,fpic_rf100,train/images/HackRF_JPG_jpg.rf.43420479caceb696af9fb45383e2b296.jpg,HackRF_JPG_jpg,Connector,324,218,61,41,202,136,component,,,
HackRF_JPG_jpg__258__Capacitor.png,fpic_rf100,train/images/HackRF_JPG_jpg.rf.43420479caceb696af9fb45383e2b296.jpg,HackRF_JPG_jpg,Capacitor,149,81,28,15,93,51,component,,,
HackRF_JPG_jpg__259__Connector.png,fpic_rf100,train/images/HackRF_JPG_jpg.rf.43420479caceb696af9fb45383e2b296.jpg,HackRF_JPG_jpg,Connector,1035,219,194,41,647,137,component,,,
HackRF_JPG_jpg__265__Capacitor.png,fpic_rf100,train/images/HackRF_JPG_jpg.rf.43420479caceb696af9fb45383e2b296.jpg,HackRF_JPG_jpg,Capacitor,139,84,26,16,87,52,component,,,
HackRF_JPG_jpg__272__Button.png,fpic_rf100,train/images/HackRF_JPG_jpg.rf.43420479caceb696af9fb45383e2b296.jpg,HackRF_JPG_jpg,Button,410,341,77,64,256,213,component,,,
HackRF_JPG_jpg__277__IC.png,fpic_rf100,train/images/HackRF_JPG_jpg.rf.43420479caceb696af9fb45383e2b296.jpg,HackRF_JPG_jpg,IC,160,154,30,29,100,96,component,,,
HackRF_JPG_jpg__281__Capacitor.png,fpic_rf100,train/images/HackRF_JPG_jpg.rf.43420479caceb696af9fb45383e2b296.jpg,HackRF_JPG_jpg,Capacitor,86,152,16,28,54,95,component,,,
HackRF_JPG_jpg__283__IC.png,fpic_rf100,train/images/HackRF_JPG_jpg.rf.43420479caceb696af9fb45383e2b296.jpg,HackRF_JPG_jpg,IC,325,320,61,60,203,200,component,,,
HackRF_JPG_jpg__284__Connector.png,fpic_rf100,train/images/HackRF_JPG_jpg.rf.43420479caceb696af9fb45383e2b296.jpg,HackRF_JPG_jpg,Connector,220,127,41,24,138,79,component,,,
HackRF_JPG_jpg__285__Connector.png,fpic_rf100,train/images/HackRF_JPG_jpg.rf.43420479caceb696af9fb45383e2b296.jpg,HackRF_JPG_jpg,Connector,219,122,41,23,137,76,component,,,
HackRF_JPG_jpg__291__Capacitor.png,fpic_rf100,train/images/HackRF_JPG_jpg.rf.43420479caceb696af9fb45383e2b296.jpg,HackRF_JPG_jpg,Capacitor,138,86,26,16,86,54,component,,,
HackRF_JPG_jpg__294__Pads.png,fpic_rf100,train/images/HackRF_JPG_jpg.rf.43420479caceb696af9fb45383e2b296.jpg,HackRF_JPG_jpg,Pads,160,85,30,16,100,53,component,,,
HackRF_JPG_jpg__302__IC.png,fpic_rf100,train/images/HackRF_JPG_jpg.rf.43420479caceb696af9fb45383e2b296.jpg,HackRF_JPG_jpg,IC,652,655,122,123,408,409,component,,,
HackRF_JPG_jpg__303__Connector.png,fpic_rf100,train/images/HackRF_JPG_jpg.rf.43420479caceb696af9fb45383e2b296.jpg,HackRF_JPG_jpg,Connector,150,277,28,52,94,173,component,,,
HackRF_JPG_jpg__305__Capacitor.png,fpic_rf100,train/images/HackRF_JPG_jpg.rf.43420479caceb696af9fb45383e2b296.jpg,HackRF_JPG_jpg,Capacitor,149,76,28,14,93,48,component,,,
HackRF_JPG_jpg__307__Led.png,fpic_rf100,train/images/HackRF_JPG_jpg.rf.43420479caceb696af9fb45383e2b296.jpg,HackRF_JPG_jpg,Led,203,197,38,37,127,123,component,,,
HackRF_JPG_jpg__309__Pads.png,fpic_rf100,train/images/HackRF_JPG_jpg.rf.43420479caceb696af9fb45383e2b296.jpg,HackRF_JPG_jpg,Pads,160,86,30,16,100,54,component,,,
HackRF_JPG_jpg__321__Connector.png,fpic_rf100,train/images/HackRF_JPG_jpg.rf.43420479caceb696af9fb45383e2b296.jpg,HackRF_JPG_jpg,Connector,118,219,22,41,74,137,component,,,
HackRF_JPG_jpg__323__Transistor.png,fpic_rf100,train/images/HackRF_JPG_jpg.rf.43420479caceb696af9fb45383e2b296.jpg,HackRF_JPG_jpg,Transistor,124,128,23,24,78,80,component,,,
HackRF_JPG_jpg__332__Transistor.png,fpic_rf100,train/images/HackRF_JPG_jpg.rf.43420479caceb696af9fb45383e2b296.jpg,HackRF_JPG_jpg,Transistor,123,127,23,24,77,79,component,,,
HackRF_JPG_jpg__337__Capacitor.png,fpic_rf100,train/images/HackRF_JPG_jpg.rf.43420479caceb696af9fb45383e2b296.jpg,HackRF_JPG_jpg,Capacitor,155,88,29,16,97,55,component,,,
HackRF_JPG_jpg__347__Capacitor.png,fpic_rf100,train/images/HackRF_JPG_jpg.rf.43420479caceb696af9fb45383e2b296.jpg,HackRF_JPG_jpg,Capacitor,80,81,15,15,50,51,component,,,
HackRF_JPG_jpg__356__Connector.png,fpic_rf100,train/images/HackRF_JPG_jpg.rf.43420479caceb696af9fb45383e2b296.jpg,HackRF_JPG_jpg,Connector,316,337,59,63,198,211,component,,,
HackRF_JPG_jpg__358__Button.png,fpic_rf100,train/images/HackRF_JPG_jpg.rf.43420479caceb696af9fb45383e2b296.jpg,HackRF_JPG_jpg,Button,401,310,75,58,251,194,component,,,
HackRF_JPG_jpg__360__Capacitor.png,fpic_rf100,train/images/HackRF_JPG_jpg.rf.43420479caceb696af9fb45383e2b296.jpg,HackRF_JPG_jpg,Capacitor,84,154,16,29,52,96,component,,,
HackRF_JPG_jpg__361__IC.png,fpic_rf100,train/images/HackRF_JPG_jpg.rf.43420479caceb696af9fb45383e2b296.jpg,HackRF_JPG_jpg,IC,127,90,24,17,79,56,component,,,
HackRF_JPG_jpg__372__Capacitor.png,fpic_rf100,train/images/HackRF_JPG_jpg.rf.43420479caceb696af9fb45383e2b296.jpg,HackRF_JPG_jpg,Capacitor,91,91,17,17,57,57,component,,,
HackRF_JPG_jpg__379__Connector.png,fpic_rf100,train/images/HackRF_JPG_jpg.rf.43420479caceb696af9fb45383e2b296.jpg,HackRF_JPG_jpg,Connector,112,224,21,42,70,140,component,,,
HackRF_JPG_jpg__397__Connector.png,fpic_rf100,train/images/HackRF_JPG_jpg.rf.43420479caceb696af9fb45383e2b296.jpg,HackRF_JPG_jpg,Connector,924,232,173,44,578,145,component,,,
HackRF_JPG_jpg__404__Led.png,fpic_rf100,train/images/HackRF_JPG_jpg.rf.43420479caceb696af9fb45383e2b296.jpg,HackRF_JPG_jpg,Led,229,181,43,34,143,113,component,,,
HackRF_JPG_jpg__408__Connector.png,fpic_rf100,train/images/HackRF_JPG_jpg.rf.43420479caceb696af9fb45383e2b296.jpg,HackRF_JPG_jpg,Connector,86,229,16,43,54,143,component,,,
HackRF_JPG_jpg__409__IC.png,fpic_rf100,train/images/HackRF_JPG_jpg.rf.43420479caceb696af9fb45383e2b296.jpg,HackRF_JPG_jpg,IC,152,150,28,28,95,94,component,,,
HackRF_JPG_jpg__410__Connector.png,fpic_rf100,train/images/HackRF_JPG_jpg.rf.43420479caceb696af9fb45383e2b296.jpg,HackRF_JPG_jpg,Connector,223,122,42,23,139,76,component,,,
HackRF_JPG_jpg__413__Led.png,fpic_rf100,train/images/HackRF_JPG_jpg.rf.43420479caceb696af9fb45383e2b296.jpg,HackRF_JPG_jpg,Led,220,184,41,34,138,115,component,,,
HackRF_JPG_jpg__418__Capacitor.png,fpic_rf100,train/images/HackRF_JPG_jpg.rf.43420479caceb696af9fb45383e2b296.jpg,HackRF_JPG_jpg,Capacitor,81,84,15,16,51,52,component,,,
ML365_Bottom_jpg__016__Pins.png,fpic_rf100,valid/images/ML365_Bottom_jpg.rf.3be01687367f204a2a794df77e474243.jpg,ML365_Bottom_jpg,Pins,81,91,15,17,51,57,component,,,
ML365_Bottom_jpg__017__Pins.png,fpic_rf100,valid/images/ML365_Bottom_jpg.rf.3be01687367f204a2a794df77e474243.jpg,ML365_Bottom_jpg,Pins,81,81,15,15,51,51,component,,,
ML365_Bottom_jpg__021__Electrolytic_Capacitor.png,fpic_rf100,valid/images/ML365_Bottom_jpg.rf.3be01687367f204a2a794df77e474243.jpg,ML365_Bottom_jpg,Electrolytic Capacitor,325,134,61,25,203,84,component,,,
ML365_Bottom_jpg__118__Capacitor.png,fpic_rf100,valid/images/ML365_Bottom_jpg.rf.3be01687367f204a2a794df77e474243.jpg,ML365_Bottom_jpg,Capacitor,182,79,34,15,114,49,component,,,
ML365_Bottom_jpg__125__Pins.png,fpic_rf100,valid/images/ML365_Bottom_jpg.rf.3be01687367f204a2a794df77e474243.jpg,ML365_Bottom_jpg,Pins,194,219,42,41,141,137,component,,,
ML365_Bottom_jpg__126__Pins.png,fpic_rf100,valid/images/ML365_Bottom_jpg.rf.3be01687367f204a2a794df77e474243.jpg,ML365_Bottom_jpg,Pins,239,230,45,43,149,144,component,,,
ML365_Bottom_jpg__140__Pins.png,fpic_rf100,valid/images/ML365_Bottom_jpg.rf.3be01687367f204a2a794df77e474243.jpg,ML365_Bottom_jpg,Pins,443,140,83,26,277,88,component,,,
ML365_Bottom_jpg__151__Pins.png,fpic_rf100,valid/images/ML365_Bottom_jpg.rf.3be01687367f204a2a794df77e474243.jpg,ML365_Bottom_jpg,Pins,85,85,16,16,53,53,component,,,
ML365_Bottom_jpg__202__Electrolytic_Capacitor.png,fpic_rf100,valid/images/ML365_Bottom_jpg.rf.3be01687367f204a2a794df77e474243.jpg,ML365_Bottom_jpg,Electrolytic Capacitor,325,138,61,26,203,86,component,,,
ML365_Bottom_jpg__244__Capacitor.png,fpic_rf100,valid/images/ML365_Bottom_jpg.rf.3be01687367f204a2a794df77e474243.jpg,ML365_Bottom_jpg,Capacitor,187,80,35,15,117,50,component,,,
ML365_Bottom_jpg__253__Pins.png,fpic_rf100,valid/images/ML365_Bottom_jpg.rf.3be01687367f204a2a794df77e474243.jpg,ML365_Bottom_jpg,Pins,232,84,44,16,145,52,component,,,
ML365_Bottom_jpg__261__Pins.png,fpic_rf100,valid/images/ML365_Bottom_jpg.rf.3be01687367f204a2a794df77e474243.jpg,ML365_Bottom_jpg,Pins,214,149,40,28,134,93,component,,,
ML365_Bottom_jpg__262__Electrolytic_Capacitor.png,fpic_rf100,valid/images/ML365_Bottom_jpg.rf.3be01687367f204a2a794df77e474243.jpg,ML365_Bottom_jpg,Electrolytic Capacitor,330,140,62,26,206,88,component,,,
ML365_Bottom_jpg__269__Pins.png,fpic_rf100,valid/images/ML365_Bottom_jpg.rf.3be01687367f204a2a794df77e474243.jpg,ML365_Bottom_jpg,Pins,159,166,30,31,99,104,component,,,
ML365_Bottom_jpg__275__Electrolytic_Capacitor.png,fpic_rf100,valid/images/ML365_Bottom_jpg.rf.3be01687367f204a2a794df77e474243.jpg,ML365_Bottom_jpg,Electrolytic Capacitor,319,134,60,25,199,84,component,,,
ML365_Bottom_jpg__283__Electrolytic_Capacitor.png,fpic_rf100,valid/images/ML365_Bottom_jpg.rf.3be01687367f204a2a794df77e474243.jpg,ML365_Bottom_jpg,Electrolytic Capacitor,325,139,61,26,203,87,component,,,
ML365_Bottom_jpg__284__Electrolytic_Capacitor.png,fpic_rf100,valid/images/ML365_Bottom_jpg.rf.3be01687367f204a2a794df77e474243.jpg,ML365_Bottom_jpg,Electrolytic Capacitor,321,136,60,26,201,85,component,,,
ML365_Bottom_jpg__287__Electrolytic_Capacitor.png,fpic_rf100,valid/images/ML365_Bottom_jpg.rf.3be01687367f204a2a794df77e474243.jpg,ML365_Bottom_jpg,Electrolytic Capacitor,325,138,61,26,203,86,component,,,
ML365_Bottom_jpg__290__Capacitor.png,fpic_rf100,valid/images/ML365_Bottom_jpg.rf.3be01687367f204a2a794df77e474243.jpg,ML365_Bottom_jpg,Capacitor,180,80,34,15,112,50,component,,,
ML365_Bottom_jpg__291__Electrolytic_Capacitor.png,fpic_rf100,valid/images/ML365_Bottom_jpg.rf.3be01687367f204a2a794df77e474243.jpg,ML365_Bottom_jpg,Electrolytic Capacitor,324,144,61,27,202,90,component,,,
ML365_Bottom_jpg__303__Electrolytic_Capacitor.png,fpic_rf100,valid/images/ML365_Bottom_jpg.rf.3be01687367f204a2a794df77e474243.jpg,ML365_Bottom_jpg,Electrolytic Capacitor,325,140,61,26,203,88,component,,,
ML365_Bottom_jpg__318__Electrolytic_Capacitor.png,fpic_rf100,valid/images/ML365_Bottom_jpg.rf.3be01687367f204a2a794df77e474243.jpg,ML365_Bottom_jpg,Electrolytic Capacitor,325,138,61,26,203,86,component,,,
ML365_Bottom_jpg__320__Pins.png,fpic_rf100,valid/images/ML365_Bottom_jpg.rf.3be01687367f204a2a794df77e474243.jpg,ML365_Bottom_jpg,Pins,91,1205,17,226,57,753,component,,,
ML365_Bottom_jpg__321__Pins.png,fpic_rf100,valid/images/ML365_Bottom_jpg.rf.3be01687367f204a2a794df77e474243.jpg,ML365_Bottom_jpg,Pins,79,1216,2,228,59,760,component,,,
ML365_Bottom_jpg__325__Electrolytic_Capacitor.png,fpic_rf100,valid/images/ML365_Bottom_jpg.rf.3be01687367f204a2a794df77e474243.jpg,ML365_Bottom_jpg,Electrolytic Capacitor,321,136,60,25,201,85,component,,,
ML365_Bottom_jpg__326__Electrolytic_Capacitor.png,fpic_rf100,valid/images/ML365_Bottom_jpg.rf.3be01687367f204a2a794df77e474243.jpg,ML365_Bottom_jpg,Electrolytic Capacitor,325,138,61,26,203,86,component,,,
ML365_Bottom_jpg__327__Pins.png,fpic_rf100,valid/images/ML365_Bottom_jpg.rf.3be01687367f204a2a794df77e474243.jpg,ML365_Bottom_jpg,Pins,152,407,29,76,95,255,component,,,
ML365_Bottom_jpg__328__Electrolytic_Capacitor.png,fpic_rf100,valid/images/ML365_Bottom_jpg.rf.3be01687367f204a2a794df77e474243.jpg,ML365_Bottom_jpg,Electrolytic Capacitor,324,139,61,26,202,87,component,,,
ML365_Bottom_jpg__338__Electrolytic_Capacitor.png,fpic_rf100,valid/images/ML365_Bottom_jpg.rf.3be01687367f204a2a794df77e474243.jpg,ML365_Bottom_jpg,Electrolytic Capacitor,326,138,61,26,204,86,component,,,
ML365_Bottom_jpg__341__Pins.png,fpic_rf100,valid/images/ML365_Bottom_jpg.rf.3be01687367f204a2a794df77e474243.jpg,ML365_Bottom_jpg,Pins,161,689,30,129,101,431,component,,,
ML365_Bottom_jpg__345__Electrolytic_Capacitor.png,fpic_rf100,valid/images/ML365_Bottom_jpg.rf.3be01687367f204a2a794df77e474243.jpg,ML365_Bottom_jpg,Electrolytic Capacitor,320,140,60,26,200,88,component,,,
ML365_Bottom_jpg__346__Electrolytic_Capacitor.png,fpic_rf100,valid/images/ML365_Bottom_jpg.rf.3be01687367f204a2a794df77e474243.jpg,ML365_Bottom_jpg,Electrolytic Capacitor,328,139,61,26,205,87,component,,,
ML365_Bottom_jpg__348__Pins.png,fpic_rf100,valid/images/ML365_Bottom_jpg.rf.3be01687367f204a2a794df77e474243.jpg,ML365_Bottom_jpg,Pins,84,84,16,16,52,52,component,,,
ML365_Bottom_jpg__349__Pins.png,fpic_rf100,valid/images/ML365_Bottom_jpg.rf.3be01687367f204a2a794df77e474243.jpg,ML365_Bottom_jpg,Pins,177,175,33,33,111,109,component,,,
ML365_Bottom_jpg__350__Pins.png,fpic_rf100,valid/images/ML365_Bottom_jpg.rf.3be01687367f204a2a794df77e474243.jpg,ML365_Bottom_jpg,Pins,79,91,15,17,49,57,component,,,
ML365_Bottom_jpg__351__Pins.png,fpic_rf100,valid/images/ML365_Bottom_jpg.rf.3be01687367f204a2a794df77e474243.jpg,ML365_Bottom_jpg,Pins,84,84,16,16,52,52,component,,,
ML365_Bottom_jpg__354__Capacitor.png,fpic_rf100,valid/images/ML365_Bottom_jpg.rf.3be01687367f204a2a794df77e474243.jpg,ML365_Bottom_jpg,Capacitor,181,79,34,15,113,49,component,,,
ML365_Bottom_jpg__356__Pins.png,fpic_rf100,valid/images/ML365_Bottom_jpg.rf.3be01687367f204a2a794df77e474243.jpg,ML365_Bottom_jpg,Pins,85,95,16,18,53,59,component,,,
ML365_Bottom_jpg__386__Electrolytic_Capacitor.png,fpic_rf100,valid/images/ML365_Bottom_jpg.rf.3be01687367f204a2a794df77e474243.jpg,ML365_Bottom_jpg,Electrolytic Capacitor,320,138,60,26,200,86,component,,,
ML365_Bottom_jpg__393__Electrolytic_Capacitor.png,fpic_rf100,valid/images/ML365_Bottom_jpg.rf.3be01687367f204a2a794df77e474243.jpg,ML365_Bottom_jpg,Electrolytic Capacitor,324,143,61,27,202,89,component,,,
ML365_Bottom_jpg__394__Pins.png,fpic_rf100,valid/images/ML365_Bottom_jpg.rf.3be01687367f204a2a794df77e474243.jpg,ML365_Bottom_jpg,Pins,249,250,47,47,155,156,component,,,
ML365_Bottom_jpg__396__Pins.png,fpic_rf100,valid/images/ML365_Bottom_jpg.rf.3be01687367f204a2a794df77e474243.jpg,ML365_Bottom_jpg,Pins,250,252,47,47,156,158,component,,,
ML365_Bottom_jpg__398__Pins.png,fpic_rf100,valid/images/ML365_Bottom_jpg.rf.3be01687367f204a2a794df77e474243.jpg,ML365_Bottom_jpg,Pins,219,156,41,29,137,98,component,,,
ML365_Bottom_jpg__399__Pins.png,fpic_rf100,valid/images/ML365_Bottom_jpg.rf.3be01687367f204a2a794df77e474243.jpg,ML365_Bottom_jpg,Pins,334,278,73,52,243,174,component,,,
ML365_Bottom_jpg__400__Pins.png,fpic_rf100,valid/images/ML365_Bottom_jpg.rf.3be01687367f204a2a794df77e474243.jpg,ML365_Bottom_jpg,Pins,1279,160,240,30,799,100,component,,,
ML365_Bottom_jpg__401__Electrolytic_Capacitor.png,fpic_rf100,valid/images/ML365_Bottom_jpg.rf.3be01687367f204a2a794df77e474243.jpg,ML365_Bottom_jpg,Electrolytic Capacitor,325,140,61,26,203,88,component,,,
ML365_Bottom_jpg__402__Electrolytic_Capacitor.png,fpic_rf100,valid/images/ML365_Bottom_jpg.rf.3be01687367f204a2a794df77e474243.jpg,ML365_Bottom_jpg,Electrolytic Capacitor,321,138,60,26,201,86,component,,,
ML365_Bottom_jpg__403__Pins.png,fpic_rf100,valid/images/ML365_Bottom_jpg.rf.3be01687367f204a2a794df77e474243.jpg,ML365_Bottom_jpg,Pins,85,90,16,17,53,56,component,,,
ML365_Bottom_jpg__405__Pins.png,fpic_rf100,valid/images/ML365_Bottom_jpg.rf.3be01687367f204a2a794df77e474243.jpg,ML365_Bottom_jpg,Pins,92,91,17,17,58,57,component,,,
ML365_Bottom_jpg__407__Electrolytic_Capacitor.png,fpic_rf100,valid/images/ML365_Bottom_jpg.rf.3be01687367f204a2a794df77e474243.jpg,ML365_Bottom_jpg,Electrolytic Capacitor,321,136,60,26,201,85,component,,,
ML365_Bottom_jpg__409__Pins.png,fpic_rf100,valid/images/ML365_Bottom_jpg.rf.3be01687367f204a2a794df77e474243.jpg,ML365_Bottom_jpg,Pins,90,692,17,130,56,432,component,,,
ML365_Bottom_jpg__413__Pins.png,fpic_rf100,valid/images/ML365_Bottom_jpg.rf.3be01687367f204a2a794df77e474243.jpg,ML365_Bottom_jpg,Pins,112,276,21,52,70,172,component,,,
ML365_Bottom_jpg__414__Pins.png,fpic_rf100,valid/images/ML365_Bottom_jpg.rf.3be01687367f204a2a794df77e474243.jpg,ML365_Bottom_jpg,Pins,117,271,22,51,73,169,component,,,
ML365_Bottom_jpg__415__Pins.png,fpic_rf100,valid/images/ML365_Bottom_jpg.rf.3be01687367f204a2a794df77e474243.jpg,ML365_Bottom_jpg,Pins,117,271,22,51,73,169,component,,,
ML365_Bottom_jpg__416__Pins.png,fpic_rf100,valid/images/ML365_Bottom_jpg.rf.3be01687367f204a2a794df77e474243.jpg,ML365_Bottom_jpg,Pins,112,276,21,52,70,172,component,,,
ML365_Bottom_jpg__417__Pins.png,fpic_rf100,valid/images/ML365_Bottom_jpg.rf.3be01687367f204a2a794df77e474243.jpg,ML365_Bottom_jpg,Pins,111,273,21,51,69,171,component,,,
ML365_Bottom_jpg__418__Pins.png,fpic_rf100,valid/images/ML365_Bottom_jpg.rf.3be01687367f204a2a794df77e474243.jpg,ML365_Bottom_jpg,Pins,111,273,21,51,69,171,component,,,
ML365_Bottom_jpg__419__Pins.png,fpic_rf100,valid/images/ML365_Bottom_jpg.rf.3be01687367f204a2a794df77e474243.jpg,ML365_Bottom_jpg,Pins,88,90,16,17,55,56,component,,,
ML365_Bottom_jpg__420__Connector.png,fpic_rf100,valid/images/ML365_Bottom_jpg.rf.3be01687367f204a2a794df77e474243.jpg,ML365_Bottom_jpg,Connector,374,191,70,36,234,119,component,,,
ML365_Bottom_jpg__421__Connector.png,fpic_rf100,valid/images/ML365_Bottom_jpg.rf.3be01687367f204a2a794df77e474243.jpg,ML365_Bottom_jpg,Connector,390,193,73,36,244,121,component,,,
ML365_Bottom_jpg__422__Connector.png,fpic_rf100,valid/images/ML365_Bottom_jpg.rf.3be01687367f204a2a794df77e474243.jpg,ML365_Bottom_jpg,Connector,395,202,74,38,247,126,component,,,
ML365_Bottom_jpg__423__Pins.png,fpic_rf100,valid/images/ML365_Bottom_jpg.rf.3be01687367f204a2a794df77e474243.jpg,ML365_Bottom_jpg,Pins,80,84,15,16,50,52,component,,,
ML365_Bottom_jpg__424__Pins.png,fpic_rf100,valid/images/ML365_Bottom_jpg.rf.3be01687367f204a2a794df77e474243.jpg,ML365_Bottom_jpg,Pins,86,96,16,18,54,60,component,,,
ML365_Bottom_jpg__425__Electrolytic_Capacitor.png,fpic_rf100,valid/images/ML365_Bottom_jpg.rf.3be01687367f204a2a794df77e474243.jpg,ML365_Bottom_jpg,Electrolytic Capacitor,321,144,60,27,201,90,component,,,
ML365_Bottom_jpg__426__Pins.png,fpic_rf100,valid/images/ML365_Bottom_jpg.rf.3be01687367f204a2a794df77e474243.jpg,ML365_Bottom_jpg,Pins,84,85,16,16,52,53,component,,,
ML365_Bottom_jpg__430__Pins.png,fpic_rf100,valid/images/ML365_Bottom_jpg.rf.3be01687367f204a2a794df77e474243.jpg,ML365_Bottom_jpg,Pins,81,90,15,17,51,56,component,,,
ML365_Bottom_jpg__431__Capacitor.png,fpic_rf100,valid/images/ML365_Bottom_jpg.rf.3be01687367f204a2a794df77e474243.jpg,ML365_Bottom_jpg,Capacitor,177,79,33,15,111,49,component,,,
ML365_Bottom_jpg__434__Electrolytic_Capacitor.png,fpic_rf100,valid/images/ML365_Bottom_jpg.rf.3be01687367f204a2a794df77e474243.jpg,ML365_Bottom_jpg,Electrolytic Capacitor,324,143,61,27,202,89,component,,,
ML365_Bottom_jpg__437__Electrolytic_Capacitor.png,fpic_rf100,valid/images/ML365_Bottom_jpg.rf.3be01687367f204a2a794df77e474243.jpg,ML365_Bottom_jpg,Electrolytic Capacitor,330,149,62,28,206,93,component,,,
ML365_Bottom_jpg__438__Electrolytic_Capacitor.png,fpic_rf100,valid/images/ML365_Bottom_jpg.rf.3be01687367f204a2a794df77e474243.jpg,ML365_Bottom_jpg,Electrolytic Capacitor,326,139,61,26,204,87,component,,,
ML365_Bottom_jpg__445__Electrolytic_Capacitor.png,fpic_rf100,valid/images/ML365_Bottom_jpg.rf.3be01687367f204a2a794df77e474243.jpg,ML365_Bottom_jpg,Electrolytic Capacitor,316,148,59,28,198,92,component,,,
ML365_Bottom_jpg__456__Electrolytic_Capacitor.png,fpic_rf100,valid/images/ML365_Bottom_jpg.rf.3be01687367f204a2a794df77e474243.jpg,ML365_Bottom_jpg,Electrolytic Capacitor,324,143,61,27,202,89,component,,,
ML365_Bottom_jpg__476__Electrolytic_Capacitor.png,fpic_rf100,valid/images/ML365_Bottom_jpg.rf.3be01687367f204a2a794df77e474243.jpg,ML365_Bottom_jpg,Electrolytic Capacitor,329,139,62,26,205,87,component,,,
ML365_Bottom_jpg__478__Pins.png,fpic_rf100,valid/images/ML365_Bottom_jpg.rf.3be01687367f204a2a794df77e474243.jpg,ML365_Bottom_jpg,Pins,208,79,39,15,130,49,component,,,
ML365_Bottom_jpg__493__Pins.png,fpic_rf100,valid/images/ML365_Bottom_jpg.rf.3be01687367f204a2a794df77e474243.jpg,ML365_Bottom_jpg,Pins,150,597,28,112,94,373,component,,,
ML365_Bottom_jpg__498__Pins.png,fpic_rf100,valid/images/ML365_Bottom_jpg.rf.3be01687367f204a2a794df77e474243.jpg,ML365_Bottom_jpg,Pins,228,246,43,46,142,154,component,,,
ML365_Bottom_jpg__509__Electrolytic_Capacitor.png,fpic_rf100,valid/images/ML365_Bottom_jpg.rf.3be01687367f204a2a794df77e474243.jpg,ML365_Bottom_jpg,Electrolytic Capacitor,326,140,61,26,204,88,component,,,
ML365_Bottom_jpg__525__Electrolytic_Capacitor.png,fpic_rf100,valid/images/ML365_Bottom_jpg.rf.3be01687367f204a2a794df77e474243.jpg,ML365_Bottom_jpg,Electrolytic Capacitor,325,139,61,26,203,87,component,,,
ML365_Bottom_jpg__531__Capacitor.png,fpic_rf100,valid/images/ML365_Bottom_jpg.rf.3be01687367f204a2a794df77e474243.jpg,ML365_Bottom_jpg,Capacitor,180,79,34,15,112,49,component,,,
ML365_Bottom_jpg__534__Electrolytic_Capacitor.png,fpic_rf100,valid/images/ML365_Bottom_jpg.rf.3be01687367f204a2a794df77e474243.jpg,ML365_Bottom_jpg,Electrolytic Capacitor,320,134,60,25,200,84,component,,,
ML365_Bottom_jpg__535__Electrolytic_Capacitor.png,fpic_rf100,valid/images/ML365_Bottom_jpg.rf.3be01687367f204a2a794df77e474243.jpg,ML365_Bottom_jpg,Electrolytic Capacitor,325,139,61,26,203,87,component,,,
ML365_Bottom_jpg__538__Electrolytic_Capacitor.png,fpic_rf100,valid/images/ML365_Bottom_jpg.rf.3be01687367f204a2a794df77e474243.jpg,ML365_Bottom_jpg,Electrolytic Capacitor,139,325,26,61,87,203,component,,,
ML365_Bottom_jpg__543__Capacitor.png,fpic_rf100,valid/images/ML365_Bottom_jpg.rf.3be01687367f204a2a794df77e474243.jpg,ML365_Bottom_jpg,Capacitor,180,79,34,15,112,49,component,,,
ML365_Bottom_jpg__544__Pins.png,fpic_rf100,valid/images/ML365_Bottom_jpg.rf.3be01687367f204a2a794df77e474243.jpg,ML365_Bottom_jpg,Pins,85,165,16,31,53,103,component,,,
ML365_Bottom_jpg__546__IC.png,fpic_rf100,valid/images/ML365_Bottom_jpg.rf.3be01687367f204a2a794df77e474243.jpg,ML365_Bottom_jpg,IC,693,698,130,131,433,436,component,,,
ML365_Bottom_jpg__547__Electrolytic_Capacitor.png,fpic_rf100,valid/images/ML365_Bottom_jpg.rf.3be01687367f204a2a794df77e474243.jpg,ML365_Bottom_jpg,Electrolytic Capacitor,138,324,26,61,86,202,component,,,
ML365_Bottom_jpg__551__Electrolytic_Capacitor.png,fpic_rf100,valid/images/ML365_Bottom_jpg.rf.3be01687367f204a2a794df77e474243.jpg,ML365_Bottom_jpg,Electrolytic Capacitor,321,144,60,27,201,90,component,,,
ML365_Bottom_jpg__568__Electrolytic_Capacitor.png,fpic_rf100,valid/images/ML365_Bottom_jpg.rf.3be01687367f204a2a794df77e474243.jpg,ML365_Bottom_jpg,Electrolytic Capacitor,324,143,61,27,202,89,component,,,
ML365_Bottom_jpg__569__Electrolytic_Capacitor.png,fpic_rf100,valid/images/ML365_Bottom_jpg.rf.3be01687367f204a2a794df77e474243.jpg,ML365_Bottom_jpg,Electrolytic Capacitor,324,140,61,26,202,88,component,,,
ML365_Bottom_jpg__570__Pins.png,fpic_rf100,valid/images/ML365_Bottom_jpg.rf.3be01687367f204a2a794df77e474243.jpg,ML365_Bottom_jpg,Pins,214,88,40,16,134,55,component,,,
ML365_Bottom_jpg__571__Electrolytic_Capacitor.png,fpic_rf100,valid/images/ML365_Bottom_jpg.rf.3be01687367f204a2a794df77e474243.jpg,ML365_Bottom_jpg,Electrolytic Capacitor,325,132,61,25,203,82,component,,,
ML365_Bottom_jpg__572__Electrolytic_Capacitor.png,fpic_rf100,valid/images/ML365_Bottom_jpg.rf.3be01687367f204a2a794df77e474243.jpg,ML365_Bottom_jpg,Electrolytic Capacitor,320,140,60,26,200,88,component,,,
ML365_Bottom_jpg__584__Electrolytic_Capacitor.png,fpic_rf100,valid/images/ML365_Bottom_jpg.rf.3be01687367f204a2a794df77e474243.jpg,ML365_Bottom_jpg,Electrolytic Capacitor,326,136,61,25,204,85,component,,,
ML365_Bottom_jpg__585__Electrolytic_Capacitor.png,fpic_rf100,valid/images/ML365_Bottom_jpg.rf.3be01687367f204a2a794df77e474243.jpg,ML365_Bottom_jpg,Electrolytic Capacitor,324,139,61,26,202,87,component,,,
ML365_Bottom_jpg__586__Capacitor.png,fpic_rf100,valid/images/ML365_Bottom_jpg.rf.3be01687367f204a2a794df77e474243.jpg,ML365_Bottom_jpg,Capacitor,181,79,34,15,113,49,component,,,
ML365_Bottom_jpg__612__Capacitor.png,fpic_rf100,valid/images/ML365_Bottom_jpg.rf.3be01687367f204a2a794df77e474243.jpg,ML365_Bottom_jpg,Capacitor,181,79,34,15,113,49,component,,,
ML365_Bottom_jpg__621__Clock.png,fpic_rf100,valid/images/ML365_Bottom_jpg.rf.3be01687367f204a2a794df77e474243.jpg,ML365_Bottom_jpg,Clock,236,223,44,42,148,139,component,,,
ML365_Bottom_jpg__629__Electrolytic_Capacitor.png,fpic_rf100,valid/images/ML365_Bottom_jpg.rf.3be01687367f204a2a794df77e474243.jpg,ML365_Bottom_jpg,Electrolytic Capacitor,325,145,61,27,203,91,component,,,
ML365_Bottom_jpg__652__Electrolytic_Capacitor.png,fpic_rf100,valid/images/ML365_Bottom_jpg.rf.3be01687367f204a2a794df77e474243.jpg,ML365_Bottom_jpg,Electrolytic Capacitor,320,138,60,26,200,86,component,,,
ML365_Bottom_jpg__656__Pins.png,fpic_rf100,valid/images/ML365_Bottom_jpg.rf.3be01687367f204a2a794df77e474243.jpg,ML365_Bottom_jpg,Pins,90,88,17,16,56,55,component,,,
ML365_Bottom_jpg__671__Electrolytic_Capacitor.png,fpic_rf100,valid/images/ML365_Bottom_jpg.rf.3be01687367f204a2a794df77e474243.jpg,ML365_Bottom_jpg,Electrolytic Capacitor,324,140,61,26,202,88,component,,,
ML365_Bottom_jpg__721__Capacitor.png,fpic_rf100,valid/images/ML365_Bottom_jpg.rf.3be01687367f204a2a794df77e474243.jpg,ML365_Bottom_jpg,Capacitor,182,79,34,15,114,49,component,,,
ML365_Top_jpg__066__IC.png,fpic_rf100,train/images/ML365_Top_jpg.rf.06a47b49cb168d369bb03488d4ff3fe1.jpg,ML365_Top_jpg,IC,619,619,116,116,387,387,component,,,
ML365_Top_jpg__071__IC.png,fpic_rf100,train/images/ML365_Top_jpg.rf.06a47b49cb168d369bb03488d4ff3fe1.jpg,ML365_Top_jpg,IC,288,271,54,51,180,169,component,,,
ML365_Top_jpg__074__IC.png,fpic_rf100,train/images/ML365_Top_jpg.rf.06a47b49cb168d369bb03488d4ff3fe1.jpg,ML365_Top_jpg,IC,293,272,55,51,183,170,component,,,
ML365_Top_jpg__090__Connector.png,fpic_rf100,train/images/ML365_Top_jpg.rf.06a47b49cb168d369bb03488d4ff3fe1.jpg,ML365_Top_jpg,Connector,79,90,15,17,49,56,component,,,
ML365_Top_jpg__154__IC.png,fpic_rf100,train/images/ML365_Top_jpg.rf.06a47b49cb168d369bb03488d4ff3fe1.jpg,ML365_Top_jpg,IC,132,121,25,23,82,75,component,,,
ML365_Top_jpg__161__Electrolytic_Capacitor.png,fpic_rf100,train/images/ML365_Top_jpg.rf.06a47b49cb168d369bb03488d4ff3fe1.jpg,ML365_Top_jpg,Electrolytic Capacitor,170,102,32,19,106,64,component,,,
ML365_Top_jpg__162__Electrolytic_Capacitor.png,fpic_rf100,train/images/ML365_Top_jpg.rf.06a47b49cb168d369bb03488d4ff3fe1.jpg,ML365_Top_jpg,Electrolytic Capacitor,168,102,31,19,105,64,component,,,
ML365_Top_jpg__170__IC.png,fpic_rf100,train/images/ML365_Top_jpg.rf.06a47b49cb168d369bb03488d4ff3fe1.jpg,ML365_Top_jpg,IC,138,124,26,23,86,78,component,,,
ML365_Top_jpg__176__IC.png,fpic_rf100,train/images/ML365_Top_jpg.rf.06a47b49cb168d369bb03488d4ff3fe1.jpg,ML365_Top_jpg,IC,132,123,25,23,82,77,component,,,
ML365_Top_jpg__187__Connector.png,fpic_rf100,train/images/ML365_Top_jpg.rf.06a47b49cb168d369bb03488d4ff3fe1.jpg,ML365_Top_jpg,Connector,155,342,29,64,97,214,component,,,
ML365_Top_jpg__188__Inductor.png,fpic_rf100,train/images/ML365_Top_jpg.rf.06a47b49cb168d369bb03488d4ff3fe1.jpg,ML365_Top_jpg,Inductor,240,229,45,43,150,143,component,,,
ML365_Top_jpg__189__IC.png,fpic_rf100,train/images/ML365_Top_jpg.rf.06a47b49cb168d369bb03488d4ff3fe1.jpg,ML365_Top_jpg,IC,143,166,27,31,89,104,component,,,
ML365_Top_jpg__190__Electrolytic_Capacitor.png,fpic_rf100,train/images/ML365_Top_jpg.rf.06a47b49cb168d369bb03488d4ff3fe1.jpg,ML365_Top_jpg,Electrolytic Capacitor,102,166,19,31,64,104,component,,,
ML365_Top_jpg__201__Clock.png,fpic_rf100,train/images/ML365_Top_jpg.rf.06a47b49cb168d369bb03488d4ff3fe1.jpg,ML365_Top_jpg,Clock,101,127,19,24,63,79,component,,,
ML365_Top_jpg__202__Clock.png,fpic_rf100,train/images/ML365_Top_jpg.rf.06a47b49cb168d369bb03488d4ff3fe1.jpg,ML365_Top_jpg,Clock,101,127,19,24,63,79,component,,,
ML365_Top_jpg__207__Resistor.png,fpic_rf100,train/images/ML365_Top_jpg.rf.06a47b49cb168d369bb03488d4ff3fe1.jpg,ML365_Top_jpg,Resistor,116,85,22,16,72,53,component,,,
ML365_Top_jpg__208__Connector.png,fpic_rf100,train/images/ML365_Top_jpg.rf.06a47b49cb168d369bb03488d4ff3fe1.jpg,ML365_Top_jpg,Connector,161,161,30,30,101,101,component,,,
ML365_Top_jpg__209__Connector.png,fpic_rf100,train/images/ML365_Top_jpg.rf.06a47b49cb168d369bb03488d4ff3fe1.jpg,ML365_Top_jpg,Connector,164,166,31,31,102,104,component,,,
ML365_Top_jpg__210__Connector.png,fpic_rf100,train/images/ML365_Top_jpg.rf.06a47b49cb168d369bb03488d4ff3fe1.jpg,ML365_Top_jpg,Connector,122,95,23,18,76,59,component,,,
ML365_Top_jpg__212__Connector.png,fpic_rf100,train/images/ML365_Top_jpg.rf.06a47b49cb168d369bb03488d4ff3fe1.jpg,ML365_Top_jpg,Connector,443,184,83,35,277,115,component,,,
ML365_Top_jpg__214__Connector.png,fpic_rf100,train/images/ML365_Top_jpg.rf.06a47b49cb168d369bb03488d4ff3fe1.jpg,ML365_Top_jpg,Connector,124,104,23,19,78,65,component,,,
ML365_Top_jpg__222__Electrolytic_Capacitor.png,fpic_rf100,train/images/ML365_Top_jpg.rf.06a47b49cb168d369bb03488d4ff3fe1.jpg,ML365_Top_jpg,Electrolytic Capacitor,167,104,31,19,105,65,component,,,
ML365_Top_jpg__227__Connector.png,fpic_rf100,train/images/ML365_Top_jpg.rf.06a47b49cb168d369bb03488d4ff3fe1.jpg,ML365_Top_jpg,Connector,120,335,23,63,75,209,component,,,
ML365_Top_jpg__228__Electrolytic_Capacitor.png,fpic_rf100,train/images/ML365_Top_jpg.rf.06a47b49cb168d369bb03488d4ff3fe1.jpg,ML365_Top_jpg,Electrolytic Capacitor,132,81,25,15,82,51,component,,,
ML365_Top_jpg__229__Electrolytic_Capacitor.png,fpic_rf100,train/images/ML365_Top_jpg.rf.06a47b49cb168d369bb03488d4ff3fe1.jpg,ML365_Top_jpg,Electrolytic Capacitor,175,108,33,20,109,68,component,,,
ML365_Top_jpg__230__Electrolytic_Capacitor.png,fpic_rf100,train/images/ML365_Top_jpg.rf.06a47b49cb168d369bb03488d4ff3fe1.jpg,ML365_Top_jpg,Electrolytic Capacitor,129,81,24,15,81,51,component,,,
ML365_Top_jpg__247__Electrolytic_Capacitor.png,fpic_rf100,train/images/ML365_Top_jpg.rf.06a47b49cb168d369bb03488d4ff3fe1.jpg,ML365_Top_jpg,Electrolytic Capacitor,171,106,32,20,107,66,component,,,
ML365_Top_jpg__249__Electrolytic_Capacitor.png,fpic_rf100,train/images/ML365_Top_jpg.rf.06a47b49cb168d369bb03488d4ff3fe1.jpg,ML365_Top_jpg,Electrolytic Capacitor,164,104,28,20,105,65,component,,,
ML365_Top_jpg__252__Electrolytic_Capacitor.png,fpic_rf100,train/images/ML365_Top_jpg.rf.06a47b49cb168d369bb03488d4ff3fe1.jpg,ML365_Top_jpg,Electrolytic Capacitor,170,106,32,20,106,66,component,,,
ML365_Top_jpg__274__IC.png,fpic_rf100,train/images/ML365_Top_jpg.rf.06a47b49cb168d369bb03488d4ff3fe1.jpg,ML365_Top_jpg,IC,271,199,51,0,169,153,component,,,
ML365_Top_jpg__277__Button.png,fpic_rf100,train/images/ML365_Top_jpg.rf.06a47b49cb168d369bb03488d4ff3fe1.jpg,ML365_Top_jpg,Button,140,140,26,26,88,88,component,,,
ML365_Top_jpg__284__Connector.png,fpic_rf100,train/images/ML365_Top_jpg.rf.06a47b49cb168d369bb03488d4ff3fe1.jpg,ML365_Top_jpg,Connector,145,305,27,57,91,191,component,,,
ML365_Top_jpg__287__Switch.png,fpic_rf100,train/images/ML365_Top_jpg.rf.06a47b49cb168d369bb03488d4ff3fe1.jpg,ML365_Top_jpg,Switch,187,86,35,0,117,66,component,,,
ML365_Top_jpg__303__Button.png,fpic_rf100,train/images/ML365_Top_jpg.rf.06a47b49cb168d369bb03488d4ff3fe1.jpg,ML365_Top_jpg,Button,139,138,26,26,87,86,component,,,
ML365_Top_jpg__305__Jumper.png,fpic_rf100,train/images/ML365_Top_jpg.rf.06a47b49cb168d369bb03488d4ff3fe1.jpg,ML365_Top_jpg,Jumper,80,100,15,19,50,62,component,,,
ML365_Top_jpg__325__Button.png,fpic_rf100,train/images/ML365_Top_jpg.rf.06a47b49cb168d369bb03488d4ff3fe1.jpg,ML365_Top_jpg,Button,140,140,26,26,88,88,component,,,
ML365_Top_jpg__327__Connector.png,fpic_rf100,train/images/ML365_Top_jpg.rf.06a47b49cb168d369bb03488d4ff3fe1.jpg,ML365_Top_jpg,Connector,904,808,170,123,565,527,component,,,
ML450_Bottom1_jpg__000__Pins.png,fpic_rf100,train/images/ML450_Bottom1_jpg.rf.195f7511a644c4b5af7519efb320a94a.jpg,ML450_Bottom1_jpg,Pins,160,423,30,79,100,265,component,,,
ML450_Bottom1_jpg__001__Connector.png,fpic_rf100,train/images/ML450_Bottom1_jpg.rf.195f7511a644c4b5af7519efb320a94a.jpg,ML450_Bottom1_jpg,Connector,175,513,33,96,109,321,component,,,
ML450_Bottom1_jpg__002__Pins.png,fpic_rf100,train/images/ML450_Bottom1_jpg.rf.195f7511a644c4b5af7519efb320a94a.jpg,ML450_Bottom1_jpg,Pins,90,92,17,17,56,58,component,,,
ML450_Bottom1_jpg__003__Connector.png,fpic_rf100,train/images/ML450_Bottom1_jpg.rf.195f7511a644c4b5af7519efb320a94a.jpg,ML450_Bottom1_jpg,Connector,1500,1391,281,261,938,869,component,,,
ML450_Bottom1_jpg__004__Pins.png,fpic_rf100,train/images/ML450_Bottom1_jpg.rf.195f7511a644c4b5af7519efb320a94a.jpg,ML450_Bottom1_jpg,Pins,213,287,40,54,133,179,component,,,
ML450_Bottom1_jpg__005__Pins.png,fpic_rf100,train/images/ML450_Bottom1_jpg.rf.195f7511a644c4b5af7519efb320a94a.jpg,ML450_Bottom1_jpg,Pins,90,236,17,44,56,148,component,,,
ML450_Bottom1_jpg__006__Pins.png,fpic_rf100,train/images/ML450_Bottom1_jpg.rf.195f7511a644c4b5af7519efb320a94a.jpg,ML450_Bottom1_jpg,Pins,76,80,14,15,48,50,component,,,
ML450_Bottom1_jpg__007__Pins.png,fpic_rf100,train/images/ML450_Bottom1_jpg.rf.195f7511a644c4b5af7519efb320a94a.jpg,ML450_Bottom1_jpg,Pins,676,150,127,28,422,94,component,,,
ML450_Bottom1_jpg__011__Pins.png,fpic_rf100,train/images/ML450_Bottom1_jpg.rf.195f7511a644c4b5af7519efb320a94a.jpg,ML450_Bottom1_jpg,Pins,667,86,125,16,417,54,component,,,
ML450_Bottom1_jpg__013__Resistor_Jumper.png,fpic_rf100,train/images/ML450_Bottom1_jpg.rf.195f7511a644c4b5af7519efb320a94a.jpg,ML450_Bottom1_jpg,Resistor Jumper,81,101,15,19,51,63,component,,,
ML450_Bottom1_jpg__015__Electrolytic_Capacitor.png,fpic_rf100,train/images/ML450_Bottom1_jpg.rf.195f7511a644c4b5af7519efb320a94a.jpg,ML450_Bottom1_jpg,Electrolytic Capacitor,203,293,38,55,127,183,component,,,
ML450_Bottom1_jpg__016__Electrolytic_Capacitor.png,fpic_rf100,train/images/ML450_Bottom1_jpg.rf.195f7511a644c4b5af7519efb320a94a.jpg,ML450_Bottom1_jpg,Electrolytic Capacitor,191,293,36,55,119,183,component,,,
ML450_Bottom1_jpg__017__Resistor_Jumper.png,fpic_rf100,train/images/ML450_Bottom1_jpg.rf.195f7511a644c4b5af7519efb320a94a.jpg,ML450_Bottom1_jpg,Resistor Jumper,84,97,16,18,52,61,component,,,
ML450_Bottom1_jpg__018__Electrolytic_Capacitor.png,fpic_rf100,train/images/ML450_Bottom1_jpg.rf.195f7511a644c4b5af7519efb320a94a.jpg,ML450_Bottom1_jpg,Electrolytic Capacitor,293,196,55,37,183,122,component,,,
ML450_Bottom1_jpg__019__Electrolytic_Capacitor.png,fpic_rf100,train/images/ML450_Bottom1_jpg.rf.195f7511a644c4b5af7519efb320a94a.jpg,ML450_Bottom1_jpg,Electrolytic Capacitor,298,196,56,37,186,122,component,,,
ML450_Bottom1_jpg__022__Pins.png,fpic_rf100,train/images/ML450_Bottom1_jpg.rf.195f7511a644c4b5af7519efb320a94a.jpg,ML450_Bottom1_jpg,Pins,76,84,14,16,48,52,component,,,
ML450_Bottom1_jpg__023__Electrolytic_Capacitor.png,fpic_rf100,train/images/ML450_Bottom1_jpg.rf.195f7511a644c4b5af7519efb320a94a.jpg,ML450_Bottom1_jpg,Electrolytic Capacitor,297,192,56,36,185,120,component,,,
ML450_Bottom1_jpg__025__Resistor_Jumper.png,fpic_rf100,train/images/ML450_Bottom1_jpg.rf.195f7511a644c4b5af7519efb320a94a.jpg,ML450_Bottom1_jpg,Resistor Jumper,86,100,16,19,54,62,component,,,
ML450_Bottom1_jpg__049__Electrolytic_Capacitor.png,fpic_rf100,train/images/ML450_Bottom1_jpg.rf.195f7511a644c4b5af7519efb320a94a.jpg,ML450_Bottom1_jpg,Electrolytic Capacitor,294,192,55,36,184,120,component,,,
ML450_Bottom1_jpg__166__Electrolytic_Capacitor.png,fpic_rf100,train/images/ML450_Bottom1_jpg.rf.195f7511a644c4b5af7519efb320a94a.jpg,ML450_Bottom1_jpg,Electrolytic Capacitor,289,187,54,35,181,117,component,,,
ML450_Bottom1_jpg__187__Electrolytic_Capacitor.png,fpic_rf100,train/images/ML450_Bottom1_jpg.rf.195f7511a644c4b5af7519efb320a94a.jpg,ML450_Bottom1_jpg,Electrolytic Capacitor,292,198,55,37,182,124,component,,,
ML450_Bottom1_jpg__212__Pins.png,fpic_rf100,train/images/ML450_Bottom1_jpg.rf.195f7511a644c4b5af7519efb320a94a.jpg,ML450_Bottom1_jpg,Pins,79,230,15,43,49,144,component,,,
ML450_Bottom1_jpg__216__Electrolytic_Capacitor.png,fpic_rf100,train/images/ML450_Bottom1_jpg.rf.195f7511a644c4b5af7519efb320a94a.jpg,ML450_Bottom1_jpg,Electrolytic Capacitor,289,192,54,36,181,120,component,,,
ML450_Bottom1_jpg__218__Electrolytic_Capacitor.png,fpic_rf100,train/images/ML450_Bottom1_jpg.rf.195f7511a644c4b5af7519efb320a94a.jpg,ML450_Bottom1_jpg,Electrolytic Capacitor,287,180,54,41,179,135,component,,,
ML450_Bottom1_jpg__225__Pins.png,fpic_rf100,train/images/ML450_Bottom1_jpg.rf.195f7511a644c4b5af7519efb320a94a.jpg,ML450_Bottom1_jpg,Pins,79,216,15,41,49,135,component,,,
ML450_Bottom1_jpg__226__Pins.png,fpic_rf100,train/images/ML450_Bottom1_jpg.rf.195f7511a644c4b5af7519efb320a94a.jpg,ML450_Bottom1_jpg,Pins,593,149,111,28,371,93,component,,,
ML450_Bottom1_jpg__227__Pins.png,fpic_rf100,train/images/ML450_Bottom1_jpg.rf.195f7511a644c4b5af7519efb320a94a.jpg,ML450_Bottom1_jpg,Pins,85,156,16,29,53,98,component,,,
ML450_Bottom2_jpg__003__Pins.png,fpic_rf100,train/images/ML450_Bottom2_jpg.rf.062f7f78bc1e1f6c6e58f5841127ba88.jpg,ML450_Bottom2_jpg,Pins,256,330,48,62,160,206,component,,,
ML450_Bottom2_jpg__004__Pins.png,fpic_rf100,train/images/ML450_Bottom2_jpg.rf.062f7f78bc1e1f6c6e58f5841127ba88.jpg,ML450_Bottom2_jpg,Pins,260,335,49,63,162,209,component,,,
ML450_Bottom2_jpg__005__Pins.png,fpic_rf100,train/images/ML450_Bottom2_jpg.rf.062f7f78bc1e1f6c6e58f5841127ba88.jpg,ML450_Bottom2_jpg,Pins,256,335,48,63,160,209,component,,,
ML450_Bottom2_jpg__006__Pins.png,fpic_rf100,train/images/ML450_Bottom2_jpg.rf.062f7f78bc1e1f6c6e58f5841127ba88.jpg,ML450_Bottom2_jpg,Pins,255,331,48,62,159,207,component,,,
ML450_Bottom2_jpg__008__Pins.png,fpic_rf100,train/images/ML450_Bottom2_jpg.rf.062f7f78bc1e1f6c6e58f5841127ba88.jpg,ML450_Bottom2_jpg,Pins,260,331,49,62,162,207,component,,,
ML450_Bottom2_jpg__010__Pins.png,fpic_rf100,train/images/ML450_Bottom2_jpg.rf.062f7f78bc1e1f6c6e58f5841127ba88.jpg,ML450_Bottom2_jpg,Pins,108,172,0,32,83,108,component,,,
ML450_Bottom2_jpg__011__Electrolytic_Capacitor.png,fpic_rf100,train/images/ML450_Bottom2_jpg.rf.062f7f78bc1e1f6c6e58f5841127ba88.jpg,ML450_Bottom2_jpg,Electrolytic Capacitor,124,90,23,0,78,69,component,,,
ML450_Bottom2_jpg__023__Pins.png,fpic_rf100,train/images/ML450_Bottom2_jpg.rf.062f7f78bc1e1f6c6e58f5841127ba88.jpg,ML450_Bottom2_jpg,Pins,213,108,0,20,164,68,component,,,
ML450_Bottom2_jpg__024__Pins.png,fpic_rf100,train/images/ML450_Bottom2_jpg.rf.062f7f78bc1e1f6c6e58f5841127ba88.jpg,ML450_Bottom2_jpg,Pins,268,357,50,67,168,223,component,,,
ML450_Bottom2_jpg__025__Electrolytic_Capacitor.png,fpic_rf100,train/images/ML450_Bottom2_jpg.rf.062f7f78bc1e1f6c6e58f5841127ba88.jpg,ML450_Bottom2_jpg,Electrolytic Capacitor,123,157,23,23,77,103,component,,,
ML450_Bottom2_jpg__026__Pins.png,fpic_rf100,train/images/ML450_Bottom2_jpg.rf.062f7f78bc1e1f6c6e58f5841127ba88.jpg,ML450_Bottom2_jpg,Pins,168,166,31,31,105,104,component,,,
ML450_Bottom2_jpg__036__Electrolytic_Capacitor.png,fpic_rf100,train/images/ML450_Bottom2_jpg.rf.062f7f78bc1e1f6c6e58f5841127ba88.jpg,ML450_Bottom2_jpg,Electrolytic Capacitor,166,127,31,24,104,79,component,,,
ML450_Bottom2_jpg__078__Pins.png,fpic_rf100,train/images/ML450_Bottom2_jpg.rf.062f7f78bc1e1f6c6e58f5841127ba88.jpg,ML450_Bottom2_jpg,Pins,101,128,19,24,63,80,component,,,
ML450_Bottom2_jpg__083__Electrolytic_Capacitor.png,fpic_rf100,train/images/ML450_Bottom2_jpg.rf.062f7f78bc1e1f6c6e58f5841127ba88.jpg,ML450_Bottom2_jpg,Electrolytic Capacitor,122,165,23,31,76,103,component,,,
ML450_Bottom2_jpg__089__Electrolytic_Capacitor.png,fpic_rf100,train/images/ML450_Bottom2_jpg.rf.062f7f78bc1e1f6c6e58f5841127ba88.jpg,ML450_Bottom2_jpg,Electrolytic Capacitor,164,102,31,19,102,64,component,,,
ML450_Bottom2_jpg__091__Pins.png,fpic_rf100,train/images/ML450_Bottom2_jpg.rf.062f7f78bc1e1f6c6e58f5841127ba88.jpg,ML450_Bottom2_jpg,Pins,118,352,22,66,74,220,component,,,
ML450_Top1_jpg__061__Button.png,fpic_rf100,valid/images/ML450_Top1_jpg.rf.a0f0d604d68b6eaadbc9f24fba7daa95.jpg,ML450_Top1_jpg,Button,198,193,37,36,124,121,component,,,
ML450_Top1_jpg__080__Connector.png,fpic_rf100,valid/images/ML450_Top1_jpg.rf.a0f0d604d68b6eaadbc9f24fba7daa95.jpg,ML450_Top1_jpg,Connector,113,113,21,21,71,71,component,,,
ML450_Top1_jpg__114__IC.png,fpic_rf100,valid/images/ML450_Top1_jpg.rf.a0f0d604d68b6eaadbc9f24fba7daa95.jpg,ML450_Top1_jpg,IC,140,106,26,20,88,66,component,,,
ML450_Top1_jpg__115__IC.png,fpic_rf100,valid/images/ML450_Top1_jpg.rf.a0f0d604d68b6eaadbc9f24fba7daa95.jpg,ML450_Top1_jpg,IC,143,104,27,19,89,65,component,,,
ML450_Top1_jpg__119__IC.png,fpic_rf100,valid/images/ML450_Top1_jpg.rf.a0f0d604d68b6eaadbc9f24fba7daa95.jpg,ML450_Top1_jpg,IC,143,106,27,20,89,66,component,,,
ML450_Top1_jpg__120__IC.png,fpic_rf100,valid/images/ML450_Top1_jpg.rf.a0f0d604d68b6eaadbc9f24fba7daa95.jpg,ML450_Top1_jpg,IC,143,106,27,20,89,66,component,,,
ML450_Top1_jpg__123__IC.png,fpic_rf100,valid/images/ML450_Top1_jpg.rf.a0f0d604d68b6eaadbc9f24fba7daa95.jpg,ML450_Top1_jpg,IC,144,106,27,20,90,66,component,,,
ML450_Top1_jpg__129__Switch.png,fpic_rf100,valid/images/ML450_Top1_jpg.rf.a0f0d604d68b6eaadbc9f24fba7daa95.jpg,ML450_Top1_jpg,Switch,161,152,30,28,101,95,component,,,
ML450_Top1_jpg__134__Electrolytic_Capacitor.png,fpic_rf100,valid/images/ML450_Top1_jpg.rf.a0f0d604d68b6eaadbc9f24fba7daa95.jpg,ML450_Top1_jpg,Electrolytic Capacitor,95,144,18,27,59,90,component,,,
ML450_Top1_jpg__166__Electrolytic_Capacitor.png,fpic_rf100,valid/images/ML450_Top1_jpg.rf.a0f0d604d68b6eaadbc9f24fba7daa95.jpg,ML450_Top1_jpg,Electrolytic Capacitor,148,102,28,19,92,64,component,,,
ML450_Top1_jpg__167__Resistor.png,fpic_rf100,valid/images/ML450_Top1_jpg.rf.a0f0d604d68b6eaadbc9f24fba7daa95.jpg,ML450_Top1_jpg,Resistor,203,133,38,25,127,83,component,,,
ML450_Top1_jpg__176__Button.png,fpic_rf100,valid/images/ML450_Top1_jpg.rf.a0f0d604d68b6eaadbc9f24fba7daa95.jpg,ML450_Top1_jpg,Button,200,200,37,38,125,125,component,,,
ML450_Top1_jpg__198__Electrolytic_Capacitor.png,fpic_rf100,valid/images/ML450_Top1_jpg.rf.a0f0d604d68b6eaadbc9f24fba7daa95.jpg,ML450_Top1_jpg,Electrolytic Capacitor,148,95,28,18,92,59,component,,,
ML450_Top1_jpg__199__Connector.png,fpic_rf100,valid/images/ML450_Top1_jpg.rf.a0f0d604d68b6eaadbc9f24fba7daa95.jpg,ML450_Top1_jpg,Connector,128,315,24,63,80,210,component,,,
ML450_Top1_jpg__201__Connector.png,fpic_rf100,valid/images/ML450_Top1_jpg.rf.a0f0d604d68b6eaadbc9f24fba7daa95.jpg,ML450_Top1_jpg,Connector,128,311,24,63,80,209,component,,,
ML450_Top1_jpg__202__Button.png,fpic_rf100,valid/images/ML450_Top1_jpg.rf.a0f0d604d68b6eaadbc9f24fba7daa95.jpg,ML450_Top1_jpg,Button,191,193,36,36,119,121,component,,,
ML450_Top1_jpg__203__Button.png,fpic_rf100,valid/images/ML450_Top1_jpg.rf.a0f0d604d68b6eaadbc9f24fba7daa95.jpg,ML450_Top1_jpg,Button,191,193,36,36,119,121,component,,,
ML450_Top1_jpg__204__Button.png,fpic_rf100,valid/images/ML450_Top1_jpg.rf.a0f0d604d68b6eaadbc9f24fba7daa95.jpg,ML450_Top1_jpg,Button,191,196,36,37,119,122,component,,,
ML450_Top1_jpg__205__Button.png,fpic_rf100,valid/images/ML450_Top1_jpg.rf.a0f0d604d68b6eaadbc9f24fba7daa95.jpg,ML450_Top1_jpg,Button,188,196,35,37,118,122,component,,,
ML450_Top1_jpg__206__Button.png,fpic_rf100,valid/images/ML450_Top1_jpg.rf.a0f0d604d68b6eaadbc9f24fba7daa95.jpg,ML450_Top1_jpg,Button,191,192,36,36,119,120,component,,,
ML450_Top1_jpg__207__Button.png,fpic_rf100,valid/images/ML450_Top1_jpg.rf.a0f0d604d68b6eaadbc9f24fba7daa95.jpg,ML450_Top1_jpg,Button,191,197,36,37,119,123,component,,,
ML450_Top1_jpg__215__Connector.png,fpic_rf100,valid/images/ML450_Top1_jpg.rf.a0f0d604d68b6eaadbc9f24fba7daa95.jpg,ML450_Top1_jpg,Connector,149,219,28,44,93,148,component,,,
ML450_Top1_jpg__216__Switch.png,fpic_rf100,valid/images/ML450_Top1_jpg.rf.a0f0d604d68b6eaadbc9f24fba7daa95.jpg,ML450_Top1_jpg,Switch,220,139,41,30,138,100,component,,,
ML450_Top1_jpg__233__Clock.png,fpic_rf100,valid/images/ML450_Top1_jpg.rf.a0f0d604d68b6eaadbc9f24fba7daa95.jpg,ML450_Top1_jpg,Clock,79,113,15,21,49,71,component,,,
ML450_Top1_jpg__241__Transistor.png,fpic_rf100,valid/images/ML450_Top1_jpg.rf.a0f0d604d68b6eaadbc9f24fba7daa95.jpg,ML450_Top1_jpg,Transistor,159,101,30,19,99,63,component,,,
ML450_Top1_jpg__242__Button.png,fpic_rf100,valid/images/ML450_Top1_jpg.rf.a0f0d604d68b6eaadbc9f24fba7daa95.jpg,ML450_Top1_jpg,Button,145,96,25,18,92,60,component,,,
ML450_Top1_jpg__244__Electrolytic_Capacitor.png,fpic_rf100,valid/images/ML450_Top1_jpg.rf.a0f0d604d68b6eaadbc9f24fba7daa95.jpg,ML450_Top1_jpg,Electrolytic Capacitor,76,107,14,20,48,67,component,,,
ML450_Top1_jpg__266__Connector.png,fpic_rf100,valid/images/ML450_Top1_jpg.rf.a0f0d604d68b6eaadbc9f24fba7daa95.jpg,ML450_Top1_jpg,Connector,116,122,22,23,72,76,component,,,
ML450_Top1_jpg__267__Clock.png,fpic_rf100,valid/images/ML450_Top1_jpg.rf.a0f0d604d68b6eaadbc9f24fba7daa95.jpg,ML450_Top1_jpg,Clock,160,267,30,50,100,167,component,,,
ML450_Top1_jpg__277__Electrolytic_Capacitor.png,fpic_rf100,valid/images/ML450_Top1_jpg.rf.a0f0d604d68b6eaadbc9f24fba7daa95.jpg,ML450_Top1_jpg,Electrolytic Capacitor,76,107,14,20,48,67,component,,,
ML450_Top1_jpg__291__Electrolytic_Capacitor.png,fpic_rf100,valid/images/ML450_Top1_jpg.rf.a0f0d604d68b6eaadbc9f24fba7daa95.jpg,ML450_Top1_jpg,Electrolytic Capacitor,148,96,28,18,92,60,component,,,
ML450_Top1_jpg__293__IC.png,fpic_rf100,valid/images/ML450_Top1_jpg.rf.a0f0d604d68b6eaadbc9f24fba7daa95.jpg,ML450_Top1_jpg,IC,191,154,36,29,119,96,component,,,
ML450_Top1_jpg__300__Connector.png,fpic_rf100,valid/images/ML450_Top1_jpg.rf.a0f0d604d68b6eaadbc9f24fba7daa95.jpg,ML450_Top1_jpg,Connector,91,223,17,42,57,139,component,,,
ML450_Top1_jpg__307__Connector.png,fpic_rf100,valid/images/ML450_Top1_jpg.rf.a0f0d604d68b6eaadbc9f24fba7daa95.jpg,ML450_Top1_jpg,Connector,204,236,44,44,147,148,component,,,
ML450_Top1_jpg__321__Switch.png,fpic_rf100,valid/images/ML450_Top1_jpg.rf.a0f0d604d68b6eaadbc9f24fba7daa95.jpg,ML450_Top1_jpg,Switch,137,176,25,33,86,110,component,,,
ML450_Top1_jpg__366__Connector.png,fpic_rf100,valid/images/ML450_Top1_jpg.rf.a0f0d604d68b6eaadbc9f24fba7daa95.jpg,ML450_Top1_jpg,Connector,113,116,21,22,71,72,component,,,
ML450_Top1_jpg__372__Electrolytic_Capacitor.png,fpic_rf100,valid/images/ML450_Top1_jpg.rf.a0f0d604d68b6eaadbc9f24fba7daa95.jpg,ML450_Top1_jpg,Electrolytic Capacitor,79,107,15,20,49,67,component,,,
ML450_Top1_jpg__383__IC.png,fpic_rf100,valid/images/ML450_Top1_jpg.rf.a0f0d604d68b6eaadbc9f24fba7daa95.jpg,ML450_Top1_jpg,IC,161,165,30,31,101,103,component,,,
ML450_Top1_jpg__391__Electrolytic_Capacitor.png,fpic_rf100,valid/images/ML450_Top1_jpg.rf.a0f0d604d68b6eaadbc9f24fba7daa95.jpg,ML450_Top1_jpg,Electrolytic Capacitor,97,145,18,27,61,91,component,,,
ML450_Top1_jpg__393__Switch.png,fpic_rf100,valid/images/ML450_Top1_jpg.rf.a0f0d604d68b6eaadbc9f24fba7daa95.jpg,ML450_Top1_jpg,Switch,134,107,25,20,84,67,component,,,
ML450_Top2_jpg__015__IC.png,fpic_rf100,train/images/ML450_Top2_jpg.rf.8bac137ab0cf7d49b37cb41dd4eb03d8.jpg,ML450_Top2_jpg,IC,340,346,64,65,212,216,component,,,
ML450_Top2_jpg__027__Clock.png,fpic_rf100,train/images/ML450_Top2_jpg.rf.8bac137ab0cf7d49b37cb41dd4eb03d8.jpg,ML450_Top2_jpg,Clock,108,116,20,22,68,72,component,,,
ML450_Top2_jpg__038__Pins.png,fpic_rf100,train/images/ML450_Top2_jpg.rf.8bac137ab0cf7d49b37cb41dd4eb03d8.jpg,ML450_Top2_jpg,Pins,347,85,65,16,217,53,component,,,
ML450_Top2_jpg__045__Electrolytic_Capacitor.png,fpic_rf100,train/images/ML450_Top2_jpg.rf.8bac137ab0cf7d49b37cb41dd4eb03d8.jpg,ML450_Top2_jpg,Electrolytic Capacitor,97,148,18,28,61,92,component,,,
ML450_Top2_jpg__047__Electrolytic_Capacitor.png,fpic_rf100,train/images/ML450_Top2_jpg.rf.8bac137ab0cf7d49b37cb41dd4eb03d8.jpg,ML450_Top2_jpg,Electrolytic Capacitor,97,148,18,28,61,92,component,,,
ML450_Top2_jpg__048__Electrolytic_Capacitor.png,fpic_rf100,train/images/ML450_Top2_jpg.rf.8bac137ab0cf7d49b37cb41dd4eb03d8.jpg,ML450_Top2_jpg,Electrolytic Capacitor,101,148,19,28,63,92,component,,,
ML450_Top2_jpg__064__Electrolytic_Capacitor.png,fpic_rf100,train/images/ML450_Top2_jpg.rf.8bac137ab0cf7d49b37cb41dd4eb03d8.jpg,ML450_Top2_jpg,Electrolytic Capacitor,145,97,27,18,91,61,component,,,
ML450_Top2_jpg__066__Transistor.png,fpic_rf100,train/images/ML450_Top2_jpg.rf.8bac137ab0cf7d49b37cb41dd4eb03d8.jpg,ML450_Top2_jpg,Transistor,172,100,32,19,108,62,component,,,
ML450_Top2_jpg__070__Electrolytic_Capacitor.png,fpic_rf100,train/images/ML450_Top2_jpg.rf.8bac137ab0cf7d49b37cb41dd4eb03d8.jpg,ML450_Top2_jpg,Electrolytic Capacitor,76,112,14,21,48,70,component,,,
ML450_Top2_jpg__091__Pads.png,fpic_rf100,train/images/ML450_Top2_jpg.rf.8bac137ab0cf7d49b37cb41dd4eb03d8.jpg,ML450_Top2_jpg,Pads,224,152,42,29,140,95,component,,,
ML450_Top2_jpg__092__Clock.png,fpic_rf100,train/images/ML450_Top2_jpg.rf.8bac137ab0cf7d49b37cb41dd4eb03d8.jpg,ML450_Top2_jpg,Clock,165,266,31,50,103,166,component,,,
ML450_Top2_jpg__098__Electrolytic_Capacitor.png,fpic_rf100,train/images/ML450_Top2_jpg.rf.8bac137ab0cf7d49b37cb41dd4eb03d8.jpg,ML450_Top2_jpg,Electrolytic Capacitor,76,111,14,21,48,69,component,,,
ML450_Top2_jpg__107__Connector.png,fpic_rf100,train/images/ML450_Top2_jpg.rf.8bac137ab0cf7d49b37cb41dd4eb03d8.jpg,ML450_Top2_jpg,Connector,113,113,21,21,71,71,component,,,
ML450_Top2_jpg__118__Connector.png,fpic_rf100,train/images/ML450_Top2_jpg.rf.8bac137ab0cf7d49b37cb41dd4eb03d8.jpg,ML450_Top2_jpg,Connector,116,118,22,22,72,74,component,,,
ML450_Top2_jpg__129__Inductor.png,fpic_rf100,train/images/ML450_Top2_jpg.rf.8bac137ab0cf7d49b37cb41dd4eb03d8.jpg,ML450_Top2_jpg,Inductor,95,117,18,22,59,73,component,,,
ML450_Top2_jpg__151__Clock.png,fpic_rf100,train/images/ML450_Top2_jpg.rf.8bac137ab0cf7d49b37cb41dd4eb03d8.jpg,ML450_Top2_jpg,Clock,116,79,22,15,72,49,component,,,
ML450_Top2_jpg__154__Electrolytic_Capacitor.png,fpic_rf100,train/images/ML450_Top2_jpg.rf.8bac137ab0cf7d49b37cb41dd4eb03d8.jpg,ML450_Top2_jpg,Electrolytic Capacitor,76,107,14,20,48,67,component,,,
ML450_Top2_jpg__164__IC.png,fpic_rf100,train/images/ML450_Top2_jpg.rf.8bac137ab0cf7d49b37cb41dd4eb03d8.jpg,ML450_Top2_jpg,IC,164,164,31,31,102,102,component,,,
ML450_Top2_jpg__165__Connector.png,fpic_rf100,train/images/ML450_Top2_jpg.rf.8bac137ab0cf7d49b37cb41dd4eb03d8.jpg,ML450_Top2_jpg,Connector,116,117,22,22,72,73,component,,,
ML450_Top2_jpg__181__Connector.png,fpic_rf100,train/images/ML450_Top2_jpg.rf.8bac137ab0cf7d49b37cb41dd4eb03d8.jpg,ML450_Top2_jpg,Connector,116,117,22,22,72,73,component,,,
ML450_Top2_jpg__209__IC.png,fpic_rf100,train/images/ML450_Top2_jpg.rf.8bac137ab0cf7d49b37cb41dd4eb03d8.jpg,ML450_Top2_jpg,IC,476,460,89,90,298,299,component,,,
ML450_Top2_jpg__217__Connector.png,fpic_rf100,train/images/ML450_Top2_jpg.rf.8bac137ab0cf7d49b37cb41dd4eb03d8.jpg,ML450_Top2_jpg,Connector,127,431,24,99,79,331,component,,,
ML450_Top2_jpg__218__Connector.png,fpic_rf100,train/images/ML450_Top2_jpg.rf.8bac137ab0cf7d49b37cb41dd4eb03d8.jpg,ML450_Top2_jpg,Connector,124,427,23,98,78,328,component,,,
ML450_Top2_jpg__220__Connector.png,fpic_rf100,train/images/ML450_Top2_jpg.rf.8bac137ab0cf7d49b37cb41dd4eb03d8.jpg,ML450_Top2_jpg,Connector,128,451,24,101,80,337,component,,,
ML450_Top2_jpg__221__Connector.png,fpic_rf100,train/images/ML450_Top2_jpg.rf.8bac137ab0cf7d49b37cb41dd4eb03d8.jpg,ML450_Top2_jpg,Connector,123,448,23,101,77,336,component,,,
ML450_Top2_jpg__222__Connector.png,fpic_rf100,train/images/ML450_Top2_jpg.rf.8bac137ab0cf7d49b37cb41dd4eb03d8.jpg,ML450_Top2_jpg,Connector,113,116,21,22,71,72,component,,,
ML450_Top2_jpg__243__Connector.png,fpic_rf100,train/images/ML450_Top2_jpg.rf.8bac137ab0cf7d49b37cb41dd4eb03d8.jpg,ML450_Top2_jpg,Connector,118,80,22,17,74,57,component,,,
ML450_Top2_jpg__246__Connector.png,fpic_rf100,train/images/ML450_Top2_jpg.rf.8bac137ab0cf7d49b37cb41dd4eb03d8.jpg,ML450_Top2_jpg,Connector,1323,143,248,27,827,89,component,,,
ML450_Top2_jpg__248__Button.png,fpic_rf100,train/images/ML450_Top2_jpg.rf.8bac137ab0cf7d49b37cb41dd4eb03d8.jpg,ML450_Top2_jpg,Button,113,113,21,21,71,71,component,,,
ML450_Top2_jpg__249__Electrolytic_Capacitor.png,fpic_rf100,train/images/ML450_Top2_jpg.rf.8bac137ab0cf7d49b37cb41dd4eb03d8.jpg,ML450_Top2_jpg,Electrolytic Capacitor,97,145,18,27,61,91,component,,,
ML450_Top2_jpg__259__Connector.png,fpic_rf100,train/images/ML450_Top2_jpg.rf.8bac137ab0cf7d49b37cb41dd4eb03d8.jpg,ML450_Top2_jpg,Connector,201,160,46,30,154,100,component,,,
ML450_Top2_jpg__265__Connector.png,fpic_rf100,train/images/ML450_Top2_jpg.rf.8bac137ab0cf7d49b37cb41dd4eb03d8.jpg,ML450_Top2_jpg,Connector,260,85,56,16,186,53,component,,,
ML450_Top2_jpg__267__Connector.png,fpic_rf100,train/images/ML450_Top2_jpg.rf.8bac137ab0cf7d49b37cb41dd4eb03d8.jpg,ML450_Top2_jpg,Connector,214,476,2,89,163,298,component,,,
MicroZed_Bottom_jpg__027__IC.png,fpic_rf100,train/images/MicroZed_Bottom_jpg.rf.136852b2aff589e14ad59066ab273124.jpg,MicroZed_Bottom_jpg,IC,102,107,19,20,64,67,component,,,
MicroZed_Bottom_jpg__030__Pads.png,fpic_rf100,train/images/MicroZed_Bottom_jpg.rf.136852b2aff589e14ad59066ab273124.jpg,MicroZed_Bottom_jpg,Pads,96,111,18,25,60,85,component,,,
MicroZed_Bottom_jpg__031__Pads.png,fpic_rf100,train/images/MicroZed_Bottom_jpg.rf.136852b2aff589e14ad59066ab273124.jpg,MicroZed_Bottom_jpg,Pads,132,130,25,30,82,99,component,,,
MicroZed_Bottom_jpg__032__Pads.png,fpic_rf100,train/images/MicroZed_Bottom_jpg.rf.136852b2aff589e14ad59066ab273124.jpg,MicroZed_Bottom_jpg,Pads,134,149,25,34,84,114,component,,,
MicroZed_Bottom_jpg__033__Pads.png,fpic_rf100,train/images/MicroZed_Bottom_jpg.rf.136852b2aff589e14ad59066ab273124.jpg,MicroZed_Bottom_jpg,Pads,118,138,22,26,74,86,component,,,
MicroZed_Bottom_jpg__034__Diode.png,fpic_rf100,train/images/MicroZed_Bottom_jpg.rf.136852b2aff589e14ad59066ab273124.jpg,MicroZed_Bottom_jpg,Diode,119,132,22,25,75,82,component,,,
MicroZed_Bottom_jpg__039__Connector.png,fpic_rf100,train/images/MicroZed_Bottom_jpg.rf.136852b2aff589e14ad59066ab273124.jpg,MicroZed_Bottom_jpg,Connector,113,139,21,32,71,106,component,,,
MicroZed_Bottom_jpg__041__Connector.png,fpic_rf100,train/images/MicroZed_Bottom_jpg.rf.136852b2aff589e14ad59066ab273124.jpg,MicroZed_Bottom_jpg,Connector,1456,416,273,96,910,319,component,,,
MicroZed_Bottom_jpg__047__Pins.png,fpic_rf100,train/images/MicroZed_Bottom_jpg.rf.136852b2aff589e14ad59066ab273124.jpg,MicroZed_Bottom_jpg,Pins,107,225,20,42,67,141,component,,,
MicroZed_Bottom_jpg__048__Pins.png,fpic_rf100,train/images/MicroZed_Bottom_jpg.rf.136852b2aff589e14ad59066ab273124.jpg,MicroZed_Bottom_jpg,Pins,107,225,20,42,67,141,component,,,
MicroZed_Bottom_jpg__049__Pins.png,fpic_rf100,train/images/MicroZed_Bottom_jpg.rf.136852b2aff589e14ad59066ab273124.jpg,MicroZed_Bottom_jpg,Pins,83,228,0,43,64,142,component,,,
MicroZed_Bottom_jpg__053__Connector.png,fpic_rf100,train/images/MicroZed_Bottom_jpg.rf.136852b2aff589e14ad59066ab273124.jpg,MicroZed_Bottom_jpg,Connector,1452,291,272,0,908,224,component,,,
MicroZed_Bottom_jpg__060__Pins.png,fpic_rf100,train/images/MicroZed_Bottom_jpg.rf.136852b2aff589e14ad59066ab273124.jpg,MicroZed_Bottom_jpg,Pins,81,128,15,12,51,89,component,,,
MicroZed_Bottom_jpg__067__Transistor.png,fpic_rf100,train/images/MicroZed_Bottom_jpg.rf.136852b2aff589e14ad59066ab273124.jpg,MicroZed_Bottom_jpg,Transistor,122,118,23,22,76,74,component,,,
MicroZed_Bottom_jpg__068__Pins.png,fpic_rf100,train/images/MicroZed_Bottom_jpg.rf.136852b2aff589e14ad59066ab273124.jpg,MicroZed_Bottom_jpg,Pins,246,356,46,0,154,274,component,,,
MicroZed_Bottom_jpg__069__Diode.png,fpic_rf100,train/images/MicroZed_Bottom_jpg.rf.136852b2aff589e14ad59066ab273124.jpg,MicroZed_Bottom_jpg,Diode,124,134,23,25,78,84,component,,,
MicroZed_Bottom_jpg__070__Pins.png,fpic_rf100,train/images/MicroZed_Bottom_jpg.rf.136852b2aff589e14ad59066ab273124.jpg,MicroZed_Bottom_jpg,Pins,122,225,23,0,76,173,component,,,
MicroZed_Bottom_jpg__071__Pads.png,fpic_rf100,train/images/MicroZed_Bottom_jpg.rf.136852b2aff589e14ad59066ab273124.jpg,MicroZed_Bottom_jpg,Pads,96,137,18,16,60,93,component,,,
MicroZed_Bottom_jpg__074__Pins.png,fpic_rf100,train/images/MicroZed_Bottom_jpg.rf.136852b2aff589e14ad59066ab273124.jpg,MicroZed_Bottom_jpg,Pins,84,476,19,89,64,298,component,,,
MicroZed_Bottom_jpg__076__Capacitor_Jumper.png,fpic_rf100,train/images/MicroZed_Bottom_jpg.rf.136852b2aff589e14ad59066ab273124.jpg,MicroZed_Bottom_jpg,Capacitor Jumper,81,137,15,26,51,85,component,,,
MicroZed_Bottom_jpg__085__Pads.png,fpic_rf100,train/images/MicroZed_Bottom_jpg.rf.136852b2aff589e14ad59066ab273124.jpg,MicroZed_Bottom_jpg,Pads,84,136,16,26,52,85,component,,,
MicroZed_Bottom_jpg__105__Transistor.png,fpic_rf100,train/images/MicroZed_Bottom_jpg.rf.136852b2aff589e14ad59066ab273124.jpg,MicroZed_Bottom_jpg,Transistor,136,123,25,23,85,77,component,,,
MicroZed_Bottom_jpg__114__Pads.png,fpic_rf100,train/images/MicroZed_Bottom_jpg.rf.136852b2aff589e14ad59066ab273124.jpg,MicroZed_Bottom_jpg,Pads,118,88,22,17,74,55,component,,,
MicroZed_Bottom_jpg__116__Pins.png,fpic_rf100,train/images/MicroZed_Bottom_jpg.rf.136852b2aff589e14ad59066ab273124.jpg,MicroZed_Bottom_jpg,Pins,88,145,17,27,55,91,component,,,
MicroZed_Bottom_jpg__132__Pins.png,fpic_rf100,train/images/MicroZed_Bottom_jpg.rf.136852b2aff589e14ad59066ab273124.jpg,MicroZed_Bottom_jpg,Pins,100,102,19,19,62,64,component,,,
MicroZed_Bottom_jpg__133__Pins.png,fpic_rf100,train/images/MicroZed_Bottom_jpg.rf.136852b2aff589e14ad59066ab273124.jpg,MicroZed_Bottom_jpg,Pins,100,102,19,19,62,64,component,,,
MicroZed_Bottom_jpg__163__Capacitor_Jumper.png,fpic_rf100,train/images/MicroZed_Bottom_jpg.rf.136852b2aff589e14ad59066ab273124.jpg,MicroZed_Bottom_jpg,Capacitor Jumper,80,133,15,25,50,83,component,,,
MicroZed_Bottom_jpg__187__Diode.png,fpic_rf100,train/images/MicroZed_Bottom_jpg.rf.136852b2aff589e14ad59066ab273124.jpg,MicroZed_Bottom_jpg,Diode,97,182,18,34,61,114,component,,,
MicroZed_Bottom_jpg__214__Connector.png,fpic_rf100,train/images/MicroZed_Bottom_jpg.rf.136852b2aff589e14ad59066ab273124.jpg,MicroZed_Bottom_jpg,Connector,329,543,0,102,253,339,component,,,
MicroZed_Top_jpg__000__Pads.png,fpic_rf100,valid/images/MicroZed_Top_jpg.rf.307f05dec30a3bae78c2506143485f07.jpg,MicroZed_Top_jpg,Pads,345,539,47,101,229,337,component,,,
MicroZed_Top_jpg__001__Diode.png,fpic_rf100,valid/images/MicroZed_Top_jpg.rf.307f05dec30a3bae78c2506143485f07.jpg,MicroZed_Top_jpg,Diode,118,145,22,27,74,91,component,,,
MicroZed_Top_jpg__003__Inductor.png,fpic_rf100,valid/images/MicroZed_Top_jpg.rf.307f05dec30a3bae78c2506143485f07.jpg,MicroZed_Top_jpg,Inductor,133,120,25,22,83,75,component,,,
MicroZed_Top_jpg__009__IC.png,fpic_rf100,valid/images/MicroZed_Top_jpg.rf.307f05dec30a3bae78c2506143485f07.jpg,MicroZed_Top_jpg,IC,180,181,34,34,112,113,component,,,
MicroZed_Top_jpg__011__Capacitor.png,fpic_rf100,valid/images/MicroZed_Top_jpg.rf.307f05dec30a3bae78c2506143485f07.jpg,MicroZed_Top_jpg,Capacitor,108,223,20,42,68,139,component,,,
MicroZed_Top_jpg__012__Capacitor.png,fpic_rf100,valid/images/MicroZed_Top_jpg.rf.307f05dec30a3bae78c2506143485f07.jpg,MicroZed_Top_jpg,Capacitor,112,223,21,42,70,139,component,,,
MicroZed_Top_jpg__013__IC.png,fpic_rf100,valid/images/MicroZed_Top_jpg.rf.307f05dec30a3bae78c2506143485f07.jpg,MicroZed_Top_jpg,IC,223,224,42,42,139,140,component,,,
MicroZed_Top_jpg__015__Inductor.png,fpic_rf100,valid/images/MicroZed_Top_jpg.rf.307f05dec30a3bae78c2506143485f07.jpg,MicroZed_Top_jpg,Inductor,134,122,25,23,84,76,component,,,
MicroZed_Top_jpg__019__Resistor_Jumper.png,fpic_rf100,valid/images/MicroZed_Top_jpg.rf.307f05dec30a3bae78c2506143485f07.jpg,MicroZed_Top_jpg,Resistor Jumper,155,112,29,21,97,70,component,,,
MicroZed_Top_jpg__027__Connector.png,fpic_rf100,valid/images/MicroZed_Top_jpg.rf.307f05dec30a3bae78c2506143485f07.jpg,MicroZed_Top_jpg,Connector,693,258,130,29,433,176,component,,,
MicroZed_Top_jpg__028__IC.png,fpic_rf100,valid/images/MicroZed_Top_jpg.rf.307f05dec30a3bae78c2506143485f07.jpg,MicroZed_Top_jpg,IC,170,171,32,32,106,107,component,,,
MicroZed_Top_jpg__031__Connector.png,fpic_rf100,valid/images/MicroZed_Top_jpg.rf.307f05dec30a3bae78c2506143485f07.jpg,MicroZed_Top_jpg,Connector,108,104,20,20,68,65,component,,,
MicroZed_Top_jpg__032__Connector.png,fpic_rf100,valid/images/MicroZed_Top_jpg.rf.307f05dec30a3bae78c2506143485f07.jpg,MicroZed_Top_jpg,Connector,102,102,19,19,64,64,component,,,
MicroZed_Top_jpg__033__Connector.png,fpic_rf100,valid/images/MicroZed_Top_jpg.rf.307f05dec30a3bae78c2506143485f07.jpg,MicroZed_Top_jpg,Connector,80,273,15,51,50,171,component,,,
MicroZed_Top_jpg__034__Button.png,fpic_rf100,valid/images/MicroZed_Top_jpg.rf.307f05dec30a3bae78c2506143485f07.jpg,MicroZed_Top_jpg,Button,208,252,39,47,130,158,component,,,
MicroZed_Top_jpg__036__Capacitor.png,fpic_rf100,valid/images/MicroZed_Top_jpg.rf.307f05dec30a3bae78c2506143485f07.jpg,MicroZed_Top_jpg,Capacitor,108,220,20,41,68,138,component,,,
MicroZed_Top_jpg__038__Jumper.png,fpic_rf100,valid/images/MicroZed_Top_jpg.rf.307f05dec30a3bae78c2506143485f07.jpg,MicroZed_Top_jpg,Jumper,129,212,24,40,81,132,component,,,
MicroZed_Top_jpg__039__Capacitor.png,fpic_rf100,valid/images/MicroZed_Top_jpg.rf.307f05dec30a3bae78c2506143485f07.jpg,MicroZed_Top_jpg,Capacitor,165,80,31,15,103,50,component,,,
MicroZed_Top_jpg__043__Jumper.png,fpic_rf100,valid/images/MicroZed_Top_jpg.rf.307f05dec30a3bae78c2506143485f07.jpg,MicroZed_Top_jpg,Jumper,127,202,24,38,79,127,component,,,
MicroZed_Top_jpg__044__Jumper.png,fpic_rf100,valid/images/MicroZed_Top_jpg.rf.307f05dec30a3bae78c2506143485f07.jpg,MicroZed_Top_jpg,Jumper,116,200,22,39,72,131,component,,,
MicroZed_Top_jpg__045__Capacitor.png,fpic_rf100,valid/images/MicroZed_Top_jpg.rf.307f05dec30a3bae78c2506143485f07.jpg,MicroZed_Top_jpg,Capacitor,223,116,42,22,139,72,component,,,
MicroZed_Top_jpg__046__Connector.png,fpic_rf100,valid/images/MicroZed_Top_jpg.rf.307f05dec30a3bae78c2506143485f07.jpg,MicroZed_Top_jpg,Connector,102,91,19,17,64,57,component,,,
MicroZed_Top_jpg__047__Diode.png,fpic_rf100,valid/images/MicroZed_Top_jpg.rf.307f05dec30a3bae78c2506143485f07.jpg,MicroZed_Top_jpg,Diode,214,131,40,25,134,82,component,,,
MicroZed_Top_jpg__050__Capacitor.png,fpic_rf100,valid/images/MicroZed_Top_jpg.rf.307f05dec30a3bae78c2506143485f07.jpg,MicroZed_Top_jpg,Capacitor,113,220,21,41,71,138,component,,,
MicroZed_Top_jpg__051__Button.png,fpic_rf100,valid/images/MicroZed_Top_jpg.rf.307f05dec30a3bae78c2506143485f07.jpg,MicroZed_Top_jpg,Button,196,229,37,43,122,143,component,,,
MicroZed_Top_jpg__052__Capacitor.png,fpic_rf100,valid/images/MicroZed_Top_jpg.rf.307f05dec30a3bae78c2506143485f07.jpg,MicroZed_Top_jpg,Capacitor,111,220,21,41,69,138,component,,,
MicroZed_Top_jpg__060__IC.png,fpic_rf100,valid/images/MicroZed_Top_jpg.rf.307f05dec30a3bae78c2506143485f07.jpg,MicroZed_Top_jpg,IC,166,177,31,33,104,111,component,,,
MicroZed_Top_jpg__065__IC.png,fpic_rf100,valid/images/MicroZed_Top_jpg.rf.307f05dec30a3bae78c2506143485f07.jpg,MicroZed_Top_jpg,IC,84,123,16,23,52,77,component,,,
MicroZed_Top_jpg__068__Transistor.png,fpic_rf100,valid/images/MicroZed_Top_jpg.rf.307f05dec30a3bae78c2506143485f07.jpg,MicroZed_Top_jpg,Transistor,116,133,22,25,72,83,component,,,
MicroZed_Top_jpg__069__Pads.png,fpic_rf100,valid/images/MicroZed_Top_jpg.rf.307f05dec30a3bae78c2506143485f07.jpg,MicroZed_Top_jpg,Pads,111,220,21,41,69,138,component,,,
MicroZed_Top_jpg__075__Capacitor.png,fpic_rf100,valid/images/MicroZed_Top_jpg.rf.307f05dec30a3bae78c2506143485f07.jpg,MicroZed_Top_jpg,Capacitor,220,108,41,20,138,68,component,,,
MicroZed_Top_jpg__082__IC.png,fpic_rf100,valid/images/MicroZed_Top_jpg.rf.307f05dec30a3bae78c2506143485f07.jpg,MicroZed_Top_jpg,IC,245,321,46,60,153,201,component,,,
MicroZed_Top_jpg__083__Connector.png,fpic_rf100,valid/images/MicroZed_Top_jpg.rf.307f05dec30a3bae78c2506143485f07.jpg,MicroZed_Top_jpg,Connector,1026,773,236,145,788,483,component,,,
MicroZed_Top_jpg__084__Inductor.png,fpic_rf100,valid/images/MicroZed_Top_jpg.rf.307f05dec30a3bae78c2506143485f07.jpg,MicroZed_Top_jpg,Inductor,330,329,62,62,206,205,component,,,
MicroZed_Top_jpg__087__Capacitor.png,fpic_rf100,valid/images/MicroZed_Top_jpg.rf.307f05dec30a3bae78c2506143485f07.jpg,MicroZed_Top_jpg,Capacitor,111,220,21,41,69,138,component,,,
MicroZed_Top_jpg__088__Pads.png,fpic_rf100,valid/images/MicroZed_Top_jpg.rf.307f05dec30a3bae78c2506143485f07.jpg,MicroZed_Top_jpg,Pads,108,218,20,41,68,136,component,,,
MicroZed_Top_jpg__089__IC.png,fpic_rf100,valid/images/MicroZed_Top_jpg.rf.307f05dec30a3bae78c2506143485f07.jpg,MicroZed_Top_jpg,IC,101,104,19,19,63,65,component,,,
MicroZed_Top_jpg__090__Capacitor.png,fpic_rf100,valid/images/MicroZed_Top_jpg.rf.307f05dec30a3bae78c2506143485f07.jpg,MicroZed_Top_jpg,Capacitor,108,219,20,41,68,137,component,,,
MicroZed_Top_jpg__091__Capacitor.png,fpic_rf100,valid/images/MicroZed_Top_jpg.rf.307f05dec30a3bae78c2506143485f07.jpg,MicroZed_Top_jpg,Capacitor,107,220,20,41,67,138,component,,,
MicroZed_Top_jpg__092__Capacitor.png,fpic_rf100,valid/images/MicroZed_Top_jpg.rf.307f05dec30a3bae78c2506143485f07.jpg,MicroZed_Top_jpg,Capacitor,111,219,21,41,69,137,component,,,
MicroZed_Top_jpg__093__Capacitor.png,fpic_rf100,valid/images/MicroZed_Top_jpg.rf.307f05dec30a3bae78c2506143485f07.jpg,MicroZed_Top_jpg,Capacitor,220,107,41,20,138,67,component,,,
MicroZed_Top_jpg__095__Connector.png,fpic_rf100,valid/images/MicroZed_Top_jpg.rf.307f05dec30a3bae78c2506143485f07.jpg,MicroZed_Top_jpg,Connector,194,620,20,116,134,388,component,,,
MicroZed_Top_jpg__116__Capacitor.png,fpic_rf100,valid/images/MicroZed_Top_jpg.rf.307f05dec30a3bae78c2506143485f07.jpg,MicroZed_Top_jpg,Capacitor,107,223,20,42,67,139,component,,,
MicroZed_Top_jpg__117__IC.png,fpic_rf100,valid/images/MicroZed_Top_jpg.rf.307f05dec30a3bae78c2506143485f07.jpg,MicroZed_Top_jpg,IC,165,171,31,32,103,107,component,,,
MicroZed_Top_jpg__118__Capacitor.png,fpic_rf100,valid/images/MicroZed_Top_jpg.rf.307f05dec30a3bae78c2506143485f07.jpg,MicroZed_Top_jpg,Capacitor,111,219,21,41,69,137,component,,,
MicroZed_Top_jpg__120__IC.png,fpic_rf100,valid/images/MicroZed_Top_jpg.rf.307f05dec30a3bae78c2506143485f07.jpg,MicroZed_Top_jpg,IC,560,364,105,68,350,228,component,,,
MicroZed_Top_jpg__126__Capacitor.png,fpic_rf100,valid/images/MicroZed_Top_jpg.rf.307f05dec30a3bae78c2506143485f07.jpg,MicroZed_Top_jpg,Capacitor,225,113,42,21,141,71,component,,,
MicroZed_Top_jpg__128__Capacitor.png,fpic_rf100,valid/images/MicroZed_Top_jpg.rf.307f05dec30a3bae78c2506143485f07.jpg,MicroZed_Top_jpg,Capacitor,218,108,41,20,136,68,component,,,
MicroZed_Top_jpg__130__IC.png,fpic_rf100,valid/images/MicroZed_Top_jpg.rf.307f05dec30a3bae78c2506143485f07.jpg,MicroZed_Top_jpg,IC,101,120,19,23,63,75,component,,,
MicroZed_Top_jpg__131__Capacitor.png,fpic_rf100,valid/images/MicroZed_Top_jpg.rf.307f05dec30a3bae78c2506143485f07.jpg,MicroZed_Top_jpg,Capacitor,165,81,31,15,103,51,component,,,
MicroZed_Top_jpg__132__IC.png,fpic_rf100,valid/images/MicroZed_Top_jpg.rf.307f05dec30a3bae78c2506143485f07.jpg,MicroZed_Top_jpg,IC,680,676,127,127,425,422,component,,,
MicroZed_Top_jpg__133__Inductor.png,fpic_rf100,valid/images/MicroZed_Top_jpg.rf.307f05dec30a3bae78c2506143485f07.jpg,MicroZed_Top_jpg,Inductor,133,117,25,22,83,73,component,,,
MicroZed_Top_jpg__138__IC.png,fpic_rf100,valid/images/MicroZed_Top_jpg.rf.307f05dec30a3bae78c2506143485f07.jpg,MicroZed_Top_jpg,IC,337,337,63,63,211,211,component,,,
MicroZed_Top_jpg__143__IC.png,fpic_rf100,valid/images/MicroZed_Top_jpg.rf.307f05dec30a3bae78c2506143485f07.jpg,MicroZed_Top_jpg,IC,187,191,35,36,117,119,component,,,
MicroZed_Top_jpg__146__Capacitor.png,fpic_rf100,valid/images/MicroZed_Top_jpg.rf.307f05dec30a3bae78c2506143485f07.jpg,MicroZed_Top_jpg,Capacitor,111,220,21,41,69,138,component,,,
MicroZed_Top_jpg__147__Capacitor.png,fpic_rf100,valid/images/MicroZed_Top_jpg.rf.307f05dec30a3bae78c2506143485f07.jpg,MicroZed_Top_jpg,Capacitor,107,220,20,41,67,138,component,,,
MicroZed_Top_jpg__151__IC.png,fpic_rf100,valid/images/MicroZed_Top_jpg.rf.307f05dec30a3bae78c2506143485f07.jpg,MicroZed_Top_jpg,IC,170,175,32,33,106,109,component,,,
MicroZed_Top_jpg__153__IC.png,fpic_rf100,valid/images/MicroZed_Top_jpg.rf.307f05dec30a3bae78c2506143485f07.jpg,MicroZed_Top_jpg,IC,560,364,105,68,350,228,component,,,
MicroZed_Top_jpg__163__IC.png,fpic_rf100,valid/images/MicroZed_Top_jpg.rf.307f05dec30a3bae78c2506143485f07.jpg,MicroZed_Top_jpg,IC,106,104,20,20,66,65,component,,,
MicroZed_Top_jpg__164__Capacitor.png,fpic_rf100,valid/images/MicroZed_Top_jpg.rf.307f05dec30a3bae78c2506143485f07.jpg,MicroZed_Top_jpg,Capacitor,165,79,31,15,103,49,component,,,
MicroZed_Top_jpg__165__Connector.png,fpic_rf100,valid/images/MicroZed_Top_jpg.rf.307f05dec30a3bae78c2506143485f07.jpg,MicroZed_Top_jpg,Connector,273,406,51,76,171,254,component,,,
OlimexRed_jpg__004__Led.png,fpic_rf100,train/images/OlimexRed_jpg.rf.1b32c51f69bd6ebb98d50987d6b18765.jpg,OlimexRed_jpg,Led,148,92,28,17,92,58,component,,,
OlimexRed_jpg__005__Pads.png,fpic_rf100,train/images/OlimexRed_jpg.rf.1b32c51f69bd6ebb98d50987d6b18765.jpg,OlimexRed_jpg,Pads,116,150,22,28,72,94,component,,,
OlimexRed_jpg__007__Transistor.png,fpic_rf100,train/images/OlimexRed_jpg.rf.1b32c51f69bd6ebb98d50987d6b18765.jpg,OlimexRed_jpg,Transistor,155,134,29,25,97,84,component,,,
OlimexRed_jpg__010__Led.png,fpic_rf100,train/images/OlimexRed_jpg.rf.1b32c51f69bd6ebb98d50987d6b18765.jpg,OlimexRed_jpg,Led,149,96,28,18,93,60,component,,,
OlimexRed_jpg__021__Button.png,fpic_rf100,train/images/OlimexRed_jpg.rf.1b32c51f69bd6ebb98d50987d6b18765.jpg,OlimexRed_jpg,Button,161,248,30,46,101,155,component,,,
OlimexRed_jpg__022__Led.png,fpic_rf100,train/images/OlimexRed_jpg.rf.1b32c51f69bd6ebb98d50987d6b18765.jpg,OlimexRed_jpg,Led,145,95,27,18,91,59,component,,,
OlimexRed_jpg__023__Connector.png,fpic_rf100,train/images/OlimexRed_jpg.rf.1b32c51f69bd6ebb98d50987d6b18765.jpg,OlimexRed_jpg,Connector,1039,1220,213,218,710,1001,component,,,
OlimexRed_jpg__024__Led.png,fpic_rf100,train/images/OlimexRed_jpg.rf.1b32c51f69bd6ebb98d50987d6b18765.jpg,OlimexRed_jpg,Led,139,95,19,18,92,59,component,,,
OlimexRed_jpg__033__Led.png,fpic_rf100,train/images/OlimexRed_jpg.rf.1b32c51f69bd6ebb98d50987d6b18765.jpg,OlimexRed_jpg,Led,134,96,14,18,92,60,component,,,
OlimexRed_jpg__034__Resistor_Network.png,fpic_rf100,train/images/OlimexRed_jpg.rf.1b32c51f69bd6ebb98d50987d6b18765.jpg,OlimexRed_jpg,Resistor Network,108,134,20,25,68,84,component,,,
OlimexRed_jpg__040__IC.png,fpic_rf100,train/images/OlimexRed_jpg.rf.1b32c51f69bd6ebb98d50987d6b18765.jpg,OlimexRed_jpg,IC,428,422,80,79,268,264,component,,,
OlimexRed_jpg__041__Led.png,fpic_rf100,train/images/OlimexRed_jpg.rf.1b32c51f69bd6ebb98d50987d6b18765.jpg,OlimexRed_jpg,Led,124,96,6,18,91,60,component,,,
OlimexRed_jpg__050__Pads.png,fpic_rf100,train/images/OlimexRed_jpg.rf.1b32c51f69bd6ebb98d50987d6b18765.jpg,OlimexRed_jpg,Pads,95,150,18,28,59,94,component,,,
OlimexRed_jpg__051__Pads.png,fpic_rf100,train/images/OlimexRed_jpg.rf.1b32c51f69bd6ebb98d50987d6b18765.jpg,OlimexRed_jpg,Pads,92,149,17,28,58,93,component,,,
OlimexRed_jpg__057__Led.png,fpic_rf100,train/images/OlimexRed_jpg.rf.1b32c51f69bd6ebb98d50987d6b18765.jpg,OlimexRed_jpg,Led,92,134,17,25,58,84,component,,,
OlimexRed_jpg__064__Jumper.png,fpic_rf100,train/images/OlimexRed_jpg.rf.1b32c51f69bd6ebb98d50987d6b18765.jpg,OlimexRed_jpg,Jumper,203,127,38,24,127,79,component,,,
OlimexRed_jpg__067__Pads.png,fpic_rf100,train/images/OlimexRed_jpg.rf.1b32c51f69bd6ebb98d50987d6b18765.jpg,OlimexRed_jpg,Pads,117,150,22,28,73,94,component,,,
OlimexRed_jpg__068__IC.png,fpic_rf100,train/images/OlimexRed_jpg.rf.1b32c51f69bd6ebb98d50987d6b18765.jpg,OlimexRed_jpg,IC,282,340,53,64,176,212,component,,,
OlimexRed_jpg__077__Connector.png,fpic_rf100,train/images/OlimexRed_jpg.rf.1b32c51f69bd6ebb98d50987d6b18765.jpg,OlimexRed_jpg,Connector,202,472,0,89,155,295,component,,,
OlimexRed_jpg__078__Led.png,fpic_rf100,train/images/OlimexRed_jpg.rf.1b32c51f69bd6ebb98d50987d6b18765.jpg,OlimexRed_jpg,Led,90,149,17,28,56,93,component,,,
OlimexRed_jpg__079__Diode.png,fpic_rf100,train/images/OlimexRed_jpg.rf.1b32c51f69bd6ebb98d50987d6b18765.jpg,OlimexRed_jpg,Diode,148,124,28,23,92,78,component,,,
OlimexRed_jpg__083__Button.png,fpic_rf100,train/images/OlimexRed_jpg.rf.1b32c51f69bd6ebb98d50987d6b18765.jpg,OlimexRed_jpg,Button,396,289,74,54,248,181,component,,,
OlimexRed_jpg__084__Button.png,fpic_rf100,train/images/OlimexRed_jpg.rf.1b32c51f69bd6ebb98d50987d6b18765.jpg,OlimexRed_jpg,Button,400,243,75,54,250,179,component,,,
OlimexRed_jpg__086__Electrolytic_Capacitor.png,fpic_rf100,train/images/OlimexRed_jpg.rf.1b32c51f69bd6ebb98d50987d6b18765.jpg,OlimexRed_jpg,Electrolytic Capacitor,85,187,16,35,53,117,component,,,
OlimexRed_jpg__091__Connector.png,fpic_rf100,train/images/OlimexRed_jpg.rf.1b32c51f69bd6ebb98d50987d6b18765.jpg,OlimexRed_jpg,Connector,790,420,148,59,494,278,component,,,
OlimexRed_jpg__092__Connector.png,fpic_rf100,train/images/OlimexRed_jpg.rf.1b32c51f69bd6ebb98d50987d6b18765.jpg,OlimexRed_jpg,Connector,1066,346,61,0,773,266,component,,,
OlimexRed_jpg__100__Clock.png,fpic_rf100,train/images/OlimexRed_jpg.rf.1b32c51f69bd6ebb98d50987d6b18765.jpg,OlimexRed_jpg,Clock,511,246,96,46,319,154,component,,,
OlimexRed_jpg__101__Led.png,fpic_rf100,train/images/OlimexRed_jpg.rf.1b32c51f69bd6ebb98d50987d6b18765.jpg,OlimexRed_jpg,Led,143,91,27,17,89,57,component,,,
OlimexRed_jpg__102__Resistor_Network.png,fpic_rf100,train/images/OlimexRed_jpg.rf.1b32c51f69bd6ebb98d50987d6b18765.jpg,OlimexRed_jpg,Resistor Network,113,129,21,24,71,81,component,,,
OlimexRed_jpg__103__Led.png,fpic_rf100,train/images/OlimexRed_jpg.rf.1b32c51f69bd6ebb98d50987d6b18765.jpg,OlimexRed_jpg,Led,144,91,27,17,90,57,component,,,
OlimexRed_png_jpg__004__Led.png,fpic_rf100,train/images/OlimexRed_png_jpg.rf.4334e6ca77e52648d212237b56951240.jpg,OlimexRed_png_jpg,Led,149,97,28,18,93,61,component,,,
OlimexRed_png_jpg__005__Pads.png,fpic_rf100,train/images/OlimexRed_png_jpg.rf.4334e6ca77e52648d212237b56951240.jpg,OlimexRed_png_jpg,Pads,118,154,22,29,74,96,component,,,
OlimexRed_png_jpg__007__Transistor.png,fpic_rf100,train/images/OlimexRed_png_jpg.rf.4334e6ca77e52648d212237b56951240.jpg,OlimexRed_png_jpg,Transistor,159,138,30,26,99,86,component,,,
OlimexRed_png_jpg__010__Led.png,fpic_rf100,train/images/OlimexRed_png_jpg.rf.4334e6ca77e52648d212237b56951240.jpg,OlimexRed_png_jpg,Led,150,101,28,19,94,63,component,,,
OlimexRed_png_jpg__021__Button.png,fpic_rf100,train/images/OlimexRed_png_jpg.rf.4334e6ca77e52648d212237b56951240.jpg,OlimexRed_png_jpg,Button,167,250,31,47,105,156,component,,,
OlimexRed_png_jpg__022__Led.png,fpic_rf100,train/images/OlimexRed_png_jpg.rf.4334e6ca77e52648d212237b56951240.jpg,OlimexRed_png_jpg,Led,148,97,28,18,92,61,component,,,
OlimexRed_png_jpg__023__Connector.png,fpic_rf100,train/images/OlimexRed_png_jpg.rf.4334e6ca77e52648d212237b56951240.jpg,OlimexRed_png_jpg,Connector,864,1158,199,180,664,977,component,,,
OlimexRed_png_jpg__024__Led.png,fpic_rf100,train/images/OlimexRed_png_jpg.rf.4334e6ca77e52648d212237b56951240.jpg,OlimexRed_png_jpg,Led,149,100,28,19,93,62,component,,,
OlimexRed_png_jpg__033__Led.png,fpic_rf100,train/images/OlimexRed_png_jpg.rf.4334e6ca77e52648d212237b56951240.jpg,OlimexRed_png_jpg,Led,149,101,28,19,93,63,component,,,
OlimexRed_png_jpg__034__Resistor_Network.png,fpic_rf100,train/images/OlimexRed_png_jpg.rf.4334e6ca77e52648d212237b56951240.jpg,OlimexRed_png_jpg,Resistor Network,112,136,21,26,70,85,component,,,
OlimexRed_png_jpg__040__IC.png,fpic_rf100,train/images/OlimexRed_png_jpg.rf.4334e6ca77e52648d212237b56951240.jpg,OlimexRed_png_jpg,IC,440,433,83,81,275,271,component,,,
OlimexRed_png_jpg__041__Led.png,fpic_rf100,train/images/OlimexRed_png_jpg.rf.4334e6ca77e52648d212237b56951240.jpg,OlimexRed_png_jpg,Led,148,100,28,19,92,62,component,,,
OlimexRed_png_jpg__050__Pads.png,fpic_rf100,train/images/OlimexRed_png_jpg.rf.4334e6ca77e52648d212237b56951240.jpg,OlimexRed_png_jpg,Pads,100,152,19,29,62,95,component,,,
OlimexRed_png_jpg__051__Pads.png,fpic_rf100,train/images/OlimexRed_png_jpg.rf.4334e6ca77e52648d212237b56951240.jpg,OlimexRed_png_jpg,Pads,97,150,18,28,61,94,component,,,
OlimexRed_png_jpg__057__Led.png,fpic_rf100,train/images/OlimexRed_png_jpg.rf.4334e6ca77e52648d212237b56951240.jpg,OlimexRed_png_jpg,Led,96,136,18,26,60,85,component,,,
OlimexRed_png_jpg__064__Jumper.png,fpic_rf100,train/images/OlimexRed_png_jpg.rf.4334e6ca77e52648d212237b56951240.jpg,OlimexRed_png_jpg,Jumper,204,133,38,25,128,83,component,,,
OlimexRed_png_jpg__067__Pads.png,fpic_rf100,train/images/OlimexRed_png_jpg.rf.4334e6ca77e52648d212237b56951240.jpg,OlimexRed_png_jpg,Pads,121,154,23,29,75,96,component,,,
OlimexRed_png_jpg__068__IC.png,fpic_rf100,train/images/OlimexRed_png_jpg.rf.4334e6ca77e52648d212237b56951240.jpg,OlimexRed_png_jpg,IC,292,346,55,65,182,216,component,,,
OlimexRed_png_jpg__077__Connector.png,fpic_rf100,train/images/OlimexRed_png_jpg.rf.4334e6ca77e52648d212237b56951240.jpg,OlimexRed_png_jpg,Connector,299,492,0,92,230,308,component,,,
OlimexRed_png_jpg__078__Led.png,fpic_rf100,train/images/OlimexRed_png_jpg.rf.4334e6ca77e52648d212237b56951240.jpg,OlimexRed_png_jpg,Led,95,150,18,28,59,94,component,,,
OlimexRed_png_jpg__079__Diode.png,fpic_rf100,train/images/OlimexRed_png_jpg.rf.4334e6ca77e52648d212237b56951240.jpg,OlimexRed_png_jpg,Diode,150,129,28,24,94,81,component,,,
OlimexRed_png_jpg__083__Button.png,fpic_rf100,train/images/OlimexRed_png_jpg.rf.4334e6ca77e52648d212237b56951240.jpg,OlimexRed_png_jpg,Button,404,292,76,56,252,188,component,,,
OlimexRed_png_jpg__084__Button.png,fpic_rf100,train/images/OlimexRed_png_jpg.rf.4334e6ca77e52648d212237b56951240.jpg,OlimexRed_png_jpg,Button,406,234,76,54,254,179,component,,,
OlimexRed_png_jpg__086__Electrolytic_Capacitor.png,fpic_rf100,train/images/OlimexRed_png_jpg.rf.4334e6ca77e52648d212237b56951240.jpg,OlimexRed_png_jpg,Electrolytic Capacitor,91,188,17,35,57,118,component,,,
OlimexRed_png_jpg__091__Connector.png,fpic_rf100,train/images/OlimexRed_png_jpg.rf.4334e6ca77e52648d212237b56951240.jpg,OlimexRed_png_jpg,Connector,796,389,149,8,498,293,component,,,
OlimexRed_png_jpg__092__Connector.png,fpic_rf100,train/images/OlimexRed_png_jpg.rf.4334e6ca77e52648d212237b56951240.jpg,OlimexRed_png_jpg,Connector,1170,276,147,0,787,212,component,,,
OlimexRed_png_jpg__100__Clock.png,fpic_rf100,train/images/OlimexRed_png_jpg.rf.4334e6ca77e52648d212237b56951240.jpg,OlimexRed_png_jpg,Clock,513,261,96,49,321,163,component,,,
OlimexRed_png_jpg__101__Led.png,fpic_rf100,train/images/OlimexRed_png_jpg.rf.4334e6ca77e52648d212237b56951240.jpg,OlimexRed_png_jpg,Led,144,96,27,18,90,60,component,,,
OlimexRed_png_jpg__102__Resistor_Network.png,fpic_rf100,train/images/OlimexRed_png_jpg.rf.4334e6ca77e52648d212237b56951240.jpg,OlimexRed_png_jpg,Resistor Network,117,133,22,25,73,83,component,,,
OlimexRed_png_jpg__103__Led.png,fpic_rf100,train/images/OlimexRed_png_jpg.rf.4334e6ca77e52648d212237b56951240.jpg,OlimexRed_png_jpg,Led,145,95,27,18,91,59,component,,,
RPI3B_Bottom_jpg__000__Pins.png,fpic_rf100,train/images/RPI3B_Bottom_jpg.rf.70a09733d25550b7dfe51ee8126b320f.jpg,RPI3B_Bottom_jpg,Pins,239,107,45,20,149,67,component,,,
RPI3B_Bottom_jpg__001__Pins.png,fpic_rf100,train/images/RPI3B_Bottom_jpg.rf.70a09733d25550b7dfe51ee8126b320f.jpg,RPI3B_Bottom_jpg,Pins,1160,216,218,41,725,135,component,,,
RPI3B_Bottom_jpg__009__Pins.png,fpic_rf100,train/images/RPI3B_Bottom_jpg.rf.70a09733d25550b7dfe51ee8126b320f.jpg,RPI3B_Bottom_jpg,Pins,124,214,23,40,78,134,component,,,
RPI3B_Bottom_jpg__030__IC.png,fpic_rf100,train/images/RPI3B_Bottom_jpg.rf.70a09733d25550b7dfe51ee8126b320f.jpg,RPI3B_Bottom_jpg,IC,80,118,15,22,50,74,component,,,
RPI3B_Bottom_jpg__045__Pins.png,fpic_rf100,train/images/RPI3B_Bottom_jpg.rf.70a09733d25550b7dfe51ee8126b320f.jpg,RPI3B_Bottom_jpg,Pins,244,224,46,42,152,140,component,,,
RPI3B_Bottom_jpg__076__IC.png,fpic_rf100,train/images/RPI3B_Bottom_jpg.rf.70a09733d25550b7dfe51ee8126b320f.jpg,RPI3B_Bottom_jpg,IC,303,314,57,59,189,196,component,,,
RPI3B_Bottom_jpg__112__Pins.png,fpic_rf100,train/images/RPI3B_Bottom_jpg.rf.70a09733d25550b7dfe51ee8126b320f.jpg,RPI3B_Bottom_jpg,Pins,127,214,24,40,79,134,component,,,
RPI3B_Bottom_jpg__117__IC.png,fpic_rf100,train/images/RPI3B_Bottom_jpg.rf.70a09733d25550b7dfe51ee8126b320f.jpg,RPI3B_Bottom_jpg,IC,309,312,58,59,193,195,component,,,
RPI3B_Bottom_jpg__152__Pins.png,fpic_rf100,train/images/RPI3B_Bottom_jpg.rf.70a09733d25550b7dfe51ee8126b320f.jpg,RPI3B_Bottom_jpg,Pins,235,203,44,38,147,127,component,,,
RPI3B_Bottom_jpg__186__Pins.png,fpic_rf100,train/images/RPI3B_Bottom_jpg.rf.70a09733d25550b7dfe51ee8126b320f.jpg,RPI3B_Bottom_jpg,Pins,213,92,40,17,133,58,component,,,
RPI3B_Bottom_jpg__188__Pins.png,fpic_rf100,train/images/RPI3B_Bottom_jpg.rf.70a09733d25550b7dfe51ee8126b320f.jpg,RPI3B_Bottom_jpg,Pins,124,267,23,50,78,167,component,,,
RPI3B_Bottom_jpg__190__Transistor.png,fpic_rf100,train/images/RPI3B_Bottom_jpg.rf.70a09733d25550b7dfe51ee8126b320f.jpg,RPI3B_Bottom_jpg,Transistor,85,96,16,18,53,60,component,,,
RPI3B_Bottom_jpg__207__Pads.png,fpic_rf100,train/images/RPI3B_Bottom_jpg.rf.70a09733d25550b7dfe51ee8126b320f.jpg,RPI3B_Bottom_jpg,Pads,255,120,48,23,159,75,component,,,
RPI3B_Bottom_jpg__209__Pins.png,fpic_rf100,train/images/RPI3B_Bottom_jpg.rf.70a09733d25550b7dfe51ee8126b320f.jpg,RPI3B_Bottom_jpg,Pins,209,80,39,15,131,50,component,,,
RPI3B_Bottom_jpg__213__Pins.png,fpic_rf100,train/images/RPI3B_Bottom_jpg.rf.70a09733d25550b7dfe51ee8126b320f.jpg,RPI3B_Bottom_jpg,Pins,92,85,17,16,58,53,component,,,
RPI3B_Top_jpg__000__Capacitor_Jumper.png,fpic_rf100,train/images/RPI3B_Top_jpg.rf.18f3798ad369aa743cb2a1fe6ec52164.jpg,RPI3B_Top_jpg,Capacitor Jumper,156,81,29,15,98,51,component,,,
RPI3B_Top_jpg__007__Connector.png,fpic_rf100,train/images/RPI3B_Top_jpg.rf.18f3798ad369aa743cb2a1fe6ec52164.jpg,RPI3B_Top_jpg,Connector,546,636,126,126,419,419,component,,,
RPI3B_Top_jpg__009__IC.png,fpic_rf100,train/images/RPI3B_Top_jpg.rf.18f3798ad369aa743cb2a1fe6ec52164.jpg,RPI3B_Top_jpg,IC,140,124,26,23,88,78,component,,,
RPI3B_Top_jpg__010__Inductor.png,fpic_rf100,train/images/RPI3B_Top_jpg.rf.18f3798ad369aa743cb2a1fe6ec52164.jpg,RPI3B_Top_jpg,Inductor,171,152,32,29,107,95,component,,,
RPI3B_Top_jpg__011__Diode.png,fpic_rf100,train/images/RPI3B_Top_jpg.rf.18f3798ad369aa743cb2a1fe6ec52164.jpg,RPI3B_Top_jpg,Diode,255,140,48,26,159,88,component,,,
RPI3B_Top_jpg__014__Capacitor_Jumper.png,fpic_rf100,train/images/RPI3B_Top_jpg.rf.18f3798ad369aa743cb2a1fe6ec52164.jpg,RPI3B_Top_jpg,Capacitor Jumper,148,79,28,15,92,49,component,,,
RPI3B_Top_jpg__015__Connector.png,fpic_rf100,train/images/RPI3B_Top_jpg.rf.18f3798ad369aa743cb2a1fe6ec52164.jpg,RPI3B_Top_jpg,Connector,248,581,47,134,155,446,component,,,
RPI3B_Top_jpg__020__Connector.png,fpic_rf100,train/images/RPI3B_Top_jpg.rf.18f3798ad369aa743cb2a1fe6ec52164.jpg,RPI3B_Top_jpg,Connector,273,432,51,97,171,324,component,,,
RPI3B_Top_jpg__021__Connector.png,fpic_rf100,train/images/RPI3B_Top_jpg.rf.18f3798ad369aa743cb2a1fe6ec52164.jpg,RPI3B_Top_jpg,Connector,568,373,106,86,355,286,component,,,
RPI3B_Top_jpg__022__IC.png,fpic_rf100,train/images/RPI3B_Top_jpg.rf.18f3798ad369aa743cb2a1fe6ec52164.jpg,RPI3B_Top_jpg,IC,112,140,21,26,70,88,component,,,
RPI3B_Top_jpg__025__Connector.png,fpic_rf100,train/images/RPI3B_Top_jpg.rf.18f3798ad369aa743cb2a1fe6ec52164.jpg,RPI3B_Top_jpg,Connector,297,179,56,41,185,137,component,,,
RPI3B_Top_jpg__031__Connector.png,fpic_rf100,train/images/RPI3B_Top_jpg.rf.18f3798ad369aa743cb2a1fe6ec52164.jpg,RPI3B_Top_jpg,Connector,191,95,36,18,119,59,component,,,
RPI3B_Top_jpg__032__Connector.png,fpic_rf100,train/images/RPI3B_Top_jpg.rf.18f3798ad369aa743cb2a1fe6ec52164.jpg,RPI3B_Top_jpg,Connector,458,411,102,0,339,316,component,,,
RPI3B_Top_jpg__039__Diode.png,fpic_rf100,train/images/RPI3B_Top_jpg.rf.18f3798ad369aa743cb2a1fe6ec52164.jpg,RPI3B_Top_jpg,Diode,149,116,28,22,93,72,component,,,
RPI3B_Top_jpg__040__IC.png,fpic_rf100,train/images/RPI3B_Top_jpg.rf.18f3798ad369aa743cb2a1fe6ec52164.jpg,RPI3B_Top_jpg,IC,140,113,26,21,88,71,component,,,
RPI3B_Top_jpg__074__IC.png,fpic_rf100,train/images/RPI3B_Top_jpg.rf.18f3798ad369aa743cb2a1fe6ec52164.jpg,RPI3B_Top_jpg,IC,325,326,61,61,203,204,component,,,
RPI3B_Top_jpg__077__IC.png,fpic_rf100,train/images/RPI3B_Top_jpg.rf.18f3798ad369aa743cb2a1fe6ec52164.jpg,RPI3B_Top_jpg,IC,113,85,21,16,71,53,component,,,
RPI3B_Top_jpg__079__Capacitor_Jumper.png,fpic_rf100,train/images/RPI3B_Top_jpg.rf.18f3798ad369aa743cb2a1fe6ec52164.jpg,RPI3B_Top_jpg,Capacitor Jumper,545,544,102,102,341,340,component,,,
RPI3B_Top_jpg__090__Connector.png,fpic_rf100,train/images/RPI3B_Top_jpg.rf.18f3798ad369aa743cb2a1fe6ec52164.jpg,RPI3B_Top_jpg,Connector,430,518,99,97,330,324,component,,,
RPI3B_Top_jpg__094__Connector.png,fpic_rf100,train/images/RPI3B_Top_jpg.rf.18f3798ad369aa743cb2a1fe6ec52164.jpg,RPI3B_Top_jpg,Connector,229,824,3,155,174,515,component,,,
RPI3B_Top_jpg__104__Capacitor_Jumper.png,fpic_rf100,train/images/RPI3B_Top_jpg.rf.18f3798ad369aa743cb2a1fe6ec52164.jpg,RPI3B_Top_jpg,Capacitor Jumper,79,155,15,29,49,97,component,,,
RPI3B_Top_jpg__107__Capacitor_Jumper.png,fpic_rf100,train/images/RPI3B_Top_jpg.rf.18f3798ad369aa743cb2a1fe6ec52164.jpg,RPI3B_Top_jpg,Capacitor Jumper,155,80,29,15,97,50,component,,,
RPI3B_Top_jpg__114__Inductor.png,fpic_rf100,train/images/RPI3B_Top_jpg.rf.18f3798ad369aa743cb2a1fe6ec52164.jpg,RPI3B_Top_jpg,Inductor,172,164,32,31,108,102,component,,,
RPI3B_Top_jpg__116__IC.png,fpic_rf100,train/images/RPI3B_Top_jpg.rf.18f3798ad369aa743cb2a1fe6ec52164.jpg,RPI3B_Top_jpg,IC,92,127,17,24,58,79,component,,,
RPI3B_Top_jpg__122__IC.png,fpic_rf100,train/images/RPI3B_Top_jpg.rf.18f3798ad369aa743cb2a1fe6ec52164.jpg,RPI3B_Top_jpg,IC,81,124,15,23,51,78,component,,,
RPI3B_Top_jpg__124__Connector.png,fpic_rf100,train/images/RPI3B_Top_jpg.rf.18f3798ad369aa743cb2a1fe6ec52164.jpg,RPI3B_Top_jpg,Connector,1622,218,131,0,1147,168,component,,,
RPI3B_Top_jpg__128__Inductor.png,fpic_rf100,train/images/RPI3B_Top_jpg.rf.18f3798ad369aa743cb2a1fe6ec52164.jpg,RPI3B_Top_jpg,Inductor,92,120,17,22,58,75,component,,,
RPI3B_Top_jpg__129__Diode.png,fpic_rf100,train/images/RPI3B_Top_jpg.rf.18f3798ad369aa743cb2a1fe6ec52164.jpg,RPI3B_Top_jpg,Diode,108,143,20,27,68,89,component,,,
RPI3B_Top_jpg__138__IC.png,fpic_rf100,train/images/RPI3B_Top_jpg.rf.18f3798ad369aa743cb2a1fe6ec52164.jpg,RPI3B_Top_jpg,IC,117,117,22,22,73,73,component,,,
STK644_jpg__000__Pins.png,fpic_rf100,train/images/STK644_jpg.rf.45209a579e41b62078c833e84ccd5d44.jpg,STK644_jpg,Pins,321,139,60,26,201,87,component,,,
STK644_jpg__001__Connector.png,fpic_rf100,train/images/STK644_jpg.rf.45209a579e41b62078c833e84ccd5d44.jpg,STK644_jpg,Connector,197,328,37,61,123,205,component,,,
STK644_jpg__002__Connector.png,fpic_rf100,train/images/STK644_jpg.rf.45209a579e41b62078c833e84ccd5d44.jpg,STK644_jpg,Connector,176,256,33,48,110,160,component,,,
STK644_jpg__003__Pins.png,fpic_rf100,train/images/STK644_jpg.rf.45209a579e41b62078c833e84ccd5d44.jpg,STK644_jpg,Pins,139,321,26,60,87,201,component,,,
STK644_jpg__004__Pins.png,fpic_rf100,train/images/STK644_jpg.rf.45209a579e41b62078c833e84ccd5d44.jpg,STK644_jpg,Pins,136,320,26,60,85,200,component,,,
STK644_jpg__005__IC.png,fpic_rf100,train/images/STK644_jpg.rf.45209a579e41b62078c833e84ccd5d44.jpg,STK644_jpg,IC,342,341,64,64,214,213,component,,,
STK644_jpg__006__Connector.png,fpic_rf100,train/images/STK644_jpg.rf.45209a579e41b62078c833e84ccd5d44.jpg,STK644_jpg,Connector,216,762,41,143,135,476,component,,,
STK644_jpg__007__Pins.png,fpic_rf100,train/images/STK644_jpg.rf.45209a579e41b62078c833e84ccd5d44.jpg,STK644_jpg,Pins,319,138,60,26,199,86,component,,,
STK644_jpg__008__Connector.png,fpic_rf100,train/images/STK644_jpg.rf.45209a579e41b62078c833e84ccd5d44.jpg,STK644_jpg,Connector,155,396,29,74,97,248,component,,,
STK644_jpg__011__Connector.png,fpic_rf100,train/images/STK644_jpg.rf.45209a579e41b62078c833e84ccd5d44.jpg,STK644_jpg,Connector,100,181,19,34,62,113,component,,,
STK644_jpg__012__Clock.png,fpic_rf100,train/images/STK644_jpg.rf.45209a579e41b62078c833e84ccd5d44.jpg,STK644_jpg,Clock,100,180,19,34,62,112,component,,,
STK644_jpg__015__Connector.png,fpic_rf100,train/images/STK644_jpg.rf.45209a579e41b62078c833e84ccd5d44.jpg,STK644_jpg,Connector,767,224,144,42,479,140,component,,,
STK644_jpg__016__Connector.png,fpic_rf100,train/images/STK644_jpg.rf.45209a579e41b62078c833e84ccd5d44.jpg,STK644_jpg,Connector,378,518,71,97,236,324,component,,,
STK644_jpg__017__Connector.png,fpic_rf100,train/images/STK644_jpg.rf.45209a579e41b62078c833e84ccd5d44.jpg,STK644_jpg,Connector,373,518,70,97,233,324,component,,,
STK644_jpg__020__IC.png,fpic_rf100,train/images/STK644_jpg.rf.45209a579e41b62078c833e84ccd5d44.jpg,STK644_jpg,IC,176,144,33,27,110,90,component,,,
STK644_jpg__021__Connector.png,fpic_rf100,train/images/STK644_jpg.rf.45209a579e41b62078c833e84ccd5d44.jpg,STK644_jpg,Connector,96,91,18,17,60,57,component,,,
STK644_jpg__034__Connector.png,fpic_rf100,train/images/STK644_jpg.rf.45209a579e41b62078c833e84ccd5d44.jpg,STK644_jpg,Connector,614,165,115,31,384,103,component,,,
STK644_jpg__042__Button.png,fpic_rf100,train/images/STK644_jpg.rf.45209a579e41b62078c833e84ccd5d44.jpg,STK644_jpg,Button,128,140,24,27,80,91,component,,,
STK644_jpg__043__Button.png,fpic_rf100,train/images/STK644_jpg.rf.45209a579e41b62078c833e84ccd5d44.jpg,STK644_jpg,Button,132,145,25,27,82,91,component,,,
STK644_jpg__044__Button.png,fpic_rf100,train/images/STK644_jpg.rf.45209a579e41b62078c833e84ccd5d44.jpg,STK644_jpg,Button,132,149,25,28,82,93,component,,,
STK644_jpg__045__Button.png,fpic_rf100,train/images/STK644_jpg.rf.45209a579e41b62078c833e84ccd5d44.jpg,STK644_jpg,Button,139,95,26,22,87,72,component,,,
STK644_jpg__046__Button.png,fpic_rf100,train/images/STK644_jpg.rf.45209a579e41b62078c833e84ccd5d44.jpg,STK644_jpg,Button,132,148,25,28,82,92,component,,,
STK644_jpg__047__Button.png,fpic_rf100,train/images/STK644_jpg.rf.45209a579e41b62078c833e84ccd5d44.jpg,STK644_jpg,Button,134,115,25,26,84,88,component,,,
STK644_jpg__048__Button.png,fpic_rf100,train/images/STK644_jpg.rf.45209a579e41b62078c833e84ccd5d44.jpg,STK644_jpg,Button,129,148,24,28,81,92,component,,,
STK644_jpg__049__Button.png,fpic_rf100,train/images/STK644_jpg.rf.45209a579e41b62078c833e84ccd5d44.jpg,STK644_jpg,Button,133,67,25,15,83,51,component,,,
STK644_jpg__050__Button.png,fpic_rf100,train/images/STK644_jpg.rf.45209a579e41b62078c833e84ccd5d44.jpg,STK644_jpg,Button,127,136,24,28,79,93,component,,,
STK644_jpg__052__Connector.png,fpic_rf100,train/images/STK644_jpg.rf.45209a579e41b62078c833e84ccd5d44.jpg,STK644_jpg,Connector,197,128,37,24,123,80,component,,,
STK644_jpg__054__Connector.png,fpic_rf100,train/images/STK644_jpg.rf.45209a579e41b62078c833e84ccd5d44.jpg,STK644_jpg,Connector,764,224,143,42,478,140,component,,,
STK644_jpg__057__Connector.png,fpic_rf100,train/images/STK644_jpg.rf.45209a579e41b62078c833e84ccd5d44.jpg,STK644_jpg,Connector,193,330,36,62,121,206,component,,,
STK644_jpg__059__IC.png,fpic_rf100,train/images/STK644_jpg.rf.45209a579e41b62078c833e84ccd5d44.jpg,STK644_jpg,IC,168,133,32,25,105,83,component,,,
Spartan3_jpg__000__IC.png,fpic_rf100,train/images/Spartan3_jpg.rf.15f6ba5d1317001cd4edc70c32b880db.jpg,Spartan3_jpg,IC,319,256,60,48,199,160,component,,,
Spartan3_jpg__007__Connector.png,fpic_rf100,train/images/Spartan3_jpg.rf.15f6ba5d1317001cd4edc70c32b880db.jpg,Spartan3_jpg,Connector,326,154,61,29,204,96,component,,,
Spartan3_jpg__008__Connector.png,fpic_rf100,train/images/Spartan3_jpg.rf.15f6ba5d1317001cd4edc70c32b880db.jpg,Spartan3_jpg,Connector,495,639,93,120,309,399,component,,,
Spartan3_jpg__020__Button.png,fpic_rf100,train/images/Spartan3_jpg.rf.15f6ba5d1317001cd4edc70c32b880db.jpg,Spartan3_jpg,Button,182,154,34,29,114,96,component,,,
Spartan3_jpg__021__Connector.png,fpic_rf100,train/images/Spartan3_jpg.rf.15f6ba5d1317001cd4edc70c32b880db.jpg,Spartan3_jpg,Connector,364,1000,75,187,249,625,component,,,
Spartan3_jpg__022__IC.png,fpic_rf100,train/images/Spartan3_jpg.rf.15f6ba5d1317001cd4edc70c32b880db.jpg,Spartan3_jpg,IC,367,360,69,68,229,225,component,,,
Spartan3_jpg__023__Connector.png,fpic_rf100,train/images/Spartan3_jpg.rf.15f6ba5d1317001cd4edc70c32b880db.jpg,Spartan3_jpg,Connector,352,219,66,41,220,137,component,,,
Spartan3_jpg__045__IC.png,fpic_rf100,train/images/Spartan3_jpg.rf.15f6ba5d1317001cd4edc70c32b880db.jpg,Spartan3_jpg,IC,159,208,30,39,99,130,component,,,
Spartan3_jpg__049__Connector.png,fpic_rf100,train/images/Spartan3_jpg.rf.15f6ba5d1317001cd4edc70c32b880db.jpg,Spartan3_jpg,Connector,223,219,42,41,139,137,component,,,
Spartan3_jpg__051__Connector.png,fpic_rf100,train/images/Spartan3_jpg.rf.15f6ba5d1317001cd4edc70c32b880db.jpg,Spartan3_jpg,Connector,507,678,95,127,317,424,component,,,
Spartan3_jpg__052__Jumper.png,fpic_rf100,train/images/Spartan3_jpg.rf.15f6ba5d1317001cd4edc70c32b880db.jpg,Spartan3_jpg,Jumper,80,104,15,20,50,65,component,,,
Spartan3_jpg__061__Connector.png,fpic_rf100,train/images/Spartan3_jpg.rf.15f6ba5d1317001cd4edc70c32b880db.jpg,Spartan3_jpg,Connector,309,338,58,67,193,223,component,,,
Spartan3_jpg__062__Switch.png,fpic_rf100,train/images/Spartan3_jpg.rf.15f6ba5d1317001cd4edc70c32b880db.jpg,Spartan3_jpg,Switch,159,204,30,47,99,156,component,,,
Spartan3_jpg__063__Switch.png,fpic_rf100,train/images/Spartan3_jpg.rf.15f6ba5d1317001cd4edc70c32b880db.jpg,Spartan3_jpg,Switch,154,253,29,48,96,159,component,,,
Spartan3_jpg__064__Switch.png,fpic_rf100,train/images/Spartan3_jpg.rf.15f6ba5d1317001cd4edc70c32b880db.jpg,Spartan3_jpg,Switch,149,238,28,47,93,157,component,,,
Spartan3_jpg__065__Switch.png,fpic_rf100,train/images/Spartan3_jpg.rf.15f6ba5d1317001cd4edc70c32b880db.jpg,Spartan3_jpg,Switch,156,227,29,48,98,159,component,,,
Spartan3_jpg__066__Switch.png,fpic_rf100,train/images/Spartan3_jpg.rf.15f6ba5d1317001cd4edc70c32b880db.jpg,Spartan3_jpg,Switch,159,255,30,48,99,159,component,,,
Spartan3_jpg__067__Switch.png,fpic_rf100,train/images/Spartan3_jpg.rf.15f6ba5d1317001cd4edc70c32b880db.jpg,Spartan3_jpg,Switch,154,212,29,48,96,160,component,,,
Spartan3_jpg__068__Switch.png,fpic_rf100,train/images/Spartan3_jpg.rf.15f6ba5d1317001cd4edc70c32b880db.jpg,Spartan3_jpg,Switch,154,256,29,48,96,160,component,,,
Spartan3_jpg__069__Switch.png,fpic_rf100,train/images/Spartan3_jpg.rf.15f6ba5d1317001cd4edc70c32b880db.jpg,Spartan3_jpg,Switch,149,252,28,47,93,158,component,,,
Spartan3_jpg__070__Button.png,fpic_rf100,train/images/Spartan3_jpg.rf.15f6ba5d1317001cd4edc70c32b880db.jpg,Spartan3_jpg,Button,152,184,29,34,95,115,component,,,
Spartan3_jpg__071__Button.png,fpic_rf100,train/images/Spartan3_jpg.rf.15f6ba5d1317001cd4edc70c32b880db.jpg,Spartan3_jpg,Button,150,182,28,34,94,114,component,,,
Spartan3_jpg__072__Button.png,fpic_rf100,train/images/Spartan3_jpg.rf.15f6ba5d1317001cd4edc70c32b880db.jpg,Spartan3_jpg,Button,154,186,29,35,96,116,component,,,
Spartan3_jpg__073__Button.png,fpic_rf100,train/images/Spartan3_jpg.rf.15f6ba5d1317001cd4edc70c32b880db.jpg,Spartan3_jpg,Button,154,191,29,36,96,119,component,,,
Spartan3_jpg__074__Connector.png,fpic_rf100,train/images/Spartan3_jpg.rf.15f6ba5d1317001cd4edc70c32b880db.jpg,Spartan3_jpg,Connector,992,405,186,76,620,253,component,,,
Spartan3_jpg__075__Connector.png,fpic_rf100,train/images/Spartan3_jpg.rf.15f6ba5d1317001cd4edc70c32b880db.jpg,Spartan3_jpg,Connector,991,358,186,25,619,256,component,,,
Spartan3_jpg__081__Connector.png,fpic_rf100,train/images/Spartan3_jpg.rf.15f6ba5d1317001cd4edc70c32b880db.jpg,Spartan3_jpg,Connector,295,96,55,18,185,60,component,,,
Spartan3_jpg__082__IC.png,fpic_rf100,train/images/Spartan3_jpg.rf.15f6ba5d1317001cd4edc70c32b880db.jpg,Spartan3_jpg,IC,144,140,27,26,90,88,component,,,
Spartan6Redux_Bottom_jpg__002__IC.png,fpic_rf100,valid/images/Spartan6Redux_Bottom_jpg.rf.9b16ea03f9a792c23bc8de81ae4a0217.jpg,Spartan6Redux_Bottom_jpg,IC,106,127,20,24,66,79,component,,,
Spartan6Redux_Bottom_jpg__003__IC.png,fpic_rf100,valid/images/Spartan6Redux_Bottom_jpg.rf.9b16ea03f9a792c23bc8de81ae4a0217.jpg,Spartan6Redux_Bottom_jpg,IC,113,129,21,24,71,81,component,,,
Spartan6Redux_Bottom_jpg__004__IC.png,fpic_rf100,valid/images/Spartan6Redux_Bottom_jpg.rf.9b16ea03f9a792c23bc8de81ae4a0217.jpg,Spartan6Redux_Bottom_jpg,IC,116,132,22,25,72,82,component,,,
Spartan6Redux_Bottom_jpg__005__IC.png,fpic_rf100,valid/images/Spartan6Redux_Bottom_jpg.rf.9b16ea03f9a792c23bc8de81ae4a0217.jpg,Spartan6Redux_Bottom_jpg,IC,117,128,22,24,73,80,component,,,
Spartan6Redux_Bottom_jpg__007__IC.png,fpic_rf100,valid/images/Spartan6Redux_Bottom_jpg.rf.9b16ea03f9a792c23bc8de81ae4a0217.jpg,Spartan6Redux_Bottom_jpg,IC,116,124,22,23,72,78,component,,,
Spartan6Redux_Bottom_jpg__010__IC.png,fpic_rf100,valid/images/Spartan6Redux_Bottom_jpg.rf.9b16ea03f9a792c23bc8de81ae4a0217.jpg,Spartan6Redux_Bottom_jpg,IC,107,127,20,24,67,79,component,,,
Spartan6Redux_Bottom_jpg__041__IC.png,fpic_rf100,valid/images/Spartan6Redux_Bottom_jpg.rf.9b16ea03f9a792c23bc8de81ae4a0217.jpg,Spartan6Redux_Bottom_jpg,IC,122,112,23,21,76,70,component,,,
Spartan6Redux_Bottom_jpg__047__Connector.png,fpic_rf100,valid/images/Spartan6Redux_Bottom_jpg.rf.9b16ea03f9a792c23bc8de81ae4a0217.jpg,Spartan6Redux_Bottom_jpg,Connector,800,65,11,3,778,48,component,,,
Spartan6Redux_Bottom_jpg__063__IC.png,fpic_rf100,valid/images/Spartan6Redux_Bottom_jpg.rf.9b16ea03f9a792c23bc8de81ae4a0217.jpg,Spartan6Redux_Bottom_jpg,IC,111,132,21,25,69,82,component,,,
Spartan6Redux_Bottom_jpg__064__IC.png,fpic_rf100,valid/images/Spartan6Redux_Bottom_jpg.rf.9b16ea03f9a792c23bc8de81ae4a0217.jpg,Spartan6Redux_Bottom_jpg,IC,108,128,20,24,68,80,component,,,
Spartan6Redux_Bottom_jpg__066__IC.png,fpic_rf100,valid/images/Spartan6Redux_Bottom_jpg.rf.9b16ea03f9a792c23bc8de81ae4a0217.jpg,Spartan6Redux_Bottom_jpg,IC,112,123,21,23,70,77,component,,,
Spartan6Redux_Bottom_jpg__070__IC.png,fpic_rf100,valid/images/Spartan6Redux_Bottom_jpg.rf.9b16ea03f9a792c23bc8de81ae4a0217.jpg,Spartan6Redux_Bottom_jpg,IC,122,127,23,24,76,79,component,,,
Spartan6Redux_Bottom_jpg__071__IC.png,fpic_rf100,valid/images/Spartan6Redux_Bottom_jpg.rf.9b16ea03f9a792c23bc8de81ae4a0217.jpg,Spartan6Redux_Bottom_jpg,IC,108,124,20,23,68,78,component,,,
Spartan6Redux_Bottom_jpg__072__IC.png,fpic_rf100,valid/images/Spartan6Redux_Bottom_jpg.rf.9b16ea03f9a792c23bc8de81ae4a0217.jpg,Spartan6Redux_Bottom_jpg,IC,112,124,21,23,70,78,component,,,
Spartan6Redux_Bottom_jpg__076__Connector.png,fpic_rf100,valid/images/Spartan6Redux_Bottom_jpg.rf.9b16ea03f9a792c23bc8de81ae4a0217.jpg,Spartan6Redux_Bottom_jpg,Connector,800,67,12,14,778,48,component,,,
Spartan6Redux_Top_jpg__005__Pads.png,fpic_rf100,train/images/Spartan6Redux_Top_jpg.rf.531b8529615a13cf754614471cff83ce.jpg,Spartan6Redux_Top_jpg,Pads,283,203,53,38,177,127,component,,,
Spartan6Redux_Top_jpg__017__IC.png,fpic_rf100,train/images/Spartan6Redux_Top_jpg.rf.531b8529615a13cf754614471cff83ce.jpg,Spartan6Redux_Top_jpg,IC,165,127,31,24,103,79,component,,,
Spartan6Redux_Top_jpg__032__IC.png,fpic_rf100,train/images/Spartan6Redux_Top_jpg.rf.531b8529615a13cf754614471cff83ce.jpg,Spartan6Redux_Top_jpg,IC,342,342,64,64,214,214,component,,,
Spartan6Redux_Top_jpg__049__IC.png,fpic_rf100,train/images/Spartan6Redux_Top_jpg.rf.531b8529615a13cf754614471cff83ce.jpg,Spartan6Redux_Top_jpg,IC,170,129,32,24,106,81,component,,,
Spartan6Redux_Top_jpg__056__IC.png,fpic_rf100,train/images/Spartan6Redux_Top_jpg.rf.531b8529615a13cf754614471cff83ce.jpg,Spartan6Redux_Top_jpg,IC,161,187,30,35,101,117,component,,,
Spartan6Redux_Top_jpg__066__Switch.png,fpic_rf100,train/images/Spartan6Redux_Top_jpg.rf.531b8529615a13cf754614471cff83ce.jpg,Spartan6Redux_Top_jpg,Switch,97,139,18,26,61,87,component,,,
Spartan6Redux_Top_jpg__075__Clock.png,fpic_rf100,train/images/Spartan6Redux_Top_jpg.rf.531b8529615a13cf754614471cff83ce.jpg,Spartan6Redux_Top_jpg,Clock,118,106,22,20,74,66,component,,,
Spartan6Redux_Top_jpg__077__Electrolytic_Capacitor.png,fpic_rf100,train/images/Spartan6Redux_Top_jpg.rf.531b8529615a13cf754614471cff83ce.jpg,Spartan6Redux_Top_jpg,Electrolytic Capacitor,108,102,20,19,68,64,component,,,
Spartan6Redux_Top_jpg__080__Connector.png,fpic_rf100,train/images/Spartan6Redux_Top_jpg.rf.531b8529615a13cf754614471cff83ce.jpg,Spartan6Redux_Top_jpg,Connector,800,66,10,14,777,48,component,,,
Spartan6Redux_Top_jpg__083__Electrolytic_Capacitor.png,fpic_rf100,train/images/Spartan6Redux_Top_jpg.rf.531b8529615a13cf754614471cff83ce.jpg,Spartan6Redux_Top_jpg,Electrolytic Capacitor,128,112,24,21,80,70,component,,,
Spartan6Redux_Top_jpg__086__Clock.png,fpic_rf100,train/images/Spartan6Redux_Top_jpg.rf.531b8529615a13cf754614471cff83ce.jpg,Spartan6Redux_Top_jpg,Clock,118,106,22,20,74,66,component,,,
Spartan6_Bottom_jpg__004__Resistor_Network.png,fpic_rf100,train/images/Spartan6_Bottom_jpg.rf.1ad42dc4514eb874918bb0a91e943a7d.jpg,Spartan6_Bottom_jpg,Resistor Network,111,100,21,19,69,62,component,,,
Spartan6_Bottom_jpg__008__Connector.png,fpic_rf100,train/images/Spartan6_Bottom_jpg.rf.1ad42dc4514eb874918bb0a91e943a7d.jpg,Spartan6_Bottom_jpg,Connector,586,90,3,0,511,69,component,,,
Spartan6_Bottom_jpg__014__IC.png,fpic_rf100,train/images/Spartan6_Bottom_jpg.rf.1ad42dc4514eb874918bb0a91e943a7d.jpg,Spartan6_Bottom_jpg,IC,144,165,27,31,90,103,component,,,
Spartan6_Bottom_jpg__023__Connector.png,fpic_rf100,train/images/Spartan6_Bottom_jpg.rf.1ad42dc4514eb874918bb0a91e943a7d.jpg,Spartan6_Bottom_jpg,Connector,91,586,0,71,70,509,component,,,
Spartan6_Bottom_jpg__024__Connector.png,fpic_rf100,train/images/Spartan6_Bottom_jpg.rf.1ad42dc4514eb874918bb0a91e943a7d.jpg,Spartan6_Bottom_jpg,Connector,95,586,22,7,72,506,component,,,
Spartan6_Bottom_jpg__028__IC.png,fpic_rf100,train/images/Spartan6_Bottom_jpg.rf.1ad42dc4514eb874918bb0a91e943a7d.jpg,Spartan6_Bottom_jpg,IC,138,144,26,27,86,90,component,,,
Spartan6_Bottom_jpg__037__Resistor_Network.png,fpic_rf100,train/images/Spartan6_Bottom_jpg.rf.1ad42dc4514eb874918bb0a91e943a7d.jpg,Spartan6_Bottom_jpg,Resistor Network,111,102,21,19,69,64,component,,,
Spartan6_Bottom_jpg__043__Resistor_Network.png,fpic_rf100,train/images/Spartan6_Bottom_jpg.rf.1ad42dc4514eb874918bb0a91e943a7d.jpg,Spartan6_Bottom_jpg,Resistor Network,106,95,20,18,66,59,component,,,
Spartan6_Bottom_jpg__044__IC.png,fpic_rf100,train/images/Spartan6_Bottom_jpg.rf.1ad42dc4514eb874918bb0a91e943a7d.jpg,Spartan6_Bottom_jpg,IC,161,113,30,21,101,71,component,,,
Spartan6_Bottom_jpg__051__Connector.png,fpic_rf100,train/images/Spartan6_Bottom_jpg.rf.1ad42dc4514eb874918bb0a91e943a7d.jpg,Spartan6_Bottom_jpg,Connector,586,89,70,20,508,68,component,,,
Spartan6_Top_jpg__000__IC.png,fpic_rf100,train/images/Spartan6_Top_jpg.rf.76dc6d4faac85801b14a264639af14f9.jpg,Spartan6_Top_jpg,IC,220,388,0,73,169,242,component,,,
Spartan6_Top_jpg__001__Connector.png,fpic_rf100,train/images/Spartan6_Top_jpg.rf.76dc6d4faac85801b14a264639af14f9.jpg,Spartan6_Top_jpg,Connector,584,134,0,0,478,103,component,,,
Spartan6_Top_jpg__002__IC.png,fpic_rf100,train/images/Spartan6_Top_jpg.rf.76dc6d4faac85801b14a264639af14f9.jpg,Spartan6_Top_jpg,IC,584,545,127,0,434,419,component,,,
Spartan6_Top_jpg__003__Connector.png,fpic_rf100,train/images/Spartan6_Top_jpg.rf.76dc6d4faac85801b14a264639af14f9.jpg,Spartan6_Top_jpg,Connector,137,584,31,0,105,474,component,,,
Spartan6_Top_jpg__004__Connector.png,fpic_rf100,train/images/Spartan6_Top_jpg.rf.76dc6d4faac85801b14a264639af14f9.jpg,Spartan6_Top_jpg,Connector,133,584,0,104,102,479,component,,,
Spartan6_Top_jpg__007__Switch.png,fpic_rf100,train/images/Spartan6_Top_jpg.rf.76dc6d4faac85801b14a264639af14f9.jpg,Spartan6_Top_jpg,Switch,150,218,28,41,94,136,component,,,
Spartan6_Top_jpg__011__IC.png,fpic_rf100,train/images/Spartan6_Top_jpg.rf.76dc6d4faac85801b14a264639af14f9.jpg,Spartan6_Top_jpg,IC,266,298,61,56,204,186,component,,,
Spartan6_Top_jpg__012__EM.png,fpic_rf100,train/images/Spartan6_Top_jpg.rf.76dc6d4faac85801b14a264639af14f9.jpg,Spartan6_Top_jpg,EM,107,131,20,28,67,92,component,,,
Spartan6_Top_jpg__013__IC.png,fpic_rf100,train/images/Spartan6_Top_jpg.rf.76dc6d4faac85801b14a264639af14f9.jpg,Spartan6_Top_jpg,IC,144,144,27,29,90,95,component,,,
Spartan6_Top_jpg__017__Connector.png,fpic_rf100,train/images/Spartan6_Top_jpg.rf.76dc6d4faac85801b14a264639af14f9.jpg,Spartan6_Top_jpg,Connector,584,140,104,32,479,107,component,,,
SystemAce_Bottom_jpg__000__Connector.png,fpic_rf100,train/images/SystemAce_Bottom_jpg.rf.4ea0f7126ace430749ba0cba4a4880d7.jpg,SystemAce_Bottom_jpg,Connector,133,682,25,128,83,426,component,,,
SystemAce_Bottom_jpg__001__Pins.png,fpic_rf100,train/images/SystemAce_Bottom_jpg.rf.4ea0f7126ace430749ba0cba4a4880d7.jpg,SystemAce_Bottom_jpg,Pins,239,123,45,23,149,77,component,,,
SystemAce_Bottom_jpg__002__Pins.png,fpic_rf100,train/images/SystemAce_Bottom_jpg.rf.4ea0f7126ace430749ba0cba4a4880d7.jpg,SystemAce_Bottom_jpg,Pins,90,556,17,104,56,348,component,,,
SystemAce_Bottom_jpg__003__Pins.png,fpic_rf100,train/images/SystemAce_Bottom_jpg.rf.4ea0f7126ace430749ba0cba4a4880d7.jpg,SystemAce_Bottom_jpg,Pins,156,1257,29,236,98,785,component,,,
SystemAce_Bottom_jpg__004__Pins.png,fpic_rf100,train/images/SystemAce_Bottom_jpg.rf.4ea0f7126ace430749ba0cba4a4880d7.jpg,SystemAce_Bottom_jpg,Pins,156,1284,29,241,98,802,component,,,
SystemAce_Bottom_jpg__005__Pins.png,fpic_rf100,train/images/SystemAce_Bottom_jpg.rf.4ea0f7126ace430749ba0cba4a4880d7.jpg,SystemAce_Bottom_jpg,Pins,234,102,44,19,146,64,component,,,
SystemAce_Bottom_jpg__006__Connector.png,fpic_rf100,train/images/SystemAce_Bottom_jpg.rf.4ea0f7126ace430749ba0cba4a4880d7.jpg,SystemAce_Bottom_jpg,Connector,136,667,25,125,85,417,component,,,
SystemAce_Bottom_jpg__007__Pins.png,fpic_rf100,train/images/SystemAce_Bottom_jpg.rf.4ea0f7126ace430749ba0cba4a4880d7.jpg,SystemAce_Bottom_jpg,Pins,406,111,76,21,254,69,component,,,
SystemAce_Bottom_jpg__008__Pins.png,fpic_rf100,train/images/SystemAce_Bottom_jpg.rf.4ea0f7126ace430749ba0cba4a4880d7.jpg,SystemAce_Bottom_jpg,Pins,308,300,58,56,192,188,component,,,
SystemAce_Bottom_jpg__009__Pins.png,fpic_rf100,train/images/SystemAce_Bottom_jpg.rf.4ea0f7126ace430749ba0cba4a4880d7.jpg,SystemAce_Bottom_jpg,Pins,614,332,115,62,384,208,component,,,
SystemAce_Bottom_jpg__010__Pins.png,fpic_rf100,train/images/SystemAce_Bottom_jpg.rf.4ea0f7126ace430749ba0cba4a4880d7.jpg,SystemAce_Bottom_jpg,Pins,368,85,69,16,230,53,component,,,
SystemAce_Bottom_jpg__011__Connector.png,fpic_rf100,train/images/SystemAce_Bottom_jpg.rf.4ea0f7126ace430749ba0cba4a4880d7.jpg,SystemAce_Bottom_jpg,Connector,155,826,29,155,97,516,component,,,
SystemAce_Bottom_jpg__012__Connector.png,fpic_rf100,train/images/SystemAce_Bottom_jpg.rf.4ea0f7126ace430749ba0cba4a4880d7.jpg,SystemAce_Bottom_jpg,Connector,148,832,28,156,92,520,component,,,
SystemAce_Bottom_jpg__013__Pins.png,fpic_rf100,train/images/SystemAce_Bottom_jpg.rf.4ea0f7126ace430749ba0cba4a4880d7.jpg,SystemAce_Bottom_jpg,Pins,357,358,67,67,223,224,component,,,
SystemAce_Bottom_jpg__014__Connector.png,fpic_rf100,train/images/SystemAce_Bottom_jpg.rf.4ea0f7126ace430749ba0cba4a4880d7.jpg,SystemAce_Bottom_jpg,Connector,362,367,68,69,226,229,component,,,
SystemAce_Bottom_jpg__015__Pins.png,fpic_rf100,train/images/SystemAce_Bottom_jpg.rf.4ea0f7126ace430749ba0cba4a4880d7.jpg,SystemAce_Bottom_jpg,Pins,444,106,83,20,278,66,component,,,
SystemAce_Bottom_jpg__016__Pins.png,fpic_rf100,train/images/SystemAce_Bottom_jpg.rf.4ea0f7126ace430749ba0cba4a4880d7.jpg,SystemAce_Bottom_jpg,Pins,495,433,93,81,309,271,component,,,
SystemAce_Bottom_jpg__017__Switch.png,fpic_rf100,train/images/SystemAce_Bottom_jpg.rf.4ea0f7126ace430749ba0cba4a4880d7.jpg,SystemAce_Bottom_jpg,Switch,225,188,42,35,141,118,component,,,
SystemAce_Bottom_jpg__018__Connector.png,fpic_rf100,train/images/SystemAce_Bottom_jpg.rf.4ea0f7126ace430749ba0cba4a4880d7.jpg,SystemAce_Bottom_jpg,Connector,532,170,100,32,332,106,component,,,
SystemAce_Bottom_jpg__019__Connector.png,fpic_rf100,train/images/SystemAce_Bottom_jpg.rf.4ea0f7126ace430749ba0cba4a4880d7.jpg,SystemAce_Bottom_jpg,Connector,394,351,74,66,246,219,component,,,
SystemAce_Bottom_jpg__020__Connector.png,fpic_rf100,train/images/SystemAce_Bottom_jpg.rf.4ea0f7126ace430749ba0cba4a4880d7.jpg,SystemAce_Bottom_jpg,Connector,751,181,141,34,469,113,component,,,
SystemAce_Bottom_jpg__021__Pins.png,fpic_rf100,train/images/SystemAce_Bottom_jpg.rf.4ea0f7126ace430749ba0cba4a4880d7.jpg,SystemAce_Bottom_jpg,Pins,102,101,19,19,64,63,component,,,
SystemAce_Bottom_jpg__022__Pins.png,fpic_rf100,train/images/SystemAce_Bottom_jpg.rf.4ea0f7126ace430749ba0cba4a4880d7.jpg,SystemAce_Bottom_jpg,Pins,90,108,17,20,56,68,component,,,
SystemAce_Bottom_jpg__023__Connector.png,fpic_rf100,train/images/SystemAce_Bottom_jpg.rf.4ea0f7126ace430749ba0cba4a4880d7.jpg,SystemAce_Bottom_jpg,Connector,752,165,141,31,470,103,component,,,
SystemAce_Bottom_jpg__025__Pins.png,fpic_rf100,train/images/SystemAce_Bottom_jpg.rf.4ea0f7126ace430749ba0cba4a4880d7.jpg,SystemAce_Bottom_jpg,Pins,758,182,142,34,474,114,component,,,
SystemAce_Bottom_jpg__026__Pins.png,fpic_rf100,train/images/SystemAce_Bottom_jpg.rf.4ea0f7126ace430749ba0cba4a4880d7.jpg,SystemAce_Bottom_jpg,Pins,324,234,61,44,202,146,component,,,
SystemAce_Bottom_jpg__027__Pins.png,fpic_rf100,train/images/SystemAce_Bottom_jpg.rf.4ea0f7126ace430749ba0cba4a4880d7.jpg,SystemAce_Bottom_jpg,Pins,623,351,117,66,389,219,component,,,
SystemAce_Bottom_jpg__028__Connector.png,fpic_rf100,train/images/SystemAce_Bottom_jpg.rf.4ea0f7126ace430749ba0cba4a4880d7.jpg,SystemAce_Bottom_jpg,Connector,529,160,99,30,331,100,component,,,
SystemAce_Bottom_jpg__029__Pins.png,fpic_rf100,train/images/SystemAce_Bottom_jpg.rf.4ea0f7126ace430749ba0cba4a4880d7.jpg,SystemAce_Bottom_jpg,Pins,545,182,102,34,341,114,component,,,
SystemAce_Bottom_jpg__030__Pins.png,fpic_rf100,train/images/SystemAce_Bottom_jpg.rf.4ea0f7126ace430749ba0cba4a4880d7.jpg,SystemAce_Bottom_jpg,Pins,79,246,15,46,49,154,component,,,
SystemAce_Bottom_jpg__031__Pins.png,fpic_rf100,train/images/SystemAce_Bottom_jpg.rf.4ea0f7126ace430749ba0cba4a4880d7.jpg,SystemAce_Bottom_jpg,Pins,234,116,44,22,146,72,component,,,
SystemAce_Bottom_jpg__032__Pins.png,fpic_rf100,train/images/SystemAce_Bottom_jpg.rf.4ea0f7126ace430749ba0cba4a4880d7.jpg,SystemAce_Bottom_jpg,Pins,112,689,21,129,70,431,component,,,
SystemAce_Top_jpg__002__Switch.png,fpic_rf100,train/images/SystemAce_Top_jpg.rf.6c8c16c29974e9d262bd8846d0b04506.jpg,SystemAce_Top_jpg,Switch,351,192,66,36,219,120,component,,,
SystemAce_Top_jpg__003__Switch.png,fpic_rf100,train/images/SystemAce_Top_jpg.rf.6c8c16c29974e9d262bd8846d0b04506.jpg,SystemAce_Top_jpg,Switch,202,172,38,32,126,108,component,,,
SystemAce_Top_jpg__018__Connector.png,fpic_rf100,train/images/SystemAce_Top_jpg.rf.6c8c16c29974e9d262bd8846d0b04506.jpg,SystemAce_Top_jpg,Connector,108,330,20,62,68,206,component,,,
SystemAce_Top_jpg__030__Button.png,fpic_rf100,train/images/SystemAce_Top_jpg.rf.6c8c16c29974e9d262bd8846d0b04506.jpg,SystemAce_Top_jpg,Button,104,104,20,20,65,65,component,,,
SystemAce_Top_jpg__037__IC.png,fpic_rf100,train/images/SystemAce_Top_jpg.rf.6c8c16c29974e9d262bd8846d0b04506.jpg,SystemAce_Top_jpg,IC,209,212,39,40,131,132,component,,,
SystemAce_Top_jpg__042__Connector.png,fpic_rf100,train/images/SystemAce_Top_jpg.rf.6c8c16c29974e9d262bd8846d0b04506.jpg,SystemAce_Top_jpg,Connector,613,836,134,157,446,522,component,,,
SystemAce_Top_jpg__045__IC.png,fpic_rf100,train/images/SystemAce_Top_jpg.rf.6c8c16c29974e9d262bd8846d0b04506.jpg,SystemAce_Top_jpg,IC,373,379,70,71,233,237,component,,,
SystemAce_Top_jpg__047__Connector.png,fpic_rf100,train/images/SystemAce_Top_jpg.rf.6c8c16c29974e9d262bd8846d0b04506.jpg,SystemAce_Top_jpg,Connector,168,629,32,118,105,393,component,,,
SystemAce_Top_jpg__048__Connector.png,fpic_rf100,train/images/SystemAce_Top_jpg.rf.6c8c16c29974e9d262bd8846d0b04506.jpg,SystemAce_Top_jpg,Connector,168,629,32,118,105,393,component,,,
SystemAce_Top_jpg__056__IC.png,fpic_rf100,train/images/SystemAce_Top_jpg.rf.6c8c16c29974e9d262bd8846d0b04506.jpg,SystemAce_Top_jpg,IC,379,383,71,72,237,239,component,,,
SystemAce_Top_jpg__060__Button.png,fpic_rf100,train/images/SystemAce_Top_jpg.rf.6c8c16c29974e9d262bd8846d0b04506.jpg,SystemAce_Top_jpg,Button,101,101,19,19,63,63,component,,,
SystemAce_Top_jpg__065__Connector.png,fpic_rf100,train/images/SystemAce_Top_jpg.rf.6c8c16c29974e9d262bd8846d0b04506.jpg,SystemAce_Top_jpg,Connector,107,325,20,61,67,203,component,,,
SystemAce_Top_jpg__099__IC.png,fpic_rf100,train/images/SystemAce_Top_jpg.rf.6c8c16c29974e9d262bd8846d0b04506.jpg,SystemAce_Top_jpg,IC,209,212,39,40,131,132,component,,,
SystemAce_Top_jpg__103__Button.png,fpic_rf100,train/images/SystemAce_Top_jpg.rf.6c8c16c29974e9d262bd8846d0b04506.jpg,SystemAce_Top_jpg,Button,106,106,20,20,66,66,component,,,
SystemAce_Top_jpg__114__Clock.png,fpic_rf100,train/images/SystemAce_Top_jpg.rf.6c8c16c29974e9d262bd8846d0b04506.jpg,SystemAce_Top_jpg,Clock,113,106,21,20,71,66,component,,,
SystemAce_Top_jpg__142__Connector.png,fpic_rf100,train/images/SystemAce_Top_jpg.rf.6c8c16c29974e9d262bd8846d0b04506.jpg,SystemAce_Top_jpg,Connector,786,262,166,49,552,164,component,,,
SystemAce_Top_jpg__143__Connector.png,fpic_rf100,train/images/SystemAce_Top_jpg.rf.6c8c16c29974e9d262bd8846d0b04506.jpg,SystemAce_Top_jpg,Connector,262,101,49,19,164,63,component,,,
SystemAce_Top_jpg__145__Switch.png,fpic_rf100,train/images/SystemAce_Top_jpg.rf.6c8c16c29974e9d262bd8846d0b04506.jpg,SystemAce_Top_jpg,Switch,352,192,66,36,220,120,component,,,
SystemAce_Top_jpg__147__Connector.png,fpic_rf100,train/images/SystemAce_Top_jpg.rf.6c8c16c29974e9d262bd8846d0b04506.jpg,SystemAce_Top_jpg,Connector,367,113,69,21,229,71,component,,,
SystemAce_Top_jpg__148__Connector.png,fpic_rf100,train/images/SystemAce_Top_jpg.rf.6c8c16c29974e9d262bd8846d0b04506.jpg,SystemAce_Top_jpg,Connector,602,190,113,44,376,145,component,,,
SystemAce_Top_jpg__160__Connector.png,fpic_rf100,train/images/SystemAce_Top_jpg.rf.6c8c16c29974e9d262bd8846d0b04506.jpg,SystemAce_Top_jpg,Connector,369,116,69,22,231,72,component,,,
SystemAce_Top_jpg__167__Connector.png,fpic_rf100,train/images/SystemAce_Top_jpg.rf.6c8c16c29974e9d262bd8846d0b04506.jpg,SystemAce_Top_jpg,Connector,192,191,36,36,120,119,component,,,
SystemAce_Top_jpg__169__Connector.png,fpic_rf100,train/images/SystemAce_Top_jpg.rf.6c8c16c29974e9d262bd8846d0b04506.jpg,SystemAce_Top_jpg,Connector,272,112,51,21,170,70,component,,,
SystemAce_Top_jpg__171__Switch.png,fpic_rf100,train/images/SystemAce_Top_jpg.rf.6c8c16c29974e9d262bd8846d0b04506.jpg,SystemAce_Top_jpg,Switch,321,250,74,47,246,156,component,,,
SystemAce_Top_jpg__172__IC.png,fpic_rf100,train/images/SystemAce_Top_jpg.rf.6c8c16c29974e9d262bd8846d0b04506.jpg,SystemAce_Top_jpg,IC,287,240,54,45,179,150,component,,,
SystemAce_Top_jpg__173__IC.png,fpic_rf100,train/images/SystemAce_Top_jpg.rf.6c8c16c29974e9d262bd8846d0b04506.jpg,SystemAce_Top_jpg,IC,309,241,58,45,193,151,component,,,
SystemAce_Top_jpg__175__IC.png,fpic_rf100,train/images/SystemAce_Top_jpg.rf.6c8c16c29974e9d262bd8846d0b04506.jpg,SystemAce_Top_jpg,IC,124,181,23,34,78,113,component,,,
SystemAce_Top_jpg__182__Electrolytic_Capacitor.png,fpic_rf100,train/images/SystemAce_Top_jpg.rf.6c8c16c29974e9d262bd8846d0b04506.jpg,SystemAce_Top_jpg,Electrolytic Capacitor,176,86,33,16,110,54,component,,,
SystemAce_Top_jpg__183__Electrolytic_Capacitor.png,fpic_rf100,train/images/SystemAce_Top_jpg.rf.6c8c16c29974e9d262bd8846d0b04506.jpg,SystemAce_Top_jpg,Electrolytic Capacitor,192,92,36,17,120,58,component,,,
SystemAce_Top_jpg__184__Transistor.png,fpic_rf100,train/images/SystemAce_Top_jpg.rf.6c8c16c29974e9d262bd8846d0b04506.jpg,SystemAce_Top_jpg,Transistor,155,112,29,21,97,70,component,,,
SystemAce_Top_jpg__186__Connector.png,fpic_rf100,train/images/SystemAce_Top_jpg.rf.6c8c16c29974e9d262bd8846d0b04506.jpg,SystemAce_Top_jpg,Connector,188,188,35,35,118,118,component,,,
SystemAce_Top_jpg__190__Connector.png,fpic_rf100,train/images/SystemAce_Top_jpg.rf.6c8c16c29974e9d262bd8846d0b04506.jpg,SystemAce_Top_jpg,Connector,252,188,47,35,158,118,component,,,
SystemAce_Top_jpg__191__Connector.png,fpic_rf100,train/images/SystemAce_Top_jpg.rf.6c8c16c29974e9d262bd8846d0b04506.jpg,SystemAce_Top_jpg,Connector,118,400,22,75,74,250,component,,,
SystemAce_Top_jpg__192__Connector.png,fpic_rf100,train/images/SystemAce_Top_jpg.rf.6c8c16c29974e9d262bd8846d0b04506.jpg,SystemAce_Top_jpg,Connector,118,400,22,75,74,250,component,,,
ThingMagicM6e_jpg__000__Connector.png,fpic_rf100,train/images/ThingMagicM6e_jpg.rf.36b38ff5aaadd26cf33ef04a9b8ce495.jpg,ThingMagicM6e_jpg,Connector,648,170,121,32,405,106,component,,,
ThingMagicM6e_jpg__001__Connector.png,fpic_rf100,train/images/ThingMagicM6e_jpg.rf.36b38ff5aaadd26cf33ef04a9b8ce495.jpg,ThingMagicM6e_jpg,Connector,213,205,40,36,133,130,component,,,
ThingMagicM6e_jpg__006__Connector.png,fpic_rf100,train/images/ThingMagicM6e_jpg.rf.36b38ff5aaadd26cf33ef04a9b8ce495.jpg,ThingMagicM6e_jpg,Connector,335,331,63,62,209,207,component,,,
ThingMagicM6e_jpg__008__IC.png,fpic_rf100,train/images/ThingMagicM6e_jpg.rf.36b38ff5aaadd26cf33ef04a9b8ce495.jpg,ThingMagicM6e_jpg,IC,1636,1376,307,258,1022,860,component,,,
ThingMagicM6e_jpg__009__Connector.png,fpic_rf100,train/images/ThingMagicM6e_jpg.rf.36b38ff5aaadd26cf33ef04a9b8ce495.jpg,ThingMagicM6e_jpg,Connector,236,689,44,129,148,431,component,,,
ThingMagicM6e_jpg__010__Electrolytic_Capacitor.png,fpic_rf100,train/images/ThingMagicM6e_jpg.rf.36b38ff5aaadd26cf33ef04a9b8ce495.jpg,ThingMagicM6e_jpg,Electrolytic Capacitor,97,171,18,32,61,107,component,,,
ThingMagicM6e_jpg__011__Connector.png,fpic_rf100,train/images/ThingMagicM6e_jpg.rf.36b38ff5aaadd26cf33ef04a9b8ce495.jpg,ThingMagicM6e_jpg,Connector,678,143,127,27,424,89,component,,,
ThingMagicM6e_jpg__012__Connector.png,fpic_rf100,train/images/ThingMagicM6e_jpg.rf.36b38ff5aaadd26cf33ef04a9b8ce495.jpg,ThingMagicM6e_jpg,Connector,719,644,161,121,537,402,component,,,
ThingMagicM6e_jpg__014__IC.png,fpic_rf100,train/images/ThingMagicM6e_jpg.rf.36b38ff5aaadd26cf33ef04a9b8ce495.jpg,ThingMagicM6e_jpg,IC,308,267,58,50,192,167,component,,,
ThingMagicM6e_jpg__015__IC.png,fpic_rf100,train/images/ThingMagicM6e_jpg.rf.36b38ff5aaadd26cf33ef04a9b8ce495.jpg,ThingMagicM6e_jpg,IC,108,129,20,24,68,81,component,,,
ThingMagicM6e_jpg__017__Resistor_Network.png,fpic_rf100,train/images/ThingMagicM6e_jpg.rf.36b38ff5aaadd26cf33ef04a9b8ce495.jpg,ThingMagicM6e_jpg,Resistor Network,103,176,19,33,65,110,component,,,
ThingMagicM6e_jpg__023__Connector.png,fpic_rf100,train/images/ThingMagicM6e_jpg.rf.36b38ff5aaadd26cf33ef04a9b8ce495.jpg,ThingMagicM6e_jpg,Connector,650,156,122,29,406,98,component,,,
ThingMagicM6e_jpg__027__Connector.png,fpic_rf100,train/images/ThingMagicM6e_jpg.rf.36b38ff5aaadd26cf33ef04a9b8ce495.jpg,ThingMagicM6e_jpg,Connector,340,335,64,63,212,209,component,,,
ThingMagicM6e_jpg__028__Electrolytic_Capacitor.png,fpic_rf100,train/images/ThingMagicM6e_jpg.rf.36b38ff5aaadd26cf33ef04a9b8ce495.jpg,ThingMagicM6e_jpg,Electrolytic Capacitor,337,315,63,59,211,197,component,,,
ThingMagicM6e_jpg__029__Capacitor.png,fpic_rf100,train/images/ThingMagicM6e_jpg.rf.36b38ff5aaadd26cf33ef04a9b8ce495.jpg,ThingMagicM6e_jpg,Capacitor,196,96,37,18,122,60,component,,,
ThingMagicM6e_jpg__030__Capacitor.png,fpic_rf100,train/images/ThingMagicM6e_jpg.rf.36b38ff5aaadd26cf33ef04a9b8ce495.jpg,ThingMagicM6e_jpg,Capacitor,101,202,19,38,63,126,component,,,
ThingMagicM6e_jpg__031__Diode.png,fpic_rf100,train/images/ThingMagicM6e_jpg.rf.36b38ff5aaadd26cf33ef04a9b8ce495.jpg,ThingMagicM6e_jpg,Diode,122,223,23,42,76,139,component,,,
ThingMagicM6e_jpg__036__Electrolytic_Capacitor.png,fpic_rf100,train/images/ThingMagicM6e_jpg.rf.36b38ff5aaadd26cf33ef04a9b8ce495.jpg,ThingMagicM6e_jpg,Electrolytic Capacitor,340,263,64,49,212,165,component,,,
ThingMagicM6e_jpg__037__Jumper.png,fpic_rf100,train/images/ThingMagicM6e_jpg.rf.36b38ff5aaadd26cf33ef04a9b8ce495.jpg,ThingMagicM6e_jpg,Jumper,154,209,29,39,96,131,component,,,
ThingMagicM6e_jpg__038__Resistor_Network.png,fpic_rf100,train/images/ThingMagicM6e_jpg.rf.36b38ff5aaadd26cf33ef04a9b8ce495.jpg,ThingMagicM6e_jpg,Resistor Network,100,234,19,44,62,146,component,,,
ThingMagicM6e_jpg__039__Connector.png,fpic_rf100,train/images/ThingMagicM6e_jpg.rf.36b38ff5aaadd26cf33ef04a9b8ce495.jpg,ThingMagicM6e_jpg,Connector,80,212,15,40,50,132,component,,,
ThingMagicM6e_jpg__041__IC.png,fpic_rf100,train/images/ThingMagicM6e_jpg.rf.36b38ff5aaadd26cf33ef04a9b8ce495.jpg,ThingMagicM6e_jpg,IC,154,101,29,19,96,63,component,,,
ThingMagicM6e_jpg__042__Diode.png,fpic_rf100,train/images/ThingMagicM6e_jpg.rf.36b38ff5aaadd26cf33ef04a9b8ce495.jpg,ThingMagicM6e_jpg,Diode,128,224,24,42,80,140,component,,,
ThingMagicM6e_jpg__043__Connector.png,fpic_rf100,train/images/ThingMagicM6e_jpg.rf.36b38ff5aaadd26cf33ef04a9b8ce495.jpg,ThingMagicM6e_jpg,Connector,213,234,40,44,133,146,component,,,
ThingMagicM6e_jpg__046__Connector.png,fpic_rf100,train/images/ThingMagicM6e_jpg.rf.36b38ff5aaadd26cf33ef04a9b8ce495.jpg,ThingMagicM6e_jpg,Connector,725,582,165,124,549,412,component,,,
ThingMagicM6e_jpg__048__Connector.png,fpic_rf100,train/images/ThingMagicM6e_jpg.rf.36b38ff5aaadd26cf33ef04a9b8ce495.jpg,ThingMagicM6e_jpg,Connector,583,503,16,96,436,321,component,,,
ThingMagicM6e_jpg__050__Inductor.png,fpic_rf100,train/images/ThingMagicM6e_jpg.rf.36b38ff5aaadd26cf33ef04a9b8ce495.jpg,ThingMagicM6e_jpg,Inductor,336,304,63,57,210,190,component,,,
ThingMagicM6e_jpg__052__Connector.png,fpic_rf100,train/images/ThingMagicM6e_jpg.rf.36b38ff5aaadd26cf33ef04a9b8ce495.jpg,ThingMagicM6e_jpg,Connector,197,232,37,43,123,145,component,,,
ThingMagicM6e_jpg__054__Transistor.png,fpic_rf100,train/images/ThingMagicM6e_jpg.rf.36b38ff5aaadd26cf33ef04a9b8ce495.jpg,ThingMagicM6e_jpg,Transistor,230,180,43,34,144,112,component,,,
ThingMagicM6e_jpg__057__Pads.png,fpic_rf100,train/images/ThingMagicM6e_jpg.rf.36b38ff5aaadd26cf33ef04a9b8ce495.jpg,ThingMagicM6e_jpg,Pads,950,336,178,68,594,226,component,,,
ThingMagicM6e_jpg__059__Switch.png,fpic_rf100,train/images/ThingMagicM6e_jpg.rf.36b38ff5aaadd26cf33ef04a9b8ce495.jpg,ThingMagicM6e_jpg,Switch,134,250,25,47,84,156,component,,,
ThingMagicM6e_jpg__065__Connector.png,fpic_rf100,train/images/ThingMagicM6e_jpg.rf.36b38ff5aaadd26cf33ef04a9b8ce495.jpg,ThingMagicM6e_jpg,Connector,720,510,158,6,527,388,component,,,
ThingMagicM6e_jpg__067__Jumper.png,fpic_rf100,train/images/ThingMagicM6e_jpg.rf.36b38ff5aaadd26cf33ef04a9b8ce495.jpg,ThingMagicM6e_jpg,Jumper,85,159,16,30,53,99,component,,,
ThingMagicM6e_jpg__071__Jumper.png,fpic_rf100,train/images/ThingMagicM6e_jpg.rf.36b38ff5aaadd26cf33ef04a9b8ce495.jpg,ThingMagicM6e_jpg,Jumper,104,213,20,40,65,133,component,,,
ThingMagicM6e_jpg__072__Connector.png,fpic_rf100,train/images/ThingMagicM6e_jpg.rf.36b38ff5aaadd26cf33ef04a9b8ce495.jpg,ThingMagicM6e_jpg,Connector,437,144,82,27,273,90,component,,,
ThingMagicM6e_jpg__073__Jumper.png,fpic_rf100,train/images/ThingMagicM6e_jpg.rf.36b38ff5aaadd26cf33ef04a9b8ce495.jpg,ThingMagicM6e_jpg,Jumper,104,213,20,40,65,133,component,,,
ThingMagicM6e_jpg__074__Switch.png,fpic_rf100,train/images/ThingMagicM6e_jpg.rf.36b38ff5aaadd26cf33ef04a9b8ce495.jpg,ThingMagicM6e_jpg,Switch,283,283,53,53,177,177,component,,,
ThingMagicM6e_jpg__075__Jumper.png,fpic_rf100,train/images/ThingMagicM6e_jpg.rf.36b38ff5aaadd26cf33ef04a9b8ce495.jpg,ThingMagicM6e_jpg,Jumper,104,213,20,40,65,133,component,,,
ThingMagicM6e_jpg__076__Jumper.png,fpic_rf100,train/images/ThingMagicM6e_jpg.rf.36b38ff5aaadd26cf33ef04a9b8ce495.jpg,ThingMagicM6e_jpg,Jumper,104,213,20,40,65,133,component,,,
ThingMagicM6e_jpg__077__Jumper.png,fpic_rf100,train/images/ThingMagicM6e_jpg.rf.36b38ff5aaadd26cf33ef04a9b8ce495.jpg,ThingMagicM6e_jpg,Jumper,104,213,19,40,65,133,component,,,
ThingMagicM6e_jpg__079__Connector.png,fpic_rf100,train/images/ThingMagicM6e_jpg.rf.36b38ff5aaadd26cf33ef04a9b8ce495.jpg,ThingMagicM6e_jpg,Connector,714,113,134,21,446,71,component,,,
ThingMagicM6e_jpg__081__Connector.png,fpic_rf100,train/images/ThingMagicM6e_jpg.rf.36b38ff5aaadd26cf33ef04a9b8ce495.jpg,ThingMagicM6e_jpg,Connector,196,252,37,47,122,158,component,,,
ThingMagicM6e_jpg__083__Connector.png,fpic_rf100,train/images/ThingMagicM6e_jpg.rf.36b38ff5aaadd26cf33ef04a9b8ce495.jpg,ThingMagicM6e_jpg,Connector,208,367,39,69,130,229,component,,,
ThingMagicM6e_jpg__085__Connector.png,fpic_rf100,train/images/ThingMagicM6e_jpg.rf.36b38ff5aaadd26cf33ef04a9b8ce495.jpg,ThingMagicM6e_jpg,Connector,202,224,38,42,126,140,component,,,
ThingMagicM6e_jpg__086__Switch.png,fpic_rf100,train/images/ThingMagicM6e_jpg.rf.36b38ff5aaadd26cf33ef04a9b8ce495.jpg,ThingMagicM6e_jpg,Switch,282,276,53,52,176,172,component,,,
ThingMagicM6e_jpg__091__Connector.png,fpic_rf100,train/images/ThingMagicM6e_jpg.rf.36b38ff5aaadd26cf33ef04a9b8ce495.jpg,ThingMagicM6e_jpg,Connector,209,294,39,55,131,184,component,,,
ThingMagicM6e_jpg__092__Connector.png,fpic_rf100,train/images/ThingMagicM6e_jpg.rf.36b38ff5aaadd26cf33ef04a9b8ce495.jpg,ThingMagicM6e_jpg,Connector,208,228,39,43,130,142,component,,,
ThingMagicM6e_jpg__094__Switch.png,fpic_rf100,train/images/ThingMagicM6e_jpg.rf.36b38ff5aaadd26cf33ef04a9b8ce495.jpg,ThingMagicM6e_jpg,Switch,284,278,53,52,178,174,component,,,
ThingMagicM6e_jpg__096__Connector.png,fpic_rf100,train/images/ThingMagicM6e_jpg.rf.36b38ff5aaadd26cf33ef04a9b8ce495.jpg,ThingMagicM6e_jpg,Connector,726,640,161,120,537,400,component,,,
ThingMagicM6e_jpg__100__Button.png,fpic_rf100,train/images/ThingMagicM6e_jpg.rf.36b38ff5aaadd26cf33ef04a9b8ce495.jpg,ThingMagicM6e_jpg,Button,260,122,49,23,162,76,component,,,
ThingMagicM6e_jpg__101__Jumper.png,fpic_rf100,train/images/ThingMagicM6e_jpg.rf.36b38ff5aaadd26cf33ef04a9b8ce495.jpg,ThingMagicM6e_jpg,Jumper,202,188,38,0,126,145,component,,,
ThingMagicM6e_jpg__105__Connector.png,fpic_rf100,train/images/ThingMagicM6e_jpg.rf.36b38ff5aaadd26cf33ef04a9b8ce495.jpg,ThingMagicM6e_jpg,Connector,657,165,123,31,411,103,component,,,
ThingMagicM6e_jpg__106__Switch.png,fpic_rf100,train/images/ThingMagicM6e_jpg.rf.36b38ff5aaadd26cf33ef04a9b8ce495.jpg,ThingMagicM6e_jpg,Switch,287,277,54,52,179,173,component,,,
ThingMagicM6e_jpg__110__Connector.png,fpic_rf100,train/images/ThingMagicM6e_jpg.rf.36b38ff5aaadd26cf33ef04a9b8ce495.jpg,ThingMagicM6e_jpg,Connector,214,512,40,96,134,320,component,,,
ThingMagicM6e_png_jpg__000__Connector.png,fpic_rf100,train/images/ThingMagicM6e_png_jpg.rf.53424d60782fdd25917edd42d2799ac4.jpg,ThingMagicM6e_png_jpg,Connector,364,170,68,32,228,106,component,,,
ThingMagicM6e_png_jpg__001__Connector.png,fpic_rf100,train/images/ThingMagicM6e_png_jpg.rf.53424d60782fdd25917edd42d2799ac4.jpg,ThingMagicM6e_png_jpg,Connector,139,107,26,0,87,82,component,,,
ThingMagicM6e_png_jpg__006__Connector.png,fpic_rf100,train/images/ThingMagicM6e_png_jpg.rf.53424d60782fdd25917edd42d2799ac4.jpg,ThingMagicM6e_png_jpg,Connector,170,219,0,41,131,137,component,,,
ThingMagicM6e_png_jpg__008__IC.png,fpic_rf100,train/images/ThingMagicM6e_png_jpg.rf.53424d60782fdd25917edd42d2799ac4.jpg,ThingMagicM6e_png_jpg,IC,1040,841,195,175,650,584,component,,,
ThingMagicM6e_png_jpg__009__Connector.png,fpic_rf100,train/images/ThingMagicM6e_png_jpg.rf.53424d60782fdd25917edd42d2799ac4.jpg,ThingMagicM6e_png_jpg,Connector,212,395,40,74,132,247,component,,,
ThingMagicM6e_png_jpg__011__Connector.png,fpic_rf100,train/images/ThingMagicM6e_png_jpg.rf.53424d60782fdd25917edd42d2799ac4.jpg,ThingMagicM6e_png_jpg,Connector,367,165,69,31,229,103,component,,,
ThingMagicM6e_png_jpg__012__Connector.png,fpic_rf100,train/images/ThingMagicM6e_png_jpg.rf.53424d60782fdd25917edd42d2799ac4.jpg,ThingMagicM6e_png_jpg,Connector,439,422,95,83,317,277,component,,,
ThingMagicM6e_png_jpg__014__IC.png,fpic_rf100,train/images/ThingMagicM6e_png_jpg.rf.53424d60782fdd25917edd42d2799ac4.jpg,ThingMagicM6e_png_jpg,IC,197,180,37,34,123,112,component,,,
ThingMagicM6e_png_jpg__017__Resistor.png,fpic_rf100,train/images/ThingMagicM6e_png_jpg.rf.53424d60782fdd25917edd42d2799ac4.jpg,ThingMagicM6e_png_jpg,Resistor,76,90,14,4,48,66,component,,,
ThingMagicM6e_png_jpg__024__Connector.png,fpic_rf100,train/images/ThingMagicM6e_png_jpg.rf.53424d60782fdd25917edd42d2799ac4.jpg,ThingMagicM6e_png_jpg,Connector,364,164,68,31,228,102,component,,,
ThingMagicM6e_png_jpg__027__Connector.png,fpic_rf100,train/images/ThingMagicM6e_png_jpg.rf.53424d60782fdd25917edd42d2799ac4.jpg,ThingMagicM6e_png_jpg,Connector,124,220,0,41,95,138,component,,,
ThingMagicM6e_png_jpg__028__Electrolytic_Capacitor.png,fpic_rf100,train/images/ThingMagicM6e_png_jpg.rf.53424d60782fdd25917edd42d2799ac4.jpg,ThingMagicM6e_png_jpg,Electrolytic Capacitor,218,208,41,39,136,130,component,,,
ThingMagicM6e_png_jpg__030__Capacitor_Jumper.png,fpic_rf100,train/images/ThingMagicM6e_png_jpg.rf.53424d60782fdd25917edd42d2799ac4.jpg,ThingMagicM6e_png_jpg,Capacitor Jumper,76,118,14,22,48,74,component,,,
ThingMagicM6e_png_jpg__031__Diode.png,fpic_rf100,train/images/ThingMagicM6e_png_jpg.rf.53424d60782fdd25917edd42d2799ac4.jpg,ThingMagicM6e_png_jpg,Diode,91,133,17,25,57,83,component,,,
ThingMagicM6e_png_jpg__036__Electrolytic_Capacitor.png,fpic_rf100,train/images/ThingMagicM6e_png_jpg.rf.53424d60782fdd25917edd42d2799ac4.jpg,ThingMagicM6e_png_jpg,Electrolytic Capacitor,213,182,40,34,133,114,component,,,
ThingMagicM6e_png_jpg__037__Jumper.png,fpic_rf100,train/images/ThingMagicM6e_png_jpg.rf.53424d60782fdd25917edd42d2799ac4.jpg,ThingMagicM6e_png_jpg,Jumper,107,129,20,24,67,81,component,,,
ThingMagicM6e_png_jpg__038__Resistor.png,fpic_rf100,train/images/ThingMagicM6e_png_jpg.rf.53424d60782fdd25917edd42d2799ac4.jpg,ThingMagicM6e_png_jpg,Resistor,80,134,15,25,50,84,component,,,
ThingMagicM6e_png_jpg__042__Diode.png,fpic_rf100,train/images/ThingMagicM6e_png_jpg.rf.53424d60782fdd25917edd42d2799ac4.jpg,ThingMagicM6e_png_jpg,Diode,95,134,18,25,59,84,component,,,
ThingMagicM6e_png_jpg__043__Connector.png,fpic_rf100,train/images/ThingMagicM6e_png_jpg.rf.53424d60782fdd25917edd42d2799ac4.jpg,ThingMagicM6e_png_jpg,Connector,140,149,26,28,88,93,component,,,
ThingMagicM6e_png_jpg__046__Connector.png,fpic_rf100,train/images/ThingMagicM6e_png_jpg.rf.53424d60782fdd25917edd42d2799ac4.jpg,ThingMagicM6e_png_jpg,Connector,504,95,96,22,320,72,component,,,
ThingMagicM6e_png_jpg__048__Connector.png,fpic_rf100,train/images/ThingMagicM6e_png_jpg.rf.53424d60782fdd25917edd42d2799ac4.jpg,ThingMagicM6e_png_jpg,Connector,204,351,0,66,157,219,component,,,
ThingMagicM6e_png_jpg__050__Inductor.png,fpic_rf100,train/images/ThingMagicM6e_png_jpg.rf.53424d60782fdd25917edd42d2799ac4.jpg,ThingMagicM6e_png_jpg,Inductor,214,202,40,38,134,126,component,,,
ThingMagicM6e_png_jpg__052__Connector.png,fpic_rf100,train/images/ThingMagicM6e_png_jpg.rf.53424d60782fdd25917edd42d2799ac4.jpg,ThingMagicM6e_png_jpg,Connector,133,148,25,28,83,92,component,,,
ThingMagicM6e_png_jpg__055__Transistor.png,fpic_rf100,train/images/ThingMagicM6e_png_jpg.rf.53424d60782fdd25917edd42d2799ac4.jpg,ThingMagicM6e_png_jpg,Transistor,144,123,27,23,90,77,component,,,
ThingMagicM6e_png_jpg__059__Pads.png,fpic_rf100,train/images/ThingMagicM6e_png_jpg.rf.53424d60782fdd25917edd42d2799ac4.jpg,ThingMagicM6e_png_jpg,Pads,554,139,104,32,346,106,component,,,
ThingMagicM6e_png_jpg__060__Switch.png,fpic_rf100,train/images/ThingMagicM6e_png_jpg.rf.53424d60782fdd25917edd42d2799ac4.jpg,ThingMagicM6e_png_jpg,Switch,102,121,19,28,64,92,component,,,
ThingMagicM6e_png_jpg__065__Connector.png,fpic_rf100,train/images/ThingMagicM6e_png_jpg.rf.53424d60782fdd25917edd42d2799ac4.jpg,ThingMagicM6e_png_jpg,Connector,295,416,68,78,226,260,component,,,
ThingMagicM6e_png_jpg__071__Jumper.png,fpic_rf100,train/images/ThingMagicM6e_png_jpg.rf.53424d60782fdd25917edd42d2799ac4.jpg,ThingMagicM6e_png_jpg,Jumper,80,110,15,9,50,78,component,,,
ThingMagicM6e_png_jpg__072__Connector.png,fpic_rf100,train/images/ThingMagicM6e_png_jpg.rf.53424d60782fdd25917edd42d2799ac4.jpg,ThingMagicM6e_png_jpg,Connector,250,129,47,24,156,81,component,,,
ThingMagicM6e_png_jpg__073__Jumper.png,fpic_rf100,train/images/ThingMagicM6e_png_jpg.rf.53424d60782fdd25917edd42d2799ac4.jpg,ThingMagicM6e_png_jpg,Jumper,81,100,15,0,51,77,component,,,
ThingMagicM6e_png_jpg__074__Jumper.png,fpic_rf100,train/images/ThingMagicM6e_png_jpg.rf.53424d60782fdd25917edd42d2799ac4.jpg,ThingMagicM6e_png_jpg,Jumper,81,86,15,0,51,66,component,,,
ThingMagicM6e_png_jpg__075__Jumper.png,fpic_rf100,train/images/ThingMagicM6e_png_jpg.rf.53424d60782fdd25917edd42d2799ac4.jpg,ThingMagicM6e_png_jpg,Jumper,81,94,15,0,51,72,component,,,
ThingMagicM6e_png_jpg__076__Jumper.png,fpic_rf100,train/images/ThingMagicM6e_png_jpg.rf.53424d60782fdd25917edd42d2799ac4.jpg,ThingMagicM6e_png_jpg,Jumper,80,106,15,5,50,78,component,,,
ThingMagicM6e_png_jpg__078__Connector.png,fpic_rf100,train/images/ThingMagicM6e_png_jpg.rf.53424d60782fdd25917edd42d2799ac4.jpg,ThingMagicM6e_png_jpg,Connector,394,148,74,28,246,92,component,,,
ThingMagicM6e_png_jpg__080__Connector.png,fpic_rf100,train/images/ThingMagicM6e_png_jpg.rf.53424d60782fdd25917edd42d2799ac4.jpg,ThingMagicM6e_png_jpg,Connector,156,139,29,0,98,107,component,,,
ThingMagicM6e_png_jpg__082__Connector.png,fpic_rf100,train/images/ThingMagicM6e_png_jpg.rf.53424d60782fdd25917edd42d2799ac4.jpg,ThingMagicM6e_png_jpg,Connector,133,137,25,21,83,89,component,,,
ThingMagicM6e_png_jpg__083__Switch.png,fpic_rf100,train/images/ThingMagicM6e_png_jpg.rf.53424d60782fdd25917edd42d2799ac4.jpg,ThingMagicM6e_png_jpg,Switch,186,107,35,0,116,82,component,,,
ThingMagicM6e_png_jpg__088__Connector.png,fpic_rf100,train/images/ThingMagicM6e_png_jpg.rf.53424d60782fdd25917edd42d2799ac4.jpg,ThingMagicM6e_png_jpg,Connector,148,181,28,34,92,113,component,,,
ThingMagicM6e_png_jpg__089__Connector.png,fpic_rf100,train/images/ThingMagicM6e_png_jpg.rf.53424d60782fdd25917edd42d2799ac4.jpg,ThingMagicM6e_png_jpg,Connector,139,145,26,27,87,91,component,,,
ThingMagicM6e_png_jpg__091__Switch.png,fpic_rf100,train/images/ThingMagicM6e_png_jpg.rf.53424d60782fdd25917edd42d2799ac4.jpg,ThingMagicM6e_png_jpg,Switch,186,182,35,34,116,114,component,,,
ThingMagicM6e_png_jpg__093__Connector.png,fpic_rf100,train/images/ThingMagicM6e_png_jpg.rf.53424d60782fdd25917edd42d2799ac4.jpg,ThingMagicM6e_png_jpg,Connector,373,443,86,83,286,277,component,,,
ThingMagicM6e_png_jpg__102__Connector.png,fpic_rf100,train/images/ThingMagicM6e_png_jpg.rf.53424d60782fdd25917edd42d2799ac4.jpg,ThingMagicM6e_png_jpg,Connector,369,168,69,32,231,105,component,,,
ThingMagicM6e_png_jpg__103__Switch.png,fpic_rf100,train/images/ThingMagicM6e_png_jpg.rf.53424d60782fdd25917edd42d2799ac4.jpg,ThingMagicM6e_png_jpg,Switch,174,182,24,34,115,114,component,,,
ThingMagicM6e_png_jpg__106__Connector.png,fpic_rf100,train/images/ThingMagicM6e_png_jpg.rf.53424d60782fdd25917edd42d2799ac4.jpg,ThingMagicM6e_png_jpg,Connector,176,299,33,56,110,187,component,,,
UTL-016_jpg__000__Diode.png,fpic_rf100,valid/images/UTL-016_jpg.rf.9907a11da3502b34d47a3adea528f7ee.jpg,UTL-016_jpg,Diode,90,84,17,16,56,52,component,,,
UTL-016_jpg__005__Pads.png,fpic_rf100,valid/images/UTL-016_jpg.rf.9907a11da3502b34d47a3adea528f7ee.jpg,UTL-016_jpg,Pads,138,133,26,25,86,83,component,,,
UTL-016_jpg__014__Connector.png,fpic_rf100,valid/images/UTL-016_jpg.rf.9907a11da3502b34d47a3adea528f7ee.jpg,UTL-016_jpg,Connector,238,191,55,36,182,119,component,,,
UTL-016_jpg__016__Connector.png,fpic_rf100,valid/images/UTL-016_jpg.rf.9907a11da3502b34d47a3adea528f7ee.jpg,UTL-016_jpg,Connector,92,444,17,61,58,295,component,,,
UTL-016_jpg__043__IC.png,fpic_rf100,valid/images/UTL-016_jpg.rf.9907a11da3502b34d47a3adea528f7ee.jpg,UTL-016_jpg,IC,128,129,24,24,80,81,component,,,
UTL-016_jpg__051__Connector.png,fpic_rf100,valid/images/UTL-016_jpg.rf.9907a11da3502b34d47a3adea528f7ee.jpg,UTL-016_jpg,Connector,238,188,55,35,182,118,component,,,
UTL-016_jpg__060__Switch.png,fpic_rf100,valid/images/UTL-016_jpg.rf.9907a11da3502b34d47a3adea528f7ee.jpg,UTL-016_jpg,Switch,149,175,28,33,93,109,component,,,
UTL-016_jpg__061__Switch.png,fpic_rf100,valid/images/UTL-016_jpg.rf.9907a11da3502b34d47a3adea528f7ee.jpg,UTL-016_jpg,Switch,148,176,28,33,92,110,component,,,
UTL-016_jpg__062__Switch.png,fpic_rf100,valid/images/UTL-016_jpg.rf.9907a11da3502b34d47a3adea528f7ee.jpg,UTL-016_jpg,Switch,140,172,26,32,88,108,component,,,
UTL-016_jpg__064__Connector.png,fpic_rf100,valid/images/UTL-016_jpg.rf.9907a11da3502b34d47a3adea528f7ee.jpg,UTL-016_jpg,Connector,186,169,35,35,116,118,component,,,
UTL-016_jpg__065__Connector.png,fpic_rf100,valid/images/UTL-016_jpg.rf.9907a11da3502b34d47a3adea528f7ee.jpg,UTL-016_jpg,Connector,191,170,36,36,119,121,component,,,
UTL-016_jpg__068__Connector.png,fpic_rf100,valid/images/UTL-016_jpg.rf.9907a11da3502b34d47a3adea528f7ee.jpg,UTL-016_jpg,Connector,187,166,35,14,117,117,component,,,
UTL-016_jpg__069__Connector.png,fpic_rf100,valid/images/UTL-016_jpg.rf.9907a11da3502b34d47a3adea528f7ee.jpg,UTL-016_jpg,Connector,187,169,35,13,117,120,component,,,
UTL-103_jpg__000__Electrolytic_Capacitor.png,fpic_rf100,valid/images/UTL-103_jpg.rf.6e896f10d0382680d4e953236d0d3580.jpg,UTL-103_jpg,Electrolytic Capacitor,85,76,16,14,53,48,component,,,
UTL-103_jpg__011__Connector.png,fpic_rf100,valid/images/UTL-103_jpg.rf.6e896f10d0382680d4e953236d0d3580.jpg,UTL-103_jpg,Connector,149,355,32,26,107,253,component,,,
UTL-103_jpg__014__Electrolytic_Capacitor.png,fpic_rf100,valid/images/UTL-103_jpg.rf.6e896f10d0382680d4e953236d0d3580.jpg,UTL-103_jpg,Electrolytic Capacitor,88,81,17,15,55,51,component,,,
UTL-103_jpg__023__IC.png,fpic_rf100,valid/images/UTL-103_jpg.rf.6e896f10d0382680d4e953236d0d3580.jpg,UTL-103_jpg,IC,268,198,50,37,168,124,component,,,
UTL-103_jpg__029__IC.png,fpic_rf100,valid/images/UTL-103_jpg.rf.6e896f10d0382680d4e953236d0d3580.jpg,UTL-103_jpg,IC,96,76,18,14,60,48,component,,,
UTL-103_jpg__047__IC.png,fpic_rf100,valid/images/UTL-103_jpg.rf.6e896f10d0382680d4e953236d0d3580.jpg,UTL-103_jpg,IC,128,160,24,30,80,100,component,,,
UTL-103_jpg__048__IC.png,fpic_rf100,valid/images/UTL-103_jpg.rf.6e896f10d0382680d4e953236d0d3580.jpg,UTL-103_jpg,IC,128,171,24,32,80,107,component,,,
UTL-103_jpg__049__Connector.png,fpic_rf100,valid/images/UTL-103_jpg.rf.6e896f10d0382680d4e953236d0d3580.jpg,UTL-103_jpg,Connector,92,616,17,56,58,496,component,,,
UTL-103_jpg__050__Electrolytic_Capacitor.png,fpic_rf100,valid/images/UTL-103_jpg.rf.6e896f10d0382680d4e953236d0d3580.jpg,UTL-103_jpg,Electrolytic Capacitor,104,104,19,20,65,65,component,,,
UTL-103_jpg__051__Electrolytic_Capacitor.png,fpic_rf100,valid/images/UTL-103_jpg.rf.6e896f10d0382680d4e953236d0d3580.jpg,UTL-103_jpg,Electrolytic Capacitor,104,104,20,20,65,65,component,,,
UTL-103_jpg__073__IC.png,fpic_rf100,valid/images/UTL-103_jpg.rf.6e896f10d0382680d4e953236d0d3580.jpg,UTL-103_jpg,IC,76,95,14,18,48,59,component,,,
UTL-103_jpg__084__Electrolytic_Capacitor.png,fpic_rf100,valid/images/UTL-103_jpg.rf.6e896f10d0382680d4e953236d0d3580.jpg,UTL-103_jpg,Electrolytic Capacitor,81,85,15,16,51,53,component,,,
UTL-103_jpg__088__IC.png,fpic_rf100,valid/images/UTL-103_jpg.rf.6e896f10d0382680d4e953236d0d3580.jpg,UTL-103_jpg,IC,129,165,24,31,81,103,component,,,
UTL-103_jpg__089__IC.png,fpic_rf100,valid/images/UTL-103_jpg.rf.6e896f10d0382680d4e953236d0d3580.jpg,UTL-103_jpg,IC,122,161,23,30,76,101,component,,,
UTL-103_jpg__098__Connector.png,fpic_rf100,valid/images/UTL-103_jpg.rf.6e896f10d0382680d4e953236d0d3580.jpg,UTL-103_jpg,Connector,144,365,30,79,100,263,component,,,
UTL-103_jpg__116__Electrolytic_Capacitor.png,fpic_rf100,valid/images/UTL-103_jpg.rf.6e896f10d0382680d4e953236d0d3580.jpg,UTL-103_jpg,Electrolytic Capacitor,96,90,18,17,60,56,component,,,
UTL-103_jpg__122__IC.png,fpic_rf100,valid/images/UTL-103_jpg.rf.6e896f10d0382680d4e953236d0d3580.jpg,UTL-103_jpg,IC,95,90,18,17,59,56,component,,,
UTL-103_jpg__126__IC.png,fpic_rf100,valid/images/UTL-103_jpg.rf.6e896f10d0382680d4e953236d0d3580.jpg,UTL-103_jpg,IC,262,178,49,40,164,134,component,,,
UTL-103_jpg__133__Electrolytic_Capacitor.png,fpic_rf100,valid/images/UTL-103_jpg.rf.6e896f10d0382680d4e953236d0d3580.jpg,UTL-103_jpg,Electrolytic Capacitor,86,85,16,16,54,53,component,,,
UTL-103_jpg__143__IC.png,fpic_rf100,valid/images/UTL-103_jpg.rf.6e896f10d0382680d4e953236d0d3580.jpg,UTL-103_jpg,IC,268,166,50,2,168,126,component,,,
Virtex5_jpg__000__IC.png,fpic_rf100,train/images/Virtex5_jpg.rf.07279fb31d3dbc17977312d6340b1340.jpg,Virtex5_jpg,IC,484,491,91,92,302,307,component,,,
Virtex5_jpg__001__IC.png,fpic_rf100,train/images/Virtex5_jpg.rf.07279fb31d3dbc17977312d6340b1340.jpg,Virtex5_jpg,IC,634,417,119,78,396,261,component,,,
Virtex5_jpg__002__Capacitor_Jumper.png,fpic_rf100,train/images/Virtex5_jpg.rf.07279fb31d3dbc17977312d6340b1340.jpg,Virtex5_jpg,Capacitor Jumper,177,81,33,15,111,51,component,,,
Virtex5_jpg__003__Resistor.png,fpic_rf100,train/images/Virtex5_jpg.rf.07279fb31d3dbc17977312d6340b1340.jpg,Virtex5_jpg,Resistor,81,181,15,34,51,113,component,,,
Virtex5_jpg__004__Capacitor_Jumper.png,fpic_rf100,train/images/Virtex5_jpg.rf.07279fb31d3dbc17977312d6340b1340.jpg,Virtex5_jpg,Capacitor Jumper,86,186,16,35,54,116,component,,,
Virtex5_jpg__006__Pins.png,fpic_rf100,train/images/Virtex5_jpg.rf.07279fb31d3dbc17977312d6340b1340.jpg,Virtex5_jpg,Pins,235,1754,13,49,171,1566,component,,,
Virtex5_jpg__007__Pins.png,fpic_rf100,train/images/Virtex5_jpg.rf.07279fb31d3dbc17977312d6340b1340.jpg,Virtex5_jpg,Pins,75,1754,17,94,57,1567,component,,,
Virtex5_jpg__008__Resistor.png,fpic_rf100,train/images/Virtex5_jpg.rf.07279fb31d3dbc17977312d6340b1340.jpg,Virtex5_jpg,Resistor,180,92,34,17,112,58,component,,,
Virtex5_jpg__009__Resistor.png,fpic_rf100,train/images/Virtex5_jpg.rf.07279fb31d3dbc17977312d6340b1340.jpg,Virtex5_jpg,Resistor,177,92,33,17,111,58,component,,,
Virtex5_jpg__010__Resistor.png,fpic_rf100,train/images/Virtex5_jpg.rf.07279fb31d3dbc17977312d6340b1340.jpg,Virtex5_jpg,Resistor,184,90,35,17,115,56,component,,,
Virtex5_jpg__011__Clock.png,fpic_rf100,train/images/Virtex5_jpg.rf.07279fb31d3dbc17977312d6340b1340.jpg,Virtex5_jpg,Clock,335,372,63,70,209,232,component,,,
Virtex5_jpg__012__Capacitor_Jumper.png,fpic_rf100,train/images/Virtex5_jpg.rf.07279fb31d3dbc17977312d6340b1340.jpg,Virtex5_jpg,Capacitor Jumper,108,220,20,41,68,138,component,,,
Virtex5_jpg__013__IC.png,fpic_rf100,train/images/Virtex5_jpg.rf.07279fb31d3dbc17977312d6340b1340.jpg,Virtex5_jpg,IC,283,463,53,87,177,289,component,,,
Virtex5_jpg__014__IC.png,fpic_rf100,train/images/Virtex5_jpg.rf.07279fb31d3dbc17977312d6340b1340.jpg,Virtex5_jpg,IC,980,991,184,186,612,619,component,,,
Virtex5_jpg__015__Capacitor_Jumper.png,fpic_rf100,train/images/Virtex5_jpg.rf.07279fb31d3dbc17977312d6340b1340.jpg,Virtex5_jpg,Capacitor Jumper,106,224,20,42,66,140,component,,,
Virtex5_jpg__016__Capacitor_Jumper.png,fpic_rf100,train/images/Virtex5_jpg.rf.07279fb31d3dbc17977312d6340b1340.jpg,Virtex5_jpg,Capacitor Jumper,177,86,33,16,111,54,component,,,
Virtex5_jpg__017__Capacitor_Jumper.png,fpic_rf100,train/images/Virtex5_jpg.rf.07279fb31d3dbc17977312d6340b1340.jpg,Virtex5_jpg,Capacitor Jumper,101,220,19,41,63,138,component,,,
Virtex5_jpg__018__Capacitor_Jumper.png,fpic_rf100,train/images/Virtex5_jpg.rf.07279fb31d3dbc17977312d6340b1340.jpg,Virtex5_jpg,Capacitor Jumper,106,224,20,42,66,140,component,,,
Virtex5_jpg__019__Capacitor_Jumper.png,fpic_rf100,train/images/Virtex5_jpg.rf.07279fb31d3dbc17977312d6340b1340.jpg,Virtex5_jpg,Capacitor Jumper,88,188,17,35,55,118,component,,,
Virtex5_jpg__020__IC.png,fpic_rf100,train/images/Virtex5_jpg.rf.07279fb31d3dbc17977312d6340b1340.jpg,Virtex5_jpg,IC,144,127,27,24,90,79,component,,,
Virtex5_jpg__021__Capacitor_Jumper.png,fpic_rf100,train/images/Virtex5_jpg.rf.07279fb31d3dbc17977312d6340b1340.jpg,Virtex5_jpg,Capacitor Jumper,85,181,16,34,53,113,component,,,
Virtex5_jpg__022__Capacitor_Jumper.png,fpic_rf100,train/images/Virtex5_jpg.rf.07279fb31d3dbc17977312d6340b1340.jpg,Virtex5_jpg,Capacitor Jumper,90,181,17,34,56,113,component,,,
Virtex5_jpg__023__Capacitor_Jumper.png,fpic_rf100,train/images/Virtex5_jpg.rf.07279fb31d3dbc17977312d6340b1340.jpg,Virtex5_jpg,Capacitor Jumper,81,182,15,34,51,114,component,,,
Virtex5_jpg__024__Capacitor_Jumper.png,fpic_rf100,train/images/Virtex5_jpg.rf.07279fb31d3dbc17977312d6340b1340.jpg,Virtex5_jpg,Capacitor Jumper,219,112,41,21,137,70,component,,,
Virtex5_jpg__025__Connector.png,fpic_rf100,train/images/Virtex5_jpg.rf.07279fb31d3dbc17977312d6340b1340.jpg,Virtex5_jpg,Connector,587,428,110,5,367,325,component,,,
Virtex5_jpg__026__Pins.png,fpic_rf100,train/images/Virtex5_jpg.rf.07279fb31d3dbc17977312d6340b1340.jpg,Virtex5_jpg,Pins,1876,108,198,25,1664,82,component,,,
Virtex5_jpg__027__IC.png,fpic_rf100,train/images/Virtex5_jpg.rf.07279fb31d3dbc17977312d6340b1340.jpg,Virtex5_jpg,IC,228,170,43,32,142,106,component,,,
Virtex5_jpg__028__Inductor.png,fpic_rf100,train/images/Virtex5_jpg.rf.07279fb31d3dbc17977312d6340b1340.jpg,Virtex5_jpg,Inductor,229,239,43,45,143,149,component,,,
Virtex5_jpg__029__Resistor.png,fpic_rf100,train/images/Virtex5_jpg.rf.07279fb31d3dbc17977312d6340b1340.jpg,Virtex5_jpg,Resistor,96,180,18,34,60,112,component,,,
Virtex5_jpg__030__Capacitor_Jumper.png,fpic_rf100,train/images/Virtex5_jpg.rf.07279fb31d3dbc17977312d6340b1340.jpg,Virtex5_jpg,Capacitor Jumper,112,219,21,41,70,137,component,,,
Virtex5_jpg__031__Jumper.png,fpic_rf100,train/images/Virtex5_jpg.rf.07279fb31d3dbc17977312d6340b1340.jpg,Virtex5_jpg,Jumper,324,208,61,39,202,130,component,,,
Virtex5_jpg__032__Connector.png,fpic_rf100,train/images/Virtex5_jpg.rf.07279fb31d3dbc17977312d6340b1340.jpg,Virtex5_jpg,Connector,144,172,27,32,90,108,component,,,
Virtex5_jpg__033__Capacitor_Jumper.png,fpic_rf100,train/images/Virtex5_jpg.rf.07279fb31d3dbc17977312d6340b1340.jpg,Virtex5_jpg,Capacitor Jumper,92,186,17,35,58,116,component,,,
Virtex5_jpg__034__Resistor.png,fpic_rf100,train/images/Virtex5_jpg.rf.07279fb31d3dbc17977312d6340b1340.jpg,Virtex5_jpg,Resistor,181,90,34,17,113,56,component,,,
Virtex5_jpg__035__Resistor.png,fpic_rf100,train/images/Virtex5_jpg.rf.07279fb31d3dbc17977312d6340b1340.jpg,Virtex5_jpg,Resistor,186,81,35,15,116,51,component,,,
Virtex5_jpg__036__Resistor.png,fpic_rf100,train/images/Virtex5_jpg.rf.07279fb31d3dbc17977312d6340b1340.jpg,Virtex5_jpg,Resistor,181,95,34,18,113,59,component,,,
Virtex5_jpg__037__Resistor.png,fpic_rf100,train/images/Virtex5_jpg.rf.07279fb31d3dbc17977312d6340b1340.jpg,Virtex5_jpg,Resistor,176,92,33,17,110,58,component,,,
Virtex5_jpg__038__Connector.png,fpic_rf100,train/images/Virtex5_jpg.rf.07279fb31d3dbc17977312d6340b1340.jpg,Virtex5_jpg,Connector,136,769,26,144,85,481,component,,,
Virtex5_jpg__039__IC.png,fpic_rf100,train/images/Virtex5_jpg.rf.07279fb31d3dbc17977312d6340b1340.jpg,Virtex5_jpg,IC,278,368,52,69,174,230,component,,,
Virtex5_jpg__040__Clock.png,fpic_rf100,train/images/Virtex5_jpg.rf.07279fb31d3dbc17977312d6340b1340.jpg,Virtex5_jpg,Clock,257,753,48,141,161,471,component,,,
Virtex6_jpg__002__Connector.png,fpic_rf100,train/images/Virtex6_jpg.rf.007a98ac6a4c551adbd56e8592c0d6c8.jpg,Virtex6_jpg,Connector,289,487,54,6,181,370,component,,,
Virtex6_jpg__011__Electrolytic_Capacitor.png,fpic_rf100,train/images/Virtex6_jpg.rf.007a98ac6a4c551adbd56e8592c0d6c8.jpg,Virtex6_jpg,Electrolytic Capacitor,101,76,19,14,63,48,component,,,
Virtex6_jpg__015__Electrolytic_Capacitor.png,fpic_rf100,train/images/Virtex6_jpg.rf.007a98ac6a4c551adbd56e8592c0d6c8.jpg,Virtex6_jpg,Electrolytic Capacitor,129,136,24,26,81,85,component,,,
Virtex6_jpg__022__Switch.png,fpic_rf100,train/images/Virtex6_jpg.rf.007a98ac6a4c551adbd56e8592c0d6c8.jpg,Virtex6_jpg,Switch,165,152,31,28,103,95,component,,,
Virtex6_jpg__023__Switch.png,fpic_rf100,train/images/Virtex6_jpg.rf.007a98ac6a4c551adbd56e8592c0d6c8.jpg,Virtex6_jpg,Switch,214,161,40,30,134,101,component,,,
Virtex6_jpg__024__Connector.png,fpic_rf100,train/images/Virtex6_jpg.rf.007a98ac6a4c551adbd56e8592c0d6c8.jpg,Virtex6_jpg,Connector,170,309,32,58,106,193,component,,,
Virtex6_jpg__025__Connector.png,fpic_rf100,train/images/Virtex6_jpg.rf.007a98ac6a4c551adbd56e8592c0d6c8.jpg,Virtex6_jpg,Connector,102,102,19,19,64,64,component,,,
Virtex6_jpg__026__Connector.png,fpic_rf100,train/images/Virtex6_jpg.rf.007a98ac6a4c551adbd56e8592c0d6c8.jpg,Virtex6_jpg,Connector,102,102,19,19,64,64,component,,,
Virtex6_jpg__027__Clock.png,fpic_rf100,train/images/Virtex6_jpg.rf.007a98ac6a4c551adbd56e8592c0d6c8.jpg,Virtex6_jpg,Clock,171,171,32,32,107,107,component,,,
Virtex6_jpg__028__Connector.png,fpic_rf100,train/images/Virtex6_jpg.rf.007a98ac6a4c551adbd56e8592c0d6c8.jpg,Virtex6_jpg,Connector,101,101,19,19,63,63,component,,,
Virtex6_jpg__029__Connector.png,fpic_rf100,train/images/Virtex6_jpg.rf.007a98ac6a4c551adbd56e8592c0d6c8.jpg,Virtex6_jpg,Connector,102,102,19,19,64,64,component,,,
Virtex6_jpg__042__Connector.png,fpic_rf100,train/images/Virtex6_jpg.rf.007a98ac6a4c551adbd56e8592c0d6c8.jpg,Virtex6_jpg,Connector,327,650,75,122,251,406,component,,,
Virtex6_jpg__048__Button.png,fpic_rf100,train/images/Virtex6_jpg.rf.007a98ac6a4c551adbd56e8592c0d6c8.jpg,Virtex6_jpg,Button,136,90,26,17,85,56,component,,,
Virtex6_jpg__065__Button.png,fpic_rf100,train/images/Virtex6_jpg.rf.007a98ac6a4c551adbd56e8592c0d6c8.jpg,Virtex6_jpg,Button,133,91,25,17,83,57,component,,,
Virtex6_jpg__066__Button.png,fpic_rf100,train/images/Virtex6_jpg.rf.007a98ac6a4c551adbd56e8592c0d6c8.jpg,Virtex6_jpg,Button,138,92,26,17,86,58,component,,,
Virtex6_jpg__075__Clock.png,fpic_rf100,train/images/Virtex6_jpg.rf.007a98ac6a4c551adbd56e8592c0d6c8.jpg,Virtex6_jpg,Clock,186,96,35,18,116,60,component,,,
Virtex6_jpg__077__Connector.png,fpic_rf100,train/images/Virtex6_jpg.rf.007a98ac6a4c551adbd56e8592c0d6c8.jpg,Virtex6_jpg,Connector,144,148,27,28,90,92,component,,,
Virtex6_jpg__084__Connector.png,fpic_rf100,train/images/Virtex6_jpg.rf.007a98ac6a4c551adbd56e8592c0d6c8.jpg,Virtex6_jpg,Connector,111,102,21,19,69,64,component,,,
Virtex6_jpg__086__Electrolytic_Capacitor.png,fpic_rf100,train/images/Virtex6_jpg.rf.007a98ac6a4c551adbd56e8592c0d6c8.jpg,Virtex6_jpg,Electrolytic Capacitor,127,120,24,22,79,75,component,,,
Virtex6_jpg__103__IC.png,fpic_rf100,train/images/Virtex6_jpg.rf.007a98ac6a4c551adbd56e8592c0d6c8.jpg,Virtex6_jpg,IC,104,92,20,17,65,58,component,,,
Virtex6_jpg__104__Connector.png,fpic_rf100,train/images/Virtex6_jpg.rf.007a98ac6a4c551adbd56e8592c0d6c8.jpg,Virtex6_jpg,Connector,138,145,20,27,91,91,component,,,
Virtex6_jpg__106__IC.png,fpic_rf100,train/images/Virtex6_jpg.rf.007a98ac6a4c551adbd56e8592c0d6c8.jpg,Virtex6_jpg,IC,528,528,99,99,330,330,component,,,
Virtex6_jpg__109__Connector.png,fpic_rf100,train/images/Virtex6_jpg.rf.007a98ac6a4c551adbd56e8592c0d6c8.jpg,Virtex6_jpg,Connector,103,127,19,24,65,79,component,,,
Virtex6_jpg__117__Connector.png,fpic_rf100,train/images/Virtex6_jpg.rf.007a98ac6a4c551adbd56e8592c0d6c8.jpg,Virtex6_jpg,Connector,108,102,20,19,68,64,component,,,
Virtex6_jpg__122__Clock.png,fpic_rf100,train/images/Virtex6_jpg.rf.007a98ac6a4c551adbd56e8592c0d6c8.jpg,Virtex6_jpg,Clock,180,86,34,16,112,54,component,,,
Virtex6_jpg__124__IC.png,fpic_rf100,train/images/Virtex6_jpg.rf.007a98ac6a4c551adbd56e8592c0d6c8.jpg,Virtex6_jpg,IC,102,92,19,17,64,58,component,,,
Virtex6_jpg__126__IC.png,fpic_rf100,train/images/Virtex6_jpg.rf.007a98ac6a4c551adbd56e8592c0d6c8.jpg,Virtex6_jpg,IC,198,193,37,36,124,121,component,,,
Virtex6_jpg__129__Electrolytic_Capacitor.png,fpic_rf100,train/images/Virtex6_jpg.rf.007a98ac6a4c551adbd56e8592c0d6c8.jpg,Virtex6_jpg,Electrolytic Capacitor,127,123,24,23,79,77,component,,,
Virtex6_jpg__130__Connector.png,fpic_rf100,train/images/Virtex6_jpg.rf.007a98ac6a4c551adbd56e8592c0d6c8.jpg,Virtex6_jpg,Connector,224,287,42,54,140,179,component,,,
Virtex6_jpg__132__Led.png,fpic_rf100,train/images/Virtex6_jpg.rf.007a98ac6a4c551adbd56e8592c0d6c8.jpg,Virtex6_jpg,Led,146,127,2,24,111,79,component,,,
Virtex6_jpg__136__Connector.png,fpic_rf100,train/images/Virtex6_jpg.rf.007a98ac6a4c551adbd56e8592c0d6c8.jpg,Virtex6_jpg,Connector,79,121,15,23,49,75,component,,,
Virtex6_jpg__140__IC.png,fpic_rf100,train/images/Virtex6_jpg.rf.007a98ac6a4c551adbd56e8592c0d6c8.jpg,Virtex6_jpg,IC,180,187,34,35,112,117,component,,,
Virtex6_jpg__141__Transistor.png,fpic_rf100,train/images/Virtex6_jpg.rf.007a98ac6a4c551adbd56e8592c0d6c8.jpg,Virtex6_jpg,Transistor,92,108,17,20,58,68,component,,,
Virtex6_jpg__147__IC.png,fpic_rf100,train/images/Virtex6_jpg.rf.007a98ac6a4c551adbd56e8592c0d6c8.jpg,Virtex6_jpg,IC,101,91,19,17,63,57,component,,,
Virtex6_jpg__154__Electrolytic_Capacitor.png,fpic_rf100,train/images/Virtex6_jpg.rf.007a98ac6a4c551adbd56e8592c0d6c8.jpg,Virtex6_jpg,Electrolytic Capacitor,84,120,16,23,52,75,component,,,
Virtex6_jpg__159__IC.png,fpic_rf100,train/images/Virtex6_jpg.rf.007a98ac6a4c551adbd56e8592c0d6c8.jpg,Virtex6_jpg,IC,310,252,58,47,194,158,component,,,
Virtex6_jpg__168__Connector.png,fpic_rf100,train/images/Virtex6_jpg.rf.007a98ac6a4c551adbd56e8592c0d6c8.jpg,Virtex6_jpg,Connector,118,100,22,19,74,62,component,,,
Virtex6_jpg__169__Connector.png,fpic_rf100,train/images/Virtex6_jpg.rf.007a98ac6a4c551adbd56e8592c0d6c8.jpg,Virtex6_jpg,Connector,209,239,0,45,161,149,component,,,
Virtex6_jpg__184__Connector.png,fpic_rf100,train/images/Virtex6_jpg.rf.007a98ac6a4c551adbd56e8592c0d6c8.jpg,Virtex6_jpg,Connector,150,248,28,46,94,155,component,,,
Virtex6_jpg__186__IC.png,fpic_rf100,train/images/Virtex6_jpg.rf.007a98ac6a4c551adbd56e8592c0d6c8.jpg,Virtex6_jpg,IC,100,113,19,21,62,71,component,,,
Virtex6_jpg__187__Connector.png,fpic_rf100,train/images/Virtex6_jpg.rf.007a98ac6a4c551adbd56e8592c0d6c8.jpg,Virtex6_jpg,Connector,97,100,18,19,61,62,component,,,
Virtex6_jpg__188__Connector.png,fpic_rf100,train/images/Virtex6_jpg.rf.007a98ac6a4c551adbd56e8592c0d6c8.jpg,Virtex6_jpg,Connector,101,102,19,19,63,64,component,,,
Virtex6_jpg__195__Electrolytic_Capacitor.png,fpic_rf100,train/images/Virtex6_jpg.rf.007a98ac6a4c551adbd56e8592c0d6c8.jpg,Virtex6_jpg,Electrolytic Capacitor,129,138,24,26,81,86,component,,,
Virtex6_jpg__203__IC.png,fpic_rf100,train/images/Virtex6_jpg.rf.007a98ac6a4c551adbd56e8592c0d6c8.jpg,Virtex6_jpg,IC,176,188,33,35,110,118,component,,,
Virtex6_jpg__204__Electrolytic_Capacitor.png,fpic_rf100,train/images/Virtex6_jpg.rf.007a98ac6a4c551adbd56e8592c0d6c8.jpg,Virtex6_jpg,Electrolytic Capacitor,120,120,23,23,75,75,component,,,
Virtex6_jpg__206__IC.png,fpic_rf100,train/images/Virtex6_jpg.rf.007a98ac6a4c551adbd56e8592c0d6c8.jpg,Virtex6_jpg,IC,120,140,22,26,75,88,component,,,
Virtex6_jpg__208__IC.png,fpic_rf100,train/images/Virtex6_jpg.rf.007a98ac6a4c551adbd56e8592c0d6c8.jpg,Virtex6_jpg,IC,177,149,33,28,111,93,component,,,
Virtex6_jpg__212__Electrolytic_Capacitor.png,fpic_rf100,train/images/Virtex6_jpg.rf.007a98ac6a4c551adbd56e8592c0d6c8.jpg,Virtex6_jpg,Electrolytic Capacitor,79,116,15,22,49,72,component,,,
Virtex6_jpg__213__Electrolytic_Capacitor.png,fpic_rf100,train/images/Virtex6_jpg.rf.007a98ac6a4c551adbd56e8592c0d6c8.jpg,Virtex6_jpg,Electrolytic Capacitor,76,117,14,22,48,73,component,,,
Virtex6_jpg__217__Button.png,fpic_rf100,train/images/Virtex6_jpg.rf.007a98ac6a4c551adbd56e8592c0d6c8.jpg,Virtex6_jpg,Button,140,95,26,18,88,59,component,,,
Virtex6_jpg__222__Pads.png,fpic_rf100,train/images/Virtex6_jpg.rf.007a98ac6a4c551adbd56e8592c0d6c8.jpg,Virtex6_jpg,Pads,111,92,21,17,69,58,component,,,
Virtex6_jpg__229__Connector.png,fpic_rf100,train/images/Virtex6_jpg.rf.007a98ac6a4c551adbd56e8592c0d6c8.jpg,Virtex6_jpg,Connector,101,104,19,19,63,65,component,,,
Virtex6_jpg__230__Connector.png,fpic_rf100,train/images/Virtex6_jpg.rf.007a98ac6a4c551adbd56e8592c0d6c8.jpg,Virtex6_jpg,Connector,101,106,19,20,63,66,component,,,
Virtex6_jpg__232__Connector.png,fpic_rf100,train/images/Virtex6_jpg.rf.007a98ac6a4c551adbd56e8592c0d6c8.jpg,Virtex6_jpg,Connector,96,218,18,41,60,136,component,,,
Virtex6_jpg__234__Button.png,fpic_rf100,train/images/Virtex6_jpg.rf.007a98ac6a4c551adbd56e8592c0d6c8.jpg,Virtex6_jpg,Button,123,91,23,17,77,57,component,,,
Virtex6_jpg__235__Button.png,fpic_rf100,train/images/Virtex6_jpg.rf.007a98ac6a4c551adbd56e8592c0d6c8.jpg,Virtex6_jpg,Button,136,88,25,17,85,55,component,,,
Virtex6_jpg__236__Button.png,fpic_rf100,train/images/Virtex6_jpg.rf.007a98ac6a4c551adbd56e8592c0d6c8.jpg,Virtex6_jpg,Button,140,96,26,18,88,60,component,,,
Virtex6_jpg__237__Electrolytic_Capacitor.png,fpic_rf100,train/images/Virtex6_jpg.rf.007a98ac6a4c551adbd56e8592c0d6c8.jpg,Virtex6_jpg,Electrolytic Capacitor,117,79,22,15,73,49,component,,,
Virtex6_jpg__239__Connector.png,fpic_rf100,train/images/Virtex6_jpg.rf.007a98ac6a4c551adbd56e8592c0d6c8.jpg,Virtex6_jpg,Connector,112,479,0,90,86,299,component,,,
Virtex6_jpg__241__Clock.png,fpic_rf100,train/images/Virtex6_jpg.rf.007a98ac6a4c551adbd56e8592c0d6c8.jpg,Virtex6_jpg,Clock,104,192,19,36,65,120,component,,,
Virtex6_jpg__243__IC.png,fpic_rf100,train/images/Virtex6_jpg.rf.007a98ac6a4c551adbd56e8592c0d6c8.jpg,Virtex6_jpg,IC,273,203,51,38,171,127,component,,,
Virtex6_jpg__247__Pads.png,fpic_rf100,train/images/Virtex6_jpg.rf.007a98ac6a4c551adbd56e8592c0d6c8.jpg,Virtex6_jpg,Pads,111,90,21,17,69,56,component,,,
Virtex6_jpg__249__Electrolytic_Capacitor.png,fpic_rf100,train/images/Virtex6_jpg.rf.007a98ac6a4c551adbd56e8592c0d6c8.jpg,Virtex6_jpg,Electrolytic Capacitor,138,118,26,22,86,74,component,,,
Virtex6_jpg__252__Button.png,fpic_rf100,train/images/Virtex6_jpg.rf.007a98ac6a4c551adbd56e8592c0d6c8.jpg,Virtex6_jpg,Button,138,95,26,18,86,59,component,,,
Virtex6_jpg__254__Pads.png,fpic_rf100,train/images/Virtex6_jpg.rf.007a98ac6a4c551adbd56e8592c0d6c8.jpg,Virtex6_jpg,Pads,586,176,110,33,366,110,component,,,
Virtex6_jpg__256__Connector.png,fpic_rf100,train/images/Virtex6_jpg.rf.007a98ac6a4c551adbd56e8592c0d6c8.jpg,Virtex6_jpg,Connector,144,136,27,26,90,85,component,,,
Virtex6_jpg__261__Connector.png,fpic_rf100,train/images/Virtex6_jpg.rf.007a98ac6a4c551adbd56e8592c0d6c8.jpg,Virtex6_jpg,Connector,789,320,148,60,493,200,component,,,
Virtex6_jpg__263__Connector.png,fpic_rf100,train/images/Virtex6_jpg.rf.007a98ac6a4c551adbd56e8592c0d6c8.jpg,Virtex6_jpg,Connector,779,315,146,59,487,197,component,,,
Virtex6_jpg__264__Connector.png,fpic_rf100,train/images/Virtex6_jpg.rf.007a98ac6a4c551adbd56e8592c0d6c8.jpg,Virtex6_jpg,Connector,124,260,23,49,78,162,component,,,
Virtex6_jpg__266__Switch.png,fpic_rf100,train/images/Virtex6_jpg.rf.007a98ac6a4c551adbd56e8592c0d6c8.jpg,Virtex6_jpg,Switch,214,305,40,57,134,191,component,,,
Virtex6_jpg__277__Connector.png,fpic_rf100,train/images/Virtex6_jpg.rf.007a98ac6a4c551adbd56e8592c0d6c8.jpg,Virtex6_jpg,Connector,86,236,16,44,54,148,component,,,
XCM-307A_Bottom_jpg__037__Connector.png,fpic_rf100,train/images/XCM-307A_Bottom_jpg.rf.0af086ec7334c913e55fff97fa2702af.jpg,XCM-307A_Bottom_jpg,Connector,600,80,8,5,580,58,component,,,
XCM-307A_Bottom_jpg__054__Connector.png,fpic_rf100,train/images/XCM-307A_Bottom_jpg.rf.0af086ec7334c913e55fff97fa2702af.jpg,XCM-307A_Bottom_jpg,Connector,600,75,11,16,575,53,component,,,
XCM-307A_Top_jpg__001__Electrolytic_Capacitor.png,fpic_rf100,test/images/XCM-307A_Top_jpg.rf.56b3bda16f0abd39061675d240381c1a.jpg,XCM-307A_Top_jpg,Electrolytic Capacitor,273,554,51,104,171,346,component,,,
XCM-307A_Top_jpg__002__Resistor_Network.png,fpic_rf100,test/images/XCM-307A_Top_jpg.rf.56b3bda16f0abd39061675d240381c1a.jpg,XCM-307A_Top_jpg,Resistor Network,155,127,29,24,97,79,component,,,
XCM-307A_Top_jpg__004__IC.png,fpic_rf100,test/images/XCM-307A_Top_jpg.rf.56b3bda16f0abd39061675d240381c1a.jpg,XCM-307A_Top_jpg,IC,1041,1044,195,196,651,652,component,,,
XCM-307A_Top_jpg__005__Resistor_Network.png,fpic_rf100,test/images/XCM-307A_Top_jpg.rf.56b3bda16f0abd39061675d240381c1a.jpg,XCM-307A_Top_jpg,Resistor Network,127,155,24,29,79,97,component,,,
XCM-307A_Top_jpg__006__IC.png,fpic_rf100,test/images/XCM-307A_Top_jpg.rf.56b3bda16f0abd39061675d240381c1a.jpg,XCM-307A_Top_jpg,IC,246,250,46,47,154,156,component,,,
XCM-307A_Top_jpg__007__IC.png,fpic_rf100,test/images/XCM-307A_Top_jpg.rf.56b3bda16f0abd39061675d240381c1a.jpg,XCM-307A_Top_jpg,IC,298,513,56,96,186,321,component,,,
XCM-307A_Top_jpg__008__Connector.png,fpic_rf100,test/images/XCM-307A_Top_jpg.rf.56b3bda16f0abd39061675d240381c1a.jpg,XCM-307A_Top_jpg,Connector,2009,260,41,12,1923,191,component,,,
XCM-307A_Top_jpg__010__Led.png,fpic_rf100,test/images/XCM-307A_Top_jpg.rf.56b3bda16f0abd39061675d240381c1a.jpg,XCM-307A_Top_jpg,Led,76,177,14,33,48,111,component,,,
XCM-307A_Top_jpg__011__Switch.png,fpic_rf100,test/images/XCM-307A_Top_jpg.rf.56b3bda16f0abd39061675d240381c1a.jpg,XCM-307A_Top_jpg,Switch,216,421,40,79,135,263,component,,,
XCM-307A_Top_jpg__016__Connector.png,fpic_rf100,test/images/XCM-307A_Top_jpg.rf.56b3bda16f0abd39061675d240381c1a.jpg,XCM-307A_Top_jpg,Connector,154,463,29,87,96,289,component,,,
XCM-307A_Top_jpg__017__IC.png,fpic_rf100,test/images/XCM-307A_Top_jpg.rf.56b3bda16f0abd39061675d240381c1a.jpg,XCM-307A_Top_jpg,IC,197,213,37,40,123,133,component,,,
XCM-307A_Top_jpg__019__Capacitor_Jumper.png,fpic_rf100,test/images/XCM-307A_Top_jpg.rf.56b3bda16f0abd39061675d240381c1a.jpg,XCM-307A_Top_jpg,Capacitor Jumper,320,207,60,39,200,129,component,,,
XCM-307A_Top_jpg__020__EM.png,fpic_rf100,test/images/XCM-307A_Top_jpg.rf.56b3bda16f0abd39061675d240381c1a.jpg,XCM-307A_Top_jpg,EM,122,209,23,39,76,131,component,,,
XCM-307A_Top_jpg__021__Capacitor_Jumper.png,fpic_rf100,test/images/XCM-307A_Top_jpg.rf.56b3bda16f0abd39061675d240381c1a.jpg,XCM-307A_Top_jpg,Capacitor Jumper,342,220,64,41,214,138,component,,,
XCM-307A_Top_jpg__022__Connector.png,fpic_rf100,test/images/XCM-307A_Top_jpg.rf.56b3bda16f0abd39061675d240381c1a.jpg,XCM-307A_Top_jpg,Connector,232,138,43,26,145,86,component,,,
XCM-307A_Top_jpg__023__Resistor_Network.png,fpic_rf100,test/images/XCM-307A_Top_jpg.rf.56b3bda16f0abd39061675d240381c1a.jpg,XCM-307A_Top_jpg,Resistor Network,151,129,28,24,95,81,component,,,
XCM-307A_Top_jpg__024__Capacitor_Jumper.png,fpic_rf100,test/images/XCM-307A_Top_jpg.rf.56b3bda16f0abd39061675d240381c1a.jpg,XCM-307A_Top_jpg,Capacitor Jumper,326,200,61,38,204,125,component,,,
XCM-307A_Top_jpg__025__Capacitor_Jumper.png,fpic_rf100,test/images/XCM-307A_Top_jpg.rf.56b3bda16f0abd39061675d240381c1a.jpg,XCM-307A_Top_jpg,Capacitor Jumper,325,198,61,37,203,124,component,,,
XCM-307A_Top_jpg__026__Button.png,fpic_rf100,test/images/XCM-307A_Top_jpg.rf.56b3bda16f0abd39061675d240381c1a.jpg,XCM-307A_Top_jpg,Button,234,501,44,94,146,313,component,,,
XCM-307A_Top_jpg__027__Led.png,fpic_rf100,test/images/XCM-307A_Top_jpg.rf.56b3bda16f0abd39061675d240381c1a.jpg,XCM-307A_Top_jpg,Led,80,172,15,32,50,108,component,,,
XCM-307A_Top_jpg__028__Led.png,fpic_rf100,test/images/XCM-307A_Top_jpg.rf.56b3bda16f0abd39061675d240381c1a.jpg,XCM-307A_Top_jpg,Led,76,175,14,33,48,109,component,,,
XCM-307A_Top_jpg__030__Capacitor_Jumper.png,fpic_rf100,test/images/XCM-307A_Top_jpg.rf.56b3bda16f0abd39061675d240381c1a.jpg,XCM-307A_Top_jpg,Capacitor Jumper,202,328,38,62,126,205,component,,,
XCM-307A_Top_jpg__031__IC.png,fpic_rf100,test/images/XCM-307A_Top_jpg.rf.56b3bda16f0abd39061675d240381c1a.jpg,XCM-307A_Top_jpg,IC,240,168,45,31,150,105,component,,,
XCM-307A_Top_jpg__032__IC.png,fpic_rf100,test/images/XCM-307A_Top_jpg.rf.56b3bda16f0abd39061675d240381c1a.jpg,XCM-307A_Top_jpg,IC,240,177,45,33,150,111,component,,,
XCM-307A_Top_jpg__035__Connector.png,fpic_rf100,test/images/XCM-307A_Top_jpg.rf.56b3bda16f0abd39061675d240381c1a.jpg,XCM-307A_Top_jpg,Connector,2009,278,31,61,1943,203,component,,,
XCM-307A_Top_jpg__036__Pads.png,fpic_rf100,test/images/XCM-307A_Top_jpg.rf.56b3bda16f0abd39061675d240381c1a.jpg,XCM-307A_Top_jpg,Pads,136,79,26,15,85,49,component,,,
XCM-307A_Top_jpg__037__IC.png,fpic_rf100,test/images/XCM-307A_Top_jpg.rf.56b3bda16f0abd39061675d240381c1a.jpg,XCM-307A_Top_jpg,IC,236,181,44,34,148,113,component,,,
XCM-307A_Top_jpg__038__Capacitor_Jumper.png,fpic_rf100,test/images/XCM-307A_Top_jpg.rf.56b3bda16f0abd39061675d240381c1a.jpg,XCM-307A_Top_jpg,Capacitor Jumper,122,248,23,46,76,155,component,,,
XCM-307A_Top_jpg__039__Capacitor_Jumper.png,fpic_rf100,test/images/XCM-307A_Top_jpg.rf.56b3bda16f0abd39061675d240381c1a.jpg,XCM-307A_Top_jpg,Capacitor Jumper,326,202,61,38,204,126,component,,,
XCM-307A_Top_jpg__040__Clock.png,fpic_rf100,test/images/XCM-307A_Top_jpg.rf.56b3bda16f0abd39061675d240381c1a.jpg,XCM-307A_Top_jpg,Clock,230,200,43,38,144,125,component,,,
XCM-307A_Top_jpg__042__Capacitor_Jumper.png,fpic_rf100,test/images/XCM-307A_Top_jpg.rf.56b3bda16f0abd39061675d240381c1a.jpg,XCM-307A_Top_jpg,Capacitor Jumper,197,326,37,61,123,204,component,,,
XCM-307A_Top_jpg__044__Connector.png,fpic_rf100,test/images/XCM-307A_Top_jpg.rf.56b3bda16f0abd39061675d240381c1a.jpg,XCM-307A_Top_jpg,Connector,309,159,58,30,193,99,component,,,
XCM-307A_Top_jpg__045__Resistor_Network.png,fpic_rf100,test/images/XCM-307A_Top_jpg.rf.56b3bda16f0abd39061675d240381c1a.jpg,XCM-307A_Top_jpg,Resistor Network,152,134,29,25,95,84,component,,,
XCM-307A_Top_jpg__046__Resistor_Network.png,fpic_rf100,test/images/XCM-307A_Top_jpg.rf.56b3bda16f0abd39061675d240381c1a.jpg,XCM-307A_Top_jpg,Resistor Network,156,129,29,24,98,81,component,,,
XCM-307A_Top_jpg__050__EM.png,fpic_rf100,test/images/XCM-307A_Top_jpg.rf.56b3bda16f0abd39061675d240381c1a.jpg,XCM-307A_Top_jpg,EM,112,200,21,38,70,125,component,,,
XCM-307A_Top_jpg__052__Capacitor_Jumper.png,fpic_rf100,test/images/XCM-307A_Top_jpg.rf.56b3bda16f0abd39061675d240381c1a.jpg,XCM-307A_Top_jpg,Capacitor Jumper,324,196,61,37,202,122,component,,,
XCM-307A_Top_jpg__055__IC.png,fpic_rf100,test/images/XCM-307A_Top_jpg.rf.56b3bda16f0abd39061675d240381c1a.jpg,XCM-307A_Top_jpg,IC,107,117,20,22,67,73,component,,,
XCM-307A_Top_jpg__056__IC.png,fpic_rf100,test/images/XCM-307A_Top_jpg.rf.56b3bda16f0abd39061675d240381c1a.jpg,XCM-307A_Top_jpg,IC,426,303,80,57,266,189,component,,,
XCM-307A_Top_jpg__058__IC.png,fpic_rf100,test/images/XCM-307A_Top_jpg.rf.56b3bda16f0abd39061675d240381c1a.jpg,XCM-307A_Top_jpg,IC,240,161,45,30,150,101,component,,,
XCM-307A_Top_jpg__061__IC.png,fpic_rf100,test/images/XCM-307A_Top_jpg.rf.56b3bda16f0abd39061675d240381c1a.jpg,XCM-307A_Top_jpg,IC,245,154,46,29,153,96,component,,,
XCM-307A_Top_jpg__063__Connector.png,fpic_rf100,test/images/XCM-307A_Top_jpg.rf.56b3bda16f0abd39061675d240381c1a.jpg,XCM-307A_Top_jpg,Connector,160,1089,30,204,100,681,component,,,
XLVDSproSupply_Bottom1_jpg__002__Pins.png,fpic_rf100,train/images/XLVDSproSupply_Bottom1_jpg.rf.056bf5e01f2b9719d01fcb8f55e53726.jpg,XLVDSproSupply_Bottom1_jpg,Pins,117,231,22,43,73,145,component,,,
XLVDSproSupply_Bottom1_jpg__006__Pins.png,fpic_rf100,train/images/XLVDSproSupply_Bottom1_jpg.rf.056bf5e01f2b9719d01fcb8f55e53726.jpg,XLVDSproSupply_Bottom1_jpg,Pins,79,207,15,39,49,129,component,,,
XLVDSproSupply_Bottom1_jpg__007__Connector.png,fpic_rf100,train/images/XLVDSproSupply_Bottom1_jpg.rf.056bf5e01f2b9719d01fcb8f55e53726.jpg,XLVDSproSupply_Bottom1_jpg,Connector,116,454,22,85,72,284,component,,,
XLVDSproSupply_Bottom1_jpg__008__Pins.png,fpic_rf100,train/images/XLVDSproSupply_Bottom1_jpg.rf.056bf5e01f2b9719d01fcb8f55e53726.jpg,XLVDSproSupply_Bottom1_jpg,Pins,118,91,22,17,74,57,component,,,
XLVDSproSupply_Bottom1_jpg__009__Pins.png,fpic_rf100,train/images/XLVDSproSupply_Bottom1_jpg.rf.056bf5e01f2b9719d01fcb8f55e53726.jpg,XLVDSproSupply_Bottom1_jpg,Pins,118,84,22,16,74,52,component,,,
XLVDSproSupply_Bottom1_jpg__011__Pins.png,fpic_rf100,train/images/XLVDSproSupply_Bottom1_jpg.rf.056bf5e01f2b9719d01fcb8f55e53726.jpg,XLVDSproSupply_Bottom1_jpg,Pins,111,111,21,21,69,69,component,,,
XLVDSproSupply_Bottom1_jpg__012__Pins.png,fpic_rf100,train/images/XLVDSproSupply_Bottom1_jpg.rf.056bf5e01f2b9719d01fcb8f55e53726.jpg,XLVDSproSupply_Bottom1_jpg,Pins,106,279,20,52,66,175,component,,,
XLVDSproSupply_Bottom1_jpg__013__Pins.png,fpic_rf100,train/images/XLVDSproSupply_Bottom1_jpg.rf.056bf5e01f2b9719d01fcb8f55e53726.jpg,XLVDSproSupply_Bottom1_jpg,Pins,79,172,15,32,49,108,component,,,
XLVDSproSupply_Bottom1_jpg__015__Pins.png,fpic_rf100,train/images/XLVDSproSupply_Bottom1_jpg.rf.056bf5e01f2b9719d01fcb8f55e53726.jpg,XLVDSproSupply_Bottom1_jpg,Pins,204,145,38,7,128,106,component,,,
XLVDSproSupply_Bottom1_jpg__020__Connector.png,fpic_rf100,train/images/XLVDSproSupply_Bottom1_jpg.rf.056bf5e01f2b9719d01fcb8f55e53726.jpg,XLVDSproSupply_Bottom1_jpg,Connector,198,229,42,43,140,143,component,,,
XLVDSproSupply_Bottom1_jpg__023__Pins.png,fpic_rf100,train/images/XLVDSproSupply_Bottom1_jpg.rf.056bf5e01f2b9719d01fcb8f55e53726.jpg,XLVDSproSupply_Bottom1_jpg,Pins,97,465,18,100,61,333,component,,,
XLVDSproSupply_Bottom1_jpg__024__Pins.png,fpic_rf100,train/images/XLVDSproSupply_Bottom1_jpg.rf.056bf5e01f2b9719d01fcb8f55e53726.jpg,XLVDSproSupply_Bottom1_jpg,Pins,129,307,24,58,81,194,component,,,
XLVDSproSupply_Bottom1_jpg__025__Pins.png,fpic_rf100,train/images/XLVDSproSupply_Bottom1_jpg.rf.056bf5e01f2b9719d01fcb8f55e53726.jpg,XLVDSproSupply_Bottom1_jpg,Pins,79,143,15,27,49,89,component,,,
XLVDSproSupply_Bottom1_jpg__026__Pins.png,fpic_rf100,train/images/XLVDSproSupply_Bottom1_jpg.rf.056bf5e01f2b9719d01fcb8f55e53726.jpg,XLVDSproSupply_Bottom1_jpg,Pins,176,85,33,16,110,53,component,,,
XLVDSproSupply_Bottom1_jpg__027__Pins.png,fpic_rf100,train/images/XLVDSproSupply_Bottom1_jpg.rf.056bf5e01f2b9719d01fcb8f55e53726.jpg,XLVDSproSupply_Bottom1_jpg,Pins,81,245,15,53,51,176,component,,,
XLVDSproSupply_Bottom1_jpg__030__Pins.png,fpic_rf100,train/images/XLVDSproSupply_Bottom1_jpg.rf.056bf5e01f2b9719d01fcb8f55e53726.jpg,XLVDSproSupply_Bottom1_jpg,Pins,144,165,27,31,90,103,component,,,
XLVDSproSupply_Bottom1_jpg__031__Pins.png,fpic_rf100,train/images/XLVDSproSupply_Bottom1_jpg.rf.056bf5e01f2b9719d01fcb8f55e53726.jpg,XLVDSproSupply_Bottom1_jpg,Pins,234,295,44,9,146,220,component,,,
XLVDSproSupply_Bottom1_jpg__032__Pins.png,fpic_rf100,train/images/XLVDSproSupply_Bottom1_jpg.rf.056bf5e01f2b9719d01fcb8f55e53726.jpg,XLVDSproSupply_Bottom1_jpg,Pins,159,191,30,36,99,119,component,,,
XLVDSproSupply_Bottom1_jpg__034__Pins.png,fpic_rf100,train/images/XLVDSproSupply_Bottom1_jpg.rf.056bf5e01f2b9719d01fcb8f55e53726.jpg,XLVDSproSupply_Bottom1_jpg,Pins,112,113,21,21,70,71,component,,,
XLVDSproSupply_Bottom1_jpg__037__Pins.png,fpic_rf100,train/images/XLVDSproSupply_Bottom1_jpg.rf.056bf5e01f2b9719d01fcb8f55e53726.jpg,XLVDSproSupply_Bottom1_jpg,Pins,220,124,41,23,138,78,component,,,
XLVDSproSupply_Bottom1_jpg__041__Pins.png,fpic_rf100,train/images/XLVDSproSupply_Bottom1_jpg.rf.056bf5e01f2b9719d01fcb8f55e53726.jpg,XLVDSproSupply_Bottom1_jpg,Pins,90,204,17,38,56,128,component,,,
XLVDSproSupply_Bottom1_jpg__042__Connector.png,fpic_rf100,train/images/XLVDSproSupply_Bottom1_jpg.rf.056bf5e01f2b9719d01fcb8f55e53726.jpg,XLVDSproSupply_Bottom1_jpg,Connector,117,452,22,85,73,282,component,,,
XLVDSproSupply_Bottom2_jpg__000__Pins.png,fpic_rf100,train/images/XLVDSproSupply_Bottom2_jpg.rf.329d8b80b659968a2535a41015b3a12a.jpg,XLVDSproSupply_Bottom2_jpg,Pins,330,440,62,83,206,275,component,,,
XLVDSproSupply_Bottom2_jpg__001__Pins.png,fpic_rf100,train/images/XLVDSproSupply_Bottom2_jpg.rf.329d8b80b659968a2535a41015b3a12a.jpg,XLVDSproSupply_Bottom2_jpg,Pins,273,161,51,30,171,101,component,,,
XLVDSproSupply_Bottom2_jpg__002__Pins.png,fpic_rf100,train/images/XLVDSproSupply_Bottom2_jpg.rf.329d8b80b659968a2535a41015b3a12a.jpg,XLVDSproSupply_Bottom2_jpg,Pins,152,676,29,127,95,422,component,,,
XLVDSproSupply_Bottom2_jpg__003__Pins.png,fpic_rf100,train/images/XLVDSproSupply_Bottom2_jpg.rf.329d8b80b659968a2535a41015b3a12a.jpg,XLVDSproSupply_Bottom2_jpg,Pins,159,314,30,59,99,196,component,,,
XLVDSproSupply_Bottom2_jpg__004__Pins.png,fpic_rf100,train/images/XLVDSproSupply_Bottom2_jpg.rf.329d8b80b659968a2535a41015b3a12a.jpg,XLVDSproSupply_Bottom2_jpg,Pins,117,261,22,49,73,163,component,,,
XLVDSproSupply_Bottom2_jpg__005__Pins.png,fpic_rf100,train/images/XLVDSproSupply_Bottom2_jpg.rf.329d8b80b659968a2535a41015b3a12a.jpg,XLVDSproSupply_Bottom2_jpg,Pins,79,228,15,43,49,142,component,,,
XLVDSproSupply_Bottom2_jpg__006__Pins.png,fpic_rf100,train/images/XLVDSproSupply_Bottom2_jpg.rf.329d8b80b659968a2535a41015b3a12a.jpg,XLVDSproSupply_Bottom2_jpg,Pins,151,148,28,28,95,92,component,,,
XLVDSproSupply_Bottom2_jpg__007__Pins.png,fpic_rf100,train/images/XLVDSproSupply_Bottom2_jpg.rf.329d8b80b659968a2535a41015b3a12a.jpg,XLVDSproSupply_Bottom2_jpg,Pins,337,299,63,56,211,187,component,,,
XLVDSproSupply_Bottom2_jpg__008__Pins.png,fpic_rf100,train/images/XLVDSproSupply_Bottom2_jpg.rf.329d8b80b659968a2535a41015b3a12a.jpg,XLVDSproSupply_Bottom2_jpg,Pins,340,300,64,56,212,188,component,,,
XLVDSproSupply_Bottom2_jpg__010__Pins.png,fpic_rf100,train/images/XLVDSproSupply_Bottom2_jpg.rf.329d8b80b659968a2535a41015b3a12a.jpg,XLVDSproSupply_Bottom2_jpg,Pins,143,148,27,28,89,92,component,,,
XLVDSproSupply_Bottom2_jpg__011__Pins.png,fpic_rf100,train/images/XLVDSproSupply_Bottom2_jpg.rf.329d8b80b659968a2535a41015b3a12a.jpg,XLVDSproSupply_Bottom2_jpg,Pins,116,421,22,79,72,263,component,,,
XLVDSproSupply_Bottom2_jpg__012__Pins.png,fpic_rf100,train/images/XLVDSproSupply_Bottom2_jpg.rf.329d8b80b659968a2535a41015b3a12a.jpg,XLVDSproSupply_Bottom2_jpg,Pins,625,304,117,57,391,190,component,,,
XLVDSproSupply_Bottom2_jpg__013__Pins.png,fpic_rf100,train/images/XLVDSproSupply_Bottom2_jpg.rf.329d8b80b659968a2535a41015b3a12a.jpg,XLVDSproSupply_Bottom2_jpg,Pins,145,140,27,26,91,88,component,,,
XLVDSproSupply_Bottom2_jpg__014__Pins.png,fpic_rf100,train/images/XLVDSproSupply_Bottom2_jpg.rf.329d8b80b659968a2535a41015b3a12a.jpg,XLVDSproSupply_Bottom2_jpg,Pins,150,680,28,127,94,425,component,,,
XLVDSproSupply_Bottom2_jpg__015__Pins.png,fpic_rf100,train/images/XLVDSproSupply_Bottom2_jpg.rf.329d8b80b659968a2535a41015b3a12a.jpg,XLVDSproSupply_Bottom2_jpg,Pins,145,140,27,26,91,88,component,,,
XLVDSproSupply_Bottom2_jpg__016__Pins.png,fpic_rf100,train/images/XLVDSproSupply_Bottom2_jpg.rf.329d8b80b659968a2535a41015b3a12a.jpg,XLVDSproSupply_Bottom2_jpg,Pins,117,406,22,76,73,254,component,,,
XLVDSproSupply_Bottom2_jpg__017__Pins.png,fpic_rf100,train/images/XLVDSproSupply_Bottom2_jpg.rf.329d8b80b659968a2535a41015b3a12a.jpg,XLVDSproSupply_Bottom2_jpg,Pins,84,84,16,16,52,52,component,,,
XLVDSproSupply_Bottom2_jpg__018__Pins.png,fpic_rf100,train/images/XLVDSproSupply_Bottom2_jpg.rf.329d8b80b659968a2535a41015b3a12a.jpg,XLVDSproSupply_Bottom2_jpg,Pins,256,453,48,85,160,283,component,,,
XLVDSproSupply_Bottom2_jpg__019__Pins.png,fpic_rf100,train/images/XLVDSproSupply_Bottom2_jpg.rf.329d8b80b659968a2535a41015b3a12a.jpg,XLVDSproSupply_Bottom2_jpg,Pins,108,442,20,83,68,276,component,,,
XLVDSproSupply_Bottom2_jpg__020__Pins.png,fpic_rf100,train/images/XLVDSproSupply_Bottom2_jpg.rf.329d8b80b659968a2535a41015b3a12a.jpg,XLVDSproSupply_Bottom2_jpg,Pins,113,449,21,84,71,281,component,,,
XLVDSproSupply_Bottom2_jpg__021__Pins.png,fpic_rf100,train/images/XLVDSproSupply_Bottom2_jpg.rf.329d8b80b659968a2535a41015b3a12a.jpg,XLVDSproSupply_Bottom2_jpg,Pins,148,148,28,28,92,92,component,,,
XLVDSproSupply_Bottom2_jpg__022__Pins.png,fpic_rf100,train/images/XLVDSproSupply_Bottom2_jpg.rf.329d8b80b659968a2535a41015b3a12a.jpg,XLVDSproSupply_Bottom2_jpg,Pins,148,148,28,28,92,92,component,,,
XLVDSproSupply_Bottom2_jpg__023__Pins.png,fpic_rf100,train/images/XLVDSproSupply_Bottom2_jpg.rf.329d8b80b659968a2535a41015b3a12a.jpg,XLVDSproSupply_Bottom2_jpg,Pins,123,417,23,78,77,261,component,,,
XLVDSproSupply_Bottom2_jpg__024__Pins.png,fpic_rf100,train/images/XLVDSproSupply_Bottom2_jpg.rf.329d8b80b659968a2535a41015b3a12a.jpg,XLVDSproSupply_Bottom2_jpg,Pins,156,225,29,42,98,141,component,,,
XLVDSproSupply_Bottom2_jpg__025__Pins.png,fpic_rf100,train/images/XLVDSproSupply_Bottom2_jpg.rf.329d8b80b659968a2535a41015b3a12a.jpg,XLVDSproSupply_Bottom2_jpg,Pins,2332,244,437,46,1458,152,component,,,
XLVDSproSupply_Bottom2_jpg__026__Pins.png,fpic_rf100,train/images/XLVDSproSupply_Bottom2_jpg.rf.329d8b80b659968a2535a41015b3a12a.jpg,XLVDSproSupply_Bottom2_jpg,Pins,634,124,119,23,396,78,component,,,
XLVDSproSupply_Bottom2_jpg__029__Connector.png,fpic_rf100,train/images/XLVDSproSupply_Bottom2_jpg.rf.329d8b80b659968a2535a41015b3a12a.jpg,XLVDSproSupply_Bottom2_jpg,Connector,456,474,86,89,285,296,component,,,
XLVDSproSupply_Bottom2_jpg__031__Pins.png,fpic_rf100,train/images/XLVDSproSupply_Bottom2_jpg.rf.329d8b80b659968a2535a41015b3a12a.jpg,XLVDSproSupply_Bottom2_jpg,Pins,159,277,30,52,99,173,component,,,
XLVDSproSupply_Bottom2_jpg__032__Pins.png,fpic_rf100,train/images/XLVDSproSupply_Bottom2_jpg.rf.329d8b80b659968a2535a41015b3a12a.jpg,XLVDSproSupply_Bottom2_jpg,Pins,76,220,14,41,48,138,component,,,
XLVDSproSupply_Bottom2_jpg__033__Pins.png,fpic_rf100,train/images/XLVDSproSupply_Bottom2_jpg.rf.329d8b80b659968a2535a41015b3a12a.jpg,XLVDSproSupply_Bottom2_jpg,Pins,167,1082,31,203,105,676,component,,,
XLVDSproSupply_Bottom2_jpg__034__Pins.png,fpic_rf100,train/images/XLVDSproSupply_Bottom2_jpg.rf.329d8b80b659968a2535a41015b3a12a.jpg,XLVDSproSupply_Bottom2_jpg,Pins,244,625,46,117,152,391,component,,,
XLVDSproSupply_Bottom2_jpg__035__Pins.png,fpic_rf100,train/images/XLVDSproSupply_Bottom2_jpg.rf.329d8b80b659968a2535a41015b3a12a.jpg,XLVDSproSupply_Bottom2_jpg,Pins,165,279,31,52,103,175,component,,,
XLVDSproSupply_Bottom2_jpg__036__Pins.png,fpic_rf100,train/images/XLVDSproSupply_Bottom2_jpg.rf.329d8b80b659968a2535a41015b3a12a.jpg,XLVDSproSupply_Bottom2_jpg,Pins,150,673,28,126,94,421,component,,,
XLVDSproSupply_Bottom2_jpg__037__Pins.png,fpic_rf100,train/images/XLVDSproSupply_Bottom2_jpg.rf.329d8b80b659968a2535a41015b3a12a.jpg,XLVDSproSupply_Bottom2_jpg,Pins,144,234,27,0,90,180,component,,,
XLVDSproSupply_Top1_jpg__013__IC.png,fpic_rf100,train/images/XLVDSproSupply_Top1_jpg.rf.208d07a5893fb10a1aba4e3838c5edad.jpg,XLVDSproSupply_Top1_jpg,IC,118,170,22,32,74,106,component,,,
XLVDSproSupply_Top1_jpg__016__IC.png,fpic_rf100,train/images/XLVDSproSupply_Top1_jpg.rf.208d07a5893fb10a1aba4e3838c5edad.jpg,XLVDSproSupply_Top1_jpg,IC,133,159,25,30,83,99,component,,,
XLVDSproSupply_Top1_jpg__034__Electrolytic_Capacitor.png,fpic_rf100,train/images/XLVDSproSupply_Top1_jpg.rf.208d07a5893fb10a1aba4e3838c5edad.jpg,XLVDSproSupply_Top1_jpg,Electrolytic Capacitor,176,180,33,34,110,112,component,,,
XLVDSproSupply_Top1_jpg__038__IC.png,fpic_rf100,train/images/XLVDSproSupply_Top1_jpg.rf.208d07a5893fb10a1aba4e3838c5edad.jpg,XLVDSproSupply_Top1_jpg,IC,155,101,29,19,97,63,component,,,
XLVDSproSupply_Top1_jpg__051__Connector.png,fpic_rf100,train/images/XLVDSproSupply_Top1_jpg.rf.208d07a5893fb10a1aba4e3838c5edad.jpg,XLVDSproSupply_Top1_jpg,Connector,234,607,44,114,146,379,component,,,
XLVDSproSupply_Top1_jpg__053__IC.png,fpic_rf100,train/images/XLVDSproSupply_Top1_jpg.rf.208d07a5893fb10a1aba4e3838c5edad.jpg,XLVDSproSupply_Top1_jpg,IC,117,168,22,31,73,105,component,,,
XLVDSproSupply_Top1_jpg__066__IC.png,fpic_rf100,train/images/XLVDSproSupply_Top1_jpg.rf.208d07a5893fb10a1aba4e3838c5edad.jpg,XLVDSproSupply_Top1_jpg,IC,120,107,22,20,75,67,component,,,
XLVDSproSupply_Top1_jpg__069__Electrolytic_Capacitor.png,fpic_rf100,train/images/XLVDSproSupply_Top1_jpg.rf.208d07a5893fb10a1aba4e3838c5edad.jpg,XLVDSproSupply_Top1_jpg,Electrolytic Capacitor,180,166,34,31,112,104,component,,,
XLVDSproSupply_Top1_jpg__085__IC.png,fpic_rf100,train/images/XLVDSproSupply_Top1_jpg.rf.208d07a5893fb10a1aba4e3838c5edad.jpg,XLVDSproSupply_Top1_jpg,IC,156,193,29,36,98,121,component,,,
XLVDSproSupply_Top1_jpg__091__Pads.png,fpic_rf100,train/images/XLVDSproSupply_Top1_jpg.rf.208d07a5893fb10a1aba4e3838c5edad.jpg,XLVDSproSupply_Top1_jpg,Pads,104,101,20,19,65,63,component,,,
XLVDSproSupply_Top1_jpg__095__Connector.png,fpic_rf100,train/images/XLVDSproSupply_Top1_jpg.rf.208d07a5893fb10a1aba4e3838c5edad.jpg,XLVDSproSupply_Top1_jpg,Connector,351,479,66,90,219,299,component,,,
XLVDSproSupply_Top1_jpg__124__IC.png,fpic_rf100,train/images/XLVDSproSupply_Top1_jpg.rf.208d07a5893fb10a1aba4e3838c5edad.jpg,XLVDSproSupply_Top1_jpg,IC,134,156,25,29,84,98,component,,,
XLVDSproSupply_Top1_jpg__127__IC.png,fpic_rf100,train/images/XLVDSproSupply_Top1_jpg.rf.208d07a5893fb10a1aba4e3838c5edad.jpg,XLVDSproSupply_Top1_jpg,IC,204,212,38,40,128,132,component,,,
XLVDSproSupply_Top1_jpg__129__IC.png,fpic_rf100,train/images/XLVDSproSupply_Top1_jpg.rf.208d07a5893fb10a1aba4e3838c5edad.jpg,XLVDSproSupply_Top1_jpg,IC,171,122,32,23,107,76,component,,,
XLVDSproSupply_Top1_jpg__136__IC.png,fpic_rf100,train/images/XLVDSproSupply_Top1_jpg.rf.208d07a5893fb10a1aba4e3838c5edad.jpg,XLVDSproSupply_Top1_jpg,IC,171,122,32,23,107,76,component,,,
XLVDSproSupply_Top1_jpg__143__IC.png,fpic_rf100,train/images/XLVDSproSupply_Top1_jpg.rf.208d07a5893fb10a1aba4e3838c5edad.jpg,XLVDSproSupply_Top1_jpg,IC,116,79,22,15,72,49,component,,,
XLVDSproSupply_Top1_jpg__152__Clock.png,fpic_rf100,train/images/XLVDSproSupply_Top1_jpg.rf.208d07a5893fb10a1aba4e3838c5edad.jpg,XLVDSproSupply_Top1_jpg,Clock,260,209,49,39,162,131,component,,,
XLVDSproSupply_Top1_jpg__170__Connector.png,fpic_rf100,train/images/XLVDSproSupply_Top1_jpg.rf.208d07a5893fb10a1aba4e3838c5edad.jpg,XLVDSproSupply_Top1_jpg,Connector,378,294,71,55,236,184,component,,,
XLVDSproSupply_Top1_jpg__178__Clock.png,fpic_rf100,train/images/XLVDSproSupply_Top1_jpg.rf.208d07a5893fb10a1aba4e3838c5edad.jpg,XLVDSproSupply_Top1_jpg,Clock,100,106,19,20,62,66,component,,,
XLVDSproSupply_Top1_jpg__185__Connector.png,fpic_rf100,train/images/XLVDSproSupply_Top1_jpg.rf.208d07a5893fb10a1aba4e3838c5edad.jpg,XLVDSproSupply_Top1_jpg,Connector,193,150,36,0,121,115,component,,,
XLVDSproSupply_Top1_jpg__211__Connector.png,fpic_rf100,train/images/XLVDSproSupply_Top1_jpg.rf.208d07a5893fb10a1aba4e3838c5edad.jpg,XLVDSproSupply_Top1_jpg,Connector,232,613,44,115,145,383,component,,,
XLVDSproSupply_Top1_jpg__213__Connector.png,fpic_rf100,train/images/XLVDSproSupply_Top1_jpg.rf.208d07a5893fb10a1aba4e3838c5edad.jpg,XLVDSproSupply_Top1_jpg,Connector,239,236,45,44,149,148,component,,,
XLVDSproSupply_Top1_jpg__223__Clock.png,fpic_rf100,train/images/XLVDSproSupply_Top1_jpg.rf.208d07a5893fb10a1aba4e3838c5edad.jpg,XLVDSproSupply_Top1_jpg,Clock,100,112,19,21,62,70,component,,,
XLVDSproSupply_Top1_jpg__224__IC.png,fpic_rf100,train/images/XLVDSproSupply_Top1_jpg.rf.208d07a5893fb10a1aba4e3838c5edad.jpg,XLVDSproSupply_Top1_jpg,IC,159,196,30,37,99,122,component,,,
XLVDSproSupply_Top1_jpg__232__Connector.png,fpic_rf100,train/images/XLVDSproSupply_Top1_jpg.rf.208d07a5893fb10a1aba4e3838c5edad.jpg,XLVDSproSupply_Top1_jpg,Connector,225,272,42,51,141,170,component,,,
XLVDSproSupply_Top1_jpg__250__IC.png,fpic_rf100,train/images/XLVDSproSupply_Top1_jpg.rf.208d07a5893fb10a1aba4e3838c5edad.jpg,XLVDSproSupply_Top1_jpg,IC,117,138,22,26,73,86,component,,,
XLVDSproSupply_Top1_jpg__252__Connector.png,fpic_rf100,train/images/XLVDSproSupply_Top1_jpg.rf.208d07a5893fb10a1aba4e3838c5edad.jpg,XLVDSproSupply_Top1_jpg,Connector,191,187,36,0,119,144,component,,,
XLVDSproSupply_Top1_jpg__255__IC.png,fpic_rf100,train/images/XLVDSproSupply_Top1_jpg.rf.208d07a5893fb10a1aba4e3838c5edad.jpg,XLVDSproSupply_Top1_jpg,IC,79,117,15,22,49,73,component,,,
XLVDSproSupply_Top1_jpg__272__Connector.png,fpic_rf100,train/images/XLVDSproSupply_Top1_jpg.rf.208d07a5893fb10a1aba4e3838c5edad.jpg,XLVDSproSupply_Top1_jpg,Connector,225,248,42,50,141,167,component,,,
XLVDSproSupply_Top1_jpg__279__Resistor.png,fpic_rf100,train/images/XLVDSproSupply_Top1_jpg.rf.208d07a5893fb10a1aba4e3838c5edad.jpg,XLVDSproSupply_Top1_jpg,Resistor,385,287,72,54,241,179,component,,,
XLVDSproSupply_Top1_jpg__280__IC.png,fpic_rf100,train/images/XLVDSproSupply_Top1_jpg.rf.208d07a5893fb10a1aba4e3838c5edad.jpg,XLVDSproSupply_Top1_jpg,IC,171,123,32,23,107,77,component,,,
XLVDSproSupply_Top1_jpg__283__Connector.png,fpic_rf100,train/images/XLVDSproSupply_Top1_jpg.rf.208d07a5893fb10a1aba4e3838c5edad.jpg,XLVDSproSupply_Top1_jpg,Connector,107,344,20,64,67,215,component,,,
XLVDSproSupply_Top1_jpg__293__Connector.png,fpic_rf100,train/images/XLVDSproSupply_Top1_jpg.rf.208d07a5893fb10a1aba4e3838c5edad.jpg,XLVDSproSupply_Top1_jpg,Connector,138,311,26,22,86,222,component,,,
XLVDSproSupply_Top1_jpg__294__Connector.png,fpic_rf100,train/images/XLVDSproSupply_Top1_jpg.rf.208d07a5893fb10a1aba4e3838c5edad.jpg,XLVDSproSupply_Top1_jpg,Connector,148,319,28,29,92,223,component,,,
XLVDSproSupply_Top1_jpg__296__Connector.png,fpic_rf100,train/images/XLVDSproSupply_Top1_jpg.rf.208d07a5893fb10a1aba4e3838c5edad.jpg,XLVDSproSupply_Top1_jpg,Connector,405,220,76,41,253,138,component,,,
XLVDSproSupply_Top1_jpg__304__IC.png,fpic_rf100,train/images/XLVDSproSupply_Top1_jpg.rf.208d07a5893fb10a1aba4e3838c5edad.jpg,XLVDSproSupply_Top1_jpg,IC,152,101,28,19,95,63,component,,,
XLVDSproSupply_Top1_jpg__310__IC.png,fpic_rf100,train/images/XLVDSproSupply_Top1_jpg.rf.208d07a5893fb10a1aba4e3838c5edad.jpg,XLVDSproSupply_Top1_jpg,IC,159,101,30,19,99,63,component,,,
XLVDSproSupply_Top1_jpg__333__Switch.png,fpic_rf100,train/images/XLVDSproSupply_Top1_jpg.rf.208d07a5893fb10a1aba4e3838c5edad.jpg,XLVDSproSupply_Top1_jpg,Switch,170,220,32,41,106,138,component,,,
XLVDSproSupply_Top1_jpg__335__Inductor.png,fpic_rf100,train/images/XLVDSproSupply_Top1_jpg.rf.208d07a5893fb10a1aba4e3838c5edad.jpg,XLVDSproSupply_Top1_jpg,Inductor,156,220,29,41,98,138,component,,,
XLVDSproSupply_Top1_jpg__337__Transistor.png,fpic_rf100,train/images/XLVDSproSupply_Top1_jpg.rf.208d07a5893fb10a1aba4e3838c5edad.jpg,XLVDSproSupply_Top1_jpg,Transistor,103,159,19,30,65,99,component,,,
XLVDSproSupply_Top1_jpg__348__IC.png,fpic_rf100,train/images/XLVDSproSupply_Top1_jpg.rf.208d07a5893fb10a1aba4e3838c5edad.jpg,XLVDSproSupply_Top1_jpg,IC,155,105,29,20,97,65,component,,,
XLVDSproSupply_Top1_jpg__350__IC.png,fpic_rf100,train/images/XLVDSproSupply_Top1_jpg.rf.208d07a5893fb10a1aba4e3838c5edad.jpg,XLVDSproSupply_Top1_jpg,IC,160,103,30,19,100,65,component,,,
XLVDSproSupply_Top1_jpg__357__Electrolytic_Capacitor.png,fpic_rf100,train/images/XLVDSproSupply_Top1_jpg.rf.208d07a5893fb10a1aba4e3838c5edad.jpg,XLVDSproSupply_Top1_jpg,Electrolytic Capacitor,191,188,36,35,119,118,component,,,
XLVDSproSupply_Top1_jpg__358__Electrolytic_Capacitor.png,fpic_rf100,train/images/XLVDSproSupply_Top1_jpg.rf.208d07a5893fb10a1aba4e3838c5edad.jpg,XLVDSproSupply_Top1_jpg,Electrolytic Capacitor,175,180,33,34,109,112,component,,,
XLVDSproSupply_Top1_jpg__359__Electrolytic_Capacitor.png,fpic_rf100,train/images/XLVDSproSupply_Top1_jpg.rf.208d07a5893fb10a1aba4e3838c5edad.jpg,XLVDSproSupply_Top1_jpg,Electrolytic Capacitor,184,180,34,34,115,112,component,,,
XLVDSproSupply_Top1_jpg__377__Connector.png,fpic_rf100,train/images/XLVDSproSupply_Top1_jpg.rf.208d07a5893fb10a1aba4e3838c5edad.jpg,XLVDSproSupply_Top1_jpg,Connector,347,474,65,89,217,296,component,,,
XLVDSproSupply_Top1_jpg__380__IC.png,fpic_rf100,train/images/XLVDSproSupply_Top1_jpg.rf.208d07a5893fb10a1aba4e3838c5edad.jpg,XLVDSproSupply_Top1_jpg,IC,152,101,28,19,95,63,component,,,
XLVDSproSupply_Top1_jpg__392__Electrolytic_Capacitor.png,fpic_rf100,train/images/XLVDSproSupply_Top1_jpg.rf.208d07a5893fb10a1aba4e3838c5edad.jpg,XLVDSproSupply_Top1_jpg,Electrolytic Capacitor,175,171,33,32,109,107,component,,,
ZTurn_jpg__000__Resistor_Network.png,fpic_rf100,train/images/ZTurn_jpg.rf.022aa5e20831e1b21b6c6714f283af4d.jpg,ZTurn_jpg,Resistor Network,208,111,39,21,130,69,component,,,
ZTurn_jpg__007__Connector.png,fpic_rf100,train/images/ZTurn_jpg.rf.022aa5e20831e1b21b6c6714f283af4d.jpg,ZTurn_jpg,Connector,649,700,122,131,405,438,component,,,
ZTurn_jpg__009__IC.png,fpic_rf100,train/images/ZTurn_jpg.rf.022aa5e20831e1b21b6c6714f283af4d.jpg,ZTurn_jpg,IC,369,372,69,70,231,232,component,,,
ZTurn_jpg__010__IC.png,fpic_rf100,train/images/ZTurn_jpg.rf.022aa5e20831e1b21b6c6714f283af4d.jpg,ZTurn_jpg,IC,532,532,100,100,332,332,component,,,
ZTurn_jpg__011__Capacitor.png,fpic_rf100,train/images/ZTurn_jpg.rf.022aa5e20831e1b21b6c6714f283af4d.jpg,ZTurn_jpg,Capacitor,79,123,15,23,49,77,component,,,
ZTurn_jpg__013__Resistor_Network.png,fpic_rf100,train/images/ZTurn_jpg.rf.022aa5e20831e1b21b6c6714f283af4d.jpg,ZTurn_jpg,Resistor Network,208,116,39,22,130,72,component,,,
ZTurn_jpg__014__Connector.png,fpic_rf100,train/images/ZTurn_jpg.rf.022aa5e20831e1b21b6c6714f283af4d.jpg,ZTurn_jpg,Connector,1407,1103,264,207,879,689,component,,,
ZTurn_jpg__016__Capacitor.png,fpic_rf100,train/images/ZTurn_jpg.rf.022aa5e20831e1b21b6c6714f283af4d.jpg,ZTurn_jpg,Capacitor,224,116,42,22,140,72,component,,,
ZTurn_jpg__020__IC.png,fpic_rf100,train/images/ZTurn_jpg.rf.022aa5e20831e1b21b6c6714f283af4d.jpg,ZTurn_jpg,IC,532,390,100,73,332,244,component,,,
ZTurn_jpg__021__IC.png,fpic_rf100,train/images/ZTurn_jpg.rf.022aa5e20831e1b21b6c6714f283af4d.jpg,ZTurn_jpg,IC,257,212,48,40,161,132,component,,,
ZTurn_jpg__022__IC.png,fpic_rf100,train/images/ZTurn_jpg.rf.022aa5e20831e1b21b6c6714f283af4d.jpg,ZTurn_jpg,IC,308,459,58,86,192,287,component,,,
ZTurn_jpg__023__Capacitor.png,fpic_rf100,train/images/ZTurn_jpg.rf.022aa5e20831e1b21b6c6714f283af4d.jpg,ZTurn_jpg,Capacitor,127,208,24,39,79,130,component,,,
ZTurn_jpg__028__Capacitor.png,fpic_rf100,train/images/ZTurn_jpg.rf.022aa5e20831e1b21b6c6714f283af4d.jpg,ZTurn_jpg,Capacitor,85,128,16,24,53,80,component,,,
ZTurn_jpg__029__Capacitor.png,fpic_rf100,train/images/ZTurn_jpg.rf.022aa5e20831e1b21b6c6714f283af4d.jpg,ZTurn_jpg,Capacitor,218,129,41,24,136,81,component,,,
ZTurn_jpg__035__Resistor_Network.png,fpic_rf100,train/images/ZTurn_jpg.rf.022aa5e20831e1b21b6c6714f283af4d.jpg,ZTurn_jpg,Resistor Network,139,76,26,14,87,48,component,,,
ZTurn_jpg__050__Ferrite_Bead.png,fpic_rf100,train/images/ZTurn_jpg.rf.022aa5e20831e1b21b6c6714f283af4d.jpg,ZTurn_jpg,Ferrite Bead,80,187,15,35,50,117,component,,,
ZTurn_jpg__051__Ferrite_Bead.png,fpic_rf100,train/images/ZTurn_jpg.rf.022aa5e20831e1b21b6c6714f283af4d.jpg,ZTurn_jpg,Ferrite Bead,91,196,17,37,57,122,component,,,
ZTurn_jpg__052__Ferrite_Bead.png,fpic_rf100,train/images/ZTurn_jpg.rf.022aa5e20831e1b21b6c6714f283af4d.jpg,ZTurn_jpg,Ferrite Bead,91,198,17,37,57,124,component,,,
ZTurn_jpg__053__Capacitor.png,fpic_rf100,train/images/ZTurn_jpg.rf.022aa5e20831e1b21b6c6714f283af4d.jpg,ZTurn_jpg,Capacitor,111,220,21,41,69,138,component,,,
ZTurn_jpg__054__Capacitor.png,fpic_rf100,train/images/ZTurn_jpg.rf.022aa5e20831e1b21b6c6714f283af4d.jpg,ZTurn_jpg,Capacitor,122,220,23,41,76,138,component,,,
ZTurn_jpg__055__Ferrite_Bead.png,fpic_rf100,train/images/ZTurn_jpg.rf.022aa5e20831e1b21b6c6714f283af4d.jpg,ZTurn_jpg,Ferrite Bead,96,208,18,39,60,130,component,,,
ZTurn_jpg__056__Electrolytic_Capacitor.png,fpic_rf100,train/images/ZTurn_jpg.rf.022aa5e20831e1b21b6c6714f283af4d.jpg,ZTurn_jpg,Electrolytic Capacitor,200,378,37,71,125,236,component,,,
ZTurn_jpg__057__Diode.png,fpic_rf100,train/images/ZTurn_jpg.rf.022aa5e20831e1b21b6c6714f283af4d.jpg,ZTurn_jpg,Diode,428,176,80,33,268,110,component,,,
ZTurn_jpg__059__Ferrite_Bead.png,fpic_rf100,train/images/ZTurn_jpg.rf.022aa5e20831e1b21b6c6714f283af4d.jpg,ZTurn_jpg,Ferrite Bead,87,191,16,36,55,119,component,,,
ZTurn_jpg__060__Clock.png,fpic_rf100,train/images/ZTurn_jpg.rf.022aa5e20831e1b21b6c6714f283af4d.jpg,ZTurn_jpg,Clock,239,185,45,35,149,115,component,,,
ZTurn_jpg__061__Diode.png,fpic_rf100,train/images/ZTurn_jpg.rf.022aa5e20831e1b21b6c6714f283af4d.jpg,ZTurn_jpg,Diode,188,316,35,59,118,198,component,,,
ZTurn_jpg__064__Resistor_Network.png,fpic_rf100,train/images/ZTurn_jpg.rf.022aa5e20831e1b21b6c6714f283af4d.jpg,ZTurn_jpg,Resistor Network,129,79,24,15,81,49,component,,,
ZTurn_jpg__068__IC.png,fpic_rf100,train/images/ZTurn_jpg.rf.022aa5e20831e1b21b6c6714f283af4d.jpg,ZTurn_jpg,IC,960,598,180,112,600,374,component,,,
ZTurn_jpg__069__Ferrite_Bead.png,fpic_rf100,train/images/ZTurn_jpg.rf.022aa5e20831e1b21b6c6714f283af4d.jpg,ZTurn_jpg,Ferrite Bead,212,106,40,20,132,66,component,,,
ZTurn_jpg__071__Electrolytic_Capacitor.png,fpic_rf100,train/images/ZTurn_jpg.rf.022aa5e20831e1b21b6c6714f283af4d.jpg,ZTurn_jpg,Electrolytic Capacitor,212,374,40,70,132,234,component,,,
ZTurn_jpg__072__Resistor_Network.png,fpic_rf100,train/images/ZTurn_jpg.rf.022aa5e20831e1b21b6c6714f283af4d.jpg,ZTurn_jpg,Resistor Network,134,81,25,15,84,51,component,,,
ZTurn_jpg__073__Diode.png,fpic_rf100,train/images/ZTurn_jpg.rf.022aa5e20831e1b21b6c6714f283af4d.jpg,ZTurn_jpg,Diode,230,127,43,24,144,79,component,,,
ZTurn_jpg__078__Diode.png,fpic_rf100,train/images/ZTurn_jpg.rf.022aa5e20831e1b21b6c6714f283af4d.jpg,ZTurn_jpg,Diode,133,88,25,17,83,55,component,,,
ZTurn_jpg__079__Diode.png,fpic_rf100,train/images/ZTurn_jpg.rf.022aa5e20831e1b21b6c6714f283af4d.jpg,ZTurn_jpg,Diode,661,704,124,132,413,440,component,,,
ZTurn_jpg__080__IC.png,fpic_rf100,train/images/ZTurn_jpg.rf.022aa5e20831e1b21b6c6714f283af4d.jpg,ZTurn_jpg,IC,662,636,124,119,414,398,component,,,
ZTurn_jpg__081__Capacitor.png,fpic_rf100,train/images/ZTurn_jpg.rf.022aa5e20831e1b21b6c6714f283af4d.jpg,ZTurn_jpg,Capacitor,129,223,24,42,81,139,component,,,
ZTurn_jpg__082__IC.png,fpic_rf100,train/images/ZTurn_jpg.rf.022aa5e20831e1b21b6c6714f283af4d.jpg,ZTurn_jpg,IC,475,491,89,92,297,307,component,,,
ZTurn_jpg__083__Electrolytic_Capacitor.png,fpic_rf100,train/images/ZTurn_jpg.rf.022aa5e20831e1b21b6c6714f283af4d.jpg,ZTurn_jpg,Electrolytic Capacitor,197,385,37,72,123,241,component,,,
ZTurn_jpg__084__IC.png,fpic_rf100,train/images/ZTurn_jpg.rf.022aa5e20831e1b21b6c6714f283af4d.jpg,ZTurn_jpg,IC,1199,1195,225,224,749,747,component,,,
ZTurn_jpg__085__Capacitor.png,fpic_rf100,train/images/ZTurn_jpg.rf.022aa5e20831e1b21b6c6714f283af4d.jpg,ZTurn_jpg,Capacitor,220,123,41,23,138,77,component,,,
ZTurn_jpg__086__Capacitor.png,fpic_rf100,train/images/ZTurn_jpg.rf.022aa5e20831e1b21b6c6714f283af4d.jpg,ZTurn_jpg,Capacitor,230,129,43,24,144,81,component,,,
ZTurn_jpg__087__Capacitor.png,fpic_rf100,train/images/ZTurn_jpg.rf.022aa5e20831e1b21b6c6714f283af4d.jpg,ZTurn_jpg,Capacitor,229,133,43,25,143,83,component,,,
ZTurn_jpg__088__Connector.png,fpic_rf100,train/images/ZTurn_jpg.rf.022aa5e20831e1b21b6c6714f283af4d.jpg,ZTurn_jpg,Connector,837,1055,157,198,523,659,component,,,
ZTurn_jpg__092__Capacitor.png,fpic_rf100,train/images/ZTurn_jpg.rf.022aa5e20831e1b21b6c6714f283af4d.jpg,ZTurn_jpg,Capacitor,326,170,61,32,204,106,component,,,
ZTurn_jpg__093__Pads.png,fpic_rf100,train/images/ZTurn_jpg.rf.022aa5e20831e1b21b6c6714f283af4d.jpg,ZTurn_jpg,Pads,145,79,27,15,91,49,component,,,
ZTurn_jpg__095__Clock.png,fpic_rf100,train/images/ZTurn_jpg.rf.022aa5e20831e1b21b6c6714f283af4d.jpg,ZTurn_jpg,Clock,182,229,34,43,114,143,component,,,
ZTurn_jpg__096__Capacitor.png,fpic_rf100,train/images/ZTurn_jpg.rf.022aa5e20831e1b21b6c6714f283af4d.jpg,ZTurn_jpg,Capacitor,133,235,25,44,83,147,component,,,
ZTurn_jpg__098__Electrolytic_Capacitor.png,fpic_rf100,train/images/ZTurn_jpg.rf.022aa5e20831e1b21b6c6714f283af4d.jpg,ZTurn_jpg,Electrolytic Capacitor,187,372,35,70,117,232,component,,,
ZTurn_jpg__100__Diode.png,fpic_rf100,train/images/ZTurn_jpg.rf.022aa5e20831e1b21b6c6714f283af4d.jpg,ZTurn_jpg,Diode,407,201,76,38,255,125,component,,,
ZTurn_jpg__101__IC.png,fpic_rf100,train/images/ZTurn_jpg.rf.022aa5e20831e1b21b6c6714f283af4d.jpg,ZTurn_jpg,IC,966,613,181,115,604,383,component,,,
ZTurn_jpg__103__Inductor.png,fpic_rf100,train/images/ZTurn_jpg.rf.022aa5e20831e1b21b6c6714f283af4d.jpg,ZTurn_jpg,Inductor,330,443,62,83,206,277,component,,,
ZTurn_jpg__104__Capacitor.png,fpic_rf100,train/images/ZTurn_jpg.rf.022aa5e20831e1b21b6c6714f283af4d.jpg,ZTurn_jpg,Capacitor,116,220,22,41,72,138,component,,,
ZTurn_jpg__105__Capacitor.png,fpic_rf100,train/images/ZTurn_jpg.rf.022aa5e20831e1b21b6c6714f283af4d.jpg,ZTurn_jpg,Capacitor,326,166,61,31,204,104,component,,,
ZTurn_jpg__106__IC.png,fpic_rf100,train/images/ZTurn_jpg.rf.022aa5e20831e1b21b6c6714f283af4d.jpg,ZTurn_jpg,IC,218,220,41,41,136,138,component,,,
ZTurn_jpg__107__Capacitor.png,fpic_rf100,train/images/ZTurn_jpg.rf.022aa5e20831e1b21b6c6714f283af4d.jpg,ZTurn_jpg,Capacitor,117,219,22,41,73,137,component,,,
ZTurn_jpg__108__Connector.png,fpic_rf100,train/images/ZTurn_jpg.rf.022aa5e20831e1b21b6c6714f283af4d.jpg,ZTurn_jpg,Connector,975,1071,183,201,609,669,component,,,
ZTurn_jpg__109__Electrolytic_Capacitor.png,fpic_rf100,train/images/ZTurn_jpg.rf.022aa5e20831e1b21b6c6714f283af4d.jpg,ZTurn_jpg,Electrolytic Capacitor,363,187,68,35,227,117,component,,,
ZTurn_jpg__112__Ferrite_Bead.png,fpic_rf100,train/images/ZTurn_jpg.rf.022aa5e20831e1b21b6c6714f283af4d.jpg,ZTurn_jpg,Ferrite Bead,175,90,33,17,109,56,component,,,
ZTurn_jpg__115__Electrolytic_Capacitor.png,fpic_rf100,train/images/ZTurn_jpg.rf.022aa5e20831e1b21b6c6714f283af4d.jpg,ZTurn_jpg,Electrolytic Capacitor,186,374,35,70,116,234,component,,,
ZTurn_jpg__117__Inductor.png,fpic_rf100,train/images/ZTurn_jpg.rf.022aa5e20831e1b21b6c6714f283af4d.jpg,ZTurn_jpg,Inductor,364,324,68,61,228,202,component,,,
ZTurn_jpg__118__Switch.png,fpic_rf100,train/images/ZTurn_jpg.rf.022aa5e20831e1b21b6c6714f283af4d.jpg,ZTurn_jpg,Switch,545,448,102,84,341,280,component,,,
ZTurn_jpg__121__Capacitor.png,fpic_rf100,train/images/ZTurn_jpg.rf.022aa5e20831e1b21b6c6714f283af4d.jpg,ZTurn_jpg,Capacitor,129,218,24,41,81,136,component,,,
ZTurn_jpg__122__Resistor_Network.png,fpic_rf100,train/images/ZTurn_jpg.rf.022aa5e20831e1b21b6c6714f283af4d.jpg,ZTurn_jpg,Resistor Network,133,79,25,15,83,49,component,,,
ZTurn_jpg__123__Connector.png,fpic_rf100,train/images/ZTurn_jpg.rf.022aa5e20831e1b21b6c6714f283af4d.jpg,ZTurn_jpg,Connector,1004,708,188,133,628,442,component,,,
ZTurn_jpg__124__Resistor_Network.png,fpic_rf100,train/images/ZTurn_jpg.rf.022aa5e20831e1b21b6c6714f283af4d.jpg,ZTurn_jpg,Resistor Network,124,88,23,17,78,55,component,,,
ZTurn_jpg__125__Capacitor.png,fpic_rf100,train/images/ZTurn_jpg.rf.022aa5e20831e1b21b6c6714f283af4d.jpg,ZTurn_jpg,Capacitor,326,160,61,30,204,100,component,,,
ZTurn_jpg__126__IC.png,fpic_rf100,train/images/ZTurn_jpg.rf.022aa5e20831e1b21b6c6714f283af4d.jpg,ZTurn_jpg,IC,225,230,42,43,141,144,component,,,
ZTurn_jpg__127__IC.png,fpic_rf100,train/images/ZTurn_jpg.rf.022aa5e20831e1b21b6c6714f283af4d.jpg,ZTurn_jpg,IC,224,214,42,40,140,134,component,,,
ZTurn_jpg__128__Capacitor.png,fpic_rf100,train/images/ZTurn_jpg.rf.022aa5e20831e1b21b6c6714f283af4d.jpg,ZTurn_jpg,Capacitor,160,330,30,62,100,206,component,,,
ZTurn_jpg__129__Inductor.png,fpic_rf100,train/images/ZTurn_jpg.rf.022aa5e20831e1b21b6c6714f283af4d.jpg,ZTurn_jpg,Inductor,369,336,69,63,231,210,component,,,
ZTurn_jpg__130__Inductor.png,fpic_rf100,train/images/ZTurn_jpg.rf.022aa5e20831e1b21b6c6714f283af4d.jpg,ZTurn_jpg,Inductor,447,331,84,62,279,207,component,,,
ZTurn_jpg__131__Capacitor.png,fpic_rf100,train/images/ZTurn_jpg.rf.022aa5e20831e1b21b6c6714f283af4d.jpg,ZTurn_jpg,Capacitor,118,219,22,41,74,137,component,,,
ZTurn_jpg__136__IC.png,fpic_rf100,train/images/ZTurn_jpg.rf.022aa5e20831e1b21b6c6714f283af4d.jpg,ZTurn_jpg,IC,220,215,41,40,138,135,component,,,
ZTurn_jpg__138__Resistor_Network.png,fpic_rf100,train/images/ZTurn_jpg.rf.022aa5e20831e1b21b6c6714f283af4d.jpg,ZTurn_jpg,Resistor Network,79,136,15,25,49,85,component,,,
ZTurn_jpg__140__Diode.png,fpic_rf100,train/images/ZTurn_jpg.rf.022aa5e20831e1b21b6c6714f283af4d.jpg,ZTurn_jpg,Diode,236,224,44,42,148,140,component,,,
ZTurn_jpg__142__Resistor_Network.png,fpic_rf100,train/images/ZTurn_jpg.rf.022aa5e20831e1b21b6c6714f283af4d.jpg,ZTurn_jpg,Resistor Network,118,81,22,15,74,51,component,,,
ZTurn_jpg__143__Resistor_Network.png,fpic_rf100,train/images/ZTurn_jpg.rf.022aa5e20831e1b21b6c6714f283af4d.jpg,ZTurn_jpg,Resistor Network,129,79,24,15,81,49,component,,,
ZTurn_jpg__147__IC.png,fpic_rf100,train/images/ZTurn_jpg.rf.022aa5e20831e1b21b6c6714f283af4d.jpg,ZTurn_jpg,IC,456,328,85,61,285,205,component,,,
ZTurn_jpg__149__Led.png,fpic_rf100,train/images/ZTurn_jpg.rf.022aa5e20831e1b21b6c6714f283af4d.jpg,ZTurn_jpg,Led,341,404,64,76,213,252,component,,,
ZTurn_jpg__151__Resistor_Network.png,fpic_rf100,train/images/ZTurn_jpg.rf.022aa5e20831e1b21b6c6714f283af4d.jpg,ZTurn_jpg,Resistor Network,81,136,15,26,51,85,component,,,
ZTurn_jpg__154__Led.png,fpic_rf100,train/images/ZTurn_jpg.rf.022aa5e20831e1b21b6c6714f283af4d.jpg,ZTurn_jpg,Led,116,220,22,41,72,138,component,,,
ZTurn_jpg__155__Led.png,fpic_rf100,train/images/ZTurn_jpg.rf.022aa5e20831e1b21b6c6714f283af4d.jpg,ZTurn_jpg,Led,117,204,22,38,73,128,component,,,
ZTurn_jpg__156__Led.png,fpic_rf100,train/images/ZTurn_jpg.rf.022aa5e20831e1b21b6c6714f283af4d.jpg,ZTurn_jpg,Led,122,212,23,40,76,132,component,,,
ZTurn_jpg__157__Led.png,fpic_rf100,train/images/ZTurn_jpg.rf.022aa5e20831e1b21b6c6714f283af4d.jpg,ZTurn_jpg,Led,118,212,22,40,74,132,component,,,
ZTurn_jpg__160__IC.png,fpic_rf100,train/images/ZTurn_jpg.rf.022aa5e20831e1b21b6c6714f283af4d.jpg,ZTurn_jpg,IC,344,219,65,41,215,137,component,,,
ZTurn_jpg__161__Capacitor.png,fpic_rf100,train/images/ZTurn_jpg.rf.022aa5e20831e1b21b6c6714f283af4d.jpg,ZTurn_jpg,Capacitor,122,223,23,42,76,139,component,,,
ZTurn_jpg__162__Ferrite_Bead.png,fpic_rf100,train/images/ZTurn_jpg.rf.022aa5e20831e1b21b6c6714f283af4d.jpg,ZTurn_jpg,Ferrite Bead,87,193,16,36,55,121,component,,,
ZTurn_jpg__165__Connector.png,fpic_rf100,train/images/ZTurn_jpg.rf.022aa5e20831e1b21b6c6714f283af4d.jpg,ZTurn_jpg,Connector,1152,347,216,65,720,217,component,,,
ZTurn_jpg__167__Jumper.png,fpic_rf100,train/images/ZTurn_jpg.rf.022aa5e20831e1b21b6c6714f283af4d.jpg,ZTurn_jpg,Jumper,364,240,68,45,228,150,component,,,
ZTurn_jpg__170__Jumper.png,fpic_rf100,train/images/ZTurn_jpg.rf.022aa5e20831e1b21b6c6714f283af4d.jpg,ZTurn_jpg,Jumper,362,214,68,40,226,134,component,,,
ZTurn_jpg__171__Connector.png,fpic_rf100,train/images/ZTurn_jpg.rf.022aa5e20831e1b21b6c6714f283af4d.jpg,ZTurn_jpg,Connector,198,207,37,39,124,129,component,,,
ZTurn_jpg__173__Connector.png,fpic_rf100,train/images/ZTurn_jpg.rf.022aa5e20831e1b21b6c6714f283af4d.jpg,ZTurn_jpg,Connector,511,465,96,87,319,291,component,,,
ZTurn_jpg__174__Button.png,fpic_rf100,train/images/ZTurn_jpg.rf.022aa5e20831e1b21b6c6714f283af4d.jpg,ZTurn_jpg,Button,656,385,123,72,410,241,component,,,
ZTurn_jpg__176__Button.png,fpic_rf100,train/images/ZTurn_jpg.rf.022aa5e20831e1b21b6c6714f283af4d.jpg,ZTurn_jpg,Button,661,369,124,69,413,231,component,,,
ZTurn_jpg__182__Ferrite_Bead.png,fpic_rf100,train/images/ZTurn_jpg.rf.022aa5e20831e1b21b6c6714f283af4d.jpg,ZTurn_jpg,Ferrite Bead,208,118,39,22,130,74,component,,,
ZTurn_jpg__183__Resistor_Network.png,fpic_rf100,train/images/ZTurn_jpg.rf.022aa5e20831e1b21b6c6714f283af4d.jpg,ZTurn_jpg,Resistor Network,79,127,15,24,49,79,component,,,
ZTurn_jpg__185__IC.png,fpic_rf100,train/images/ZTurn_jpg.rf.022aa5e20831e1b21b6c6714f283af4d.jpg,ZTurn_jpg,IC,154,136,29,25,96,85,component,,,
ZTurn_jpg__186__Resistor_Network.png,fpic_rf100,train/images/ZTurn_jpg.rf.022aa5e20831e1b21b6c6714f283af4d.jpg,ZTurn_jpg,Resistor Network,79,136,15,25,49,85,component,,,
ZTurn_jpg__187__Resistor_Network.png,fpic_rf100,train/images/ZTurn_jpg.rf.022aa5e20831e1b21b6c6714f283af4d.jpg,ZTurn_jpg,Resistor Network,284,123,53,23,178,77,component,,,
ZTurn_jpg__188__Capacitor.png,fpic_rf100,train/images/ZTurn_jpg.rf.022aa5e20831e1b21b6c6714f283af4d.jpg,ZTurn_jpg,Capacitor,202,112,38,21,126,70,component,,,
ZTurn_jpg__189__Clock.png,fpic_rf100,train/images/ZTurn_jpg.rf.022aa5e20831e1b21b6c6714f283af4d.jpg,ZTurn_jpg,Clock,218,171,41,32,136,107,component,,,
ZTurn_jpg__190__Capacitor.png,fpic_rf100,train/images/ZTurn_jpg.rf.022aa5e20831e1b21b6c6714f283af4d.jpg,ZTurn_jpg,Capacitor,124,228,23,43,78,142,component,,,
Zedboard_jpg__012__IC.png,fpic_rf100,valid/images/Zedboard_jpg.rf.28790232de3330d95da17a4b98c35f51.jpg,Zedboard_jpg,IC,102,102,19,19,64,64,component,,,
Zedboard_jpg__020__Connector.png,fpic_rf100,valid/images/Zedboard_jpg.rf.28790232de3330d95da17a4b98c35f51.jpg,Zedboard_jpg,Connector,101,132,19,25,63,82,component,,,
Zedboard_jpg__031__Inductor.png,fpic_rf100,valid/images/Zedboard_jpg.rf.28790232de3330d95da17a4b98c35f51.jpg,Zedboard_jpg,Inductor,91,92,17,17,57,58,component,,,
Zedboard_jpg__048__Inductor.png,fpic_rf100,valid/images/Zedboard_jpg.rf.28790232de3330d95da17a4b98c35f51.jpg,Zedboard_jpg,Inductor,143,111,27,21,89,69,component,,,
Zedboard_jpg__070__Connector.png,fpic_rf100,valid/images/Zedboard_jpg.rf.28790232de3330d95da17a4b98c35f51.jpg,Zedboard_jpg,Connector,92,124,17,23,58,78,component,,,
Zedboard_jpg__119__IC.png,fpic_rf100,valid/images/Zedboard_jpg.rf.28790232de3330d95da17a4b98c35f51.jpg,Zedboard_jpg,IC,204,140,38,26,128,88,component,,,
Zedboard_jpg__124__Connector.png,fpic_rf100,valid/images/Zedboard_jpg.rf.28790232de3330d95da17a4b98c35f51.jpg,Zedboard_jpg,Connector,214,849,40,159,134,531,component,,,
Zedboard_jpg__144__Connector.png,fpic_rf100,valid/images/Zedboard_jpg.rf.28790232de3330d95da17a4b98c35f51.jpg,Zedboard_jpg,Connector,214,229,40,43,134,143,component,,,
Zedboard_jpg__150__IC.png,fpic_rf100,valid/images/Zedboard_jpg.rf.28790232de3330d95da17a4b98c35f51.jpg,Zedboard_jpg,IC,204,144,38,27,128,90,component,,,
Zedboard_jpg__217__Connector.png,fpic_rf100,valid/images/Zedboard_jpg.rf.28790232de3330d95da17a4b98c35f51.jpg,Zedboard_jpg,Connector,212,229,40,43,132,143,component,,,
Zedboard_jpg__227__Button.png,fpic_rf100,valid/images/Zedboard_jpg.rf.28790232de3330d95da17a4b98c35f51.jpg,Zedboard_jpg,Button,102,134,19,25,64,84,component,,,
Zedboard_jpg__228__Button.png,fpic_rf100,valid/images/Zedboard_jpg.rf.28790232de3330d95da17a4b98c35f51.jpg,Zedboard_jpg,Button,104,134,19,25,65,84,component,,,
Zedboard_jpg__230__Button.png,fpic_rf100,valid/images/Zedboard_jpg.rf.28790232de3330d95da17a4b98c35f51.jpg,Zedboard_jpg,Button,102,133,19,25,64,83,component,,,
Zedboard_jpg__232__Button.png,fpic_rf100,valid/images/Zedboard_jpg.rf.28790232de3330d95da17a4b98c35f51.jpg,Zedboard_jpg,Button,102,134,19,25,64,84,component,,,
Zedboard_jpg__233__Button.png,fpic_rf100,valid/images/Zedboard_jpg.rf.28790232de3330d95da17a4b98c35f51.jpg,Zedboard_jpg,Button,138,107,26,20,86,67,component,,,
Zedboard_jpg__234__Connector.png,fpic_rf100,valid/images/Zedboard_jpg.rf.28790232de3330d95da17a4b98c35f51.jpg,Zedboard_jpg,Connector,212,236,40,44,132,148,component,,,
Zedboard_jpg__236__Connector.png,fpic_rf100,valid/images/Zedboard_jpg.rf.28790232de3330d95da17a4b98c35f51.jpg,Zedboard_jpg,Connector,132,97,25,18,82,61,component,,,
Zedboard_jpg__245__Connector.png,fpic_rf100,valid/images/Zedboard_jpg.rf.28790232de3330d95da17a4b98c35f51.jpg,Zedboard_jpg,Connector,465,285,87,13,291,209,component,,,
Zedboard_jpg__246__Button.png,fpic_rf100,valid/images/Zedboard_jpg.rf.28790232de3330d95da17a4b98c35f51.jpg,Zedboard_jpg,Button,139,108,26,20,87,68,component,,,
Zedboard_jpg__247__Button.png,fpic_rf100,valid/images/Zedboard_jpg.rf.28790232de3330d95da17a4b98c35f51.jpg,Zedboard_jpg,Button,139,107,26,20,87,67,component,,,
Zedboard_jpg__248__Button.png,fpic_rf100,valid/images/Zedboard_jpg.rf.28790232de3330d95da17a4b98c35f51.jpg,Zedboard_jpg,Button,140,107,26,20,88,67,component,,,
Zedboard_jpg__249__Connector.png,fpic_rf100,valid/images/Zedboard_jpg.rf.28790232de3330d95da17a4b98c35f51.jpg,Zedboard_jpg,Connector,235,164,44,31,147,102,component,,,
Zedboard_jpg__250__Switch.png,fpic_rf100,valid/images/Zedboard_jpg.rf.28790232de3330d95da17a4b98c35f51.jpg,Zedboard_jpg,Switch,91,188,17,35,57,118,component,,,
Zedboard_jpg__251__Switch.png,fpic_rf100,valid/images/Zedboard_jpg.rf.28790232de3330d95da17a4b98c35f51.jpg,Zedboard_jpg,Switch,90,186,17,35,56,116,component,,,
Zedboard_jpg__252__Switch.png,fpic_rf100,valid/images/Zedboard_jpg.rf.28790232de3330d95da17a4b98c35f51.jpg,Zedboard_jpg,Switch,90,187,17,35,56,117,component,,,
Zedboard_jpg__253__Switch.png,fpic_rf100,valid/images/Zedboard_jpg.rf.28790232de3330d95da17a4b98c35f51.jpg,Zedboard_jpg,Switch,91,188,17,35,57,118,component,,,
Zedboard_jpg__254__Switch.png,fpic_rf100,valid/images/Zedboard_jpg.rf.28790232de3330d95da17a4b98c35f51.jpg,Zedboard_jpg,Switch,91,186,17,35,57,116,component,,,
Zedboard_jpg__255__Switch.png,fpic_rf100,valid/images/Zedboard_jpg.rf.28790232de3330d95da17a4b98c35f51.jpg,Zedboard_jpg,Switch,92,188,17,35,58,118,component,,,
Zedboard_jpg__256__Switch.png,fpic_rf100,valid/images/Zedboard_jpg.rf.28790232de3330d95da17a4b98c35f51.jpg,Zedboard_jpg,Switch,92,186,17,35,58,116,component,,,
Zedboard_jpg__257__Switch.png,fpic_rf100,valid/images/Zedboard_jpg.rf.28790232de3330d95da17a4b98c35f51.jpg,Zedboard_jpg,Switch,90,184,17,35,56,115,component,,,
Zedboard_jpg__258__Button.png,fpic_rf100,valid/images/Zedboard_jpg.rf.28790232de3330d95da17a4b98c35f51.jpg,Zedboard_jpg,Button,143,111,27,21,89,69,component,,,
Zedboard_jpg__259__Connector.png,fpic_rf100,valid/images/Zedboard_jpg.rf.28790232de3330d95da17a4b98c35f51.jpg,Zedboard_jpg,Connector,235,198,44,39,147,131,component,,,
Zedboard_jpg__260__Connector.png,fpic_rf100,valid/images/Zedboard_jpg.rf.28790232de3330d95da17a4b98c35f51.jpg,Zedboard_jpg,Connector,229,197,43,39,143,129,component,,,
Zedboard_jpg__261__Connector.png,fpic_rf100,valid/images/Zedboard_jpg.rf.28790232de3330d95da17a4b98c35f51.jpg,Zedboard_jpg,Connector,108,218,20,41,68,136,component,,,
Zedboard_jpg__262__Connector.png,fpic_rf100,valid/images/Zedboard_jpg.rf.28790232de3330d95da17a4b98c35f51.jpg,Zedboard_jpg,Connector,111,218,21,41,69,136,component,,,
Zedboard_jpg__263__Connector.png,fpic_rf100,valid/images/Zedboard_jpg.rf.28790232de3330d95da17a4b98c35f51.jpg,Zedboard_jpg,Connector,113,219,21,41,71,137,component,,,
Zedboard_jpg__264__Connector.png,fpic_rf100,valid/images/Zedboard_jpg.rf.28790232de3330d95da17a4b98c35f51.jpg,Zedboard_jpg,Connector,108,220,20,41,68,138,component,,,
Zedboard_jpg__265__Connector.png,fpic_rf100,valid/images/Zedboard_jpg.rf.28790232de3330d95da17a4b98c35f51.jpg,Zedboard_jpg,Connector,138,236,26,44,86,148,component,,,
Zedboard_jpg__275__Connector.png,fpic_rf100,valid/images/Zedboard_jpg.rf.28790232de3330d95da17a4b98c35f51.jpg,Zedboard_jpg,Connector,251,401,47,73,157,252,component,,,
Zedboard_jpg__283__Connector.png,fpic_rf100,valid/images/Zedboard_jpg.rf.28790232de3330d95da17a4b98c35f51.jpg,Zedboard_jpg,Connector,88,79,16,15,55,49,component,,,
Zedboard_jpg__287__Connector.png,fpic_rf100,valid/images/Zedboard_jpg.rf.28790232de3330d95da17a4b98c35f51.jpg,Zedboard_jpg,Connector,101,251,19,47,63,157,component,,,
Zedboard_jpg__296__Switch.png,fpic_rf100,valid/images/Zedboard_jpg.rf.28790232de3330d95da17a4b98c35f51.jpg,Zedboard_jpg,Switch,198,106,37,20,124,66,component,,,
Zedboard_jpg__297__IC.png,fpic_rf100,valid/images/Zedboard_jpg.rf.28790232de3330d95da17a4b98c35f51.jpg,Zedboard_jpg,IC,241,241,45,45,151,151,component,,,
Zedboard_jpg__298__Connector.png,fpic_rf100,valid/images/Zedboard_jpg.rf.28790232de3330d95da17a4b98c35f51.jpg,Zedboard_jpg,Connector,500,144,94,27,312,90,component,,,
Ztex_jpg__003__IC.png,fpic_rf100,train/images/Ztex_jpg.rf.1a41af0fae6f2ff85154fdd374eb0626.jpg,Ztex_jpg,IC,90,75,17,0,56,58,component,,,
Ztex_jpg__004__Clock.png,fpic_rf100,train/images/Ztex_jpg.rf.1a41af0fae6f2ff85154fdd374eb0626.jpg,Ztex_jpg,Clock,278,72,52,0,174,55,component,,,
Ztex_jpg__013__Capacitor_Jumper.png,fpic_rf100,train/images/Ztex_jpg.rf.1a41af0fae6f2ff85154fdd374eb0626.jpg,Ztex_jpg,Capacitor Jumper,86,97,20,18,65,61,component,,,
Ztex_jpg__014__Capacitor_Jumper.png,fpic_rf100,train/images/Ztex_jpg.rf.1a41af0fae6f2ff85154fdd374eb0626.jpg,Ztex_jpg,Capacitor Jumper,105,86,21,16,69,54,component,,,
Ztex_jpg__015__IC.png,fpic_rf100,train/images/Ztex_jpg.rf.1a41af0fae6f2ff85154fdd374eb0626.jpg,Ztex_jpg,IC,746,630,150,133,501,496,component,,,
Ztex_jpg__016__IC.png,fpic_rf100,train/images/Ztex_jpg.rf.1a41af0fae6f2ff85154fdd374eb0626.jpg,Ztex_jpg,IC,512,560,96,71,320,376,component,,,
Ztex_jpg__017__Connector.png,fpic_rf100,train/images/Ztex_jpg.rf.1a41af0fae6f2ff85154fdd374eb0626.jpg,Ztex_jpg,Connector,158,207,2,39,120,129,component,,,
Ztex_jpg__018__Connector.png,fpic_rf100,train/images/Ztex_jpg.rf.1a41af0fae6f2ff85154fdd374eb0626.jpg,Ztex_jpg,Connector,172,207,32,39,108,129,component,,,
Ztex_jpg__020__Capacitor_Jumper.png,fpic_rf100,train/images/Ztex_jpg.rf.1a41af0fae6f2ff85154fdd374eb0626.jpg,Ztex_jpg,Capacitor Jumper,111,90,21,17,69,56,component,,,
Ztex_jpg__021__Connector.png,fpic_rf100,train/images/Ztex_jpg.rf.1a41af0fae6f2ff85154fdd374eb0626.jpg,Ztex_jpg,Connector,1124,292,82,0,1041,225,component,,,
Ztex_jpg__028__IC.png,fpic_rf100,train/images/Ztex_jpg.rf.1a41af0fae6f2ff85154fdd374eb0626.jpg,Ztex_jpg,IC,148,152,0,29,114,95,component,,,
Ztex_jpg__036__Connector.png,fpic_rf100,train/images/Ztex_jpg.rf.1a41af0fae6f2ff85154fdd374eb0626.jpg,Ztex_jpg,Connector,1124,275,0,63,1038,211,component,,,
Zybo_jpg__001__Connector.png,fpic_rf100,valid/images/Zybo_jpg.rf.81b974ada0e3736d3955937eceb51d4f.jpg,Zybo_jpg,Connector,165,948,31,178,103,592,component,,,
Zybo_jpg__002__Connector.png,fpic_rf100,valid/images/Zybo_jpg.rf.81b974ada0e3736d3955937eceb51d4f.jpg,Zybo_jpg,Connector,169,328,32,61,105,205,component,,,
Zybo_jpg__003__Connector.png,fpic_rf100,valid/images/Zybo_jpg.rf.81b974ada0e3736d3955937eceb51d4f.jpg,Zybo_jpg,Connector,155,196,29,37,97,122,component,,,
Zybo_jpg__004__Connector.png,fpic_rf100,valid/images/Zybo_jpg.rf.81b974ada0e3736d3955937eceb51d4f.jpg,Zybo_jpg,Connector,172,332,32,62,108,208,component,,,
Zybo_jpg__005__Jumper.png,fpic_rf100,valid/images/Zybo_jpg.rf.81b974ada0e3736d3955937eceb51d4f.jpg,Zybo_jpg,Jumper,362,186,68,35,226,116,component,,,
Zybo_jpg__006__Jumper.png,fpic_rf100,valid/images/Zybo_jpg.rf.81b974ada0e3736d3955937eceb51d4f.jpg,Zybo_jpg,Jumper,223,363,42,68,139,227,component,,,
Zybo_jpg__007__Connector.png,fpic_rf100,valid/images/Zybo_jpg.rf.81b974ada0e3736d3955937eceb51d4f.jpg,Zybo_jpg,Connector,296,193,56,36,185,121,component,,,
Zybo_jpg__012__Resistor_Network.png,fpic_rf100,valid/images/Zybo_jpg.rf.81b974ada0e3736d3955937eceb51d4f.jpg,Zybo_jpg,Resistor Network,144,80,27,15,90,50,component,,,
Zybo_jpg__017__IC.png,fpic_rf100,valid/images/Zybo_jpg.rf.81b974ada0e3736d3955937eceb51d4f.jpg,Zybo_jpg,IC,404,394,76,74,252,246,component,,,
Zybo_jpg__024__Connector.png,fpic_rf100,valid/images/Zybo_jpg.rf.81b974ada0e3736d3955937eceb51d4f.jpg,Zybo_jpg,Connector,410,500,77,94,256,312,component,,,
Zybo_jpg__028__Connector.png,fpic_rf100,valid/images/Zybo_jpg.rf.81b974ada0e3736d3955937eceb51d4f.jpg,Zybo_jpg,Connector,897,480,168,90,561,300,component,,,
Zybo_jpg__032__Capacitor.png,fpic_rf100,valid/images/Zybo_jpg.rf.81b974ada0e3736d3955937eceb51d4f.jpg,Zybo_jpg,Capacitor,95,166,18,31,59,104,component,,,
Zybo_jpg__033__Connector.png,fpic_rf100,valid/images/Zybo_jpg.rf.81b974ada0e3736d3955937eceb51d4f.jpg,Zybo_jpg,Connector,176,336,33,63,110,210,component,,,
Zybo_jpg__034__Capacitor.png,fpic_rf100,valid/images/Zybo_jpg.rf.81b974ada0e3736d3955937eceb51d4f.jpg,Zybo_jpg,Capacitor,91,170,17,32,57,106,component,,,
Zybo_jpg__035__Ferrite_Bead.png,fpic_rf100,valid/images/Zybo_jpg.rf.81b974ada0e3736d3955937eceb51d4f.jpg,Zybo_jpg,Ferrite Bead,96,170,18,32,60,106,component,,,
Zybo_jpg__036__Capacitor.png,fpic_rf100,valid/images/Zybo_jpg.rf.81b974ada0e3736d3955937eceb51d4f.jpg,Zybo_jpg,Capacitor,79,136,15,26,49,85,component,,,
Zybo_jpg__038__Capacitor.png,fpic_rf100,valid/images/Zybo_jpg.rf.81b974ada0e3736d3955937eceb51d4f.jpg,Zybo_jpg,Capacitor,168,235,32,44,105,147,component,,,
Zybo_jpg__039__Capacitor.png,fpic_rf100,valid/images/Zybo_jpg.rf.81b974ada0e3736d3955937eceb51d4f.jpg,Zybo_jpg,Capacitor,168,251,31,47,105,157,component,,,
Zybo_jpg__042__Capacitor.png,fpic_rf100,valid/images/Zybo_jpg.rf.81b974ada0e3736d3955937eceb51d4f.jpg,Zybo_jpg,Capacitor,79,136,15,26,49,85,component,,,
Zybo_jpg__050__Resistor_Network.png,fpic_rf100,valid/images/Zybo_jpg.rf.81b974ada0e3736d3955937eceb51d4f.jpg,Zybo_jpg,Resistor Network,81,143,15,27,51,89,component,,,
Zybo_jpg__065__Connector.png,fpic_rf100,valid/images/Zybo_jpg.rf.81b974ada0e3736d3955937eceb51d4f.jpg,Zybo_jpg,Connector,911,480,171,90,569,300,component,,,
Zybo_jpg__066__Button.png,fpic_rf100,valid/images/Zybo_jpg.rf.81b974ada0e3736d3955937eceb51d4f.jpg,Zybo_jpg,Button,312,566,58,106,195,354,component,,,
Zybo_jpg__068__Button.png,fpic_rf100,valid/images/Zybo_jpg.rf.81b974ada0e3736d3955937eceb51d4f.jpg,Zybo_jpg,Button,312,577,58,108,195,361,component,,,
Zybo_jpg__069__Button.png,fpic_rf100,valid/images/Zybo_jpg.rf.81b974ada0e3736d3955937eceb51d4f.jpg,Zybo_jpg,Button,304,581,57,109,190,363,component,,,
Zybo_jpg__071__IC.png,fpic_rf100,valid/images/Zybo_jpg.rf.81b974ada0e3736d3955937eceb51d4f.jpg,Zybo_jpg,IC,1073,1067,201,200,671,667,component,,,
Zybo_jpg__072__Button.png,fpic_rf100,valid/images/Zybo_jpg.rf.81b974ada0e3736d3955937eceb51d4f.jpg,Zybo_jpg,Button,314,581,59,109,196,363,component,,,
Zybo_jpg__074__Resistor_Network.png,fpic_rf100,valid/images/Zybo_jpg.rf.81b974ada0e3736d3955937eceb51d4f.jpg,Zybo_jpg,Resistor Network,79,137,15,26,49,85,component,,,
Zybo_jpg__088__Resistor_Network.png,fpic_rf100,valid/images/Zybo_jpg.rf.81b974ada0e3736d3955937eceb51d4f.jpg,Zybo_jpg,Resistor Network,138,81,26,15,86,51,component,,,
Zybo_jpg__089__Connector.png,fpic_rf100,valid/images/Zybo_jpg.rf.81b974ada0e3736d3955937eceb51d4f.jpg,Zybo_jpg,Connector,895,996,168,187,559,622,component,,,
Zybo_jpg__093__Resistor_Network.png,fpic_rf100,valid/images/Zybo_jpg.rf.81b974ada0e3736d3955937eceb51d4f.jpg,Zybo_jpg,Resistor Network,79,137,15,26,49,85,component,,,
Zybo_jpg__097__Connector.png,fpic_rf100,valid/images/Zybo_jpg.rf.81b974ada0e3736d3955937eceb51d4f.jpg,Zybo_jpg,Connector,912,476,171,89,570,298,component,,,
Zybo_jpg__106__Capacitor.png,fpic_rf100,valid/images/Zybo_jpg.rf.81b974ada0e3736d3955937eceb51d4f.jpg,Zybo_jpg,Capacitor,134,76,25,14,84,48,component,,,
Zybo_jpg__111__Capacitor.png,fpic_rf100,valid/images/Zybo_jpg.rf.81b974ada0e3736d3955937eceb51d4f.jpg,Zybo_jpg,Capacitor,136,84,25,16,85,52,component,,,
Zybo_jpg__113__Led.png,fpic_rf100,valid/images/Zybo_jpg.rf.81b974ada0e3736d3955937eceb51d4f.jpg,Zybo_jpg,Led,160,79,30,15,100,49,component,,,
Zybo_jpg__116__Capacitor.png,fpic_rf100,valid/images/Zybo_jpg.rf.81b974ada0e3736d3955937eceb51d4f.jpg,Zybo_jpg,Capacitor,79,128,15,24,49,80,component,,,
Zybo_jpg__121__Capacitor.png,fpic_rf100,valid/images/Zybo_jpg.rf.81b974ada0e3736d3955937eceb51d4f.jpg,Zybo_jpg,Capacitor,134,84,25,16,84,52,component,,,
Zybo_jpg__127__IC.png,fpic_rf100,valid/images/Zybo_jpg.rf.81b974ada0e3736d3955937eceb51d4f.jpg,Zybo_jpg,IC,596,900,112,169,372,562,component,,,
Zybo_jpg__130__Resistor_Network.png,fpic_rf100,valid/images/Zybo_jpg.rf.81b974ada0e3736d3955937eceb51d4f.jpg,Zybo_jpg,Resistor Network,133,79,25,15,83,49,component,,,
Zybo_jpg__132__Button.png,fpic_rf100,valid/images/Zybo_jpg.rf.81b974ada0e3736d3955937eceb51d4f.jpg,Zybo_jpg,Button,324,586,61,110,202,366,component,,,
Zybo_jpg__133__Button.png,fpic_rf100,valid/images/Zybo_jpg.rf.81b974ada0e3736d3955937eceb51d4f.jpg,Zybo_jpg,Button,316,566,59,106,198,354,component,,,
Zybo_jpg__134__Button.png,fpic_rf100,valid/images/Zybo_jpg.rf.81b974ada0e3736d3955937eceb51d4f.jpg,Zybo_jpg,Button,326,566,61,106,204,354,component,,,
Zybo_jpg__135__Button.png,fpic_rf100,valid/images/Zybo_jpg.rf.81b974ada0e3736d3955937eceb51d4f.jpg,Zybo_jpg,Button,305,581,57,109,191,363,component,,,
Zybo_jpg__136__Switch.png,fpic_rf100,valid/images/Zybo_jpg.rf.81b974ada0e3736d3955937eceb51d4f.jpg,Zybo_jpg,Switch,390,784,73,147,244,490,component,,,
Zybo_jpg__137__Switch.png,fpic_rf100,valid/images/Zybo_jpg.rf.81b974ada0e3736d3955937eceb51d4f.jpg,Zybo_jpg,Switch,385,785,72,147,241,491,component,,,
Zybo_jpg__138__Switch.png,fpic_rf100,valid/images/Zybo_jpg.rf.81b974ada0e3736d3955937eceb51d4f.jpg,Zybo_jpg,Switch,385,773,72,145,241,483,component,,,
Zybo_jpg__139__Switch.png,fpic_rf100,valid/images/Zybo_jpg.rf.81b974ada0e3736d3955937eceb51d4f.jpg,Zybo_jpg,Switch,401,804,75,151,251,502,component,,,
Zybo_jpg__147__Capacitor.png,fpic_rf100,valid/images/Zybo_jpg.rf.81b974ada0e3736d3955937eceb51d4f.jpg,Zybo_jpg,Capacitor,80,134,15,25,50,84,component,,,
Zybo_jpg__150__Connector.png,fpic_rf100,valid/images/Zybo_jpg.rf.81b974ada0e3736d3955937eceb51d4f.jpg,Zybo_jpg,Connector,902,987,169,185,564,617,component,,,
Zybo_jpg__151__Connector.png,fpic_rf100,valid/images/Zybo_jpg.rf.81b974ada0e3736d3955937eceb51d4f.jpg,Zybo_jpg,Connector,1012,948,190,178,632,592,component,,,
Zybo_jpg__152__Capacitor.png,fpic_rf100,valid/images/Zybo_jpg.rf.81b974ada0e3736d3955937eceb51d4f.jpg,Zybo_jpg,Capacitor,79,133,15,25,49,83,component,,,
Zybo_jpg__155__Capacitor.png,fpic_rf100,valid/images/Zybo_jpg.rf.81b974ada0e3736d3955937eceb51d4f.jpg,Zybo_jpg,Capacitor,143,76,27,14,89,48,component,,,
Zybo_jpg__157__Jumper.png,fpic_rf100,valid/images/Zybo_jpg.rf.81b974ada0e3736d3955937eceb51d4f.jpg,Zybo_jpg,Jumper,374,172,70,32,234,108,component,,,
Zybo_jpg__158__Connector.png,fpic_rf100,valid/images/Zybo_jpg.rf.81b974ada0e3736d3955937eceb51d4f.jpg,Zybo_jpg,Connector,1014,890,190,167,634,556,component,,,
Zybo_jpg__159__Connector.png,fpic_rf100,valid/images/Zybo_jpg.rf.81b974ada0e3736d3955937eceb51d4f.jpg,Zybo_jpg,Connector,996,890,187,168,622,559,component,,,
Zybo_jpg__160__Connector.png,fpic_rf100,valid/images/Zybo_jpg.rf.81b974ada0e3736d3955937eceb51d4f.jpg,Zybo_jpg,Connector,985,885,185,168,615,559,component,,,
Zybo_jpg__161__Connector.png,fpic_rf100,valid/images/Zybo_jpg.rf.81b974ada0e3736d3955937eceb51d4f.jpg,Zybo_jpg,Connector,976,876,183,166,610,554,component,,,
Zybo_jpg__162__Connector.png,fpic_rf100,valid/images/Zybo_jpg.rf.81b974ada0e3736d3955937eceb51d4f.jpg,Zybo_jpg,Connector,331,171,62,32,207,107,component,,,
Zybo_jpg__163__Connector.png,fpic_rf100,valid/images/Zybo_jpg.rf.81b974ada0e3736d3955937eceb51d4f.jpg,Zybo_jpg,Connector,1940,1206,364,75,1212,870,component,,,
Zybo_jpg__164__Connector.png,fpic_rf100,valid/images/Zybo_jpg.rf.81b974ada0e3736d3955937eceb51d4f.jpg,Zybo_jpg,Connector,944,879,177,165,590,549,component,,,
Zybo_jpg__165__Connector.png,fpic_rf100,valid/images/Zybo_jpg.rf.81b974ada0e3736d3955937eceb51d4f.jpg,Zybo_jpg,Connector,597,991,112,186,373,619,component,,,
Zybo_jpg__167__IC.png,fpic_rf100,valid/images/Zybo_jpg.rf.81b974ada0e3736d3955937eceb51d4f.jpg,Zybo_jpg,IC,682,645,128,121,426,403,component,,,
Zybo_jpg__168__Resistor_Network.png,fpic_rf100,valid/images/Zybo_jpg.rf.81b974ada0e3736d3955937eceb51d4f.jpg,Zybo_jpg,Resistor Network,81,149,15,28,51,93,component,,,
Zybo_jpg__169__Connector.png,fpic_rf100,valid/images/Zybo_jpg.rf.81b974ada0e3736d3955937eceb51d4f.jpg,Zybo_jpg,Connector,1041,1418,195,266,651,886,component,,,
Zybo_jpg__170__Resistor_Network.png,fpic_rf100,valid/images/Zybo_jpg.rf.81b974ada0e3736d3955937eceb51d4f.jpg,Zybo_jpg,Resistor Network,85,143,16,27,53,89,component,,,
Zybo_jpg__171__Switch.png,fpic_rf100,valid/images/Zybo_jpg.rf.81b974ada0e3736d3955937eceb51d4f.jpg,Zybo_jpg,Switch,411,785,77,147,257,491,component,,,
Zybo_jpg__172__Connector.png,fpic_rf100,valid/images/Zybo_jpg.rf.81b974ada0e3736d3955937eceb51d4f.jpg,Zybo_jpg,Connector,176,128,33,24,110,80,component,,,
pcb100rec1_jpg__016__IC.png,fpic_rf100,train/images/pcb100rec1_jpg.rf.1ce6140d5d1d6654e68ea7863ca82f67.jpg,pcb100rec1_jpg,IC,117,140,22,26,73,88,component,,,
pcb100rec1_jpg__018__Connector.png,fpic_rf100,train/images/pcb100rec1_jpg.rf.1ce6140d5d1d6654e68ea7863ca82f67.jpg,pcb100rec1_jpg,Connector,100,268,19,50,62,168,component,,,
pcb100rec1_jpg__020__Connector.png,fpic_rf100,train/images/pcb100rec1_jpg.rf.1ce6140d5d1d6654e68ea7863ca82f67.jpg,pcb100rec1_jpg,Connector,149,828,28,155,93,518,component,,,
pcb100rec1_jpg__032__IC.png,fpic_rf100,train/images/pcb100rec1_jpg.rf.1ce6140d5d1d6654e68ea7863ca82f67.jpg,pcb100rec1_jpg,IC,97,79,18,15,61,49,component,,,
pcb100rec1_jpg__043__IC.png,fpic_rf100,train/images/pcb100rec1_jpg.rf.1ce6140d5d1d6654e68ea7863ca82f67.jpg,pcb100rec1_jpg,IC,80,91,15,17,50,57,component,,,
pcb100rec1_jpg__044__Transistor.png,fpic_rf100,train/images/pcb100rec1_jpg.rf.1ce6140d5d1d6654e68ea7863ca82f67.jpg,pcb100rec1_jpg,Transistor,261,230,49,43,163,144,component,,,
pcb100rec1_jpg__073__IC.png,fpic_rf100,train/images/pcb100rec1_jpg.rf.1ce6140d5d1d6654e68ea7863ca82f67.jpg,pcb100rec1_jpg,IC,95,138,18,26,59,86,component,,,
pcb100rec1_jpg__076__IC.png,fpic_rf100,train/images/pcb100rec1_jpg.rf.1ce6140d5d1d6654e68ea7863ca82f67.jpg,pcb100rec1_jpg,IC,120,122,22,23,75,76,component,,,
pcb100rec1_jpg__077__IC.png,fpic_rf100,train/images/pcb100rec1_jpg.rf.1ce6140d5d1d6654e68ea7863ca82f67.jpg,pcb100rec1_jpg,IC,124,95,23,18,78,59,component,,,
pcb100rec1_jpg__081__IC.png,fpic_rf100,train/images/pcb100rec1_jpg.rf.1ce6140d5d1d6654e68ea7863ca82f67.jpg,pcb100rec1_jpg,IC,148,155,28,29,92,97,component,,,
pcb100rec1_jpg__116__IC.png,fpic_rf100,train/images/pcb100rec1_jpg.rf.1ce6140d5d1d6654e68ea7863ca82f67.jpg,pcb100rec1_jpg,IC,100,90,19,17,62,56,component,,,
pcb102rec1_jpg__013__IC.png,fpic_rf100,valid/images/pcb102rec1_jpg.rf.b4211729d9ed90e8f38f8aa25b77b924.jpg,pcb102rec1_jpg,IC,181,138,34,26,113,86,component,,,
pcb102rec1_jpg__014__IC.png,fpic_rf100,valid/images/pcb102rec1_jpg.rf.b4211729d9ed90e8f38f8aa25b77b924.jpg,pcb102rec1_jpg,IC,166,149,31,28,104,93,component,,,
pcb102rec1_jpg__015__IC.png,fpic_rf100,valid/images/pcb102rec1_jpg.rf.b4211729d9ed90e8f38f8aa25b77b924.jpg,pcb102rec1_jpg,IC,144,111,27,21,90,69,component,,,
pcb102rec1_jpg__016__IC.png,fpic_rf100,valid/images/pcb102rec1_jpg.rf.b4211729d9ed90e8f38f8aa25b77b924.jpg,pcb102rec1_jpg,IC,102,97,19,18,64,61,component,,,
pcb102rec1_jpg__017__IC.png,fpic_rf100,valid/images/pcb102rec1_jpg.rf.b4211729d9ed90e8f38f8aa25b77b924.jpg,pcb102rec1_jpg,IC,172,138,32,26,108,86,component,,,
pcb102rec1_jpg__018__IC.png,fpic_rf100,valid/images/pcb102rec1_jpg.rf.b4211729d9ed90e8f38f8aa25b77b924.jpg,pcb102rec1_jpg,IC,150,136,28,26,94,85,component,,,
pcb102rec1_jpg__019__IC.png,fpic_rf100,valid/images/pcb102rec1_jpg.rf.b4211729d9ed90e8f38f8aa25b77b924.jpg,pcb102rec1_jpg,IC,145,122,27,23,91,76,component,,,
pcb102rec1_jpg__021__IC.png,fpic_rf100,valid/images/pcb102rec1_jpg.rf.b4211729d9ed90e8f38f8aa25b77b924.jpg,pcb102rec1_jpg,IC,158,159,35,30,115,99,component,,,
pcb102rec1_jpg__022__IC.png,fpic_rf100,valid/images/pcb102rec1_jpg.rf.b4211729d9ed90e8f38f8aa25b77b924.jpg,pcb102rec1_jpg,IC,160,148,30,28,100,92,component,,,
pcb102rec1_jpg__023__IC.png,fpic_rf100,valid/images/pcb102rec1_jpg.rf.b4211729d9ed90e8f38f8aa25b77b924.jpg,pcb102rec1_jpg,IC,224,156,42,29,140,98,component,,,
pcb103rec1_jpg__000__IC.png,fpic_rf100,train/images/pcb103rec1_jpg.rf.0be256ae8c07c5c2391d3093ef4dac7a.jpg,pcb103rec1_jpg,IC,129,172,24,32,81,108,component,,,
pcb103rec1_jpg__001__Capacitor_Jumper.png,fpic_rf100,train/images/pcb103rec1_jpg.rf.0be256ae8c07c5c2391d3093ef4dac7a.jpg,pcb103rec1_jpg,Capacitor Jumper,134,138,25,26,84,86,component,,,
pcb103rec1_jpg__002__IC.png,fpic_rf100,train/images/pcb103rec1_jpg.rf.0be256ae8c07c5c2391d3093ef4dac7a.jpg,pcb103rec1_jpg,IC,151,123,28,23,95,77,component,,,
pcb103rec1_jpg__003__IC.png,fpic_rf100,train/images/pcb103rec1_jpg.rf.0be256ae8c07c5c2391d3093ef4dac7a.jpg,pcb103rec1_jpg,IC,180,140,34,26,112,87,component,,,
pcb103rec1_jpg__004__Capacitor_Jumper.png,fpic_rf100,train/images/pcb103rec1_jpg.rf.0be256ae8c07c5c2391d3093ef4dac7a.jpg,pcb103rec1_jpg,Capacitor Jumper,119,102,22,19,75,64,component,,,
pcb103rec1_jpg__005__Capacitor_Jumper.png,fpic_rf100,train/images/pcb103rec1_jpg.rf.0be256ae8c07c5c2391d3093ef4dac7a.jpg,pcb103rec1_jpg,Capacitor Jumper,114,124,21,23,71,78,component,,,
pcb103rec1_jpg__006__Connector.png,fpic_rf100,train/images/pcb103rec1_jpg.rf.0be256ae8c07c5c2391d3093ef4dac7a.jpg,pcb103rec1_jpg,Connector,161,485,30,91,101,303,component,,,
pcb103rec1_jpg__008__IC.png,fpic_rf100,train/images/pcb103rec1_jpg.rf.0be256ae8c07c5c2391d3093ef4dac7a.jpg,pcb103rec1_jpg,IC,195,226,37,42,122,141,component,,,
pcb103rec1_jpg__009__Capacitor_Jumper.png,fpic_rf100,train/images/pcb103rec1_jpg.rf.0be256ae8c07c5c2391d3093ef4dac7a.jpg,pcb103rec1_jpg,Capacitor Jumper,134,144,25,27,84,90,component,,,
pcb103rec1_jpg__010__Capacitor_Jumper.png,fpic_rf100,train/images/pcb103rec1_jpg.rf.0be256ae8c07c5c2391d3093ef4dac7a.jpg,pcb103rec1_jpg,Capacitor Jumper,162,160,30,30,102,100,component,,,
pcb103rec1_jpg__011__Capacitor_Jumper.png,fpic_rf100,train/images/pcb103rec1_jpg.rf.0be256ae8c07c5c2391d3093ef4dac7a.jpg,pcb103rec1_jpg,Capacitor Jumper,183,148,34,28,115,92,component,,,
pcb103rec1_jpg__012__Capacitor_Jumper.png,fpic_rf100,train/images/pcb103rec1_jpg.rf.0be256ae8c07c5c2391d3093ef4dac7a.jpg,pcb103rec1_jpg,Capacitor Jumper,140,111,26,21,88,69,component,,,
pcb103rec1_jpg__013__Connector.png,fpic_rf100,train/images/pcb103rec1_jpg.rf.0be256ae8c07c5c2391d3093ef4dac7a.jpg,pcb103rec1_jpg,Connector,145,329,27,62,91,205,component,,,
pcb103rec1_jpg__014__IC.png,fpic_rf100,train/images/pcb103rec1_jpg.rf.0be256ae8c07c5c2391d3093ef4dac7a.jpg,pcb103rec1_jpg,IC,118,94,22,18,74,59,component,,,
pcb103rec1_jpg__019__Connector.png,fpic_rf100,train/images/pcb103rec1_jpg.rf.0be256ae8c07c5c2391d3093ef4dac7a.jpg,pcb103rec1_jpg,Connector,137,324,26,61,85,202,component,,,
pcb103rec1_jpg__020__Capacitor_Jumper.png,fpic_rf100,train/images/pcb103rec1_jpg.rf.0be256ae8c07c5c2391d3093ef4dac7a.jpg,pcb103rec1_jpg,Capacitor Jumper,191,89,36,17,119,55,component,,,
pcb103rec1_jpg__021__Connector.png,fpic_rf100,train/images/pcb103rec1_jpg.rf.0be256ae8c07c5c2391d3093ef4dac7a.jpg,pcb103rec1_jpg,Connector,358,116,67,22,224,72,component,,,
pcb103rec1_jpg__022__Capacitor_Jumper.png,fpic_rf100,train/images/pcb103rec1_jpg.rf.0be256ae8c07c5c2391d3093ef4dac7a.jpg,pcb103rec1_jpg,Capacitor Jumper,110,111,21,21,69,69,component,,,
pcb103rec1_jpg__023__Capacitor_Jumper.png,fpic_rf100,train/images/pcb103rec1_jpg.rf.0be256ae8c07c5c2391d3093ef4dac7a.jpg,pcb103rec1_jpg,Capacitor Jumper,661,426,124,80,413,266,component,,,
pcb103rec1_jpg__024__Resistor_Jumper.png,fpic_rf100,train/images/pcb103rec1_jpg.rf.0be256ae8c07c5c2391d3093ef4dac7a.jpg,pcb103rec1_jpg,Resistor Jumper,282,84,53,16,176,52,component,,,
pcb103rec1_jpg__025__IC.png,fpic_rf100,train/images/pcb103rec1_jpg.rf.0be256ae8c07c5c2391d3093ef4dac7a.jpg,pcb103rec1_jpg,IC,370,139,69,26,231,87,component,,,
pcb103rec1_jpg__026__Capacitor_Jumper.png,fpic_rf100,train/images/pcb103rec1_jpg.rf.0be256ae8c07c5c2391d3093ef4dac7a.jpg,pcb103rec1_jpg,Capacitor Jumper,112,86,21,16,70,54,component,,,
pcb103rec1_jpg__028__Capacitor_Jumper.png,fpic_rf100,train/images/pcb103rec1_jpg.rf.0be256ae8c07c5c2391d3093ef4dac7a.jpg,pcb103rec1_jpg,Capacitor Jumper,92,96,17,18,57,60,component,,,
pcb103rec1_jpg__029__Capacitor_Jumper.png,fpic_rf100,train/images/pcb103rec1_jpg.rf.0be256ae8c07c5c2391d3093ef4dac7a.jpg,pcb103rec1_jpg,Capacitor Jumper,90,91,17,17,56,57,component,,,
pcb103rec1_jpg__030__Capacitor_Jumper.png,fpic_rf100,train/images/pcb103rec1_jpg.rf.0be256ae8c07c5c2391d3093ef4dac7a.jpg,pcb103rec1_jpg,Capacitor Jumper,144,128,27,24,90,80,component,,,
pcb103rec1_jpg__031__IC.png,fpic_rf100,train/images/pcb103rec1_jpg.rf.0be256ae8c07c5c2391d3093ef4dac7a.jpg,pcb103rec1_jpg,IC,101,107,19,20,63,67,component,,,
pcb103rec1_jpg__032__Resistor_Jumper.png,fpic_rf100,train/images/pcb103rec1_jpg.rf.0be256ae8c07c5c2391d3093ef4dac7a.jpg,pcb103rec1_jpg,Resistor Jumper,79,85,15,16,49,53,component,,,
pcb103rec1_jpg__033__Capacitor_Jumper.png,fpic_rf100,train/images/pcb103rec1_jpg.rf.0be256ae8c07c5c2391d3093ef4dac7a.jpg,pcb103rec1_jpg,Capacitor Jumper,255,129,48,24,159,81,component,,,
pcb103rec1_jpg__034__Capacitor_Jumper.png,fpic_rf100,train/images/pcb103rec1_jpg.rf.0be256ae8c07c5c2391d3093ef4dac7a.jpg,pcb103rec1_jpg,Capacitor Jumper,106,143,20,27,67,89,component,,,
pcb103rec1_jpg__035__Capacitor_Jumper.png,fpic_rf100,train/images/pcb103rec1_jpg.rf.0be256ae8c07c5c2391d3093ef4dac7a.jpg,pcb103rec1_jpg,Capacitor Jumper,132,132,25,25,83,83,component,,,
pcb103rec1_jpg__037__Connector.png,fpic_rf100,train/images/pcb103rec1_jpg.rf.0be256ae8c07c5c2391d3093ef4dac7a.jpg,pcb103rec1_jpg,Connector,400,123,75,23,250,77,component,,,
pcb103rec1_jpg__038__Capacitor_Jumper.png,fpic_rf100,train/images/pcb103rec1_jpg.rf.0be256ae8c07c5c2391d3093ef4dac7a.jpg,pcb103rec1_jpg,Capacitor Jumper,101,103,19,19,63,64,component,,,
pcb103rec1_jpg__039__Resistor_Jumper.png,fpic_rf100,train/images/pcb103rec1_jpg.rf.0be256ae8c07c5c2391d3093ef4dac7a.jpg,pcb103rec1_jpg,Resistor Jumper,220,103,41,19,138,64,component,,,
pcb103rec1_jpg__040__Connector.png,fpic_rf100,train/images/pcb103rec1_jpg.rf.0be256ae8c07c5c2391d3093ef4dac7a.jpg,pcb103rec1_jpg,Connector,311,116,58,22,195,73,component,,,
pcb103rec1_jpg__041__Capacitor_Jumper.png,fpic_rf100,train/images/pcb103rec1_jpg.rf.0be256ae8c07c5c2391d3093ef4dac7a.jpg,pcb103rec1_jpg,Capacitor Jumper,103,86,19,16,64,54,component,,,
pcb103rec1_jpg__042__Connector.png,fpic_rf100,train/images/pcb103rec1_jpg.rf.0be256ae8c07c5c2391d3093ef4dac7a.jpg,pcb103rec1_jpg,Connector,403,133,76,25,252,83,component,,,
pcb103rec1_jpg__043__Resistor_Jumper.png,fpic_rf100,train/images/pcb103rec1_jpg.rf.0be256ae8c07c5c2391d3093ef4dac7a.jpg,pcb103rec1_jpg,Resistor Jumper,93,218,17,41,58,136,component,,,
pcb103rec1_jpg__044__Capacitor_Jumper.png,fpic_rf100,train/images/pcb103rec1_jpg.rf.0be256ae8c07c5c2391d3093ef4dac7a.jpg,pcb103rec1_jpg,Capacitor Jumper,180,140,34,26,112,88,component,,,
pcb103rec1_jpg__045__IC.png,fpic_rf100,train/images/pcb103rec1_jpg.rf.0be256ae8c07c5c2391d3093ef4dac7a.jpg,pcb103rec1_jpg,IC,137,150,26,28,85,94,component,,,
pcb103rec1_jpg__046__Capacitor_Jumper.png,fpic_rf100,train/images/pcb103rec1_jpg.rf.0be256ae8c07c5c2391d3093ef4dac7a.jpg,pcb103rec1_jpg,Capacitor Jumper,191,79,36,15,119,50,component,,,
pcb103rec1_jpg__047__IC.png,fpic_rf100,train/images/pcb103rec1_jpg.rf.0be256ae8c07c5c2391d3093ef4dac7a.jpg,pcb103rec1_jpg,IC,147,159,28,30,92,99,component,,,
pcb103rec1_jpg__048__Resistor_Jumper.png,fpic_rf100,train/images/pcb103rec1_jpg.rf.0be256ae8c07c5c2391d3093ef4dac7a.jpg,pcb103rec1_jpg,Resistor Jumper,145,231,27,43,91,144,component,,,
pcb103rec1_jpg__049__Capacitor_Jumper.png,fpic_rf100,train/images/pcb103rec1_jpg.rf.0be256ae8c07c5c2391d3093ef4dac7a.jpg,pcb103rec1_jpg,Capacitor Jumper,148,135,28,25,92,85,component,,,
pcb103rec1_jpg__050__IC.png,fpic_rf100,train/images/pcb103rec1_jpg.rf.0be256ae8c07c5c2391d3093ef4dac7a.jpg,pcb103rec1_jpg,IC,132,167,25,31,83,104,component,,,
pcb103rec1_jpg__051__IC.png,fpic_rf100,train/images/pcb103rec1_jpg.rf.0be256ae8c07c5c2391d3093ef4dac7a.jpg,pcb103rec1_jpg,IC,132,161,25,30,82,101,component,,,
pcb103rec1_jpg__052__IC.png,fpic_rf100,train/images/pcb103rec1_jpg.rf.0be256ae8c07c5c2391d3093ef4dac7a.jpg,pcb103rec1_jpg,IC,108,85,20,16,67,53,component,,,
pcb103rec1_jpg__053__Capacitor_Jumper.png,fpic_rf100,train/images/pcb103rec1_jpg.rf.0be256ae8c07c5c2391d3093ef4dac7a.jpg,pcb103rec1_jpg,Capacitor Jumper,111,105,21,20,69,65,component,,,
pcb103rec1_jpg__054__Capacitor_Jumper.png,fpic_rf100,train/images/pcb103rec1_jpg.rf.0be256ae8c07c5c2391d3093ef4dac7a.jpg,pcb103rec1_jpg,Capacitor Jumper,101,170,19,32,63,106,component,,,
pcb103rec1_jpg__055__Capacitor_Jumper.png,fpic_rf100,train/images/pcb103rec1_jpg.rf.0be256ae8c07c5c2391d3093ef4dac7a.jpg,pcb103rec1_jpg,Capacitor Jumper,101,114,19,21,63,72,component,,,
pcb103rec1_jpg__056__Capacitor_Jumper.png,fpic_rf100,train/images/pcb103rec1_jpg.rf.0be256ae8c07c5c2391d3093ef4dac7a.jpg,pcb103rec1_jpg,Capacitor Jumper,89,148,17,28,55,93,component,,,
pcb103rec1_jpg__057__Capacitor_Jumper.png,fpic_rf100,train/images/pcb103rec1_jpg.rf.0be256ae8c07c5c2391d3093ef4dac7a.jpg,pcb103rec1_jpg,Capacitor Jumper,111,138,21,26,69,86,component,,,
pcb103rec1_jpg__058__Capacitor_Jumper.png,fpic_rf100,train/images/pcb103rec1_jpg.rf.0be256ae8c07c5c2391d3093ef4dac7a.jpg,pcb103rec1_jpg,Capacitor Jumper,100,124,19,23,62,77,component,,,
pcb103rec1_jpg__059__Capacitor_Jumper.png,fpic_rf100,train/images/pcb103rec1_jpg.rf.0be256ae8c07c5c2391d3093ef4dac7a.jpg,pcb103rec1_jpg,Capacitor Jumper,149,89,28,17,93,55,component,,,
pcb103rec1_jpg__060__Capacitor_Jumper.png,fpic_rf100,train/images/pcb103rec1_jpg.rf.0be256ae8c07c5c2391d3093ef4dac7a.jpg,pcb103rec1_jpg,Capacitor Jumper,102,81,19,15,64,51,component,,,
pcb103rec1_jpg__061__Capacitor_Jumper.png,fpic_rf100,train/images/pcb103rec1_jpg.rf.0be256ae8c07c5c2391d3093ef4dac7a.jpg,pcb103rec1_jpg,Capacitor Jumper,160,128,30,24,100,80,component,,,
pcb103rec1_jpg__062__Capacitor_Jumper.png,fpic_rf100,train/images/pcb103rec1_jpg.rf.0be256ae8c07c5c2391d3093ef4dac7a.jpg,pcb103rec1_jpg,Capacitor Jumper,153,126,29,24,95,78,component,,,
pcb103rec1_jpg__063__Capacitor_Jumper.png,fpic_rf100,train/images/pcb103rec1_jpg.rf.0be256ae8c07c5c2391d3093ef4dac7a.jpg,pcb103rec1_jpg,Capacitor Jumper,176,129,33,24,110,81,component,,,
pcb103rec1_jpg__064__Capacitor_Jumper.png,fpic_rf100,train/images/pcb103rec1_jpg.rf.0be256ae8c07c5c2391d3093ef4dac7a.jpg,pcb103rec1_jpg,Capacitor Jumper,176,143,33,27,110,89,component,,,
pcb103rec1_jpg__065__Capacitor_Jumper.png,fpic_rf100,train/images/pcb103rec1_jpg.rf.0be256ae8c07c5c2391d3093ef4dac7a.jpg,pcb103rec1_jpg,Capacitor Jumper,119,147,22,28,75,92,component,,,
pcb103rec1_jpg__066__IC.png,fpic_rf100,train/images/pcb103rec1_jpg.rf.0be256ae8c07c5c2391d3093ef4dac7a.jpg,pcb103rec1_jpg,IC,158,143,30,27,99,89,component,,,
pcb103rec1_jpg__067__Capacitor_Jumper.png,fpic_rf100,train/images/pcb103rec1_jpg.rf.0be256ae8c07c5c2391d3093ef4dac7a.jpg,pcb103rec1_jpg,Capacitor Jumper,121,129,23,24,75,81,component,,,
pcb103rec1_jpg__069__Capacitor_Jumper.png,fpic_rf100,train/images/pcb103rec1_jpg.rf.0be256ae8c07c5c2391d3093ef4dac7a.jpg,pcb103rec1_jpg,Capacitor Jumper,103,95,19,18,64,59,component,,,
pcb103rec1_jpg__070__IC.png,fpic_rf100,train/images/pcb103rec1_jpg.rf.0be256ae8c07c5c2391d3093ef4dac7a.jpg,pcb103rec1_jpg,IC,268,133,50,25,168,83,component,,,
pcb103rec1_jpg__071__Capacitor_Jumper.png,fpic_rf100,train/images/pcb103rec1_jpg.rf.0be256ae8c07c5c2391d3093ef4dac7a.jpg,pcb103rec1_jpg,Capacitor Jumper,87,97,16,18,55,61,component,,,
pcb103rec1_jpg__072__Capacitor_Jumper.png,fpic_rf100,train/images/pcb103rec1_jpg.rf.0be256ae8c07c5c2391d3093ef4dac7a.jpg,pcb103rec1_jpg,Capacitor Jumper,151,138,28,26,95,86,component,,,
pcb103rec1_jpg__073__Capacitor_Jumper.png,fpic_rf100,train/images/pcb103rec1_jpg.rf.0be256ae8c07c5c2391d3093ef4dac7a.jpg,pcb103rec1_jpg,Capacitor Jumper,106,102,20,19,66,64,component,,,
pcb103rec1_jpg__074__Capacitor_Jumper.png,fpic_rf100,train/images/pcb103rec1_jpg.rf.0be256ae8c07c5c2391d3093ef4dac7a.jpg,pcb103rec1_jpg,Capacitor Jumper,190,135,36,25,119,85,component,,,
pcb103rec1_jpg__075__Capacitor_Jumper.png,fpic_rf100,train/images/pcb103rec1_jpg.rf.0be256ae8c07c5c2391d3093ef4dac7a.jpg,pcb103rec1_jpg,Capacitor Jumper,85,124,16,23,53,78,component,,,
pcb103rec1_jpg__076__Capacitor_Jumper.png,fpic_rf100,train/images/pcb103rec1_jpg.rf.0be256ae8c07c5c2391d3093ef4dac7a.jpg,pcb103rec1_jpg,Capacitor Jumper,103,138,19,26,65,86,component,,,
pcb103rec1_jpg__077__Capacitor_Jumper.png,fpic_rf100,train/images/pcb103rec1_jpg.rf.0be256ae8c07c5c2391d3093ef4dac7a.jpg,pcb103rec1_jpg,Capacitor Jumper,161,148,30,28,101,92,component,,,
pcb103rec1_jpg__078__Capacitor_Jumper.png,fpic_rf100,train/images/pcb103rec1_jpg.rf.0be256ae8c07c5c2391d3093ef4dac7a.jpg,pcb103rec1_jpg,Capacitor Jumper,97,142,18,27,61,88,component,,,
pcb103rec1_jpg__079__IC.png,fpic_rf100,train/images/pcb103rec1_jpg.rf.0be256ae8c07c5c2391d3093ef4dac7a.jpg,pcb103rec1_jpg,IC,366,271,69,51,228,169,component,,,
pcb103rec1_jpg__080__IC.png,fpic_rf100,train/images/pcb103rec1_jpg.rf.0be256ae8c07c5c2391d3093ef4dac7a.jpg,pcb103rec1_jpg,IC,121,122,23,23,75,76,component,,,
pcb103rec1_jpg__082__Capacitor_Jumper.png,fpic_rf100,train/images/pcb103rec1_jpg.rf.0be256ae8c07c5c2391d3093ef4dac7a.jpg,pcb103rec1_jpg,Capacitor Jumper,157,169,29,32,98,105,component,,,
pcb103rec1_jpg__084__Capacitor_Jumper.png,fpic_rf100,train/images/pcb103rec1_jpg.rf.0be256ae8c07c5c2391d3093ef4dac7a.jpg,pcb103rec1_jpg,Capacitor Jumper,140,96,26,18,88,60,component,,,
pcb103rec1_jpg__085__Capacitor_Jumper.png,fpic_rf100,train/images/pcb103rec1_jpg.rf.0be256ae8c07c5c2391d3093ef4dac7a.jpg,pcb103rec1_jpg,Capacitor Jumper,133,137,25,26,83,85,component,,,
pcb103rec1_jpg__086__Capacitor_Jumper.png,fpic_rf100,train/images/pcb103rec1_jpg.rf.0be256ae8c07c5c2391d3093ef4dac7a.jpg,pcb103rec1_jpg,Capacitor Jumper,95,91,18,17,59,57,component,,,
pcb103rec1_jpg__087__Capacitor_Jumper.png,fpic_rf100,train/images/pcb103rec1_jpg.rf.0be256ae8c07c5c2391d3093ef4dac7a.jpg,pcb103rec1_jpg,Capacitor Jumper,143,109,27,20,89,68,component,,,
pcb103rec1_jpg__088__Capacitor_Jumper.png,fpic_rf100,train/images/pcb103rec1_jpg.rf.0be256ae8c07c5c2391d3093ef4dac7a.jpg,pcb103rec1_jpg,Capacitor Jumper,165,142,31,27,103,89,component,,,
pcb103rec1_jpg__089__Capacitor_Jumper.png,fpic_rf100,train/images/pcb103rec1_jpg.rf.0be256ae8c07c5c2391d3093ef4dac7a.jpg,pcb103rec1_jpg,Capacitor Jumper,92,151,17,28,58,95,component,,,
pcb103rec1_jpg__090__Capacitor_Jumper.png,fpic_rf100,train/images/pcb103rec1_jpg.rf.0be256ae8c07c5c2391d3093ef4dac7a.jpg,pcb103rec1_jpg,Capacitor Jumper,123,116,23,22,77,73,component,,,
pcb103rec1_jpg__091__Capacitor_Jumper.png,fpic_rf100,train/images/pcb103rec1_jpg.rf.0be256ae8c07c5c2391d3093ef4dac7a.jpg,pcb103rec1_jpg,Capacitor Jumper,89,148,17,28,55,93,component,,,
pcb103rec1_jpg__092__Capacitor_Jumper.png,fpic_rf100,train/images/pcb103rec1_jpg.rf.0be256ae8c07c5c2391d3093ef4dac7a.jpg,pcb103rec1_jpg,Capacitor Jumper,91,84,17,16,57,52,component,,,
pcb103rec1_jpg__094__Connector.png,fpic_rf100,train/images/pcb103rec1_jpg.rf.0be256ae8c07c5c2391d3093ef4dac7a.jpg,pcb103rec1_jpg,Connector,355,117,67,22,222,73,component,,,
pcb103rec1_jpg__095__Capacitor_Jumper.png,fpic_rf100,train/images/pcb103rec1_jpg.rf.0be256ae8c07c5c2391d3093ef4dac7a.jpg,pcb103rec1_jpg,Capacitor Jumper,87,84,16,16,55,52,component,,,
pcb103rec1_jpg__097__Capacitor_Jumper.png,fpic_rf100,train/images/pcb103rec1_jpg.rf.0be256ae8c07c5c2391d3093ef4dac7a.jpg,pcb103rec1_jpg,Capacitor Jumper,145,123,27,23,91,77,component,,,
pcb103rec1_jpg__098__Capacitor_Jumper.png,fpic_rf100,train/images/pcb103rec1_jpg.rf.0be256ae8c07c5c2391d3093ef4dac7a.jpg,pcb103rec1_jpg,Capacitor Jumper,87,91,16,17,55,57,component,,,
pcb103rec1_jpg__099__Resistor_Jumper.png,fpic_rf100,train/images/pcb103rec1_jpg.rf.0be256ae8c07c5c2391d3093ef4dac7a.jpg,pcb103rec1_jpg,Resistor Jumper,117,95,22,18,73,59,component,,,
pcb103rec1_jpg__100__Capacitor_Jumper.png,fpic_rf100,train/images/pcb103rec1_jpg.rf.0be256ae8c07c5c2391d3093ef4dac7a.jpg,pcb103rec1_jpg,Capacitor Jumper,107,198,20,37,67,124,component,,,
pcb104rec1_jpg__009__IC.png,fpic_rf100,train/images/pcb104rec1_jpg.rf.4b19b15ea82af3e4b046b41b8a010227.jpg,pcb104rec1_jpg,IC,134,111,25,21,84,69,component,,,
pcb104rec1_jpg__012__IC.png,fpic_rf100,train/images/pcb104rec1_jpg.rf.4b19b15ea82af3e4b046b41b8a010227.jpg,pcb104rec1_jpg,IC,170,213,32,40,106,133,component,,,
pcb104rec1_jpg__017__iC.png,fpic_rf100,train/images/pcb104rec1_jpg.rf.4b19b15ea82af3e4b046b41b8a010227.jpg,pcb104rec1_jpg,iC,235,298,44,56,147,186,component,,,
pcb104rec1_jpg__062__Resistor_Network.png,fpic_rf100,train/images/pcb104rec1_jpg.rf.4b19b15ea82af3e4b046b41b8a010227.jpg,pcb104rec1_jpg,Resistor Network,88,112,17,21,55,70,component,,,
pcb104rec1_jpg__086__IC.png,fpic_rf100,train/images/pcb104rec1_jpg.rf.4b19b15ea82af3e4b046b41b8a010227.jpg,pcb104rec1_jpg,IC,170,124,32,23,106,78,component,,,
pcb104rec1_jpg__104__iC.png,fpic_rf100,train/images/pcb104rec1_jpg.rf.4b19b15ea82af3e4b046b41b8a010227.jpg,pcb104rec1_jpg,iC,372,289,70,54,232,181,component,,,
pcb104rec1_jpg__109__IC.png,fpic_rf100,train/images/pcb104rec1_jpg.rf.4b19b15ea82af3e4b046b41b8a010227.jpg,pcb104rec1_jpg,IC,140,81,26,15,88,51,component,,,
pcb104rec1_jpg__111__IC.png,fpic_rf100,train/images/pcb104rec1_jpg.rf.4b19b15ea82af3e4b046b41b8a010227.jpg,pcb104rec1_jpg,IC,118,106,22,20,74,66,component,,,
pcb104rec1_jpg__148__IC.png,fpic_rf100,train/images/pcb104rec1_jpg.rf.4b19b15ea82af3e4b046b41b8a010227.jpg,pcb104rec1_jpg,IC,148,111,28,21,92,69,component,,,
pcb104rec1_jpg__152__Capacitor.png,fpic_rf100,train/images/pcb104rec1_jpg.rf.4b19b15ea82af3e4b046b41b8a010227.jpg,pcb104rec1_jpg,Capacitor,124,79,23,15,78,49,component,,,
pcb104rec1_jpg__169__Capacitor.png,fpic_rf100,train/images/pcb104rec1_jpg.rf.4b19b15ea82af3e4b046b41b8a010227.jpg,pcb104rec1_jpg,Capacitor,96,86,18,16,60,54,component,,,
pcb104rec1_jpg__170__IC.png,fpic_rf100,train/images/pcb104rec1_jpg.rf.4b19b15ea82af3e4b046b41b8a010227.jpg,pcb104rec1_jpg,IC,143,143,27,27,89,89,component,,,
pcb104rec1_jpg__171__iC.png,fpic_rf100,train/images/pcb104rec1_jpg.rf.4b19b15ea82af3e4b046b41b8a010227.jpg,pcb104rec1_jpg,iC,92,90,17,17,58,56,component,,,
pcb104rec1_jpg__176__iC.png,fpic_rf100,train/images/pcb104rec1_jpg.rf.4b19b15ea82af3e4b046b41b8a010227.jpg,pcb104rec1_jpg,iC,76,80,14,15,48,50,component,,,
pcb104rec1_jpg__177__iC.png,fpic_rf100,train/images/pcb104rec1_jpg.rf.4b19b15ea82af3e4b046b41b8a010227.jpg,pcb104rec1_jpg,iC,102,106,19,20,64,66,component,,,
pcb104rec1_jpg__189__iC.png,fpic_rf100,train/images/pcb104rec1_jpg.rf.4b19b15ea82af3e4b046b41b8a010227.jpg,pcb104rec1_jpg,iC,84,84,16,16,52,52,component,,,
pcb104rec1_jpg__191__IC.png,fpic_rf100,train/images/pcb104rec1_jpg.rf.4b19b15ea82af3e4b046b41b8a010227.jpg,pcb104rec1_jpg,IC,148,165,28,31,92,103,component,,,
pcb104rec1_jpg__192__iC.png,fpic_rf100,train/images/pcb104rec1_jpg.rf.4b19b15ea82af3e4b046b41b8a010227.jpg,pcb104rec1_jpg,iC,108,170,20,32,68,106,component,,,
pcb104rec1_jpg__193__Capacitor.png,fpic_rf100,train/images/pcb104rec1_jpg.rf.4b19b15ea82af3e4b046b41b8a010227.jpg,pcb104rec1_jpg,Capacitor,113,100,21,19,71,62,component,,,
pcb104rec1_jpg__194__IC.png,fpic_rf100,train/images/pcb104rec1_jpg.rf.4b19b15ea82af3e4b046b41b8a010227.jpg,pcb104rec1_jpg,IC,118,136,22,25,74,85,component,,,
pcb104rec1_jpg__220__Capacitor.png,fpic_rf100,train/images/pcb104rec1_jpg.rf.4b19b15ea82af3e4b046b41b8a010227.jpg,pcb104rec1_jpg,Capacitor,127,84,24,16,79,52,component,,,
pcb105rec1_jpg__002__IC.png,fpic_rf100,train/images/pcb105rec1_jpg.rf.03dc8a031a407ec4a648acd75619b993.jpg,pcb105rec1_jpg,IC,345,234,65,44,215,146,component,,,
pcb105rec1_jpg__025__IC.png,fpic_rf100,train/images/pcb105rec1_jpg.rf.03dc8a031a407ec4a648acd75619b993.jpg,pcb105rec1_jpg,IC,248,257,47,48,155,161,component,,,
pcb105rec1_jpg__039__IC.png,fpic_rf100,train/images/pcb105rec1_jpg.rf.03dc8a031a407ec4a648acd75619b993.jpg,pcb105rec1_jpg,IC,506,472,95,97,316,323,component,,,
pcb105rec1_jpg__041__Connector.png,fpic_rf100,train/images/pcb105rec1_jpg.rf.03dc8a031a407ec4a648acd75619b993.jpg,pcb105rec1_jpg,Connector,122,289,23,66,76,219,component,,,
pcb105rec1_jpg__042__Transistor.png,fpic_rf100,train/images/pcb105rec1_jpg.rf.03dc8a031a407ec4a648acd75619b993.jpg,pcb105rec1_jpg,Transistor,262,187,49,35,164,117,component,,,
pcb105rec1_jpg__052__Connector.png,fpic_rf100,train/images/pcb105rec1_jpg.rf.03dc8a031a407ec4a648acd75619b993.jpg,pcb105rec1_jpg,Connector,256,133,48,25,160,83,component,,,
pcb105rec1_jpg__056__Connector.png,fpic_rf100,train/images/pcb105rec1_jpg.rf.03dc8a031a407ec4a648acd75619b993.jpg,pcb105rec1_jpg,Connector,196,103,37,16,122,67,component,,,
pcb105rec1_jpg__057__Connector.png,fpic_rf100,train/images/pcb105rec1_jpg.rf.03dc8a031a407ec4a648acd75619b993.jpg,pcb105rec1_jpg,Connector,358,79,67,0,224,61,component,,,
pcb107rec1_jpg__002__Connector.png,fpic_rf100,test/images/pcb107rec1_jpg.rf.4b596fe8d7cab0fb5194faea8a586d01.jpg,pcb107rec1_jpg,Connector,938,385,184,72,612,241,component,,,
pcb107rec1_jpg__044__IC.png,fpic_rf100,test/images/pcb107rec1_jpg.rf.4b596fe8d7cab0fb5194faea8a586d01.jpg,pcb107rec1_jpg,IC,217,217,41,41,135,136,component,,,
pcb107rec1_jpg__069__Connector.png,fpic_rf100,test/images/pcb107rec1_jpg.rf.4b596fe8d7cab0fb5194faea8a586d01.jpg,pcb107rec1_jpg,Connector,912,233,181,44,602,146,component,,,
pcb107rec1_jpg__076__IC.png,fpic_rf100,test/images/pcb107rec1_jpg.rf.4b596fe8d7cab0fb5194faea8a586d01.jpg,pcb107rec1_jpg,IC,128,150,24,28,80,94,component,,,
pcb107rec1_jpg__115__IC.png,fpic_rf100,test/images/pcb107rec1_jpg.rf.4b596fe8d7cab0fb5194faea8a586d01.jpg,pcb107rec1_jpg,IC,143,310,27,58,89,194,component,,,
pcb107rec1_jpg__119__IC.png,fpic_rf100,test/images/pcb107rec1_jpg.rf.4b596fe8d7cab0fb5194faea8a586d01.jpg,pcb107rec1_jpg,IC,140,319,26,60,88,199,component,,,
pcb107rec1_jpg__122__Connector.png,fpic_rf100,test/images/pcb107rec1_jpg.rf.4b596fe8d7cab0fb5194faea8a586d01.jpg,pcb107rec1_jpg,Connector,900,252,176,47,588,158,component,,,
pcb107rec1_jpg__150__IC.png,fpic_rf100,test/images/pcb107rec1_jpg.rf.4b596fe8d7cab0fb5194faea8a586d01.jpg,pcb107rec1_jpg,IC,218,225,41,42,136,141,component,,,
pcb107rec1_jpg__162__IC.png,fpic_rf100,test/images/pcb107rec1_jpg.rf.4b596fe8d7cab0fb5194faea8a586d01.jpg,pcb107rec1_jpg,IC,145,131,27,25,91,82,component,,,
pcb107rec1_jpg__164__IC.png,fpic_rf100,test/images/pcb107rec1_jpg.rf.4b596fe8d7cab0fb5194faea8a586d01.jpg,pcb107rec1_jpg,IC,149,140,28,26,93,88,component,,,
pcb107rec1_jpg__191__IC.png,fpic_rf100,test/images/pcb107rec1_jpg.rf.4b596fe8d7cab0fb5194faea8a586d01.jpg,pcb107rec1_jpg,IC,95,97,18,18,60,60,component,,,
pcb107rec1_jpg__224__IC.png,fpic_rf100,test/images/pcb107rec1_jpg.rf.4b596fe8d7cab0fb5194faea8a586d01.jpg,pcb107rec1_jpg,IC,169,261,32,49,106,163,component,,,
pcb107rec1_jpg__232__Connector.png,fpic_rf100,test/images/pcb107rec1_jpg.rf.4b596fe8d7cab0fb5194faea8a586d01.jpg,pcb107rec1_jpg,Connector,950,560,219,105,731,350,component,,,
pcb107rec1_jpg__281__IC.png,fpic_rf100,test/images/pcb107rec1_jpg.rf.4b596fe8d7cab0fb5194faea8a586d01.jpg,pcb107rec1_jpg,IC,166,172,31,32,104,108,component,,,
pcb108rec1_jpg__000__Capacitor.png,fpic_rf100,train/images/pcb108rec1_jpg.rf.8d4282fa318998f6ee91a52abcd8434f.jpg,pcb108rec1_jpg,Capacitor,106,106,20,20,66,66,component,,,
pcb108rec1_jpg__001__Capacitor.png,fpic_rf100,train/images/pcb108rec1_jpg.rf.8d4282fa318998f6ee91a52abcd8434f.jpg,pcb108rec1_jpg,Capacitor,139,102,26,19,87,64,component,,,
pcb108rec1_jpg__002__Capacitor.png,fpic_rf100,train/images/pcb108rec1_jpg.rf.8d4282fa318998f6ee91a52abcd8434f.jpg,pcb108rec1_jpg,Capacitor,84,111,16,21,52,69,component,,,
pcb108rec1_jpg__003__Capacitor.png,fpic_rf100,train/images/pcb108rec1_jpg.rf.8d4282fa318998f6ee91a52abcd8434f.jpg,pcb108rec1_jpg,Capacitor,129,134,24,25,81,84,component,,,
pcb108rec1_jpg__005__Capacitor.png,fpic_rf100,train/images/pcb108rec1_jpg.rf.8d4282fa318998f6ee91a52abcd8434f.jpg,pcb108rec1_jpg,Capacitor,144,84,27,16,90,52,component,,,
pcb108rec1_jpg__006__Capacitor.png,fpic_rf100,train/images/pcb108rec1_jpg.rf.8d4282fa318998f6ee91a52abcd8434f.jpg,pcb108rec1_jpg,Capacitor,143,123,27,23,89,77,component,,,
pcb108rec1_jpg__007__Capacitor.png,fpic_rf100,train/images/pcb108rec1_jpg.rf.8d4282fa318998f6ee91a52abcd8434f.jpg,pcb108rec1_jpg,Capacitor,79,92,15,17,49,58,component,,,
pcb108rec1_jpg__008__Capacitor.png,fpic_rf100,train/images/pcb108rec1_jpg.rf.8d4282fa318998f6ee91a52abcd8434f.jpg,pcb108rec1_jpg,Capacitor,92,80,17,15,58,50,component,,,
pcb108rec1_jpg__009__Capacitor.png,fpic_rf100,train/images/pcb108rec1_jpg.rf.8d4282fa318998f6ee91a52abcd8434f.jpg,pcb108rec1_jpg,Capacitor,92,84,17,16,58,52,component,,,
pcb108rec1_jpg__010__Capacitor.png,fpic_rf100,train/images/pcb108rec1_jpg.rf.8d4282fa318998f6ee91a52abcd8434f.jpg,pcb108rec1_jpg,Capacitor,85,107,16,20,53,67,component,,,
pcb108rec1_jpg__011__Capacitor.png,fpic_rf100,train/images/pcb108rec1_jpg.rf.8d4282fa318998f6ee91a52abcd8434f.jpg,pcb108rec1_jpg,Capacitor,102,116,19,22,64,72,component,,,
pcb108rec1_jpg__012__Capacitor.png,fpic_rf100,train/images/pcb108rec1_jpg.rf.8d4282fa318998f6ee91a52abcd8434f.jpg,pcb108rec1_jpg,Capacitor,96,86,18,16,60,54,component,,,
pcb108rec1_jpg__014__Capacitor.png,fpic_rf100,train/images/pcb108rec1_jpg.rf.8d4282fa318998f6ee91a52abcd8434f.jpg,pcb108rec1_jpg,Capacitor,85,76,16,14,53,48,component,,,
pcb108rec1_jpg__015__Capacitor.png,fpic_rf100,train/images/pcb108rec1_jpg.rf.8d4282fa318998f6ee91a52abcd8434f.jpg,pcb108rec1_jpg,Capacitor,79,79,15,15,49,49,component,,,
pcb108rec1_jpg__016__Capacitor.png,fpic_rf100,train/images/pcb108rec1_jpg.rf.8d4282fa318998f6ee91a52abcd8434f.jpg,pcb108rec1_jpg,Capacitor,102,108,19,20,64,68,component,,,
pcb108rec1_jpg__017__Capacitor.png,fpic_rf100,train/images/pcb108rec1_jpg.rf.8d4282fa318998f6ee91a52abcd8434f.jpg,pcb108rec1_jpg,Capacitor,100,96,19,18,62,60,component,,,
pcb108rec1_jpg__018__Capacitor.png,fpic_rf100,train/images/pcb108rec1_jpg.rf.8d4282fa318998f6ee91a52abcd8434f.jpg,pcb108rec1_jpg,Capacitor,80,84,15,16,50,52,component,,,
pcb108rec1_jpg__019__Capacitor.png,fpic_rf100,train/images/pcb108rec1_jpg.rf.8d4282fa318998f6ee91a52abcd8434f.jpg,pcb108rec1_jpg,Capacitor,96,100,18,19,60,62,component,,,
pcb108rec1_jpg__020__Capacitor.png,fpic_rf100,train/images/pcb108rec1_jpg.rf.8d4282fa318998f6ee91a52abcd8434f.jpg,pcb108rec1_jpg,Capacitor,84,96,16,18,52,60,component,,,
pcb108rec1_jpg__021__Capacitor.png,fpic_rf100,train/images/pcb108rec1_jpg.rf.8d4282fa318998f6ee91a52abcd8434f.jpg,pcb108rec1_jpg,Capacitor,127,106,24,20,79,66,component,,,
pcb108rec1_jpg__022__Capacitor.png,fpic_rf100,train/images/pcb108rec1_jpg.rf.8d4282fa318998f6ee91a52abcd8434f.jpg,pcb108rec1_jpg,Capacitor,127,102,24,19,79,64,component,,,
pcb108rec1_jpg__023__Capacitor.png,fpic_rf100,train/images/pcb108rec1_jpg.rf.8d4282fa318998f6ee91a52abcd8434f.jpg,pcb108rec1_jpg,Capacitor,107,73,20,8,67,50,component,,,
pcb108rec1_jpg__024__Capacitor.png,fpic_rf100,train/images/pcb108rec1_jpg.rf.8d4282fa318998f6ee91a52abcd8434f.jpg,pcb108rec1_jpg,Capacitor,116,86,22,16,72,54,component,,,
pcb108rec1_jpg__025__Capacitor.png,fpic_rf100,train/images/pcb108rec1_jpg.rf.8d4282fa318998f6ee91a52abcd8434f.jpg,pcb108rec1_jpg,Capacitor,85,81,16,15,53,51,component,,,
pcb108rec1_jpg__026__Capacitor.png,fpic_rf100,train/images/pcb108rec1_jpg.rf.8d4282fa318998f6ee91a52abcd8434f.jpg,pcb108rec1_jpg,Capacitor,86,90,16,17,54,56,component,,,
pcb108rec1_jpg__027__Capacitor.png,fpic_rf100,train/images/pcb108rec1_jpg.rf.8d4282fa318998f6ee91a52abcd8434f.jpg,pcb108rec1_jpg,Capacitor,85,106,16,20,53,66,component,,,
pcb108rec1_jpg__029__Capacitor.png,fpic_rf100,train/images/pcb108rec1_jpg.rf.8d4282fa318998f6ee91a52abcd8434f.jpg,pcb108rec1_jpg,Capacitor,92,96,17,18,58,60,component,,,
pcb108rec1_jpg__031__Connector.png,fpic_rf100,train/images/pcb108rec1_jpg.rf.8d4282fa318998f6ee91a52abcd8434f.jpg,pcb108rec1_jpg,Connector,107,206,20,43,67,144,component,,,
pcb108rec1_jpg__033__Capacitor.png,fpic_rf100,train/images/pcb108rec1_jpg.rf.8d4282fa318998f6ee91a52abcd8434f.jpg,pcb108rec1_jpg,Capacitor,134,101,25,19,84,63,component,,,
pcb108rec1_jpg__034__Capacitor.png,fpic_rf100,train/images/pcb108rec1_jpg.rf.8d4282fa318998f6ee91a52abcd8434f.jpg,pcb108rec1_jpg,Capacitor,84,92,16,17,52,58,component,,,
pcb108rec1_jpg__035__Capacitor.png,fpic_rf100,train/images/pcb108rec1_jpg.rf.8d4282fa318998f6ee91a52abcd8434f.jpg,pcb108rec1_jpg,Capacitor,90,96,17,18,56,60,component,,,
pcb108rec1_jpg__036__Capacitor.png,fpic_rf100,train/images/pcb108rec1_jpg.rf.8d4282fa318998f6ee91a52abcd8434f.jpg,pcb108rec1_jpg,Capacitor,101,107,19,20,63,67,component,,,
pcb108rec1_jpg__038__Capacitor.png,fpic_rf100,train/images/pcb108rec1_jpg.rf.8d4282fa318998f6ee91a52abcd8434f.jpg,pcb108rec1_jpg,Capacitor,86,84,16,16,54,52,component,,,
pcb108rec1_jpg__039__Capacitor.png,fpic_rf100,train/images/pcb108rec1_jpg.rf.8d4282fa318998f6ee91a52abcd8434f.jpg,pcb108rec1_jpg,Capacitor,127,107,24,20,79,67,component,,,
pcb108rec1_jpg__043__Capacitor.png,fpic_rf100,train/images/pcb108rec1_jpg.rf.8d4282fa318998f6ee91a52abcd8434f.jpg,pcb108rec1_jpg,Capacitor,108,102,20,19,68,64,component,,,
pcb108rec1_jpg__044__Capacitor.png,fpic_rf100,train/images/pcb108rec1_jpg.rf.8d4282fa318998f6ee91a52abcd8434f.jpg,pcb108rec1_jpg,Capacitor,80,100,15,19,50,62,component,,,
pcb108rec1_jpg__045__Capacitor.png,fpic_rf100,train/images/pcb108rec1_jpg.rf.8d4282fa318998f6ee91a52abcd8434f.jpg,pcb108rec1_jpg,Capacitor,80,79,15,15,50,49,component,,,
pcb108rec1_jpg__046__Capacitor.png,fpic_rf100,train/images/pcb108rec1_jpg.rf.8d4282fa318998f6ee91a52abcd8434f.jpg,pcb108rec1_jpg,Capacitor,101,104,19,20,63,65,component,,,
pcb108rec1_jpg__048__Capacitor.png,fpic_rf100,train/images/pcb108rec1_jpg.rf.8d4282fa318998f6ee91a52abcd8434f.jpg,pcb108rec1_jpg,Capacitor,92,101,17,19,58,63,component,,,
pcb108rec1_jpg__049__Capacitor.png,fpic_rf100,train/images/pcb108rec1_jpg.rf.8d4282fa318998f6ee91a52abcd8434f.jpg,pcb108rec1_jpg,Capacitor,129,84,24,16,81,52,component,,,
pcb108rec1_jpg__050__Capacitor.png,fpic_rf100,train/images/pcb108rec1_jpg.rf.8d4282fa318998f6ee91a52abcd8434f.jpg,pcb108rec1_jpg,Capacitor,116,95,22,18,72,60,component,,,
pcb108rec1_jpg__051__Capacitor.png,fpic_rf100,train/images/pcb108rec1_jpg.rf.8d4282fa318998f6ee91a52abcd8434f.jpg,pcb108rec1_jpg,Capacitor,117,118,22,22,73,74,component,,,
pcb108rec1_jpg__052__Capacitor.png,fpic_rf100,train/images/pcb108rec1_jpg.rf.8d4282fa318998f6ee91a52abcd8434f.jpg,pcb108rec1_jpg,Capacitor,136,118,25,23,85,77,component,,,
pcb108rec1_jpg__054__Capacitor.png,fpic_rf100,train/images/pcb108rec1_jpg.rf.8d4282fa318998f6ee91a52abcd8434f.jpg,pcb108rec1_jpg,Capacitor,107,106,20,20,67,66,component,,,
pcb108rec1_jpg__055__Capacitor.png,fpic_rf100,train/images/pcb108rec1_jpg.rf.8d4282fa318998f6ee91a52abcd8434f.jpg,pcb108rec1_jpg,Capacitor,96,91,18,17,60,57,component,,,
pcb108rec1_jpg__058__Capacitor.png,fpic_rf100,train/images/pcb108rec1_jpg.rf.8d4282fa318998f6ee91a52abcd8434f.jpg,pcb108rec1_jpg,Capacitor,116,109,22,0,72,84,component,,,
pcb108rec1_jpg__060__Capacitor.png,fpic_rf100,train/images/pcb108rec1_jpg.rf.8d4282fa318998f6ee91a52abcd8434f.jpg,pcb108rec1_jpg,Capacitor,98,105,8,20,69,65,component,,,
pcb108rec1_jpg__062__Capacitor.png,fpic_rf100,train/images/pcb108rec1_jpg.rf.8d4282fa318998f6ee91a52abcd8434f.jpg,pcb108rec1_jpg,Capacitor,104,120,20,0,65,92,component,,,
pcb108rec1_jpg__063__Capacitor.png,fpic_rf100,train/images/pcb108rec1_jpg.rf.8d4282fa318998f6ee91a52abcd8434f.jpg,pcb108rec1_jpg,Capacitor,117,112,22,21,73,70,component,,,
pcb108rec1_jpg__064__Capacitor.png,fpic_rf100,train/images/pcb108rec1_jpg.rf.8d4282fa318998f6ee91a52abcd8434f.jpg,pcb108rec1_jpg,Capacitor,107,117,20,22,67,73,component,,,
pcb108rec1_jpg__065__Capacitor.png,fpic_rf100,train/images/pcb108rec1_jpg.rf.8d4282fa318998f6ee91a52abcd8434f.jpg,pcb108rec1_jpg,Capacitor,84,93,16,14,52,61,component,,,
pcb108rec1_jpg__066__Capacitor.png,fpic_rf100,train/images/pcb108rec1_jpg.rf.8d4282fa318998f6ee91a52abcd8434f.jpg,pcb108rec1_jpg,Capacitor,101,107,19,17,63,69,component,,,
pcb108rec1_jpg__068__Capacitor.png,fpic_rf100,train/images/pcb108rec1_jpg.rf.8d4282fa318998f6ee91a52abcd8434f.jpg,pcb108rec1_jpg,Capacitor,87,101,16,19,55,63,component,,,
pcb108rec1_jpg__070__IC.png,fpic_rf100,train/images/pcb108rec1_jpg.rf.8d4282fa318998f6ee91a52abcd8434f.jpg,pcb108rec1_jpg,IC,202,134,19,25,141,84,component,,,
pcb108rec1_jpg__071__Capacitor.png,fpic_rf100,train/images/pcb108rec1_jpg.rf.8d4282fa318998f6ee91a52abcd8434f.jpg,pcb108rec1_jpg,Capacitor,92,112,17,21,58,70,component,,,
pcb108rec1_jpg__072__Capacitor.png,fpic_rf100,train/images/pcb108rec1_jpg.rf.8d4282fa318998f6ee91a52abcd8434f.jpg,pcb108rec1_jpg,Capacitor,87,85,16,16,55,53,component,,,
pcb108rec1_jpg__073__Capacitor.png,fpic_rf100,train/images/pcb108rec1_jpg.rf.8d4282fa318998f6ee91a52abcd8434f.jpg,pcb108rec1_jpg,Capacitor,175,133,33,25,109,83,component,,,
pcb108rec1_jpg__074__IC.png,fpic_rf100,train/images/pcb108rec1_jpg.rf.8d4282fa318998f6ee91a52abcd8434f.jpg,pcb108rec1_jpg,IC,425,256,82,48,274,160,component,,,
pcb108rec1_jpg__075__Capacitor.png,fpic_rf100,train/images/pcb108rec1_jpg.rf.8d4282fa318998f6ee91a52abcd8434f.jpg,pcb108rec1_jpg,Capacitor,144,96,27,18,90,60,component,,,
pcb108rec1_jpg__076__Capacitor.png,fpic_rf100,train/images/pcb108rec1_jpg.rf.8d4282fa318998f6ee91a52abcd8434f.jpg,pcb108rec1_jpg,Capacitor,89,76,12,14,59,48,component,,,
pcb108rec1_jpg__078__Capacitor.png,fpic_rf100,train/images/pcb108rec1_jpg.rf.8d4282fa318998f6ee91a52abcd8434f.jpg,pcb108rec1_jpg,Capacitor,117,97,22,18,73,61,component,,,
pcb108rec1_jpg__079__Capacitor.png,fpic_rf100,train/images/pcb108rec1_jpg.rf.8d4282fa318998f6ee91a52abcd8434f.jpg,pcb108rec1_jpg,Capacitor,101,100,19,19,63,62,component,,,
pcb108rec1_jpg__080__Capacitor.png,fpic_rf100,train/images/pcb108rec1_jpg.rf.8d4282fa318998f6ee91a52abcd8434f.jpg,pcb108rec1_jpg,Capacitor,108,80,20,15,68,50,component,,,
pcb108rec1_jpg__082__Capacitor.png,fpic_rf100,train/images/pcb108rec1_jpg.rf.8d4282fa318998f6ee91a52abcd8434f.jpg,pcb108rec1_jpg,Capacitor,180,108,34,20,112,68,component,,,
pcb108rec1_jpg__084__Capacitor.png,fpic_rf100,train/images/pcb108rec1_jpg.rf.8d4282fa318998f6ee91a52abcd8434f.jpg,pcb108rec1_jpg,Capacitor,107,132,20,25,67,82,component,,,
pcb108rec1_jpg__085__IC.png,fpic_rf100,train/images/pcb108rec1_jpg.rf.8d4282fa318998f6ee91a52abcd8434f.jpg,pcb108rec1_jpg,IC,641,320,120,60,401,200,component,,,
pcb108rec1_jpg__086__Capacitor.png,fpic_rf100,train/images/pcb108rec1_jpg.rf.8d4282fa318998f6ee91a52abcd8434f.jpg,pcb108rec1_jpg,Capacitor,150,117,28,22,94,73,component,,,
pcb108rec1_jpg__088__Capacitor.png,fpic_rf100,train/images/pcb108rec1_jpg.rf.8d4282fa318998f6ee91a52abcd8434f.jpg,pcb108rec1_jpg,Capacitor,124,136,23,26,78,85,component,,,
pcb108rec1_jpg__089__Capacitor.png,fpic_rf100,train/images/pcb108rec1_jpg.rf.8d4282fa318998f6ee91a52abcd8434f.jpg,pcb108rec1_jpg,Capacitor,164,104,31,19,102,65,component,,,
pcb108rec1_jpg__090__Capacitor.png,fpic_rf100,train/images/pcb108rec1_jpg.rf.8d4282fa318998f6ee91a52abcd8434f.jpg,pcb108rec1_jpg,Capacitor,148,101,28,19,92,63,component,,,
pcb108rec1_jpg__091__Capacitor.png,fpic_rf100,train/images/pcb108rec1_jpg.rf.8d4282fa318998f6ee91a52abcd8434f.jpg,pcb108rec1_jpg,Capacitor,191,100,36,19,119,62,component,,,
pcb108rec1_jpg__092__Capacitor.png,fpic_rf100,train/images/pcb108rec1_jpg.rf.8d4282fa318998f6ee91a52abcd8434f.jpg,pcb108rec1_jpg,Capacitor,100,96,19,18,62,60,component,,,
pcb108rec1_jpg__093__Capacitor.png,fpic_rf100,train/images/pcb108rec1_jpg.rf.8d4282fa318998f6ee91a52abcd8434f.jpg,pcb108rec1_jpg,Capacitor,86,95,16,18,54,59,component,,,
pcb108rec1_jpg__094__Capacitor.png,fpic_rf100,train/images/pcb108rec1_jpg.rf.8d4282fa318998f6ee91a52abcd8434f.jpg,pcb108rec1_jpg,Capacitor,86,113,16,21,54,71,component,,,
pcb108rec1_jpg__095__Capacitor.png,fpic_rf100,train/images/pcb108rec1_jpg.rf.8d4282fa318998f6ee91a52abcd8434f.jpg,pcb108rec1_jpg,Capacitor,96,107,18,20,60,67,component,,,
pcb108rec1_jpg__096__Capacitor.png,fpic_rf100,train/images/pcb108rec1_jpg.rf.8d4282fa318998f6ee91a52abcd8434f.jpg,pcb108rec1_jpg,Capacitor,118,165,22,31,74,103,component,,,
pcb108rec1_jpg__098__Capacitor.png,fpic_rf100,train/images/pcb108rec1_jpg.rf.8d4282fa318998f6ee91a52abcd8434f.jpg,pcb108rec1_jpg,Capacitor,101,84,19,16,63,52,component,,,
pcb108rec1_jpg__099__Capacitor.png,fpic_rf100,train/images/pcb108rec1_jpg.rf.8d4282fa318998f6ee91a52abcd8434f.jpg,pcb108rec1_jpg,Capacitor,107,91,20,17,67,57,component,,,
pcb108rec1_jpg__100__Capacitor.png,fpic_rf100,train/images/pcb108rec1_jpg.rf.8d4282fa318998f6ee91a52abcd8434f.jpg,pcb108rec1_jpg,Capacitor,102,91,19,17,64,57,component,,,
pcb108rec1_jpg__101__Capacitor.png,fpic_rf100,train/images/pcb108rec1_jpg.rf.8d4282fa318998f6ee91a52abcd8434f.jpg,pcb108rec1_jpg,Capacitor,116,124,22,23,72,78,component,,,
pcb108rec1_jpg__102__Capacitor.png,fpic_rf100,train/images/pcb108rec1_jpg.rf.8d4282fa318998f6ee91a52abcd8434f.jpg,pcb108rec1_jpg,Capacitor,181,133,34,25,113,83,component,,,
pcb108rec1_jpg__104__Capacitor.png,fpic_rf100,train/images/pcb108rec1_jpg.rf.8d4282fa318998f6ee91a52abcd8434f.jpg,pcb108rec1_jpg,Capacitor,132,80,25,15,82,50,component,,,
pcb108rec1_jpg__105__Capacitor.png,fpic_rf100,train/images/pcb108rec1_jpg.rf.8d4282fa318998f6ee91a52abcd8434f.jpg,pcb108rec1_jpg,Capacitor,84,84,16,16,52,52,component,,,
pcb108rec1_jpg__106__Capacitor.png,fpic_rf100,train/images/pcb108rec1_jpg.rf.8d4282fa318998f6ee91a52abcd8434f.jpg,pcb108rec1_jpg,Capacitor,117,101,22,19,73,63,component,,,
pcb108rec1_jpg__107__Capacitor.png,fpic_rf100,train/images/pcb108rec1_jpg.rf.8d4282fa318998f6ee91a52abcd8434f.jpg,pcb108rec1_jpg,Capacitor,78,118,9,22,53,74,component,,,
pcb108rec1_jpg__108__Capacitor.png,fpic_rf100,train/images/pcb108rec1_jpg.rf.8d4282fa318998f6ee91a52abcd8434f.jpg,pcb108rec1_jpg,Capacitor,101,134,19,25,63,84,component,,,
pcb108rec1_jpg__109__Capacitor.png,fpic_rf100,train/images/pcb108rec1_jpg.rf.8d4282fa318998f6ee91a52abcd8434f.jpg,pcb108rec1_jpg,Capacitor,166,102,31,19,104,64,component,,,
pcb108rec1_jpg__111__Capacitor.png,fpic_rf100,train/images/pcb108rec1_jpg.rf.8d4282fa318998f6ee91a52abcd8434f.jpg,pcb108rec1_jpg,Capacitor,85,85,16,16,53,53,component,,,
pcb108rec1_jpg__112__Capacitor.png,fpic_rf100,train/images/pcb108rec1_jpg.rf.8d4282fa318998f6ee91a52abcd8434f.jpg,pcb108rec1_jpg,Capacitor,171,144,32,27,107,90,component,,,
pcb108rec1_jpg__113__Capacitor.png,fpic_rf100,train/images/pcb108rec1_jpg.rf.8d4282fa318998f6ee91a52abcd8434f.jpg,pcb108rec1_jpg,Capacitor,95,104,18,20,59,65,component,,,
pcb108rec1_jpg__114__Capacitor.png,fpic_rf100,train/images/pcb108rec1_jpg.rf.8d4282fa318998f6ee91a52abcd8434f.jpg,pcb108rec1_jpg,Capacitor,96,101,18,19,60,63,component,,,
pcb108rec1_jpg__115__Capacitor.png,fpic_rf100,train/images/pcb108rec1_jpg.rf.8d4282fa318998f6ee91a52abcd8434f.jpg,pcb108rec1_jpg,Capacitor,129,90,24,17,81,56,component,,,
pcb108rec1_jpg__116__IC.png,fpic_rf100,train/images/pcb108rec1_jpg.rf.8d4282fa318998f6ee91a52abcd8434f.jpg,pcb108rec1_jpg,IC,206,148,19,28,144,92,component,,,
pcb108rec1_jpg__117__Capacitor.png,fpic_rf100,train/images/pcb108rec1_jpg.rf.8d4282fa318998f6ee91a52abcd8434f.jpg,pcb108rec1_jpg,Capacitor,90,118,17,22,56,74,component,,,
pcb108rec1_jpg__118__Capacitor.png,fpic_rf100,train/images/pcb108rec1_jpg.rf.8d4282fa318998f6ee91a52abcd8434f.jpg,pcb108rec1_jpg,Capacitor,95,79,18,15,59,49,component,,,
pcb109rec1_jpg__030__IC.png,fpic_rf100,train/images/pcb109rec1_jpg.rf.4499964cf29dfdf209f203f211b9c367.jpg,pcb109rec1_jpg,IC,335,234,63,44,209,146,component,,,
pcb109rec1_jpg__032__IC.png,fpic_rf100,train/images/pcb109rec1_jpg.rf.4499964cf29dfdf209f203f211b9c367.jpg,pcb109rec1_jpg,IC,90,88,17,16,56,55,component,,,
pcb109rec1_jpg__060__IC.png,fpic_rf100,train/images/pcb109rec1_jpg.rf.4499964cf29dfdf209f203f211b9c367.jpg,pcb109rec1_jpg,IC,80,80,15,15,50,50,component,,,
pcb109rec1_jpg__062__IC.png,fpic_rf100,train/images/pcb109rec1_jpg.rf.4499964cf29dfdf209f203f211b9c367.jpg,pcb109rec1_jpg,IC,225,321,42,60,141,201,component,,,
pcb109rec1_jpg__063__IC.png,fpic_rf100,train/images/pcb109rec1_jpg.rf.4499964cf29dfdf209f203f211b9c367.jpg,pcb109rec1_jpg,IC,454,454,85,85,284,284,component,,,
pcb109rec1_jpg__067__IC.png,fpic_rf100,train/images/pcb109rec1_jpg.rf.4499964cf29dfdf209f203f211b9c367.jpg,pcb109rec1_jpg,IC,201,208,38,39,125,130,component,,,
pcb109rec1_jpg__070__IC.png,fpic_rf100,train/images/pcb109rec1_jpg.rf.4499964cf29dfdf209f203f211b9c367.jpg,pcb109rec1_jpg,IC,122,159,23,30,76,99,component,,,
pcb10rec1_jpg__004__Capacitor.png,fpic_rf100,train/images/pcb10rec1_jpg.rf.1cda64a69547cf803617907237830661.jpg,pcb10rec1_jpg,Capacitor,170,182,32,34,106,114,component,,,
pcb10rec1_jpg__005__Capacitor.png,fpic_rf100,train/images/pcb10rec1_jpg.rf.1cda64a69547cf803617907237830661.jpg,pcb10rec1_jpg,Capacitor,138,124,26,23,86,78,component,,,
pcb10rec1_jpg__007__Capacitor.png,fpic_rf100,train/images/pcb10rec1_jpg.rf.1cda64a69547cf803617907237830661.jpg,pcb10rec1_jpg,Capacitor,118,111,22,21,74,69,component,,,
pcb10rec1_jpg__009__Capacitor.png,fpic_rf100,train/images/pcb10rec1_jpg.rf.1cda64a69547cf803617907237830661.jpg,pcb10rec1_jpg,Capacitor,95,90,18,17,59,56,component,,,
pcb10rec1_jpg__024__Capacitor.png,fpic_rf100,train/images/pcb10rec1_jpg.rf.1cda64a69547cf803617907237830661.jpg,pcb10rec1_jpg,Capacitor,172,155,32,29,108,97,component,,,
pcb10rec1_jpg__034__Transistor.png,fpic_rf100,train/images/pcb10rec1_jpg.rf.1cda64a69547cf803617907237830661.jpg,pcb10rec1_jpg,Transistor,85,85,16,16,53,53,component,,,
pcb10rec1_jpg__038__Capacitor.png,fpic_rf100,train/images/pcb10rec1_jpg.rf.1cda64a69547cf803617907237830661.jpg,pcb10rec1_jpg,Capacitor,85,84,16,16,53,52,component,,,
pcb10rec1_jpg__039__Capacitor.png,fpic_rf100,train/images/pcb10rec1_jpg.rf.1cda64a69547cf803617907237830661.jpg,pcb10rec1_jpg,Capacitor,97,100,18,19,61,62,component,,,
pcb10rec1_jpg__040__Capacitor.png,fpic_rf100,train/images/pcb10rec1_jpg.rf.1cda64a69547cf803617907237830661.jpg,pcb10rec1_jpg,Capacitor,86,91,16,17,54,57,component,,,
pcb10rec1_jpg__041__IC.png,fpic_rf100,train/images/pcb10rec1_jpg.rf.1cda64a69547cf803617907237830661.jpg,pcb10rec1_jpg,IC,212,203,40,38,132,127,component,,,
pcb10rec1_jpg__042__Capacitor.png,fpic_rf100,train/images/pcb10rec1_jpg.rf.1cda64a69547cf803617907237830661.jpg,pcb10rec1_jpg,Capacitor,91,92,17,17,57,58,component,,,
pcb10rec1_jpg__044__IC.png,fpic_rf100,train/images/pcb10rec1_jpg.rf.1cda64a69547cf803617907237830661.jpg,pcb10rec1_jpg,IC,112,138,21,26,70,86,component,,,
pcb10rec1_jpg__045__IC.png,fpic_rf100,train/images/pcb10rec1_jpg.rf.1cda64a69547cf803617907237830661.jpg,pcb10rec1_jpg,IC,97,116,18,22,61,72,component,,,
pcb10rec1_jpg__046__Capacitor.png,fpic_rf100,train/images/pcb10rec1_jpg.rf.1cda64a69547cf803617907237830661.jpg,pcb10rec1_jpg,Capacitor,95,80,18,15,59,50,component,,,
pcb10rec1_jpg__061__Capacitor.png,fpic_rf100,train/images/pcb10rec1_jpg.rf.1cda64a69547cf803617907237830661.jpg,pcb10rec1_jpg,Capacitor,116,155,22,29,72,97,component,,,
pcb10rec1_jpg__062__Capacitor.png,fpic_rf100,train/images/pcb10rec1_jpg.rf.1cda64a69547cf803617907237830661.jpg,pcb10rec1_jpg,Capacitor,177,182,33,34,111,114,component,,,
pcb10rec1_jpg__063__Connector.png,fpic_rf100,train/images/pcb10rec1_jpg.rf.1cda64a69547cf803617907237830661.jpg,pcb10rec1_jpg,Connector,192,124,36,23,120,78,component,,,
pcb10rec1_jpg__066__Capacitor.png,fpic_rf100,train/images/pcb10rec1_jpg.rf.1cda64a69547cf803617907237830661.jpg,pcb10rec1_jpg,Capacitor,144,171,27,32,90,107,component,,,
pcb10rec1_jpg__067__Capacitor.png,fpic_rf100,train/images/pcb10rec1_jpg.rf.1cda64a69547cf803617907237830661.jpg,pcb10rec1_jpg,Capacitor,149,180,28,34,93,112,component,,,
pcb10rec1_jpg__068__Capacitor.png,fpic_rf100,train/images/pcb10rec1_jpg.rf.1cda64a69547cf803617907237830661.jpg,pcb10rec1_jpg,Capacitor,161,122,30,23,101,76,component,,,
pcb10rec1_jpg__074__Capacitor.png,fpic_rf100,train/images/pcb10rec1_jpg.rf.1cda64a69547cf803617907237830661.jpg,pcb10rec1_jpg,Capacitor,172,143,32,27,108,89,component,,,
pcb10rec1_jpg__076__IC.png,fpic_rf100,train/images/pcb10rec1_jpg.rf.1cda64a69547cf803617907237830661.jpg,pcb10rec1_jpg,IC,132,102,25,19,82,64,component,,,
pcb10rec1_jpg__077__Capacitor.png,fpic_rf100,train/images/pcb10rec1_jpg.rf.1cda64a69547cf803617907237830661.jpg,pcb10rec1_jpg,Capacitor,172,134,32,25,108,84,component,,,
pcb10rec1_jpg__080__Capacitor.png,fpic_rf100,train/images/pcb10rec1_jpg.rf.1cda64a69547cf803617907237830661.jpg,pcb10rec1_jpg,Capacitor,184,133,35,25,115,83,component,,,
pcb10rec1_jpg__084__Capacitor.png,fpic_rf100,train/images/pcb10rec1_jpg.rf.1cda64a69547cf803617907237830661.jpg,pcb10rec1_jpg,Capacitor,117,154,27,29,89,96,component,,,
pcb10rec1_jpg__097__Capacitor.png,fpic_rf100,train/images/pcb10rec1_jpg.rf.1cda64a69547cf803617907237830661.jpg,pcb10rec1_jpg,Capacitor,134,134,25,25,84,84,component,,,
pcb10rec1_jpg__099__Capacitor.png,fpic_rf100,train/images/pcb10rec1_jpg.rf.1cda64a69547cf803617907237830661.jpg,pcb10rec1_jpg,Capacitor,137,176,26,33,85,110,component,,,
pcb10rec1_jpg__104__Connector.png,fpic_rf100,train/images/pcb10rec1_jpg.rf.1cda64a69547cf803617907237830661.jpg,pcb10rec1_jpg,Connector,171,264,32,49,107,165,component,,,
pcb10rec1_jpg__105__Capacitor.png,fpic_rf100,train/images/pcb10rec1_jpg.rf.1cda64a69547cf803617907237830661.jpg,pcb10rec1_jpg,Capacitor,140,184,26,34,88,115,component,,,
pcb10rec1_jpg__106__IC.png,fpic_rf100,train/images/pcb10rec1_jpg.rf.1cda64a69547cf803617907237830661.jpg,pcb10rec1_jpg,IC,282,282,53,53,176,176,component,,,
pcb10rec1_jpg__107__Transistor.png,fpic_rf100,train/images/pcb10rec1_jpg.rf.1cda64a69547cf803617907237830661.jpg,pcb10rec1_jpg,Transistor,86,79,16,15,54,49,component,,,
pcb110rec1_jpg__000__IC.png,fpic_rf100,train/images/pcb110rec1_jpg.rf.2f27716b64f6188575989753739ce1f6.jpg,pcb110rec1_jpg,IC,436,453,82,85,272,283,component,,,
pcb110rec1_jpg__003__IC.png,fpic_rf100,train/images/pcb110rec1_jpg.rf.2f27716b64f6188575989753739ce1f6.jpg,pcb110rec1_jpg,IC,438,529,82,99,274,331,component,,,
pcb110rec1_jpg__007__IC.png,fpic_rf100,train/images/pcb110rec1_jpg.rf.2f27716b64f6188575989753739ce1f6.jpg,pcb110rec1_jpg,IC,91,105,17,20,57,65,component,,,
pcb110rec1_jpg__012__IC.png,fpic_rf100,train/images/pcb110rec1_jpg.rf.2f27716b64f6188575989753739ce1f6.jpg,pcb110rec1_jpg,IC,321,276,60,52,201,172,component,,,
pcb110rec1_jpg__018__IC.png,fpic_rf100,train/images/pcb110rec1_jpg.rf.2f27716b64f6188575989753739ce1f6.jpg,pcb110rec1_jpg,IC,96,97,18,18,60,61,component,,,
pcb110rec1_jpg__019__IC.png,fpic_rf100,train/images/pcb110rec1_jpg.rf.2f27716b64f6188575989753739ce1f6.jpg,pcb110rec1_jpg,IC,102,107,19,20,64,67,component,,,
pcb110rec1_jpg__028__IC.png,fpic_rf100,train/images/pcb110rec1_jpg.rf.2f27716b64f6188575989753739ce1f6.jpg,pcb110rec1_jpg,IC,107,101,20,19,67,63,component,,,
pcb110rec1_jpg__029__IC.png,fpic_rf100,train/images/pcb110rec1_jpg.rf.2f27716b64f6188575989753739ce1f6.jpg,pcb110rec1_jpg,IC,128,107,24,20,80,67,component,,,
pcb110rec1_jpg__030__IC.png,fpic_rf100,train/images/pcb110rec1_jpg.rf.2f27716b64f6188575989753739ce1f6.jpg,pcb110rec1_jpg,IC,102,91,19,17,64,57,component,,,
pcb110rec1_jpg__046__IC.png,fpic_rf100,train/images/pcb110rec1_jpg.rf.2f27716b64f6188575989753739ce1f6.jpg,pcb110rec1_jpg,IC,119,140,22,26,75,88,component,,,
pcb110rec1_jpg__049__Capacitor.png,fpic_rf100,train/images/pcb110rec1_jpg.rf.2f27716b64f6188575989753739ce1f6.jpg,pcb110rec1_jpg,Capacitor,228,241,43,45,142,151,component,,,
pcb110rec1_jpg__051__Capacitor.png,fpic_rf100,train/images/pcb110rec1_jpg.rf.2f27716b64f6188575989753739ce1f6.jpg,pcb110rec1_jpg,Capacitor,86,97,16,18,54,61,component,,,
pcb110rec1_jpg__052__Capacitor.png,fpic_rf100,train/images/pcb110rec1_jpg.rf.2f27716b64f6188575989753739ce1f6.jpg,pcb110rec1_jpg,Capacitor,106,108,20,20,66,68,component,,,
pcb110rec1_jpg__053__Capacitor.png,fpic_rf100,train/images/pcb110rec1_jpg.rf.2f27716b64f6188575989753739ce1f6.jpg,pcb110rec1_jpg,Capacitor,95,101,18,19,59,63,component,,,
pcb110rec1_jpg__054__Capacitor.png,fpic_rf100,train/images/pcb110rec1_jpg.rf.2f27716b64f6188575989753739ce1f6.jpg,pcb110rec1_jpg,Capacitor,161,162,30,33,101,110,component,,,
pcb110rec1_jpg__057__Capacitor.png,fpic_rf100,train/images/pcb110rec1_jpg.rf.2f27716b64f6188575989753739ce1f6.jpg,pcb110rec1_jpg,Capacitor,101,97,19,18,63,61,component,,,
pcb110rec1_jpg__058__IC.png,fpic_rf100,train/images/pcb110rec1_jpg.rf.2f27716b64f6188575989753739ce1f6.jpg,pcb110rec1_jpg,IC,112,129,21,24,70,81,component,,,
pcb110rec1_jpg__059__IC.png,fpic_rf100,train/images/pcb110rec1_jpg.rf.2f27716b64f6188575989753739ce1f6.jpg,pcb110rec1_jpg,IC,90,95,17,18,56,59,component,,,
pcb110rec1_jpg__060__IC.png,fpic_rf100,train/images/pcb110rec1_jpg.rf.2f27716b64f6188575989753739ce1f6.jpg,pcb110rec1_jpg,IC,104,107,19,20,65,67,component,,,
pcb110rec1_jpg__064__Capacitor.png,fpic_rf100,train/images/pcb110rec1_jpg.rf.2f27716b64f6188575989753739ce1f6.jpg,pcb110rec1_jpg,Capacitor,108,106,20,20,68,66,component,,,
pcb110rec1_jpg__071__Resistor_Network.png,fpic_rf100,train/images/pcb110rec1_jpg.rf.2f27716b64f6188575989753739ce1f6.jpg,pcb110rec1_jpg,Resistor Network,84,76,16,14,52,48,component,,,
pcb110rec1_jpg__075__Capacitor.png,fpic_rf100,train/images/pcb110rec1_jpg.rf.2f27716b64f6188575989753739ce1f6.jpg,pcb110rec1_jpg,Capacitor,104,108,20,20,65,68,component,,,
pcb110rec1_jpg__076__Capacitor.png,fpic_rf100,train/images/pcb110rec1_jpg.rf.2f27716b64f6188575989753739ce1f6.jpg,pcb110rec1_jpg,Capacitor,108,112,20,21,68,70,component,,,
pcb110rec1_jpg__096__IC.png,fpic_rf100,train/images/pcb110rec1_jpg.rf.2f27716b64f6188575989753739ce1f6.jpg,pcb110rec1_jpg,IC,97,106,18,20,61,66,component,,,
pcb110rec1_jpg__125__IC.png,fpic_rf100,train/images/pcb110rec1_jpg.rf.2f27716b64f6188575989753739ce1f6.jpg,pcb110rec1_jpg,IC,95,90,18,17,59,56,component,,,
pcb110rec1_jpg__127__IC.png,fpic_rf100,train/images/pcb110rec1_jpg.rf.2f27716b64f6188575989753739ce1f6.jpg,pcb110rec1_jpg,IC,112,108,21,20,70,68,component,,,
pcb110rec1_jpg__128__IC.png,fpic_rf100,train/images/pcb110rec1_jpg.rf.2f27716b64f6188575989753739ce1f6.jpg,pcb110rec1_jpg,IC,449,433,84,81,281,271,component,,,
pcb110rec1_jpg__135__IC.png,fpic_rf100,train/images/pcb110rec1_jpg.rf.2f27716b64f6188575989753739ce1f6.jpg,pcb110rec1_jpg,IC,294,303,55,57,184,189,component,,,
pcb110rec1_jpg__139__IC.png,fpic_rf100,train/images/pcb110rec1_jpg.rf.2f27716b64f6188575989753739ce1f6.jpg,pcb110rec1_jpg,IC,300,284,56,53,188,178,component,,,
pcb110rec1_jpg__146__IC.png,fpic_rf100,train/images/pcb110rec1_jpg.rf.2f27716b64f6188575989753739ce1f6.jpg,pcb110rec1_jpg,IC,86,90,16,17,54,56,component,,,
pcb110rec1_jpg__148__IC.png,fpic_rf100,train/images/pcb110rec1_jpg.rf.2f27716b64f6188575989753739ce1f6.jpg,pcb110rec1_jpg,IC,91,96,17,18,57,60,component,,,
pcb110rec1_jpg__159__IC.png,fpic_rf100,train/images/pcb110rec1_jpg.rf.2f27716b64f6188575989753739ce1f6.jpg,pcb110rec1_jpg,IC,92,96,17,18,58,60,component,,,
pcb110rec1_jpg__162__IC.png,fpic_rf100,train/images/pcb110rec1_jpg.rf.2f27716b64f6188575989753739ce1f6.jpg,pcb110rec1_jpg,IC,102,107,19,20,64,67,component,,,
pcb110rec1_jpg__173__IC.png,fpic_rf100,train/images/pcb110rec1_jpg.rf.2f27716b64f6188575989753739ce1f6.jpg,pcb110rec1_jpg,IC,308,266,58,50,192,166,component,,,
pcb110rec1_jpg__174__IC.png,fpic_rf100,train/images/pcb110rec1_jpg.rf.2f27716b64f6188575989753739ce1f6.jpg,pcb110rec1_jpg,IC,101,89,19,17,63,55,component,,,
pcb110rec1_jpg__176__IC.png,fpic_rf100,train/images/pcb110rec1_jpg.rf.2f27716b64f6188575989753739ce1f6.jpg,pcb110rec1_jpg,IC,76,90,14,17,48,56,component,,,
pcb110rec1_jpg__183__IC.png,fpic_rf100,train/images/pcb110rec1_jpg.rf.2f27716b64f6188575989753739ce1f6.jpg,pcb110rec1_jpg,IC,107,101,20,19,67,63,component,,,
pcb110rec1_jpg__190__IC.png,fpic_rf100,train/images/pcb110rec1_jpg.rf.2f27716b64f6188575989753739ce1f6.jpg,pcb110rec1_jpg,IC,100,106,19,20,62,66,component,,,
pcb111rec1_jpg__034__Capacitor_Jumper.png,fpic_rf100,valid/images/pcb111rec1_jpg.rf.040a27e0265565f082e841770a82ada8.jpg,pcb111rec1_jpg,Capacitor Jumper,261,128,49,24,163,80,component,,,
pcb111rec1_jpg__035__Capacitor_Jumper.png,fpic_rf100,valid/images/pcb111rec1_jpg.rf.040a27e0265565f082e841770a82ada8.jpg,pcb111rec1_jpg,Capacitor Jumper,283,117,53,22,177,73,component,,,
pcb111rec1_jpg__041__Transistor.png,fpic_rf100,valid/images/pcb111rec1_jpg.rf.040a27e0265565f082e841770a82ada8.jpg,pcb111rec1_jpg,Transistor,108,115,20,22,68,72,component,,,
pcb111rec1_jpg__057__Transistor.png,fpic_rf100,valid/images/pcb111rec1_jpg.rf.040a27e0265565f082e841770a82ada8.jpg,pcb111rec1_jpg,Transistor,106,113,20,21,66,71,component,,,
pcb111rec1_jpg__061__Transistor.png,fpic_rf100,valid/images/pcb111rec1_jpg.rf.040a27e0265565f082e841770a82ada8.jpg,pcb111rec1_jpg,Transistor,107,118,20,22,67,74,component,,,
pcb111rec1_jpg__062__Transistor.png,fpic_rf100,valid/images/pcb111rec1_jpg.rf.040a27e0265565f082e841770a82ada8.jpg,pcb111rec1_jpg,Transistor,106,115,20,22,66,72,component,,,
pcb111rec1_jpg__063__Transistor.png,fpic_rf100,valid/images/pcb111rec1_jpg.rf.040a27e0265565f082e841770a82ada8.jpg,pcb111rec1_jpg,Transistor,105,114,20,21,65,71,component,,,
pcb111rec1_jpg__064__Transistor.png,fpic_rf100,valid/images/pcb111rec1_jpg.rf.040a27e0265565f082e841770a82ada8.jpg,pcb111rec1_jpg,Transistor,106,116,20,22,66,72,component,,,
pcb111rec1_jpg__065__Transistor.png,fpic_rf100,valid/images/pcb111rec1_jpg.rf.040a27e0265565f082e841770a82ada8.jpg,pcb111rec1_jpg,Transistor,103,113,19,21,65,71,component,,,
pcb111rec1_jpg__066__Transistor.png,fpic_rf100,valid/images/pcb111rec1_jpg.rf.040a27e0265565f082e841770a82ada8.jpg,pcb111rec1_jpg,Transistor,107,113,20,21,67,71,component,,,
pcb111rec1_jpg__072__Transistor.png,fpic_rf100,valid/images/pcb111rec1_jpg.rf.040a27e0265565f082e841770a82ada8.jpg,pcb111rec1_jpg,Transistor,108,115,20,22,68,72,component,,,
pcb111rec1_jpg__077__Transistor.png,fpic_rf100,valid/images/pcb111rec1_jpg.rf.040a27e0265565f082e841770a82ada8.jpg,pcb111rec1_jpg,Transistor,111,117,21,22,69,73,component,,,
pcb111rec1_jpg__079__Transistor.png,fpic_rf100,valid/images/pcb111rec1_jpg.rf.040a27e0265565f082e841770a82ada8.jpg,pcb111rec1_jpg,Transistor,105,116,20,22,65,72,component,,,
pcb111rec1_jpg__081__Transistor.png,fpic_rf100,valid/images/pcb111rec1_jpg.rf.040a27e0265565f082e841770a82ada8.jpg,pcb111rec1_jpg,Transistor,108,111,20,21,68,69,component,,,
pcb111rec1_jpg__082__Transistor.png,fpic_rf100,valid/images/pcb111rec1_jpg.rf.040a27e0265565f082e841770a82ada8.jpg,pcb111rec1_jpg,Transistor,107,119,20,22,67,75,component,,,
pcb111rec1_jpg__084__Transistor.png,fpic_rf100,valid/images/pcb111rec1_jpg.rf.040a27e0265565f082e841770a82ada8.jpg,pcb111rec1_jpg,Transistor,105,112,20,21,65,70,component,,,
pcb111rec1_jpg__087__Transistor.png,fpic_rf100,valid/images/pcb111rec1_jpg.rf.040a27e0265565f082e841770a82ada8.jpg,pcb111rec1_jpg,Transistor,105,114,20,21,65,71,component,,,
pcb111rec1_jpg__088__Capacitor_Jumper.png,fpic_rf100,valid/images/pcb111rec1_jpg.rf.040a27e0265565f082e841770a82ada8.jpg,pcb111rec1_jpg,Capacitor Jumper,247,163,46,31,155,102,component,,,
pcb111rec1_jpg__091__Transistor.png,fpic_rf100,valid/images/pcb111rec1_jpg.rf.040a27e0265565f082e841770a82ada8.jpg,pcb111rec1_jpg,Transistor,108,115,20,22,68,72,component,,,
pcb111rec1_jpg__101__Capacitor_Jumper.png,fpic_rf100,valid/images/pcb111rec1_jpg.rf.040a27e0265565f082e841770a82ada8.jpg,pcb111rec1_jpg,Capacitor Jumper,276,128,52,24,172,80,component,,,
pcb111rec1_jpg__117__IC.png,fpic_rf100,valid/images/pcb111rec1_jpg.rf.040a27e0265565f082e841770a82ada8.jpg,pcb111rec1_jpg,IC,97,133,18,25,61,83,component,,,
pcb111rec1_jpg__168__IC.png,fpic_rf100,valid/images/pcb111rec1_jpg.rf.040a27e0265565f082e841770a82ada8.jpg,pcb111rec1_jpg,IC,144,104,27,19,90,65,component,,,
pcb111rec1_jpg__171__IC.png,fpic_rf100,valid/images/pcb111rec1_jpg.rf.040a27e0265565f082e841770a82ada8.jpg,pcb111rec1_jpg,IC,103,146,19,27,65,91,component,,,
pcb111rec1_jpg__228__IC.png,fpic_rf100,valid/images/pcb111rec1_jpg.rf.040a27e0265565f082e841770a82ada8.jpg,pcb111rec1_jpg,IC,97,161,18,31,61,103,component,,,
pcb111rec1_jpg__230__IC.png,fpic_rf100,valid/images/pcb111rec1_jpg.rf.040a27e0265565f082e841770a82ada8.jpg,pcb111rec1_jpg,IC,116,113,22,21,72,71,component,,,
pcb111rec1_jpg__246__IC.png,fpic_rf100,valid/images/pcb111rec1_jpg.rf.040a27e0265565f082e841770a82ada8.jpg,pcb111rec1_jpg,IC,102,138,19,26,64,86,component,,,
pcb114rec1_jpg__004__Capacitor.png,fpic_rf100,valid/images/pcb114rec1_jpg.rf.b814eb26df532210e7186b3f1b48633b.jpg,pcb114rec1_jpg,Capacitor,188,152,35,29,118,95,component,,,
pcb114rec1_jpg__005__IC.png,fpic_rf100,valid/images/pcb114rec1_jpg.rf.b814eb26df532210e7186b3f1b48633b.jpg,pcb114rec1_jpg,IC,260,244,49,46,162,152,component,,,
pcb114rec1_jpg__006__IC.png,fpic_rf100,valid/images/pcb114rec1_jpg.rf.b814eb26df532210e7186b3f1b48633b.jpg,pcb114rec1_jpg,IC,154,250,29,47,96,156,component,,,
pcb114rec1_jpg__007__Capacitor.png,fpic_rf100,valid/images/pcb114rec1_jpg.rf.b814eb26df532210e7186b3f1b48633b.jpg,pcb114rec1_jpg,Capacitor,154,148,29,28,96,92,component,,,
pcb114rec1_jpg__010__IC.png,fpic_rf100,valid/images/pcb114rec1_jpg.rf.b814eb26df532210e7186b3f1b48633b.jpg,pcb114rec1_jpg,IC,84,118,16,22,52,74,component,,,
pcb114rec1_jpg__011__IC.png,fpic_rf100,valid/images/pcb114rec1_jpg.rf.b814eb26df532210e7186b3f1b48633b.jpg,pcb114rec1_jpg,IC,85,106,16,20,53,66,component,,,
pcb114rec1_jpg__012__IC.png,fpic_rf100,valid/images/pcb114rec1_jpg.rf.b814eb26df532210e7186b3f1b48633b.jpg,pcb114rec1_jpg,IC,79,117,15,22,49,73,component,,,
pcb114rec1_jpg__017__IC.png,fpic_rf100,valid/images/pcb114rec1_jpg.rf.b814eb26df532210e7186b3f1b48633b.jpg,pcb114rec1_jpg,IC,118,143,22,27,74,89,component,,,
pcb114rec1_jpg__026__IC.png,fpic_rf100,valid/images/pcb114rec1_jpg.rf.b814eb26df532210e7186b3f1b48633b.jpg,pcb114rec1_jpg,IC,128,152,24,28,80,95,component,,,
pcb114rec1_jpg__029__Capacitor.png,fpic_rf100,valid/images/pcb114rec1_jpg.rf.b814eb26df532210e7186b3f1b48633b.jpg,pcb114rec1_jpg,Capacitor,148,148,28,28,92,92,component,,,
pcb114rec1_jpg__030__IC.png,fpic_rf100,valid/images/pcb114rec1_jpg.rf.b814eb26df532210e7186b3f1b48633b.jpg,pcb114rec1_jpg,IC,128,160,24,30,80,100,component,,,
pcb114rec1_jpg__032__IC.png,fpic_rf100,valid/images/pcb114rec1_jpg.rf.b814eb26df532210e7186b3f1b48633b.jpg,pcb114rec1_jpg,IC,122,150,23,28,76,94,component,,,
pcb114rec1_jpg__033__IC.png,fpic_rf100,valid/images/pcb114rec1_jpg.rf.b814eb26df532210e7186b3f1b48633b.jpg,pcb114rec1_jpg,IC,132,152,25,29,82,95,component,,,
pcb114rec1_jpg__035__Capacitor.png,fpic_rf100,valid/images/pcb114rec1_jpg.rf.b814eb26df532210e7186b3f1b48633b.jpg,pcb114rec1_jpg,Capacitor,149,177,28,33,93,111,component,,,
pcb114rec1_jpg__037__IC.png,fpic_rf100,valid/images/pcb114rec1_jpg.rf.b814eb26df532210e7186b3f1b48633b.jpg,pcb114rec1_jpg,IC,112,160,21,30,70,100,component,,,
pcb114rec1_jpg__038__Connector.png,fpic_rf100,valid/images/pcb114rec1_jpg.rf.b814eb26df532210e7186b3f1b48633b.jpg,pcb114rec1_jpg,Connector,357,101,67,19,223,63,component,,,
pcb114rec1_jpg__041__Capacitor.png,fpic_rf100,valid/images/pcb114rec1_jpg.rf.b814eb26df532210e7186b3f1b48633b.jpg,pcb114rec1_jpg,Capacitor,122,143,23,27,76,89,component,,,
pcb114rec1_jpg__043__Capacitor.png,fpic_rf100,valid/images/pcb114rec1_jpg.rf.b814eb26df532210e7186b3f1b48633b.jpg,pcb114rec1_jpg,Capacitor,106,95,20,18,66,59,component,,,
pcb114rec1_jpg__046__Connector.png,fpic_rf100,valid/images/pcb114rec1_jpg.rf.b814eb26df532210e7186b3f1b48633b.jpg,pcb114rec1_jpg,Connector,331,106,62,22,207,73,component,,,
pcb114rec1_jpg__048__Capacitor.png,fpic_rf100,valid/images/pcb114rec1_jpg.rf.b814eb26df532210e7186b3f1b48633b.jpg,pcb114rec1_jpg,Capacitor,113,112,21,21,71,70,component,,,
pcb114rec1_jpg__050__Capacitor.png,fpic_rf100,valid/images/pcb114rec1_jpg.rf.b814eb26df532210e7186b3f1b48633b.jpg,pcb114rec1_jpg,Capacitor,118,104,22,19,74,65,component,,,
pcb115rec1_jpg__105__IC.png,fpic_rf100,test/images/pcb115rec1_jpg.rf.c0a8422a52120fc0240b59e3531bd093.jpg,pcb115rec1_jpg,IC,80,81,15,15,50,51,component,,,
pcb115rec1_jpg__121__IC.png,fpic_rf100,test/images/pcb115rec1_jpg.rf.c0a8422a52120fc0240b59e3531bd093.jpg,pcb115rec1_jpg,IC,138,141,26,26,86,88,component,,,
pcb116rec1_jpg__032__IC.png,fpic_rf100,train/images/pcb116rec1_jpg.rf.06192600021a0526312f02656e09f98e.jpg,pcb116rec1_jpg,IC,356,320,67,60,222,200,component,,,
pcb116rec1_jpg__049__IC.png,fpic_rf100,train/images/pcb116rec1_jpg.rf.06192600021a0526312f02656e09f98e.jpg,pcb116rec1_jpg,IC,203,197,38,37,127,123,component,,,
pcb116rec1_jpg__094__IC.png,fpic_rf100,train/images/pcb116rec1_jpg.rf.06192600021a0526312f02656e09f98e.jpg,pcb116rec1_jpg,IC,216,159,40,30,135,99,component,,,
pcb118rec1_jpg__047__IC.png,fpic_rf100,train/images/pcb118rec1_jpg.rf.62d091d99bb8cfa449549f3f2e9825b5.jpg,pcb118rec1_jpg,IC,150,164,28,31,94,102,component,,,
pcb118rec1_jpg__127__IC.png,fpic_rf100,train/images/pcb118rec1_jpg.rf.62d091d99bb8cfa449549f3f2e9825b5.jpg,pcb118rec1_jpg,IC,523,511,98,96,327,319,component,,,
pcb118rec1_jpg__134__IC.png,fpic_rf100,train/images/pcb118rec1_jpg.rf.62d091d99bb8cfa449549f3f2e9825b5.jpg,pcb118rec1_jpg,IC,296,298,56,56,185,186,component,,,
pcb118rec1_jpg__140__Connector.png,fpic_rf100,train/images/pcb118rec1_jpg.rf.62d091d99bb8cfa449549f3f2e9825b5.jpg,pcb118rec1_jpg,Connector,448,92,84,17,280,58,component,,,
pcb118rec1_jpg__150__Connector.png,fpic_rf100,train/images/pcb118rec1_jpg.rf.62d091d99bb8cfa449549f3f2e9825b5.jpg,pcb118rec1_jpg,Connector,366,95,3,18,279,59,component,,,
pcb118rec1_jpg__170__IC.png,fpic_rf100,train/images/pcb118rec1_jpg.rf.62d091d99bb8cfa449549f3f2e9825b5.jpg,pcb118rec1_jpg,IC,219,149,41,28,137,93,component,,,
pcb118rec1_jpg__191__Transistor.png,fpic_rf100,train/images/pcb118rec1_jpg.rf.62d091d99bb8cfa449549f3f2e9825b5.jpg,pcb118rec1_jpg,Transistor,122,85,23,16,76,53,component,,,
pcb118rec1_jpg__241__IC.png,fpic_rf100,train/images/pcb118rec1_jpg.rf.62d091d99bb8cfa449549f3f2e9825b5.jpg,pcb118rec1_jpg,IC,96,105,18,24,60,79,component,,,
pcb118rec1_jpg__242__Transistor.png,fpic_rf100,train/images/pcb118rec1_jpg.rf.62d091d99bb8cfa449549f3f2e9825b5.jpg,pcb118rec1_jpg,Transistor,181,118,34,22,113,74,component,,,
pcb118rec1_jpg__247__Transistor.png,fpic_rf100,train/images/pcb118rec1_jpg.rf.62d091d99bb8cfa449549f3f2e9825b5.jpg,pcb118rec1_jpg,Transistor,127,108,24,20,79,68,component,,,
pcb119rec1_jpg__001__Capacitor_Jumper.png,fpic_rf100,valid/images/pcb119rec1_jpg.rf.ac0d0aec0ba5816a5fccb5221e08deb9.jpg,pcb119rec1_jpg,Capacitor Jumper,108,102,20,19,68,64,component,,,
pcb119rec1_jpg__002__Capacitor_Jumper.png,fpic_rf100,valid/images/pcb119rec1_jpg.rf.ac0d0aec0ba5816a5fccb5221e08deb9.jpg,pcb119rec1_jpg,Capacitor Jumper,199,121,8,23,147,75,component,,,
pcb119rec1_jpg__003__Capacitor_Jumper.png,fpic_rf100,valid/images/pcb119rec1_jpg.rf.ac0d0aec0ba5816a5fccb5221e08deb9.jpg,pcb119rec1_jpg,Capacitor Jumper,103,142,19,27,65,89,component,,,
pcb119rec1_jpg__004__Resistor_Jumper.png,fpic_rf100,valid/images/pcb119rec1_jpg.rf.ac0d0aec0ba5816a5fccb5221e08deb9.jpg,pcb119rec1_jpg,Resistor Jumper,230,102,43,19,144,64,component,,,
pcb119rec1_jpg__005__Capacitor_Jumper.png,fpic_rf100,valid/images/pcb119rec1_jpg.rf.ac0d0aec0ba5816a5fccb5221e08deb9.jpg,pcb119rec1_jpg,Capacitor Jumper,129,111,24,21,81,69,component,,,
pcb119rec1_jpg__006__Capacitor_Jumper.png,fpic_rf100,valid/images/pcb119rec1_jpg.rf.ac0d0aec0ba5816a5fccb5221e08deb9.jpg,pcb119rec1_jpg,Capacitor Jumper,86,142,16,27,54,89,component,,,
pcb119rec1_jpg__007__Capacitor_Jumper.png,fpic_rf100,valid/images/pcb119rec1_jpg.rf.ac0d0aec0ba5816a5fccb5221e08deb9.jpg,pcb119rec1_jpg,Capacitor Jumper,82,140,15,26,51,88,component,,,
pcb119rec1_jpg__009__Resistor_Jumper.png,fpic_rf100,valid/images/pcb119rec1_jpg.rf.ac0d0aec0ba5816a5fccb5221e08deb9.jpg,pcb119rec1_jpg,Resistor Jumper,252,82,47,15,158,51,component,,,
pcb119rec1_jpg__010__Capacitor_Jumper.png,fpic_rf100,valid/images/pcb119rec1_jpg.rf.ac0d0aec0ba5816a5fccb5221e08deb9.jpg,pcb119rec1_jpg,Capacitor Jumper,186,116,35,22,116,72,component,,,
pcb119rec1_jpg__011__Capacitor_Jumper.png,fpic_rf100,valid/images/pcb119rec1_jpg.rf.ac0d0aec0ba5816a5fccb5221e08deb9.jpg,pcb119rec1_jpg,Capacitor Jumper,96,105,9,20,67,65,component,,,
pcb119rec1_jpg__012__Capacitor_Jumper.png,fpic_rf100,valid/images/pcb119rec1_jpg.rf.ac0d0aec0ba5816a5fccb5221e08deb9.jpg,pcb119rec1_jpg,Capacitor Jumper,137,109,26,20,85,68,component,,,
pcb119rec1_jpg__013__Capacitor_Jumper.png,fpic_rf100,valid/images/pcb119rec1_jpg.rf.ac0d0aec0ba5816a5fccb5221e08deb9.jpg,pcb119rec1_jpg,Capacitor Jumper,118,102,22,19,74,64,component,,,
pcb119rec1_jpg__014__Capacitor_Jumper.png,fpic_rf100,valid/images/pcb119rec1_jpg.rf.ac0d0aec0ba5816a5fccb5221e08deb9.jpg,pcb119rec1_jpg,Capacitor Jumper,94,148,18,28,59,93,component,,,
pcb119rec1_jpg__016__Resistor_Jumper.png,fpic_rf100,valid/images/pcb119rec1_jpg.rf.ac0d0aec0ba5816a5fccb5221e08deb9.jpg,pcb119rec1_jpg,Resistor Jumper,92,241,17,45,58,151,component,,,
pcb119rec1_jpg__017__Resistor_Jumper.png,fpic_rf100,valid/images/pcb119rec1_jpg.rf.ac0d0aec0ba5816a5fccb5221e08deb9.jpg,pcb119rec1_jpg,Resistor Jumper,129,121,24,23,81,76,component,,,
pcb119rec1_jpg__018__Resistor_Jumper.png,fpic_rf100,valid/images/pcb119rec1_jpg.rf.ac0d0aec0ba5816a5fccb5221e08deb9.jpg,pcb119rec1_jpg,Resistor Jumper,364,125,68,23,228,78,component,,,
pcb119rec1_jpg__020__Capacitor_Jumper.png,fpic_rf100,valid/images/pcb119rec1_jpg.rf.ac0d0aec0ba5816a5fccb5221e08deb9.jpg,pcb119rec1_jpg,Capacitor Jumper,80,96,15,18,50,60,component,,,
pcb119rec1_jpg__021__Capacitor_Jumper.png,fpic_rf100,valid/images/pcb119rec1_jpg.rf.ac0d0aec0ba5816a5fccb5221e08deb9.jpg,pcb119rec1_jpg,Capacitor Jumper,92,87,17,16,57,54,component,,,
pcb119rec1_jpg__023__Resistor_Jumper.png,fpic_rf100,valid/images/pcb119rec1_jpg.rf.ac0d0aec0ba5816a5fccb5221e08deb9.jpg,pcb119rec1_jpg,Resistor Jumper,275,106,57,20,189,66,component,,,
pcb119rec1_jpg__024__Capacitor_Jumper.png,fpic_rf100,valid/images/pcb119rec1_jpg.rf.ac0d0aec0ba5816a5fccb5221e08deb9.jpg,pcb119rec1_jpg,Capacitor Jumper,79,106,15,20,49,66,component,,,
pcb119rec1_jpg__025__Resistor_Jumper.png,fpic_rf100,valid/images/pcb119rec1_jpg.rf.ac0d0aec0ba5816a5fccb5221e08deb9.jpg,pcb119rec1_jpg,Resistor Jumper,187,97,35,18,117,61,component,,,
pcb119rec1_jpg__027__Capacitor_Jumper.png,fpic_rf100,valid/images/pcb119rec1_jpg.rf.ac0d0aec0ba5816a5fccb5221e08deb9.jpg,pcb119rec1_jpg,Capacitor Jumper,119,145,22,27,75,91,component,,,
pcb119rec1_jpg__028__Resistor_Jumper.png,fpic_rf100,valid/images/pcb119rec1_jpg.rf.ac0d0aec0ba5816a5fccb5221e08deb9.jpg,pcb119rec1_jpg,Resistor Jumper,251,107,49,20,164,67,component,,,
pcb119rec1_jpg__029__Resistor_Jumper.png,fpic_rf100,valid/images/pcb119rec1_jpg.rf.ac0d0aec0ba5816a5fccb5221e08deb9.jpg,pcb119rec1_jpg,Resistor Jumper,175,97,33,18,109,61,component,,,
pcb119rec1_jpg__030__Capacitor_Jumper.png,fpic_rf100,valid/images/pcb119rec1_jpg.rf.ac0d0aec0ba5816a5fccb5221e08deb9.jpg,pcb119rec1_jpg,Capacitor Jumper,89,79,17,15,55,49,component,,,
pcb119rec1_jpg__031__Capacitor_Jumper.png,fpic_rf100,valid/images/pcb119rec1_jpg.rf.ac0d0aec0ba5816a5fccb5221e08deb9.jpg,pcb119rec1_jpg,Capacitor Jumper,132,117,25,22,82,73,component,,,
pcb119rec1_jpg__032__Resistor_Jumper.png,fpic_rf100,valid/images/pcb119rec1_jpg.rf.ac0d0aec0ba5816a5fccb5221e08deb9.jpg,pcb119rec1_jpg,Resistor Jumper,206,84,39,16,128,52,component,,,
pcb119rec1_jpg__035__Capacitor_Jumper.png,fpic_rf100,valid/images/pcb119rec1_jpg.rf.ac0d0aec0ba5816a5fccb5221e08deb9.jpg,pcb119rec1_jpg,Capacitor Jumper,134,114,25,21,84,71,component,,,
pcb119rec1_jpg__036__Capacitor_Jumper.png,fpic_rf100,valid/images/pcb119rec1_jpg.rf.ac0d0aec0ba5816a5fccb5221e08deb9.jpg,pcb119rec1_jpg,Capacitor Jumper,236,272,44,51,147,170,component,,,
pcb119rec1_jpg__037__Capacitor_Jumper.png,fpic_rf100,valid/images/pcb119rec1_jpg.rf.ac0d0aec0ba5816a5fccb5221e08deb9.jpg,pcb119rec1_jpg,Capacitor Jumper,156,109,29,20,97,68,component,,,
pcb119rec1_jpg__042__Capacitor_Jumper.png,fpic_rf100,valid/images/pcb119rec1_jpg.rf.ac0d0aec0ba5816a5fccb5221e08deb9.jpg,pcb119rec1_jpg,Capacitor Jumper,116,124,22,23,72,78,component,,,
pcb119rec1_jpg__043__Resistor_Jumper.png,fpic_rf100,valid/images/pcb119rec1_jpg.rf.ac0d0aec0ba5816a5fccb5221e08deb9.jpg,pcb119rec1_jpg,Resistor Jumper,91,181,17,34,57,113,component,,,
pcb119rec1_jpg__044__Resistor_Jumper.png,fpic_rf100,valid/images/pcb119rec1_jpg.rf.ac0d0aec0ba5816a5fccb5221e08deb9.jpg,pcb119rec1_jpg,Resistor Jumper,95,257,18,48,59,161,component,,,
pcb119rec1_jpg__045__Capacitor_Jumper.png,fpic_rf100,valid/images/pcb119rec1_jpg.rf.ac0d0aec0ba5816a5fccb5221e08deb9.jpg,pcb119rec1_jpg,Capacitor Jumper,79,79,15,15,49,50,component,,,
pcb119rec1_jpg__046__Capacitor_Jumper.png,fpic_rf100,valid/images/pcb119rec1_jpg.rf.ac0d0aec0ba5816a5fccb5221e08deb9.jpg,pcb119rec1_jpg,Capacitor Jumper,169,95,32,18,105,59,component,,,
pcb119rec1_jpg__047__Capacitor_Jumper.png,fpic_rf100,valid/images/pcb119rec1_jpg.rf.ac0d0aec0ba5816a5fccb5221e08deb9.jpg,pcb119rec1_jpg,Capacitor Jumper,144,126,27,24,90,78,component,,,
pcb119rec1_jpg__048__Capacitor_Jumper.png,fpic_rf100,valid/images/pcb119rec1_jpg.rf.ac0d0aec0ba5816a5fccb5221e08deb9.jpg,pcb119rec1_jpg,Capacitor Jumper,159,286,30,54,99,178,component,,,
pcb119rec1_jpg__049__Capacitor_Jumper.png,fpic_rf100,valid/images/pcb119rec1_jpg.rf.ac0d0aec0ba5816a5fccb5221e08deb9.jpg,pcb119rec1_jpg,Capacitor Jumper,107,154,20,29,67,96,component,,,
pcb119rec1_jpg__050__Resistor_Jumper.png,fpic_rf100,valid/images/pcb119rec1_jpg.rf.ac0d0aec0ba5816a5fccb5221e08deb9.jpg,pcb119rec1_jpg,Resistor Jumper,228,84,43,16,142,52,component,,,
pcb119rec1_jpg__051__Capacitor_Jumper.png,fpic_rf100,valid/images/pcb119rec1_jpg.rf.ac0d0aec0ba5816a5fccb5221e08deb9.jpg,pcb119rec1_jpg,Capacitor Jumper,128,97,24,18,80,60,component,,,
pcb119rec1_jpg__052__Resistor_Jumper.png,fpic_rf100,valid/images/pcb119rec1_jpg.rf.ac0d0aec0ba5816a5fccb5221e08deb9.jpg,pcb119rec1_jpg,Resistor Jumper,106,219,20,41,66,137,component,,,
pcb119rec1_jpg__053__Resistor_Jumper.png,fpic_rf100,valid/images/pcb119rec1_jpg.rf.ac0d0aec0ba5816a5fccb5221e08deb9.jpg,pcb119rec1_jpg,Resistor Jumper,105,219,20,41,65,137,component,,,
pcb119rec1_jpg__055__Capacitor_Jumper.png,fpic_rf100,valid/images/pcb119rec1_jpg.rf.ac0d0aec0ba5816a5fccb5221e08deb9.jpg,pcb119rec1_jpg,Capacitor Jumper,234,176,44,33,146,110,component,,,
pcb119rec1_jpg__056__Capacitor_Jumper.png,fpic_rf100,valid/images/pcb119rec1_jpg.rf.ac0d0aec0ba5816a5fccb5221e08deb9.jpg,pcb119rec1_jpg,Capacitor Jumper,187,132,35,25,117,82,component,,,
pcb119rec1_jpg__060__Capacitor_Jumper.png,fpic_rf100,valid/images/pcb119rec1_jpg.rf.ac0d0aec0ba5816a5fccb5221e08deb9.jpg,pcb119rec1_jpg,Capacitor Jumper,77,137,14,26,48,86,component,,,
pcb119rec1_jpg__061__Capacitor_Jumper.png,fpic_rf100,valid/images/pcb119rec1_jpg.rf.ac0d0aec0ba5816a5fccb5221e08deb9.jpg,pcb119rec1_jpg,Capacitor Jumper,142,87,27,16,89,54,component,,,
pcb119rec1_jpg__063__Capacitor_Jumper.png,fpic_rf100,valid/images/pcb119rec1_jpg.rf.ac0d0aec0ba5816a5fccb5221e08deb9.jpg,pcb119rec1_jpg,Capacitor Jumper,106,100,20,19,66,62,component,,,
pcb119rec1_jpg__064__Capacitor_Jumper.png,fpic_rf100,valid/images/pcb119rec1_jpg.rf.ac0d0aec0ba5816a5fccb5221e08deb9.jpg,pcb119rec1_jpg,Capacitor Jumper,238,223,45,42,148,139,component,,,
pcb119rec1_jpg__065__Capacitor_Jumper.png,fpic_rf100,valid/images/pcb119rec1_jpg.rf.ac0d0aec0ba5816a5fccb5221e08deb9.jpg,pcb119rec1_jpg,Capacitor Jumper,106,95,20,18,68,60,component,,,
pcb119rec1_jpg__066__Resistor_Jumper.png,fpic_rf100,valid/images/pcb119rec1_jpg.rf.ac0d0aec0ba5816a5fccb5221e08deb9.jpg,pcb119rec1_jpg,Resistor Jumper,78,187,15,35,49,117,component,,,
pcb119rec1_jpg__067__Resistor_Jumper.png,fpic_rf100,valid/images/pcb119rec1_jpg.rf.ac0d0aec0ba5816a5fccb5221e08deb9.jpg,pcb119rec1_jpg,Resistor Jumper,89,189,17,35,55,118,component,,,
pcb119rec1_jpg__068__Capacitor_Jumper.png,fpic_rf100,valid/images/pcb119rec1_jpg.rf.ac0d0aec0ba5816a5fccb5221e08deb9.jpg,pcb119rec1_jpg,Capacitor Jumper,85,97,16,18,53,61,component,,,
pcb119rec1_jpg__069__Resistor_Jumper.png,fpic_rf100,valid/images/pcb119rec1_jpg.rf.ac0d0aec0ba5816a5fccb5221e08deb9.jpg,pcb119rec1_jpg,Resistor Jumper,177,80,33,15,111,50,component,,,
pcb119rec1_jpg__071__Capacitor_Jumper.png,fpic_rf100,valid/images/pcb119rec1_jpg.rf.ac0d0aec0ba5816a5fccb5221e08deb9.jpg,pcb119rec1_jpg,Capacitor Jumper,240,252,45,47,150,157,component,,,
pcb119rec1_jpg__072__Capacitor_Jumper.png,fpic_rf100,valid/images/pcb119rec1_jpg.rf.ac0d0aec0ba5816a5fccb5221e08deb9.jpg,pcb119rec1_jpg,Capacitor Jumper,255,208,48,39,159,130,component,,,
pcb119rec1_jpg__075__Capacitor_Jumper.png,fpic_rf100,valid/images/pcb119rec1_jpg.rf.ac0d0aec0ba5816a5fccb5221e08deb9.jpg,pcb119rec1_jpg,Capacitor Jumper,123,118,23,22,77,74,component,,,
pcb119rec1_jpg__076__Capacitor_Jumper.png,fpic_rf100,valid/images/pcb119rec1_jpg.rf.ac0d0aec0ba5816a5fccb5221e08deb9.jpg,pcb119rec1_jpg,Capacitor Jumper,123,85,23,16,77,53,component,,,
pcb119rec1_jpg__078__Capacitor_Jumper.png,fpic_rf100,valid/images/pcb119rec1_jpg.rf.ac0d0aec0ba5816a5fccb5221e08deb9.jpg,pcb119rec1_jpg,Capacitor Jumper,151,132,28,25,95,82,component,,,
pcb119rec1_jpg__079__Capacitor_Jumper.png,fpic_rf100,valid/images/pcb119rec1_jpg.rf.ac0d0aec0ba5816a5fccb5221e08deb9.jpg,pcb119rec1_jpg,Capacitor Jumper,137,144,26,27,85,90,component,,,
pcb119rec1_jpg__080__Capacitor_Jumper.png,fpic_rf100,valid/images/pcb119rec1_jpg.rf.ac0d0aec0ba5816a5fccb5221e08deb9.jpg,pcb119rec1_jpg,Capacitor Jumper,212,228,40,43,132,142,component,,,
pcb119rec1_jpg__081__Capacitor_Jumper.png,fpic_rf100,valid/images/pcb119rec1_jpg.rf.ac0d0aec0ba5816a5fccb5221e08deb9.jpg,pcb119rec1_jpg,Capacitor Jumper,223,238,42,45,139,149,component,,,
pcb119rec1_jpg__082__Capacitor_Jumper.png,fpic_rf100,valid/images/pcb119rec1_jpg.rf.ac0d0aec0ba5816a5fccb5221e08deb9.jpg,pcb119rec1_jpg,Capacitor Jumper,230,212,43,40,144,132,component,,,
pcb119rec1_jpg__083__Capacitor_Jumper.png,fpic_rf100,valid/images/pcb119rec1_jpg.rf.ac0d0aec0ba5816a5fccb5221e08deb9.jpg,pcb119rec1_jpg,Capacitor Jumper,153,161,29,30,95,101,component,,,
pcb119rec1_jpg__084__Capacitor_Jumper.png,fpic_rf100,valid/images/pcb119rec1_jpg.rf.ac0d0aec0ba5816a5fccb5221e08deb9.jpg,pcb119rec1_jpg,Capacitor Jumper,86,175,16,33,54,109,component,,,
pcb119rec1_jpg__085__Capacitor_Jumper.png,fpic_rf100,valid/images/pcb119rec1_jpg.rf.ac0d0aec0ba5816a5fccb5221e08deb9.jpg,pcb119rec1_jpg,Capacitor Jumper,385,132,72,25,240,82,component,,,
pcb119rec1_jpg__086__Capacitor_Jumper.png,fpic_rf100,valid/images/pcb119rec1_jpg.rf.ac0d0aec0ba5816a5fccb5221e08deb9.jpg,pcb119rec1_jpg,Capacitor Jumper,317,139,21,26,228,87,component,,,
pcb119rec1_jpg__087__Capacitor_Jumper.png,fpic_rf100,valid/images/pcb119rec1_jpg.rf.ac0d0aec0ba5816a5fccb5221e08deb9.jpg,pcb119rec1_jpg,Capacitor Jumper,94,92,18,17,59,58,component,,,
pcb119rec1_jpg__088__Capacitor_Jumper.png,fpic_rf100,valid/images/pcb119rec1_jpg.rf.ac0d0aec0ba5816a5fccb5221e08deb9.jpg,pcb119rec1_jpg,Capacitor Jumper,112,86,21,16,70,54,component,,,
pcb119rec1_jpg__089__Capacitor_Jumper.png,fpic_rf100,valid/images/pcb119rec1_jpg.rf.ac0d0aec0ba5816a5fccb5221e08deb9.jpg,pcb119rec1_jpg,Capacitor Jumper,144,153,27,29,90,95,component,,,
pcb119rec1_jpg__090__Resistor_Jumper.png,fpic_rf100,valid/images/pcb119rec1_jpg.rf.ac0d0aec0ba5816a5fccb5221e08deb9.jpg,pcb119rec1_jpg,Resistor Jumper,110,242,21,45,68,151,component,,,
pcb119rec1_jpg__091__Capacitor_Jumper.png,fpic_rf100,valid/images/pcb119rec1_jpg.rf.ac0d0aec0ba5816a5fccb5221e08deb9.jpg,pcb119rec1_jpg,Capacitor Jumper,91,143,17,27,57,89,component,,,
pcb119rec1_jpg__094__Resistor_Jumper.png,fpic_rf100,valid/images/pcb119rec1_jpg.rf.ac0d0aec0ba5816a5fccb5221e08deb9.jpg,pcb119rec1_jpg,Resistor Jumper,154,78,29,15,96,49,component,,,
pcb119rec1_jpg__096__Capacitor_Jumper.png,fpic_rf100,valid/images/pcb119rec1_jpg.rf.ac0d0aec0ba5816a5fccb5221e08deb9.jpg,pcb119rec1_jpg,Capacitor Jumper,92,100,17,19,58,62,component,,,
pcb119rec1_jpg__098__Capacitor_Jumper.png,fpic_rf100,valid/images/pcb119rec1_jpg.rf.ac0d0aec0ba5816a5fccb5221e08deb9.jpg,pcb119rec1_jpg,Capacitor Jumper,215,218,40,41,135,136,component,,,
pcb119rec1_jpg__099__Resistor_Jumper.png,fpic_rf100,valid/images/pcb119rec1_jpg.rf.ac0d0aec0ba5816a5fccb5221e08deb9.jpg,pcb119rec1_jpg,Resistor Jumper,237,103,44,19,148,64,component,,,
pcb119rec1_jpg__100__Capacitor_Jumper.png,fpic_rf100,valid/images/pcb119rec1_jpg.rf.ac0d0aec0ba5816a5fccb5221e08deb9.jpg,pcb119rec1_jpg,Capacitor Jumper,97,145,18,27,61,91,component,,,
pcb120rec1_jpg__000__Capacitor.png,fpic_rf100,train/images/pcb120rec1_jpg.rf.5c8d30359fc500806256f660e40dcfd2.jpg,pcb120rec1_jpg,Capacitor,324,181,66,34,219,113,component,,,
pcb120rec1_jpg__009__Capacitor.png,fpic_rf100,train/images/pcb120rec1_jpg.rf.5c8d30359fc500806256f660e40dcfd2.jpg,pcb120rec1_jpg,Capacitor,292,191,55,36,182,119,component,,,
pcb120rec1_jpg__010__Capacitor.png,fpic_rf100,train/images/pcb120rec1_jpg.rf.5c8d30359fc500806256f660e40dcfd2.jpg,pcb120rec1_jpg,Capacitor,319,208,60,39,199,130,component,,,
pcb120rec1_jpg__012__Capacitor.png,fpic_rf100,train/images/pcb120rec1_jpg.rf.5c8d30359fc500806256f660e40dcfd2.jpg,pcb120rec1_jpg,Capacitor,188,175,35,33,118,109,component,,,
pcb120rec1_jpg__015__IC.png,fpic_rf100,train/images/pcb120rec1_jpg.rf.5c8d30359fc500806256f660e40dcfd2.jpg,pcb120rec1_jpg,IC,84,86,16,16,52,54,component,,,
pcb120rec1_jpg__017__Capacitor.png,fpic_rf100,train/images/pcb120rec1_jpg.rf.5c8d30359fc500806256f660e40dcfd2.jpg,pcb120rec1_jpg,Capacitor,128,123,24,23,80,77,component,,,
pcb120rec1_jpg__018__Capacitor.png,fpic_rf100,train/images/pcb120rec1_jpg.rf.5c8d30359fc500806256f660e40dcfd2.jpg,pcb120rec1_jpg,Capacitor,120,113,23,21,75,71,component,,,
pcb120rec1_jpg__019__Resistor_Network.png,fpic_rf100,train/images/pcb120rec1_jpg.rf.5c8d30359fc500806256f660e40dcfd2.jpg,pcb120rec1_jpg,Resistor Network,86,191,16,36,54,119,component,,,
pcb120rec1_jpg__022__Resistor_Network.png,fpic_rf100,train/images/pcb120rec1_jpg.rf.5c8d30359fc500806256f660e40dcfd2.jpg,pcb120rec1_jpg,Resistor Network,133,210,25,42,83,141,component,,,
pcb120rec1_jpg__024__Capacitor.png,fpic_rf100,train/images/pcb120rec1_jpg.rf.5c8d30359fc500806256f660e40dcfd2.jpg,pcb120rec1_jpg,Capacitor,328,348,61,65,205,218,component,,,
pcb120rec1_jpg__025__Capacitor.png,fpic_rf100,train/images/pcb120rec1_jpg.rf.5c8d30359fc500806256f660e40dcfd2.jpg,pcb120rec1_jpg,Capacitor,362,277,68,64,226,212,component,,,
pcb120rec1_jpg__026__Capacitor.png,fpic_rf100,train/images/pcb120rec1_jpg.rf.5c8d30359fc500806256f660e40dcfd2.jpg,pcb120rec1_jpg,Capacitor,367,328,69,71,229,237,component,,,
pcb120rec1_jpg__030__Connector.png,fpic_rf100,train/images/pcb120rec1_jpg.rf.5c8d30359fc500806256f660e40dcfd2.jpg,pcb120rec1_jpg,Connector,372,150,70,28,232,94,component,,,
pcb120rec1_jpg__031__Capacitor.png,fpic_rf100,train/images/pcb120rec1_jpg.rf.5c8d30359fc500806256f660e40dcfd2.jpg,pcb120rec1_jpg,Capacitor,84,133,19,25,64,83,component,,,
pcb120rec1_jpg__033__Capacitor.png,fpic_rf100,train/images/pcb120rec1_jpg.rf.5c8d30359fc500806256f660e40dcfd2.jpg,pcb120rec1_jpg,Capacitor,76,117,14,22,48,73,component,,,
pcb120rec1_jpg__034__Capacitor.png,fpic_rf100,train/images/pcb120rec1_jpg.rf.5c8d30359fc500806256f660e40dcfd2.jpg,pcb120rec1_jpg,Capacitor,152,227,29,14,95,164,component,,,
pcb120rec1_jpg__035__Capacitor.png,fpic_rf100,train/images/pcb120rec1_jpg.rf.5c8d30359fc500806256f660e40dcfd2.jpg,pcb120rec1_jpg,Capacitor,165,221,31,10,103,162,component,,,
pcb120rec1_jpg__036__Capacitor.png,fpic_rf100,train/images/pcb120rec1_jpg.rf.5c8d30359fc500806256f660e40dcfd2.jpg,pcb120rec1_jpg,Capacitor,119,129,22,24,75,81,component,,,
pcb120rec1_jpg__037__Capacitor.png,fpic_rf100,train/images/pcb120rec1_jpg.rf.5c8d30359fc500806256f660e40dcfd2.jpg,pcb120rec1_jpg,Capacitor,177,253,33,33,111,169,component,,,
pcb120rec1_jpg__038__Capacitor.png,fpic_rf100,train/images/pcb120rec1_jpg.rf.5c8d30359fc500806256f660e40dcfd2.jpg,pcb120rec1_jpg,Capacitor,155,272,29,51,97,170,component,,,
pcb120rec1_jpg__039__Capacitor.png,fpic_rf100,train/images/pcb120rec1_jpg.rf.5c8d30359fc500806256f660e40dcfd2.jpg,pcb120rec1_jpg,Capacitor,152,276,29,52,95,172,component,,,
pcb120rec1_jpg__040__Capacitor.png,fpic_rf100,train/images/pcb120rec1_jpg.rf.5c8d30359fc500806256f660e40dcfd2.jpg,pcb120rec1_jpg,Capacitor,165,272,31,51,103,170,component,,,
pcb120rec1_jpg__047__Resistor_Network.png,fpic_rf100,train/images/pcb120rec1_jpg.rf.5c8d30359fc500806256f660e40dcfd2.jpg,pcb120rec1_jpg,Resistor Network,212,97,40,18,132,61,component,,,
pcb120rec1_jpg__050__Resistor_Network.png,fpic_rf100,train/images/pcb120rec1_jpg.rf.5c8d30359fc500806256f660e40dcfd2.jpg,pcb120rec1_jpg,Resistor Network,216,95,41,18,135,59,component,,,
pcb120rec1_jpg__051__IC.png,fpic_rf100,train/images/pcb120rec1_jpg.rf.5c8d30359fc500806256f660e40dcfd2.jpg,pcb120rec1_jpg,IC,76,80,14,15,48,50,component,,,
pcb120rec1_jpg__052__Resistor_Network.png,fpic_rf100,train/images/pcb120rec1_jpg.rf.5c8d30359fc500806256f660e40dcfd2.jpg,pcb120rec1_jpg,Resistor Network,214,84,40,16,134,52,component,,,
pcb120rec1_jpg__055__Resistor_Network.png,fpic_rf100,train/images/pcb120rec1_jpg.rf.5c8d30359fc500806256f660e40dcfd2.jpg,pcb120rec1_jpg,Resistor Network,212,86,40,16,132,54,component,,,
pcb120rec1_jpg__058__Resistor_Network.png,fpic_rf100,train/images/pcb120rec1_jpg.rf.5c8d30359fc500806256f660e40dcfd2.jpg,pcb120rec1_jpg,Resistor Network,209,92,39,17,131,58,component,,,
pcb120rec1_jpg__059__Capacitor.png,fpic_rf100,train/images/pcb120rec1_jpg.rf.5c8d30359fc500806256f660e40dcfd2.jpg,pcb120rec1_jpg,Capacitor,312,191,66,36,221,119,component,,,
pcb121rec1_jpg__009__Connector.png,fpic_rf100,valid/images/pcb121rec1_jpg.rf.0364494ca14406a5a986de9bbaaa9236.jpg,pcb121rec1_jpg,Connector,92,1076,17,202,58,672,component,,,
pcb121rec1_jpg__045__Transistor.png,fpic_rf100,valid/images/pcb121rec1_jpg.rf.0364494ca14406a5a986de9bbaaa9236.jpg,pcb121rec1_jpg,Transistor,153,123,29,23,95,77,component,,,
pcb121rec1_jpg__049__Connector.png,fpic_rf100,valid/images/pcb121rec1_jpg.rf.0364494ca14406a5a986de9bbaaa9236.jpg,pcb121rec1_jpg,Connector,97,1109,18,208,61,693,component,,,
pcb121rec1_jpg__057__Connector.png,fpic_rf100,valid/images/pcb121rec1_jpg.rf.0364494ca14406a5a986de9bbaaa9236.jpg,pcb121rec1_jpg,Connector,96,1145,18,215,60,715,component,,,
pcb121rec1_jpg__077__IC.png,fpic_rf100,valid/images/pcb121rec1_jpg.rf.0364494ca14406a5a986de9bbaaa9236.jpg,pcb121rec1_jpg,IC,187,111,22,21,127,69,component,,,
pcb121rec1_jpg__083__IC.png,fpic_rf100,valid/images/pcb121rec1_jpg.rf.0364494ca14406a5a986de9bbaaa9236.jpg,pcb121rec1_jpg,IC,83,117,16,22,52,73,component,,,
pcb121rec1_jpg__089__Capacitor_Jumper.png,fpic_rf100,valid/images/pcb121rec1_jpg.rf.0364494ca14406a5a986de9bbaaa9236.jpg,pcb121rec1_jpg,Capacitor Jumper,139,124,26,23,87,78,component,,,
pcb121rec1_jpg__100__Transistor.png,fpic_rf100,valid/images/pcb121rec1_jpg.rf.0364494ca14406a5a986de9bbaaa9236.jpg,pcb121rec1_jpg,Transistor,135,130,25,24,84,81,component,,,
pcb121rec1_jpg__105__Connector.png,fpic_rf100,valid/images/pcb121rec1_jpg.rf.0364494ca14406a5a986de9bbaaa9236.jpg,pcb121rec1_jpg,Connector,90,597,17,112,56,373,component,,,
pcb121rec1_jpg__124__IC.png,fpic_rf100,valid/images/pcb121rec1_jpg.rf.0364494ca14406a5a986de9bbaaa9236.jpg,pcb121rec1_jpg,IC,164,102,31,19,102,64,component,,,
pcb121rec1_jpg__161__IC.png,fpic_rf100,valid/images/pcb121rec1_jpg.rf.0364494ca14406a5a986de9bbaaa9236.jpg,pcb121rec1_jpg,IC,103,103,19,19,64,64,component,,,
pcb121rec1_jpg__167__IC.png,fpic_rf100,valid/images/pcb121rec1_jpg.rf.0364494ca14406a5a986de9bbaaa9236.jpg,pcb121rec1_jpg,IC,127,242,24,45,79,151,component,,,
pcb121rec1_jpg__169__Capacitor_Jumper.png,fpic_rf100,valid/images/pcb121rec1_jpg.rf.0364494ca14406a5a986de9bbaaa9236.jpg,pcb121rec1_jpg,Capacitor Jumper,102,82,19,15,64,52,component,,,
pcb121rec1_jpg__172__IC.png,fpic_rf100,valid/images/pcb121rec1_jpg.rf.0364494ca14406a5a986de9bbaaa9236.jpg,pcb121rec1_jpg,IC,87,95,16,18,55,59,component,,,
pcb121rec1_jpg__184__Capacitor_Jumper.png,fpic_rf100,valid/images/pcb121rec1_jpg.rf.0364494ca14406a5a986de9bbaaa9236.jpg,pcb121rec1_jpg,Capacitor Jumper,94,103,18,19,58,64,component,,,
pcb121rec1_jpg__244__IC.png,fpic_rf100,valid/images/pcb121rec1_jpg.rf.0364494ca14406a5a986de9bbaaa9236.jpg,pcb121rec1_jpg,IC,91,98,17,18,57,61,component,,,
pcb121rec1_jpg__274__Connector.png,fpic_rf100,valid/images/pcb121rec1_jpg.rf.0364494ca14406a5a986de9bbaaa9236.jpg,pcb121rec1_jpg,Connector,1567,80,211,15,1043,50,component,,,
pcb121rec1_jpg__314__Transistor.png,fpic_rf100,valid/images/pcb121rec1_jpg.rf.0364494ca14406a5a986de9bbaaa9236.jpg,pcb121rec1_jpg,Transistor,100,122,19,23,63,76,component,,,
pcb121rec1_jpg__327__Capacitor_Jumper.png,fpic_rf100,valid/images/pcb121rec1_jpg.rf.0364494ca14406a5a986de9bbaaa9236.jpg,pcb121rec1_jpg,Capacitor Jumper,142,141,27,26,88,88,component,,,
pcb122rec1_jpg__004__Connector.png,fpic_rf100,valid/images/pcb122rec1_jpg.rf.2ec1903d3c3db22f624db9deb9b6f989.jpg,pcb122rec1_jpg,Connector,1746,137,191,26,1196,85,component,,,
pcb122rec1_jpg__006__Transistor.png,fpic_rf100,valid/images/pcb122rec1_jpg.rf.2ec1903d3c3db22f624db9deb9b6f989.jpg,pcb122rec1_jpg,Transistor,255,146,48,27,159,91,component,,,
pcb122rec1_jpg__026__IC.png,fpic_rf100,valid/images/pcb122rec1_jpg.rf.2ec1903d3c3db22f624db9deb9b6f989.jpg,pcb122rec1_jpg,IC,615,250,115,47,385,156,component,,,
pcb122rec1_jpg__042__IC.png,fpic_rf100,valid/images/pcb122rec1_jpg.rf.2ec1903d3c3db22f624db9deb9b6f989.jpg,pcb122rec1_jpg,IC,297,381,56,71,186,238,component,,,
pcb122rec1_jpg__051__IC.png,fpic_rf100,valid/images/pcb122rec1_jpg.rf.2ec1903d3c3db22f624db9deb9b6f989.jpg,pcb122rec1_jpg,IC,204,199,38,37,128,124,component,,,
pcb122rec1_jpg__059__IC.png,fpic_rf100,valid/images/pcb122rec1_jpg.rf.2ec1903d3c3db22f624db9deb9b6f989.jpg,pcb122rec1_jpg,IC,194,170,36,32,122,106,component,,,
pcb122rec1_jpg__060__IC.png,fpic_rf100,valid/images/pcb122rec1_jpg.rf.2ec1903d3c3db22f624db9deb9b6f989.jpg,pcb122rec1_jpg,IC,185,156,35,29,116,98,component,,,
pcb122rec1_jpg__063__IC.png,fpic_rf100,valid/images/pcb122rec1_jpg.rf.2ec1903d3c3db22f624db9deb9b6f989.jpg,pcb122rec1_jpg,IC,188,159,35,30,118,99,component,,,
pcb122rec1_jpg__070__IC.png,fpic_rf100,valid/images/pcb122rec1_jpg.rf.2ec1903d3c3db22f624db9deb9b6f989.jpg,pcb122rec1_jpg,IC,127,97,24,18,80,61,component,,,
pcb122rec1_jpg__071__IC.png,fpic_rf100,valid/images/pcb122rec1_jpg.rf.2ec1903d3c3db22f624db9deb9b6f989.jpg,pcb122rec1_jpg,IC,129,103,24,19,81,65,component,,,
pcb122rec1_jpg__082__Connector.png,fpic_rf100,valid/images/pcb122rec1_jpg.rf.2ec1903d3c3db22f624db9deb9b6f989.jpg,pcb122rec1_jpg,Connector,827,143,155,27,517,89,component,,,
pcb122rec1_jpg__083__Connector.png,fpic_rf100,valid/images/pcb122rec1_jpg.rf.2ec1903d3c3db22f624db9deb9b6f989.jpg,pcb122rec1_jpg,Connector,713,143,134,27,445,89,component,,,
pcb122rec1_jpg__094__IC.png,fpic_rf100,valid/images/pcb122rec1_jpg.rf.2ec1903d3c3db22f624db9deb9b6f989.jpg,pcb122rec1_jpg,IC,380,374,71,70,237,234,component,,,
pcb122rec1_jpg__100__Connector.png,fpic_rf100,valid/images/pcb122rec1_jpg.rf.2ec1903d3c3db22f624db9deb9b6f989.jpg,pcb122rec1_jpg,Connector,1700,132,84,25,1243,82,component,,,
pcb122rec1_jpg__106__IC.png,fpic_rf100,valid/images/pcb122rec1_jpg.rf.2ec1903d3c3db22f624db9deb9b6f989.jpg,pcb122rec1_jpg,IC,162,259,30,49,102,162,component,,,
pcb122rec1_jpg__122__Connector.png,fpic_rf100,valid/images/pcb122rec1_jpg.rf.2ec1903d3c3db22f624db9deb9b6f989.jpg,pcb122rec1_jpg,Connector,1708,124,79,23,1253,78,component,,,
pcb122rec1_jpg__130__Connector.png,fpic_rf100,valid/images/pcb122rec1_jpg.rf.2ec1903d3c3db22f624db9deb9b6f989.jpg,pcb122rec1_jpg,Connector,1745,120,64,22,1293,75,component,,,
pcb122rec1_jpg__133__Connector.png,fpic_rf100,valid/images/pcb122rec1_jpg.rf.2ec1903d3c3db22f624db9deb9b6f989.jpg,pcb122rec1_jpg,Connector,1712,148,79,28,1256,92,component,,,
pcb122rec1_jpg__134__IC.png,fpic_rf100,valid/images/pcb122rec1_jpg.rf.2ec1903d3c3db22f624db9deb9b6f989.jpg,pcb122rec1_jpg,IC,113,79,21,15,71,49,component,,,
pcb122rec1_jpg__146__Connector.png,fpic_rf100,valid/images/pcb122rec1_jpg.rf.2ec1903d3c3db22f624db9deb9b6f989.jpg,pcb122rec1_jpg,Connector,821,127,154,21,513,82,component,,,
pcb122rec1_jpg__148__Connector.png,fpic_rf100,valid/images/pcb122rec1_jpg.rf.2ec1903d3c3db22f624db9deb9b6f989.jpg,pcb122rec1_jpg,Connector,142,1056,27,198,88,660,component,,,
pcb122rec1_jpg__165__Connector.png,fpic_rf100,valid/images/pcb122rec1_jpg.rf.2ec1903d3c3db22f624db9deb9b6f989.jpg,pcb122rec1_jpg,Connector,131,1568,30,85,101,1225,component,,,
pcb122rec1_jpg__166__Connector.png,fpic_rf100,valid/images/pcb122rec1_jpg.rf.2ec1903d3c3db22f624db9deb9b6f989.jpg,pcb122rec1_jpg,Connector,171,1568,32,86,107,1224,component,,,
pcb122rec1_jpg__167__Connector.png,fpic_rf100,valid/images/pcb122rec1_jpg.rf.2ec1903d3c3db22f624db9deb9b6f989.jpg,pcb122rec1_jpg,Connector,145,1568,27,81,91,1235,component,,,
pcb122rec1_jpg__176__IC.png,fpic_rf100,valid/images/pcb122rec1_jpg.rf.2ec1903d3c3db22f624db9deb9b6f989.jpg,pcb122rec1_jpg,IC,155,296,29,56,97,185,component,,,
pcb122rec1_jpg__198__IC.png,fpic_rf100,valid/images/pcb122rec1_jpg.rf.2ec1903d3c3db22f624db9deb9b6f989.jpg,pcb122rec1_jpg,IC,511,513,96,96,319,321,component,,,
pcb122rec1_jpg__206__Connector.png,fpic_rf100,valid/images/pcb122rec1_jpg.rf.2ec1903d3c3db22f624db9deb9b6f989.jpg,pcb122rec1_jpg,Connector,169,1204,32,226,106,752,component,,,
pcb122rec1_jpg__207__Connector.png,fpic_rf100,valid/images/pcb122rec1_jpg.rf.2ec1903d3c3db22f624db9deb9b6f989.jpg,pcb122rec1_jpg,Connector,181,1208,34,226,113,755,component,,,
pcb122rec1_jpg__208__Connector.png,fpic_rf100,valid/images/pcb122rec1_jpg.rf.2ec1903d3c3db22f624db9deb9b6f989.jpg,pcb122rec1_jpg,Connector,177,1200,33,225,111,750,component,,,
pcb122rec1_jpg__210__Connector.png,fpic_rf100,valid/images/pcb122rec1_jpg.rf.2ec1903d3c3db22f624db9deb9b6f989.jpg,pcb122rec1_jpg,Connector,149,1224,28,230,93,765,component,,,
pcb122rec1_jpg__232__IC.png,fpic_rf100,valid/images/pcb122rec1_jpg.rf.2ec1903d3c3db22f624db9deb9b6f989.jpg,pcb122rec1_jpg,IC,101,90,19,17,63,56,component,,,
pcb123rec1_jpg__003__Capacitor_Jumper.png,fpic_rf100,test/images/pcb123rec1_jpg.rf.2cc75b8b236f73d9bdfe05e02d5b0340.jpg,pcb123rec1_jpg,Capacitor Jumper,133,122,25,23,83,76,component,,,
pcb123rec1_jpg__005__Capacitor_Jumper.png,fpic_rf100,test/images/pcb123rec1_jpg.rf.2cc75b8b236f73d9bdfe05e02d5b0340.jpg,pcb123rec1_jpg,Capacitor Jumper,122,133,23,25,76,83,component,,,
pcb123rec1_jpg__007__Capacitor_Jumper.png,fpic_rf100,test/images/pcb123rec1_jpg.rf.2cc75b8b236f73d9bdfe05e02d5b0340.jpg,pcb123rec1_jpg,Capacitor Jumper,144,116,27,22,90,73,component,,,
pcb123rec1_jpg__025__Capacitor_Jumper.png,fpic_rf100,test/images/pcb123rec1_jpg.rf.2cc75b8b236f73d9bdfe05e02d5b0340.jpg,pcb123rec1_jpg,Capacitor Jumper,134,118,25,22,84,74,component,,,
pcb123rec1_jpg__030__Capacitor_Jumper.png,fpic_rf100,test/images/pcb123rec1_jpg.rf.2cc75b8b236f73d9bdfe05e02d5b0340.jpg,pcb123rec1_jpg,Capacitor Jumper,128,99,24,19,80,62,component,,,
pcb123rec1_jpg__032__Capacitor_Jumper.png,fpic_rf100,test/images/pcb123rec1_jpg.rf.2cc75b8b236f73d9bdfe05e02d5b0340.jpg,pcb123rec1_jpg,Capacitor Jumper,103,118,19,22,65,74,component,,,
pcb123rec1_jpg__035__Connector.png,fpic_rf100,test/images/pcb123rec1_jpg.rf.2cc75b8b236f73d9bdfe05e02d5b0340.jpg,pcb123rec1_jpg,Connector,143,553,27,104,89,345,component,,,
pcb123rec1_jpg__038__Capacitor_Jumper.png,fpic_rf100,test/images/pcb123rec1_jpg.rf.2cc75b8b236f73d9bdfe05e02d5b0340.jpg,pcb123rec1_jpg,Capacitor Jumper,134,105,25,20,84,65,component,,,
pcb123rec1_jpg__050__Capacitor_Jumper.png,fpic_rf100,test/images/pcb123rec1_jpg.rf.2cc75b8b236f73d9bdfe05e02d5b0340.jpg,pcb123rec1_jpg,Capacitor Jumper,145,137,27,26,91,86,component,,,
pcb123rec1_jpg__053__Capacitor_Jumper.png,fpic_rf100,test/images/pcb123rec1_jpg.rf.2cc75b8b236f73d9bdfe05e02d5b0340.jpg,pcb123rec1_jpg,Capacitor Jumper,159,108,30,20,100,68,component,,,
pcb123rec1_jpg__055__Capacitor_Jumper.png,fpic_rf100,test/images/pcb123rec1_jpg.rf.2cc75b8b236f73d9bdfe05e02d5b0340.jpg,pcb123rec1_jpg,Capacitor Jumper,105,99,20,19,66,62,component,,,
pcb123rec1_jpg__057__Capacitor_Jumper.png,fpic_rf100,test/images/pcb123rec1_jpg.rf.2cc75b8b236f73d9bdfe05e02d5b0340.jpg,pcb123rec1_jpg,Capacitor Jumper,94,83,18,16,59,52,component,,,
pcb123rec1_jpg__061__Capacitor_Jumper.png,fpic_rf100,test/images/pcb123rec1_jpg.rf.2cc75b8b236f73d9bdfe05e02d5b0340.jpg,pcb123rec1_jpg,Capacitor Jumper,101,128,19,24,63,80,component,,,
pcb123rec1_jpg__063__Capacitor_Jumper.png,fpic_rf100,test/images/pcb123rec1_jpg.rf.2cc75b8b236f73d9bdfe05e02d5b0340.jpg,pcb123rec1_jpg,Capacitor Jumper,116,135,22,25,72,85,component,,,
pcb123rec1_jpg__064__Capacitor_Jumper.png,fpic_rf100,test/images/pcb123rec1_jpg.rf.2cc75b8b236f73d9bdfe05e02d5b0340.jpg,pcb123rec1_jpg,Capacitor Jumper,122,133,23,25,76,83,component,,,
pcb123rec1_jpg__069__Capacitor_Jumper.png,fpic_rf100,test/images/pcb123rec1_jpg.rf.2cc75b8b236f73d9bdfe05e02d5b0340.jpg,pcb123rec1_jpg,Capacitor Jumper,112,106,21,20,70,66,component,,,
pcb123rec1_jpg__075__Capacitor_Jumper.png,fpic_rf100,test/images/pcb123rec1_jpg.rf.2cc75b8b236f73d9bdfe05e02d5b0340.jpg,pcb123rec1_jpg,Capacitor Jumper,138,133,26,25,86,83,component,,,
pcb123rec1_jpg__077__Capacitor_Jumper.png,fpic_rf100,test/images/pcb123rec1_jpg.rf.2cc75b8b236f73d9bdfe05e02d5b0340.jpg,pcb123rec1_jpg,Capacitor Jumper,134,133,25,25,84,83,component,,,
pcb123rec1_jpg__079__Connector.png,fpic_rf100,test/images/pcb123rec1_jpg.rf.2cc75b8b236f73d9bdfe05e02d5b0340.jpg,pcb123rec1_jpg,Connector,105,849,0,159,81,531,component,,,
pcb123rec1_jpg__084__Transistor.png,fpic_rf100,test/images/pcb123rec1_jpg.rf.2cc75b8b236f73d9bdfe05e02d5b0340.jpg,pcb123rec1_jpg,Transistor,146,96,27,18,91,60,component,,,
pcb123rec1_jpg__086__Capacitor_Jumper.png,fpic_rf100,test/images/pcb123rec1_jpg.rf.2cc75b8b236f73d9bdfe05e02d5b0340.jpg,pcb123rec1_jpg,Capacitor Jumper,145,121,27,23,91,75,component,,,
pcb123rec1_jpg__087__IC.png,fpic_rf100,test/images/pcb123rec1_jpg.rf.2cc75b8b236f73d9bdfe05e02d5b0340.jpg,pcb123rec1_jpg,IC,92,91,17,17,57,57,component,,,
pcb123rec1_jpg__089__Transistor.png,fpic_rf100,test/images/pcb123rec1_jpg.rf.2cc75b8b236f73d9bdfe05e02d5b0340.jpg,pcb123rec1_jpg,Transistor,143,97,27,18,90,61,component,,,
pcb123rec1_jpg__091__Capacitor_Jumper.png,fpic_rf100,test/images/pcb123rec1_jpg.rf.2cc75b8b236f73d9bdfe05e02d5b0340.jpg,pcb123rec1_jpg,Capacitor Jumper,135,129,25,24,85,81,component,,,
pcb123rec1_jpg__094__Capacitor_Jumper.png,fpic_rf100,test/images/pcb123rec1_jpg.rf.2cc75b8b236f73d9bdfe05e02d5b0340.jpg,pcb123rec1_jpg,Capacitor Jumper,123,128,23,24,77,80,component,,,
pcb123rec1_jpg__096__Connector.png,fpic_rf100,test/images/pcb123rec1_jpg.rf.2cc75b8b236f73d9bdfe05e02d5b0340.jpg,pcb123rec1_jpg,Connector,1227,140,230,26,767,88,component,,,
pcb123rec1_jpg__098__Capacitor_Jumper.png,fpic_rf100,test/images/pcb123rec1_jpg.rf.2cc75b8b236f73d9bdfe05e02d5b0340.jpg,pcb123rec1_jpg,Capacitor Jumper,126,123,24,23,79,77,component,,,
pcb123rec1_jpg__103__Capacitor_Jumper.png,fpic_rf100,test/images/pcb123rec1_jpg.rf.2cc75b8b236f73d9bdfe05e02d5b0340.jpg,pcb123rec1_jpg,Capacitor Jumper,110,111,21,21,69,69,component,,,
pcb123rec1_jpg__105__Capacitor_Jumper.png,fpic_rf100,test/images/pcb123rec1_jpg.rf.2cc75b8b236f73d9bdfe05e02d5b0340.jpg,pcb123rec1_jpg,Capacitor Jumper,89,98,17,18,55,61,component,,,
pcb123rec1_jpg__110__Capacitor_Jumper.png,fpic_rf100,test/images/pcb123rec1_jpg.rf.2cc75b8b236f73d9bdfe05e02d5b0340.jpg,pcb123rec1_jpg,Capacitor Jumper,114,113,21,21,71,71,component,,,
pcb123rec1_jpg__113__Connector.png,fpic_rf100,test/images/pcb123rec1_jpg.rf.2cc75b8b236f73d9bdfe05e02d5b0340.jpg,pcb123rec1_jpg,Connector,127,748,0,140,97,468,component,,,
pcb123rec1_jpg__114__Capacitor_Jumper.png,fpic_rf100,test/images/pcb123rec1_jpg.rf.2cc75b8b236f73d9bdfe05e02d5b0340.jpg,pcb123rec1_jpg,Capacitor Jumper,108,128,20,24,68,80,component,,,
pcb123rec1_jpg__115__Transistor.png,fpic_rf100,test/images/pcb123rec1_jpg.rf.2cc75b8b236f73d9bdfe05e02d5b0340.jpg,pcb123rec1_jpg,Transistor,161,108,30,20,101,68,component,,,
pcb123rec1_jpg__116__IC.png,fpic_rf100,test/images/pcb123rec1_jpg.rf.2cc75b8b236f73d9bdfe05e02d5b0340.jpg,pcb123rec1_jpg,IC,187,268,35,50,117,168,component,,,
pcb123rec1_jpg__118__Capacitor_Jumper.png,fpic_rf100,test/images/pcb123rec1_jpg.rf.2cc75b8b236f73d9bdfe05e02d5b0340.jpg,pcb123rec1_jpg,Capacitor Jumper,100,111,19,21,62,69,component,,,
pcb123rec1_jpg__127__Capacitor_Jumper.png,fpic_rf100,test/images/pcb123rec1_jpg.rf.2cc75b8b236f73d9bdfe05e02d5b0340.jpg,pcb123rec1_jpg,Capacitor Jumper,101,111,19,21,63,69,component,,,
pcb123rec1_jpg__134__Capacitor_Jumper.png,fpic_rf100,test/images/pcb123rec1_jpg.rf.2cc75b8b236f73d9bdfe05e02d5b0340.jpg,pcb123rec1_jpg,Capacitor Jumper,111,126,21,24,69,79,component,,,
pcb123rec1_jpg__145__Connector.png,fpic_rf100,test/images/pcb123rec1_jpg.rf.2cc75b8b236f73d9bdfe05e02d5b0340.jpg,pcb123rec1_jpg,Connector,614,239,13,45,462,149,component,,,
pcb123rec1_jpg__156__Capacitor_Jumper.png,fpic_rf100,test/images/pcb123rec1_jpg.rf.2cc75b8b236f73d9bdfe05e02d5b0340.jpg,pcb123rec1_jpg,Capacitor Jumper,132,107,25,20,82,67,component,,,
pcb123rec1_jpg__164__Capacitor_Jumper.png,fpic_rf100,test/images/pcb123rec1_jpg.rf.2cc75b8b236f73d9bdfe05e02d5b0340.jpg,pcb123rec1_jpg,Capacitor Jumper,129,121,24,23,81,75,component,,,
pcb123rec1_jpg__171__Capacitor_Jumper.png,fpic_rf100,test/images/pcb123rec1_jpg.rf.2cc75b8b236f73d9bdfe05e02d5b0340.jpg,pcb123rec1_jpg,Capacitor Jumper,107,119,20,22,67,75,component,,,
pcb123rec1_jpg__174__Capacitor_Jumper.png,fpic_rf100,test/images/pcb123rec1_jpg.rf.2cc75b8b236f73d9bdfe05e02d5b0340.jpg,pcb123rec1_jpg,Capacitor Jumper,113,91,21,17,71,57,component,,,
pcb123rec1_jpg__175__Capacitor_Jumper.png,fpic_rf100,test/images/pcb123rec1_jpg.rf.2cc75b8b236f73d9bdfe05e02d5b0340.jpg,pcb123rec1_jpg,Capacitor Jumper,117,96,22,18,73,60,component,,,
pcb123rec1_jpg__176__Capacitor_Jumper.png,fpic_rf100,test/images/pcb123rec1_jpg.rf.2cc75b8b236f73d9bdfe05e02d5b0340.jpg,pcb123rec1_jpg,Capacitor Jumper,110,86,21,16,69,54,component,,,
pcb123rec1_jpg__187__Connector.png,fpic_rf100,test/images/pcb123rec1_jpg.rf.2cc75b8b236f73d9bdfe05e02d5b0340.jpg,pcb123rec1_jpg,Connector,1237,139,232,26,773,87,component,,,
pcb123rec1_jpg__193__IC.png,fpic_rf100,test/images/pcb123rec1_jpg.rf.2cc75b8b236f73d9bdfe05e02d5b0340.jpg,pcb123rec1_jpg,IC,115,113,22,21,72,71,component,,,
pcb123rec1_jpg__202__Capacitor_Jumper.png,fpic_rf100,test/images/pcb123rec1_jpg.rf.2cc75b8b236f73d9bdfe05e02d5b0340.jpg,pcb123rec1_jpg,Capacitor Jumper,96,97,18,18,60,61,component,,,
pcb123rec1_jpg__204__Capacitor_Jumper.png,fpic_rf100,test/images/pcb123rec1_jpg.rf.2cc75b8b236f73d9bdfe05e02d5b0340.jpg,pcb123rec1_jpg,Capacitor Jumper,117,85,22,16,73,53,component,,,
pcb123rec1_jpg__241__Connector.png,fpic_rf100,test/images/pcb123rec1_jpg.rf.2cc75b8b236f73d9bdfe05e02d5b0340.jpg,pcb123rec1_jpg,Connector,1220,131,229,25,762,82,component,,,
pcb123rec1_jpg__247__Capacitor_Jumper.png,fpic_rf100,test/images/pcb123rec1_jpg.rf.2cc75b8b236f73d9bdfe05e02d5b0340.jpg,pcb123rec1_jpg,Capacitor Jumper,105,92,20,17,65,58,component,,,
pcb123rec1_jpg__255__Capacitor_Jumper.png,fpic_rf100,test/images/pcb123rec1_jpg.rf.2cc75b8b236f73d9bdfe05e02d5b0340.jpg,pcb123rec1_jpg,Capacitor Jumper,177,169,33,32,111,105,component,,,
pcb123rec1_jpg__257__Capacitor_Jumper.png,fpic_rf100,test/images/pcb123rec1_jpg.rf.2cc75b8b236f73d9bdfe05e02d5b0340.jpg,pcb123rec1_jpg,Capacitor Jumper,137,150,26,28,86,94,component,,,
pcb123rec1_jpg__260__Capacitor_Jumper.png,fpic_rf100,test/images/pcb123rec1_jpg.rf.2cc75b8b236f73d9bdfe05e02d5b0340.jpg,pcb123rec1_jpg,Capacitor Jumper,97,114,18,21,61,71,component,,,
pcb123rec1_jpg__275__Capacitor_Jumper.png,fpic_rf100,test/images/pcb123rec1_jpg.rf.2cc75b8b236f73d9bdfe05e02d5b0340.jpg,pcb123rec1_jpg,Capacitor Jumper,167,135,31,25,105,84,component,,,
pcb123rec1_jpg__277__IC.png,fpic_rf100,test/images/pcb123rec1_jpg.rf.2cc75b8b236f73d9bdfe05e02d5b0340.jpg,pcb123rec1_jpg,IC,355,361,67,68,222,225,component,,,
pcb123rec1_jpg__279__Capacitor_Jumper.png,fpic_rf100,test/images/pcb123rec1_jpg.rf.2cc75b8b236f73d9bdfe05e02d5b0340.jpg,pcb123rec1_jpg,Capacitor Jumper,149,156,28,29,93,98,component,,,
pcb123rec1_jpg__282__IC.png,fpic_rf100,test/images/pcb123rec1_jpg.rf.2cc75b8b236f73d9bdfe05e02d5b0340.jpg,pcb123rec1_jpg,IC,85,93,16,17,53,58,component,,,
pcb123rec1_jpg__284__Capacitor_Jumper.png,fpic_rf100,test/images/pcb123rec1_jpg.rf.2cc75b8b236f73d9bdfe05e02d5b0340.jpg,pcb123rec1_jpg,Capacitor Jumper,166,133,31,25,104,83,component,,,
pcb123rec1_jpg__303__Capacitor_Jumper.png,fpic_rf100,test/images/pcb123rec1_jpg.rf.2cc75b8b236f73d9bdfe05e02d5b0340.jpg,pcb123rec1_jpg,Capacitor Jumper,143,116,27,22,89,72,component,,,
pcb123rec1_jpg__305__IC.png,fpic_rf100,test/images/pcb123rec1_jpg.rf.2cc75b8b236f73d9bdfe05e02d5b0340.jpg,pcb123rec1_jpg,IC,97,97,18,18,61,61,component,,,
pcb123rec1_jpg__332__Capacitor_Jumper.png,fpic_rf100,test/images/pcb123rec1_jpg.rf.2cc75b8b236f73d9bdfe05e02d5b0340.jpg,pcb123rec1_jpg,Capacitor Jumper,127,126,24,24,79,79,component,,,
pcb123rec1_jpg__352__Capacitor_Jumper.png,fpic_rf100,test/images/pcb123rec1_jpg.rf.2cc75b8b236f73d9bdfe05e02d5b0340.jpg,pcb123rec1_jpg,Capacitor Jumper,106,107,20,20,66,67,component,,,
pcb125rec1_jpg__013__IC.png,fpic_rf100,test/images/pcb125rec1_jpg.rf.0ca0057c3592554edfc2f19cd0157636.jpg,pcb125rec1_jpg,IC,137,102,26,19,85,64,component,,,
pcb125rec1_jpg__027__IC.png,fpic_rf100,test/images/pcb125rec1_jpg.rf.0ca0057c3592554edfc2f19cd0157636.jpg,pcb125rec1_jpg,IC,172,219,32,41,108,137,component,,,
pcb125rec1_jpg__054__Connector.png,fpic_rf100,test/images/pcb125rec1_jpg.rf.0ca0057c3592554edfc2f19cd0157636.jpg,pcb125rec1_jpg,Connector,174,1166,33,219,108,729,component,,,
pcb125rec1_jpg__055__Connector.png,fpic_rf100,test/images/pcb125rec1_jpg.rf.0ca0057c3592554edfc2f19cd0157636.jpg,pcb125rec1_jpg,Connector,170,1249,32,234,107,781,component,,,
pcb125rec1_jpg__056__IC.png,fpic_rf100,test/images/pcb125rec1_jpg.rf.0ca0057c3592554edfc2f19cd0157636.jpg,pcb125rec1_jpg,IC,178,228,33,43,111,142,component,,,
pcb125rec1_jpg__059__Connector.png,fpic_rf100,test/images/pcb125rec1_jpg.rf.0ca0057c3592554edfc2f19cd0157636.jpg,pcb125rec1_jpg,Connector,158,1252,30,235,98,782,component,,,
pcb125rec1_jpg__060__Connector.png,fpic_rf100,test/images/pcb125rec1_jpg.rf.0ca0057c3592554edfc2f19cd0157636.jpg,pcb125rec1_jpg,Connector,162,1230,30,231,101,768,component,,,
pcb125rec1_jpg__061__Connector.png,fpic_rf100,test/images/pcb125rec1_jpg.rf.0ca0057c3592554edfc2f19cd0157636.jpg,pcb125rec1_jpg,Connector,182,1227,34,230,114,767,component,,,
pcb125rec1_jpg__129__IC.png,fpic_rf100,test/images/pcb125rec1_jpg.rf.0ca0057c3592554edfc2f19cd0157636.jpg,pcb125rec1_jpg,IC,139,179,26,34,87,112,component,,,
pcb125rec1_jpg__150__Transistor.png,fpic_rf100,test/images/pcb125rec1_jpg.rf.0ca0057c3592554edfc2f19cd0157636.jpg,pcb125rec1_jpg,Transistor,209,171,39,32,131,107,component,,,
pcb125rec1_jpg__152__Transistor.png,fpic_rf100,test/images/pcb125rec1_jpg.rf.0ca0057c3592554edfc2f19cd0157636.jpg,pcb125rec1_jpg,Transistor,190,143,36,27,119,89,component,,,
pcb125rec1_jpg__156__Transistor.png,fpic_rf100,test/images/pcb125rec1_jpg.rf.0ca0057c3592554edfc2f19cd0157636.jpg,pcb125rec1_jpg,Transistor,161,208,30,39,100,130,component,,,
pcb125rec1_jpg__160__Transistor.png,fpic_rf100,test/images/pcb125rec1_jpg.rf.0ca0057c3592554edfc2f19cd0157636.jpg,pcb125rec1_jpg,Transistor,153,214,29,40,95,134,component,,,
pcb125rec1_jpg__210__IC.png,fpic_rf100,test/images/pcb125rec1_jpg.rf.0ca0057c3592554edfc2f19cd0157636.jpg,pcb125rec1_jpg,IC,122,103,23,19,76,65,component,,,
pcb125rec1_jpg__236__IC.png,fpic_rf100,test/images/pcb125rec1_jpg.rf.0ca0057c3592554edfc2f19cd0157636.jpg,pcb125rec1_jpg,IC,151,161,28,30,94,101,component,,,
pcb125rec1_jpg__258__Transistor.png,fpic_rf100,test/images/pcb125rec1_jpg.rf.0ca0057c3592554edfc2f19cd0157636.jpg,pcb125rec1_jpg,Transistor,164,107,31,20,102,67,component,,,
pcb125rec1_jpg__274__IC.png,fpic_rf100,test/images/pcb125rec1_jpg.rf.0ca0057c3592554edfc2f19cd0157636.jpg,pcb125rec1_jpg,IC,106,129,20,24,66,81,component,,,
pcb125rec1_jpg__295__IC.png,fpic_rf100,test/images/pcb125rec1_jpg.rf.0ca0057c3592554edfc2f19cd0157636.jpg,pcb125rec1_jpg,IC,268,363,50,68,168,227,component,,,
pcb125rec1_jpg__309__IC.png,fpic_rf100,test/images/pcb125rec1_jpg.rf.0ca0057c3592554edfc2f19cd0157636.jpg,pcb125rec1_jpg,IC,92,78,17,15,58,48,component,,,
pcb125rec1_jpg__364__IC.png,fpic_rf100,test/images/pcb125rec1_jpg.rf.0ca0057c3592554edfc2f19cd0157636.jpg,pcb125rec1_jpg,IC,114,98,21,18,71,62,component,,,
pcb125rec1_jpg__366__IC.png,fpic_rf100,test/images/pcb125rec1_jpg.rf.0ca0057c3592554edfc2f19cd0157636.jpg,pcb125rec1_jpg,IC,105,132,20,25,65,83,component,,,
pcb125rec1_jpg__367__IC.png,fpic_rf100,test/images/pcb125rec1_jpg.rf.0ca0057c3592554edfc2f19cd0157636.jpg,pcb125rec1_jpg,IC,110,80,21,15,69,50,component,,,
pcb125rec1_jpg__389__IC.png,fpic_rf100,test/images/pcb125rec1_jpg.rf.0ca0057c3592554edfc2f19cd0157636.jpg,pcb125rec1_jpg,IC,116,97,22,18,72,61,component,,,
pcb125rec1_jpg__390__IC.png,fpic_rf100,test/images/pcb125rec1_jpg.rf.0ca0057c3592554edfc2f19cd0157636.jpg,pcb125rec1_jpg,IC,137,117,26,22,85,73,component,,,
pcb125rec1_jpg__401__IC.png,fpic_rf100,test/images/pcb125rec1_jpg.rf.0ca0057c3592554edfc2f19cd0157636.jpg,pcb125rec1_jpg,IC,414,418,78,78,259,262,component,,,
pcb125rec1_jpg__434__IC.png,fpic_rf100,test/images/pcb125rec1_jpg.rf.0ca0057c3592554edfc2f19cd0157636.jpg,pcb125rec1_jpg,IC,113,85,21,16,71,53,component,,,
pcb125rec1_jpg__463__Transistor.png,fpic_rf100,test/images/pcb125rec1_jpg.rf.0ca0057c3592554edfc2f19cd0157636.jpg,pcb125rec1_jpg,Transistor,132,97,25,18,82,61,component,,,
pcb125rec1_jpg__467__IC.png,fpic_rf100,test/images/pcb125rec1_jpg.rf.0ca0057c3592554edfc2f19cd0157636.jpg,pcb125rec1_jpg,IC,551,546,103,102,344,342,component,,,
pcb126rec1_jpg__001__Connector.png,fpic_rf100,train/images/pcb126rec1_jpg.rf.4bd08578e00013460ddec1f18102a21f.jpg,pcb126rec1_jpg,Connector,207,1156,39,217,129,722,component,,,
pcb126rec1_jpg__002__Connector.png,fpic_rf100,train/images/pcb126rec1_jpg.rf.4bd08578e00013460ddec1f18102a21f.jpg,pcb126rec1_jpg,Connector,223,1163,42,218,139,727,component,,,
pcb126rec1_jpg__003__Connector.png,fpic_rf100,train/images/pcb126rec1_jpg.rf.4bd08578e00013460ddec1f18102a21f.jpg,pcb126rec1_jpg,Connector,202,1168,38,219,126,730,component,,,
pcb126rec1_jpg__042__Connector.png,fpic_rf100,train/images/pcb126rec1_jpg.rf.4bd08578e00013460ddec1f18102a21f.jpg,pcb126rec1_jpg,Connector,135,528,27,99,91,330,component,,,
pcb126rec1_jpg__071__Transistor.png,fpic_rf100,train/images/pcb126rec1_jpg.rf.4bd08578e00013460ddec1f18102a21f.jpg,pcb126rec1_jpg,Transistor,107,159,20,30,67,99,component,,,
pcb126rec1_jpg__072__Transistor.png,fpic_rf100,train/images/pcb126rec1_jpg.rf.4bd08578e00013460ddec1f18102a21f.jpg,pcb126rec1_jpg,Transistor,112,155,21,29,70,97,component,,,
pcb126rec1_jpg__077__Transistor.png,fpic_rf100,train/images/pcb126rec1_jpg.rf.4bd08578e00013460ddec1f18102a21f.jpg,pcb126rec1_jpg,Transistor,107,154,20,29,67,96,component,,,
pcb126rec1_jpg__078__Transistor.png,fpic_rf100,train/images/pcb126rec1_jpg.rf.4bd08578e00013460ddec1f18102a21f.jpg,pcb126rec1_jpg,Transistor,112,154,21,29,70,96,component,,,
pcb126rec1_jpg__092__IC.png,fpic_rf100,train/images/pcb126rec1_jpg.rf.4bd08578e00013460ddec1f18102a21f.jpg,pcb126rec1_jpg,IC,346,272,65,51,216,170,component,,,
pcb126rec1_jpg__143__IC.png,fpic_rf100,train/images/pcb126rec1_jpg.rf.4bd08578e00013460ddec1f18102a21f.jpg,pcb126rec1_jpg,IC,150,152,28,28,94,95,component,,,
pcb126rec1_jpg__166__Connector.png,fpic_rf100,train/images/pcb126rec1_jpg.rf.4bd08578e00013460ddec1f18102a21f.jpg,pcb126rec1_jpg,Connector,1663,368,81,69,1217,230,component,,,
pcb126rec1_jpg__181__IC.png,fpic_rf100,train/images/pcb126rec1_jpg.rf.4bd08578e00013460ddec1f18102a21f.jpg,pcb126rec1_jpg,IC,447,453,84,85,279,283,component,,,
pcb127rec1_jpg__005__Transistor.png,fpic_rf100,valid/images/pcb127rec1_jpg.rf.111dab8ba6e3fac5c8d7badf3b41048d.jpg,pcb127rec1_jpg,Transistor,100,166,19,31,62,104,component,,,
pcb127rec1_jpg__022__Connector.png,fpic_rf100,valid/images/pcb127rec1_jpg.rf.111dab8ba6e3fac5c8d7badf3b41048d.jpg,pcb127rec1_jpg,Connector,1281,123,149,23,871,77,component,,,
pcb127rec1_jpg__031__IC.png,fpic_rf100,valid/images/pcb127rec1_jpg.rf.111dab8ba6e3fac5c8d7badf3b41048d.jpg,pcb127rec1_jpg,IC,384,279,72,44,240,180,component,,,
pcb127rec1_jpg__032__IC.png,fpic_rf100,valid/images/pcb127rec1_jpg.rf.111dab8ba6e3fac5c8d7badf3b41048d.jpg,pcb127rec1_jpg,IC,261,181,49,34,163,113,component,,,
pcb127rec1_jpg__047__Connector.png,fpic_rf100,valid/images/pcb127rec1_jpg.rf.111dab8ba6e3fac5c8d7badf3b41048d.jpg,pcb127rec1_jpg,Connector,605,145,113,27,378,91,component,,,
pcb127rec1_jpg__052__IC.png,fpic_rf100,valid/images/pcb127rec1_jpg.rf.111dab8ba6e3fac5c8d7badf3b41048d.jpg,pcb127rec1_jpg,IC,604,257,113,48,377,161,component,,,
pcb127rec1_jpg__053__IC.png,fpic_rf100,valid/images/pcb127rec1_jpg.rf.111dab8ba6e3fac5c8d7badf3b41048d.jpg,pcb127rec1_jpg,IC,201,164,38,31,126,102,component,,,
pcb127rec1_jpg__054__IC.png,fpic_rf100,valid/images/pcb127rec1_jpg.rf.111dab8ba6e3fac5c8d7badf3b41048d.jpg,pcb127rec1_jpg,IC,183,167,34,31,115,105,component,,,
pcb127rec1_jpg__060__IC.png,fpic_rf100,valid/images/pcb127rec1_jpg.rf.111dab8ba6e3fac5c8d7badf3b41048d.jpg,pcb127rec1_jpg,IC,252,343,47,64,158,215,component,,,
pcb127rec1_jpg__073__IC.png,fpic_rf100,valid/images/pcb127rec1_jpg.rf.111dab8ba6e3fac5c8d7badf3b41048d.jpg,pcb127rec1_jpg,IC,257,146,48,27,161,91,component,,,
pcb127rec1_jpg__075__IC.png,fpic_rf100,valid/images/pcb127rec1_jpg.rf.111dab8ba6e3fac5c8d7badf3b41048d.jpg,pcb127rec1_jpg,IC,77,107,14,20,48,67,component,,,
pcb127rec1_jpg__084__Connector.png,fpic_rf100,valid/images/pcb127rec1_jpg.rf.111dab8ba6e3fac5c8d7badf3b41048d.jpg,pcb127rec1_jpg,Connector,230,310,43,71,143,236,component,,,
pcb127rec1_jpg__085__Connector.png,fpic_rf100,valid/images/pcb127rec1_jpg.rf.111dab8ba6e3fac5c8d7badf3b41048d.jpg,pcb127rec1_jpg,Connector,936,309,175,71,585,238,component,,,
pcb127rec1_jpg__087__Connector.png,fpic_rf100,valid/images/pcb127rec1_jpg.rf.111dab8ba6e3fac5c8d7badf3b41048d.jpg,pcb127rec1_jpg,Connector,201,270,38,58,125,194,component,,,
pcb127rec1_jpg__088__IC.png,fpic_rf100,valid/images/pcb127rec1_jpg.rf.111dab8ba6e3fac5c8d7badf3b41048d.jpg,pcb127rec1_jpg,IC,173,255,32,48,108,159,component,,,
pcb127rec1_jpg__089__Connector.png,fpic_rf100,valid/images/pcb127rec1_jpg.rf.111dab8ba6e3fac5c8d7badf3b41048d.jpg,pcb127rec1_jpg,Connector,828,122,155,23,518,76,component,,,
pcb127rec1_jpg__121__IC.png,fpic_rf100,valid/images/pcb127rec1_jpg.rf.111dab8ba6e3fac5c8d7badf3b41048d.jpg,pcb127rec1_jpg,IC,112,145,21,27,70,91,component,,,
pcb127rec1_jpg__124__Transistor.png,fpic_rf100,valid/images/pcb127rec1_jpg.rf.111dab8ba6e3fac5c8d7badf3b41048d.jpg,pcb127rec1_jpg,Transistor,146,229,27,43,92,143,component,,,
pcb127rec1_jpg__167__Transistor.png,fpic_rf100,valid/images/pcb127rec1_jpg.rf.111dab8ba6e3fac5c8d7badf3b41048d.jpg,pcb127rec1_jpg,Transistor,105,175,20,33,66,109,component,,,
pcb127rec1_jpg__170__Connector.png,fpic_rf100,valid/images/pcb127rec1_jpg.rf.111dab8ba6e3fac5c8d7badf3b41048d.jpg,pcb127rec1_jpg,Connector,1682,116,74,22,1237,73,component,,,
pcb127rec1_jpg__172__IC.png,fpic_rf100,valid/images/pcb127rec1_jpg.rf.111dab8ba6e3fac5c8d7badf3b41048d.jpg,pcb127rec1_jpg,IC,116,132,22,25,72,82,component,,,
pcb127rec1_jpg__174__IC.png,fpic_rf100,valid/images/pcb127rec1_jpg.rf.111dab8ba6e3fac5c8d7badf3b41048d.jpg,pcb127rec1_jpg,IC,400,404,75,76,250,252,component,,,
pcb127rec1_jpg__175__Connector.png,fpic_rf100,valid/images/pcb127rec1_jpg.rf.111dab8ba6e3fac5c8d7badf3b41048d.jpg,pcb127rec1_jpg,Connector,1686,132,77,25,1238,83,component,,,
pcb127rec1_jpg__180__Connector.png,fpic_rf100,valid/images/pcb127rec1_jpg.rf.111dab8ba6e3fac5c8d7badf3b41048d.jpg,pcb127rec1_jpg,Connector,1666,111,76,21,1223,69,component,,,
pcb127rec1_jpg__186__Connector.png,fpic_rf100,valid/images/pcb127rec1_jpg.rf.111dab8ba6e3fac5c8d7badf3b41048d.jpg,pcb127rec1_jpg,Connector,1685,101,76,19,1238,63,component,,,
pcb127rec1_jpg__207__Connector.png,fpic_rf100,valid/images/pcb127rec1_jpg.rf.111dab8ba6e3fac5c8d7badf3b41048d.jpg,pcb127rec1_jpg,Connector,141,1050,26,197,88,656,component,,,
pcb127rec1_jpg__215__Transistor.png,fpic_rf100,valid/images/pcb127rec1_jpg.rf.111dab8ba6e3fac5c8d7badf3b41048d.jpg,pcb127rec1_jpg,Transistor,144,246,27,46,90,154,component,,,
pcb127rec1_jpg__219__Connector.png,fpic_rf100,valid/images/pcb127rec1_jpg.rf.111dab8ba6e3fac5c8d7badf3b41048d.jpg,pcb127rec1_jpg,Connector,900,128,169,24,563,80,component,,,
pcb127rec1_jpg__225__IC.png,fpic_rf100,valid/images/pcb127rec1_jpg.rf.111dab8ba6e3fac5c8d7badf3b41048d.jpg,pcb127rec1_jpg,IC,517,501,97,94,323,313,component,,,
pcb127rec1_jpg__233__Connector.png,fpic_rf100,valid/images/pcb127rec1_jpg.rf.111dab8ba6e3fac5c8d7badf3b41048d.jpg,pcb127rec1_jpg,Connector,127,1771,27,284,88,1216,component,,,
pcb127rec1_jpg__239__IC.png,fpic_rf100,valid/images/pcb127rec1_jpg.rf.111dab8ba6e3fac5c8d7badf3b41048d.jpg,pcb127rec1_jpg,IC,119,137,22,26,75,85,component,,,
pcb127rec1_jpg__243__Transistor.png,fpic_rf100,valid/images/pcb127rec1_jpg.rf.111dab8ba6e3fac5c8d7badf3b41048d.jpg,pcb127rec1_jpg,Transistor,167,115,31,22,105,72,component,,,
pcb127rec1_jpg__256__Connector.png,fpic_rf100,valid/images/pcb127rec1_jpg.rf.111dab8ba6e3fac5c8d7badf3b41048d.jpg,pcb127rec1_jpg,Connector,119,1196,22,224,74,748,component,,,
pcb127rec1_jpg__257__Connector.png,fpic_rf100,valid/images/pcb127rec1_jpg.rf.111dab8ba6e3fac5c8d7badf3b41048d.jpg,pcb127rec1_jpg,Connector,145,1153,27,216,91,721,component,,,
pcb127rec1_jpg__258__Connector.png,fpic_rf100,valid/images/pcb127rec1_jpg.rf.111dab8ba6e3fac5c8d7badf3b41048d.jpg,pcb127rec1_jpg,Connector,130,1199,24,225,81,750,component,,,
pcb127rec1_jpg__260__Connector.png,fpic_rf100,valid/images/pcb127rec1_jpg.rf.111dab8ba6e3fac5c8d7badf3b41048d.jpg,pcb127rec1_jpg,Connector,140,1184,26,222,88,740,component,,,
pcb127rec1_jpg__261__Connector.png,fpic_rf100,valid/images/pcb127rec1_jpg.rf.111dab8ba6e3fac5c8d7badf3b41048d.jpg,pcb127rec1_jpg,Connector,133,1212,25,227,83,758,component,,,
pcb127rec1_jpg__262__Connector.png,fpic_rf100,valid/images/pcb127rec1_jpg.rf.111dab8ba6e3fac5c8d7badf3b41048d.jpg,pcb127rec1_jpg,Connector,133,1196,25,224,83,748,component,,,
pcb127rec1_jpg__264__Transistor.png,fpic_rf100,valid/images/pcb127rec1_jpg.rf.111dab8ba6e3fac5c8d7badf3b41048d.jpg,pcb127rec1_jpg,Transistor,98,176,18,33,61,110,component,,,
pcb127rec1_jpg__265__Transistor.png,fpic_rf100,valid/images/pcb127rec1_jpg.rf.111dab8ba6e3fac5c8d7badf3b41048d.jpg,pcb127rec1_jpg,Transistor,171,102,32,19,107,64,component,,,
pcb128rec1_jpg__010__Connector.png,fpic_rf100,train/images/pcb128rec1_jpg.rf.1d142429d9c5d97d7ce9b4802426b7eb.jpg,pcb128rec1_jpg,Connector,1825,113,12,21,1395,71,component,,,
pcb128rec1_jpg__016__Connector.png,fpic_rf100,train/images/pcb128rec1_jpg.rf.1d142429d9c5d97d7ce9b4802426b7eb.jpg,pcb128rec1_jpg,Connector,1814,126,0,24,1396,78,component,,,
pcb128rec1_jpg__024__IC.png,fpic_rf100,train/images/pcb128rec1_jpg.rf.1d142429d9c5d97d7ce9b4802426b7eb.jpg,pcb128rec1_jpg,IC,103,128,19,24,65,80,component,,,
pcb128rec1_jpg__026__Connector.png,fpic_rf100,train/images/pcb128rec1_jpg.rf.1d142429d9c5d97d7ce9b4802426b7eb.jpg,pcb128rec1_jpg,Connector,1785,127,23,24,1356,79,component,,,
pcb128rec1_jpg__033__IC.png,fpic_rf100,train/images/pcb128rec1_jpg.rf.1d142429d9c5d97d7ce9b4802426b7eb.jpg,pcb128rec1_jpg,IC,159,178,30,33,99,111,component,,,
pcb128rec1_jpg__045__IC.png,fpic_rf100,train/images/pcb128rec1_jpg.rf.1d142429d9c5d97d7ce9b4802426b7eb.jpg,pcb128rec1_jpg,IC,596,235,112,44,373,147,component,,,
pcb128rec1_jpg__048__Connector.png,fpic_rf100,train/images/pcb128rec1_jpg.rf.1d142429d9c5d97d7ce9b4802426b7eb.jpg,pcb128rec1_jpg,Connector,633,138,119,26,395,86,component,,,
pcb128rec1_jpg__059__IC.png,fpic_rf100,train/images/pcb128rec1_jpg.rf.1d142429d9c5d97d7ce9b4802426b7eb.jpg,pcb128rec1_jpg,IC,281,365,53,68,175,228,component,,,
pcb128rec1_jpg__071__IC.png,fpic_rf100,train/images/pcb128rec1_jpg.rf.1d142429d9c5d97d7ce9b4802426b7eb.jpg,pcb128rec1_jpg,IC,100,124,19,23,62,77,component,,,
pcb128rec1_jpg__089__IC.png,fpic_rf100,train/images/pcb128rec1_jpg.rf.1d142429d9c5d97d7ce9b4802426b7eb.jpg,pcb128rec1_jpg,IC,190,155,36,29,119,97,component,,,
pcb128rec1_jpg__090__IC.png,fpic_rf100,train/images/pcb128rec1_jpg.rf.1d142429d9c5d97d7ce9b4802426b7eb.jpg,pcb128rec1_jpg,IC,190,169,36,32,119,105,component,,,
pcb128rec1_jpg__091__IC.png,fpic_rf100,train/images/pcb128rec1_jpg.rf.1d142429d9c5d97d7ce9b4802426b7eb.jpg,pcb128rec1_jpg,IC,191,177,36,33,120,111,component,,,
pcb128rec1_jpg__096__IC.png,fpic_rf100,train/images/pcb128rec1_jpg.rf.1d142429d9c5d97d7ce9b4802426b7eb.jpg,pcb128rec1_jpg,IC,124,108,23,20,77,68,component,,,
pcb128rec1_jpg__107__Connector.png,fpic_rf100,train/images/pcb128rec1_jpg.rf.1d142429d9c5d97d7ce9b4802426b7eb.jpg,pcb128rec1_jpg,Connector,215,287,40,59,135,197,component,,,
pcb128rec1_jpg__109__Connector.png,fpic_rf100,train/images/pcb128rec1_jpg.rf.1d142429d9c5d97d7ce9b4802426b7eb.jpg,pcb128rec1_jpg,Connector,207,257,39,49,129,164,component,,,
pcb128rec1_jpg__121__Connector.png,fpic_rf100,train/images/pcb128rec1_jpg.rf.1d142429d9c5d97d7ce9b4802426b7eb.jpg,pcb128rec1_jpg,Connector,939,302,176,70,587,232,component,,,
pcb128rec1_jpg__126__Connector.png,fpic_rf100,train/images/pcb128rec1_jpg.rf.1d142429d9c5d97d7ce9b4802426b7eb.jpg,pcb128rec1_jpg,Connector,836,140,157,26,522,87,component,,,
pcb128rec1_jpg__143__Connector.png,fpic_rf100,train/images/pcb128rec1_jpg.rf.1d142429d9c5d97d7ce9b4802426b7eb.jpg,pcb128rec1_jpg,Connector,710,139,133,26,444,87,component,,,
pcb128rec1_jpg__147__IC.png,fpic_rf100,train/images/pcb128rec1_jpg.rf.1d142429d9c5d97d7ce9b4802426b7eb.jpg,pcb128rec1_jpg,IC,150,271,28,51,93,169,component,,,
pcb128rec1_jpg__159__IC.png,fpic_rf100,train/images/pcb128rec1_jpg.rf.1d142429d9c5d97d7ce9b4802426b7eb.jpg,pcb128rec1_jpg,IC,161,181,30,34,101,113,component,,,
pcb128rec1_jpg__164__IC.png,fpic_rf100,train/images/pcb128rec1_jpg.rf.1d142429d9c5d97d7ce9b4802426b7eb.jpg,pcb128rec1_jpg,IC,454,457,85,86,284,285,component,,,
pcb128rec1_jpg__178__Transistor.png,fpic_rf100,train/images/pcb128rec1_jpg.rf.1d142429d9c5d97d7ce9b4802426b7eb.jpg,pcb128rec1_jpg,Transistor,246,166,46,31,154,104,component,,,
pcb128rec1_jpg__181__IC.png,fpic_rf100,train/images/pcb128rec1_jpg.rf.1d142429d9c5d97d7ce9b4802426b7eb.jpg,pcb128rec1_jpg,IC,164,197,31,37,102,123,component,,,
pcb128rec1_jpg__191__Transistor.png,fpic_rf100,train/images/pcb128rec1_jpg.rf.1d142429d9c5d97d7ce9b4802426b7eb.jpg,pcb128rec1_jpg,Transistor,255,156,48,29,159,98,component,,,
pcb128rec1_jpg__194__IC.png,fpic_rf100,train/images/pcb128rec1_jpg.rf.1d142429d9c5d97d7ce9b4802426b7eb.jpg,pcb128rec1_jpg,IC,507,501,95,94,317,313,component,,,
pcb128rec1_jpg__200__Connector.png,fpic_rf100,train/images/pcb128rec1_jpg.rf.1d142429d9c5d97d7ce9b4802426b7eb.jpg,pcb128rec1_jpg,Connector,857,123,161,23,535,77,component,,,
pcb128rec1_jpg__229__Connector.png,fpic_rf100,train/images/pcb128rec1_jpg.rf.1d142429d9c5d97d7ce9b4802426b7eb.jpg,pcb128rec1_jpg,Connector,161,1062,30,199,101,664,component,,,
pcb128rec1_jpg__230__IC.png,fpic_rf100,train/images/pcb128rec1_jpg.rf.1d142429d9c5d97d7ce9b4802426b7eb.jpg,pcb128rec1_jpg,IC,177,192,33,36,110,120,component,,,
pcb128rec1_jpg__252__IC.png,fpic_rf100,train/images/pcb128rec1_jpg.rf.1d142429d9c5d97d7ce9b4802426b7eb.jpg,pcb128rec1_jpg,IC,277,359,52,67,173,225,component,,,
pcb128rec1_jpg__253__IC.png,fpic_rf100,train/images/pcb128rec1_jpg.rf.1d142429d9c5d97d7ce9b4802426b7eb.jpg,pcb128rec1_jpg,IC,272,353,51,66,170,221,component,,,
pcb128rec1_jpg__259__Connector.png,fpic_rf100,train/images/pcb128rec1_jpg.rf.1d142429d9c5d97d7ce9b4802426b7eb.jpg,pcb128rec1_jpg,Connector,138,1754,32,247,106,1243,component,,,
pcb128rec1_jpg__260__Connector.png,fpic_rf100,train/images/pcb128rec1_jpg.rf.1d142429d9c5d97d7ce9b4802426b7eb.jpg,pcb128rec1_jpg,Connector,176,1754,33,258,110,1228,component,,,
pcb128rec1_jpg__279__IC.png,fpic_rf100,train/images/pcb128rec1_jpg.rf.1d142429d9c5d97d7ce9b4802426b7eb.jpg,pcb128rec1_jpg,IC,240,172,45,32,150,108,component,,,
pcb128rec1_jpg__286__Connector.png,fpic_rf100,train/images/pcb128rec1_jpg.rf.1d142429d9c5d97d7ce9b4802426b7eb.jpg,pcb128rec1_jpg,Connector,175,1223,33,229,109,765,component,,,
pcb128rec1_jpg__287__Connector.png,fpic_rf100,train/images/pcb128rec1_jpg.rf.1d142429d9c5d97d7ce9b4802426b7eb.jpg,pcb128rec1_jpg,Connector,167,1195,31,224,104,747,component,,,
pcb128rec1_jpg__289__Connector.png,fpic_rf100,train/images/pcb128rec1_jpg.rf.1d142429d9c5d97d7ce9b4802426b7eb.jpg,pcb128rec1_jpg,Connector,176,1215,33,228,110,759,component,,,
pcb128rec1_jpg__290__Connector.png,fpic_rf100,train/images/pcb128rec1_jpg.rf.1d142429d9c5d97d7ce9b4802426b7eb.jpg,pcb128rec1_jpg,Connector,159,1206,30,226,99,754,component,,,
pcb128rec1_jpg__291__Connector.png,fpic_rf100,train/images/pcb128rec1_jpg.rf.1d142429d9c5d97d7ce9b4802426b7eb.jpg,pcb128rec1_jpg,Connector,180,1206,34,226,113,754,component,,,
pcb129rec1_jpg__000__Connector.png,fpic_rf100,train/images/pcb129rec1_jpg.rf.3fcdb5b1fa024f08c2a1647372deb449.jpg,pcb129rec1_jpg,Connector,1209,138,227,26,755,86,component,,,
pcb129rec1_jpg__022__Connector.png,fpic_rf100,train/images/pcb129rec1_jpg.rf.3fcdb5b1fa024f08c2a1647372deb449.jpg,pcb129rec1_jpg,Connector,1883,141,279,26,1234,88,component,,,
pcb129rec1_jpg__061__IC.png,fpic_rf100,train/images/pcb129rec1_jpg.rf.3fcdb5b1fa024f08c2a1647372deb449.jpg,pcb129rec1_jpg,IC,452,450,85,84,282,282,component,,,
pcb129rec1_jpg__077__IC.png,fpic_rf100,train/images/pcb129rec1_jpg.rf.3fcdb5b1fa024f08c2a1647372deb449.jpg,pcb129rec1_jpg,IC,228,699,43,131,142,437,component,,,
pcb129rec1_jpg__078__Connector.png,fpic_rf100,train/images/pcb129rec1_jpg.rf.3fcdb5b1fa024f08c2a1647372deb449.jpg,pcb129rec1_jpg,Connector,1877,155,285,29,1225,97,component,,,
pcb129rec1_jpg__080__Connector.png,fpic_rf100,train/images/pcb129rec1_jpg.rf.3fcdb5b1fa024f08c2a1647372deb449.jpg,pcb129rec1_jpg,Connector,1644,132,308,25,1027,83,component,,,
pcb129rec1_jpg__081__IC.png,fpic_rf100,train/images/pcb129rec1_jpg.rf.3fcdb5b1fa024f08c2a1647372deb449.jpg,pcb129rec1_jpg,IC,151,89,28,17,94,56,component,,,
pcb129rec1_jpg__109__Connector.png,fpic_rf100,train/images/pcb129rec1_jpg.rf.3fcdb5b1fa024f08c2a1647372deb449.jpg,pcb129rec1_jpg,Connector,1885,128,292,24,1225,80,component,,,
pcb129rec1_jpg__137__IC.png,fpic_rf100,train/images/pcb129rec1_jpg.rf.3fcdb5b1fa024f08c2a1647372deb449.jpg,pcb129rec1_jpg,IC,183,145,34,27,115,90,component,,,
pcb129rec1_jpg__138__IC.png,fpic_rf100,train/images/pcb129rec1_jpg.rf.3fcdb5b1fa024f08c2a1647372deb449.jpg,pcb129rec1_jpg,IC,191,167,36,31,119,104,component,,,
pcb129rec1_jpg__139__IC.png,fpic_rf100,train/images/pcb129rec1_jpg.rf.3fcdb5b1fa024f08c2a1647372deb449.jpg,pcb129rec1_jpg,IC,190,160,36,30,118,100,component,,,
pcb129rec1_jpg__143__Connector.png,fpic_rf100,train/images/pcb129rec1_jpg.rf.3fcdb5b1fa024f08c2a1647372deb449.jpg,pcb129rec1_jpg,Connector,1883,175,295,33,1221,109,component,,,
pcb129rec1_jpg__194__IC.png,fpic_rf100,train/images/pcb129rec1_jpg.rf.3fcdb5b1fa024f08c2a1647372deb449.jpg,pcb129rec1_jpg,IC,604,232,113,49,378,165,component,,,
pcb129rec1_jpg__208__Connector.png,fpic_rf100,train/images/pcb129rec1_jpg.rf.3fcdb5b1fa024f08c2a1647372deb449.jpg,pcb129rec1_jpg,Connector,1647,130,309,24,1029,81,component,,,
pcb129rec1_jpg__219__Connector.png,fpic_rf100,train/images/pcb129rec1_jpg.rf.3fcdb5b1fa024f08c2a1647372deb449.jpg,pcb129rec1_jpg,Connector,1647,147,309,28,1029,92,component,,,
pcb129rec1_jpg__220__IC.png,fpic_rf100,train/images/pcb129rec1_jpg.rf.3fcdb5b1fa024f08c2a1647372deb449.jpg,pcb129rec1_jpg,IC,291,247,55,46,182,155,component,,,
pcb129rec1_jpg__224__IC.png,fpic_rf100,train/images/pcb129rec1_jpg.rf.3fcdb5b1fa024f08c2a1647372deb449.jpg,pcb129rec1_jpg,IC,81,118,15,22,51,74,component,,,
pcb129rec1_jpg__230__Connector.png,fpic_rf100,train/images/pcb129rec1_jpg.rf.3fcdb5b1fa024f08c2a1647372deb449.jpg,pcb129rec1_jpg,Connector,825,87,168,16,561,55,component,,,
pcb129rec1_jpg__233__IC.png,fpic_rf100,train/images/pcb129rec1_jpg.rf.3fcdb5b1fa024f08c2a1647372deb449.jpg,pcb129rec1_jpg,IC,183,137,34,26,115,85,component,,,
pcb129rec1_jpg__236__IC.png,fpic_rf100,train/images/pcb129rec1_jpg.rf.3fcdb5b1fa024f08c2a1647372deb449.jpg,pcb129rec1_jpg,IC,191,148,36,28,119,92,component,,,
pcb129rec1_jpg__246__Connector.png,fpic_rf100,train/images/pcb129rec1_jpg.rf.3fcdb5b1fa024f08c2a1647372deb449.jpg,pcb129rec1_jpg,Connector,1621,111,304,3,1013,83,component,,,
pcb129rec1_jpg__247__IC.png,fpic_rf100,train/images/pcb129rec1_jpg.rf.3fcdb5b1fa024f08c2a1647372deb449.jpg,pcb129rec1_jpg,IC,185,132,35,25,116,82,component,,,
pcb129rec1_jpg__248__IC.png,fpic_rf100,train/images/pcb129rec1_jpg.rf.3fcdb5b1fa024f08c2a1647372deb449.jpg,pcb129rec1_jpg,IC,187,127,35,24,117,79,component,,,
pcb129rec1_jpg__249__IC.png,fpic_rf100,train/images/pcb129rec1_jpg.rf.3fcdb5b1fa024f08c2a1647372deb449.jpg,pcb129rec1_jpg,IC,203,129,38,24,127,81,component,,,
pcb129rec1_jpg__254__IC.png,fpic_rf100,train/images/pcb129rec1_jpg.rf.3fcdb5b1fa024f08c2a1647372deb449.jpg,pcb129rec1_jpg,IC,103,109,19,16,64,72,component,,,
pcb129rec1_jpg__255__IC.png,fpic_rf100,train/images/pcb129rec1_jpg.rf.3fcdb5b1fa024f08c2a1647372deb449.jpg,pcb129rec1_jpg,IC,95,113,18,13,59,77,component,,,
pcb129rec1_jpg__264__Connector.png,fpic_rf100,train/images/pcb129rec1_jpg.rf.3fcdb5b1fa024f08c2a1647372deb449.jpg,pcb129rec1_jpg,Connector,697,128,131,7,435,93,component,,,
pcb129rec1_jpg__290__IC.png,fpic_rf100,train/images/pcb129rec1_jpg.rf.3fcdb5b1fa024f08c2a1647372deb449.jpg,pcb129rec1_jpg,IC,132,80,25,15,83,50,component,,,
pcb129rec1_jpg__295__IC.png,fpic_rf100,train/images/pcb129rec1_jpg.rf.3fcdb5b1fa024f08c2a1647372deb449.jpg,pcb129rec1_jpg,IC,115,92,22,17,72,58,component,,,
pcb129rec1_jpg__296__IC.png,fpic_rf100,train/images/pcb129rec1_jpg.rf.3fcdb5b1fa024f08c2a1647372deb449.jpg,pcb129rec1_jpg,IC,178,150,33,28,111,94,component,,,
pcb129rec1_jpg__297__IC.png,fpic_rf100,train/images/pcb129rec1_jpg.rf.3fcdb5b1fa024f08c2a1647372deb449.jpg,pcb129rec1_jpg,IC,174,126,33,24,109,78,component,,,
pcb129rec1_jpg__309__Connector.png,fpic_rf100,train/images/pcb129rec1_jpg.rf.3fcdb5b1fa024f08c2a1647372deb449.jpg,pcb129rec1_jpg,Connector,1213,127,227,24,758,79,component,,,
pcb129rec1_jpg__327__IC.png,fpic_rf100,train/images/pcb129rec1_jpg.rf.3fcdb5b1fa024f08c2a1647372deb449.jpg,pcb129rec1_jpg,IC,186,115,35,22,116,72,component,,,
pcb129rec1_jpg__359__IC.png,fpic_rf100,train/images/pcb129rec1_jpg.rf.3fcdb5b1fa024f08c2a1647372deb449.jpg,pcb129rec1_jpg,IC,121,86,23,16,75,54,component,,,
pcb129rec1_jpg__373__Connector.png,fpic_rf100,train/images/pcb129rec1_jpg.rf.3fcdb5b1fa024f08c2a1647372deb449.jpg,pcb129rec1_jpg,Connector,1226,143,230,27,766,89,component,,,
pcb129rec1_jpg__378__IC.png,fpic_rf100,train/images/pcb129rec1_jpg.rf.3fcdb5b1fa024f08c2a1647372deb449.jpg,pcb129rec1_jpg,IC,85,124,16,23,53,78,component,,,
pcb129rec1_jpg__387__IC.png,fpic_rf100,train/images/pcb129rec1_jpg.rf.3fcdb5b1fa024f08c2a1647372deb449.jpg,pcb129rec1_jpg,IC,250,347,47,65,156,217,component,,,
pcb129rec1_jpg__414__IC.png,fpic_rf100,train/images/pcb129rec1_jpg.rf.3fcdb5b1fa024f08c2a1647372deb449.jpg,pcb129rec1_jpg,IC,132,78,25,15,82,49,component,,,
pcb129rec1_jpg__429__IC.png,fpic_rf100,train/images/pcb129rec1_jpg.rf.3fcdb5b1fa024f08c2a1647372deb449.jpg,pcb129rec1_jpg,IC,80,114,15,21,50,71,component,,,
pcb129rec1_jpg__430__IC.png,fpic_rf100,train/images/pcb129rec1_jpg.rf.3fcdb5b1fa024f08c2a1647372deb449.jpg,pcb129rec1_jpg,IC,90,116,17,22,56,72,component,,,
pcb12rec1_jpg__007__IC.png,fpic_rf100,test/images/pcb12rec1_jpg.rf.75e2dcd74e752c534d03b0cbbb71cff6.jpg,pcb12rec1_jpg,IC,235,207,44,39,147,129,component,,,
pcb12rec1_jpg__008__IC.png,fpic_rf100,test/images/pcb12rec1_jpg.rf.75e2dcd74e752c534d03b0cbbb71cff6.jpg,pcb12rec1_jpg,IC,244,203,46,38,152,127,component,,,
pcb12rec1_jpg__009__IC.png,fpic_rf100,test/images/pcb12rec1_jpg.rf.75e2dcd74e752c534d03b0cbbb71cff6.jpg,pcb12rec1_jpg,IC,207,202,39,38,129,126,component,,,
pcb12rec1_jpg__010__IC.png,fpic_rf100,test/images/pcb12rec1_jpg.rf.75e2dcd74e752c534d03b0cbbb71cff6.jpg,pcb12rec1_jpg,IC,224,208,42,39,140,130,component,,,
pcb12rec1_jpg__011__IC.png,fpic_rf100,test/images/pcb12rec1_jpg.rf.75e2dcd74e752c534d03b0cbbb71cff6.jpg,pcb12rec1_jpg,IC,214,204,40,38,134,128,component,,,
pcb12rec1_jpg__012__IC.png,fpic_rf100,test/images/pcb12rec1_jpg.rf.75e2dcd74e752c534d03b0cbbb71cff6.jpg,pcb12rec1_jpg,IC,252,196,47,37,158,122,component,,,
pcb12rec1_jpg__013__IC.png,fpic_rf100,test/images/pcb12rec1_jpg.rf.75e2dcd74e752c534d03b0cbbb71cff6.jpg,pcb12rec1_jpg,IC,251,228,47,43,157,142,component,,,
pcb12rec1_jpg__014__IC.png,fpic_rf100,test/images/pcb12rec1_jpg.rf.75e2dcd74e752c534d03b0cbbb71cff6.jpg,pcb12rec1_jpg,IC,230,214,43,40,144,134,component,,,
pcb12rec1_jpg__036__IC.png,fpic_rf100,test/images/pcb12rec1_jpg.rf.75e2dcd74e752c534d03b0cbbb71cff6.jpg,pcb12rec1_jpg,IC,232,209,43,39,145,131,component,,,
pcb12rec1_jpg__037__IC.png,fpic_rf100,test/images/pcb12rec1_jpg.rf.75e2dcd74e752c534d03b0cbbb71cff6.jpg,pcb12rec1_jpg,IC,352,310,66,58,220,194,component,,,
pcb12rec1_jpg__042__IC.png,fpic_rf100,test/images/pcb12rec1_jpg.rf.75e2dcd74e752c534d03b0cbbb71cff6.jpg,pcb12rec1_jpg,IC,261,196,49,37,163,122,component,,,
pcb12rec1_jpg__043__IC.png,fpic_rf100,test/images/pcb12rec1_jpg.rf.75e2dcd74e752c534d03b0cbbb71cff6.jpg,pcb12rec1_jpg,IC,213,196,40,37,133,122,component,,,
pcb12rec1_jpg__061__IC.png,fpic_rf100,test/images/pcb12rec1_jpg.rf.75e2dcd74e752c534d03b0cbbb71cff6.jpg,pcb12rec1_jpg,IC,155,216,29,40,97,135,component,,,
pcb12rec1_jpg__062__IC.png,fpic_rf100,test/images/pcb12rec1_jpg.rf.75e2dcd74e752c534d03b0cbbb71cff6.jpg,pcb12rec1_jpg,IC,145,216,27,40,91,135,component,,,
pcb12rec1_jpg__063__IC.png,fpic_rf100,test/images/pcb12rec1_jpg.rf.75e2dcd74e752c534d03b0cbbb71cff6.jpg,pcb12rec1_jpg,IC,156,186,29,35,98,116,component,,,
pcb12rec1_jpg__064__IC.png,fpic_rf100,test/images/pcb12rec1_jpg.rf.75e2dcd74e752c534d03b0cbbb71cff6.jpg,pcb12rec1_jpg,IC,165,203,31,38,103,127,component,,,
pcb12rec1_jpg__065__IC.png,fpic_rf100,test/images/pcb12rec1_jpg.rf.75e2dcd74e752c534d03b0cbbb71cff6.jpg,pcb12rec1_jpg,IC,145,208,27,39,91,130,component,,,
pcb12rec1_jpg__066__IC.png,fpic_rf100,test/images/pcb12rec1_jpg.rf.75e2dcd74e752c534d03b0cbbb71cff6.jpg,pcb12rec1_jpg,IC,120,184,23,34,75,115,component,,,
pcb12rec1_jpg__067__IC.png,fpic_rf100,test/images/pcb12rec1_jpg.rf.75e2dcd74e752c534d03b0cbbb71cff6.jpg,pcb12rec1_jpg,IC,156,182,29,34,98,114,component,,,
pcb12rec1_jpg__068__IC.png,fpic_rf100,test/images/pcb12rec1_jpg.rf.75e2dcd74e752c534d03b0cbbb71cff6.jpg,pcb12rec1_jpg,IC,134,186,25,35,84,116,component,,,
pcb130rec1_jpg__006__IC.png,fpic_rf100,train/images/pcb130rec1_jpg.rf.51e70b3c3cbbc4913465a96d0d7b400a.jpg,pcb130rec1_jpg,IC,139,145,26,27,87,91,component,,,
pcb130rec1_jpg__007__IC.png,fpic_rf100,train/images/pcb130rec1_jpg.rf.51e70b3c3cbbc4913465a96d0d7b400a.jpg,pcb130rec1_jpg,IC,165,277,31,52,103,173,component,,,
pcb130rec1_jpg__009__IC.png,fpic_rf100,train/images/pcb130rec1_jpg.rf.51e70b3c3cbbc4913465a96d0d7b400a.jpg,pcb130rec1_jpg,IC,148,155,28,29,92,97,component,,,
pcb130rec1_jpg__010__IC.png,fpic_rf100,train/images/pcb130rec1_jpg.rf.51e70b3c3cbbc4913465a96d0d7b400a.jpg,pcb130rec1_jpg,IC,139,149,26,28,87,93,component,,,
pcb130rec1_jpg__012__IC.png,fpic_rf100,train/images/pcb130rec1_jpg.rf.51e70b3c3cbbc4913465a96d0d7b400a.jpg,pcb130rec1_jpg,IC,139,145,26,27,87,91,component,,,
pcb130rec1_jpg__015__IC.png,fpic_rf100,train/images/pcb130rec1_jpg.rf.51e70b3c3cbbc4913465a96d0d7b400a.jpg,pcb130rec1_jpg,IC,138,236,26,44,86,148,component,,,
pcb130rec1_jpg__017__IC.png,fpic_rf100,train/images/pcb130rec1_jpg.rf.51e70b3c3cbbc4913465a96d0d7b400a.jpg,pcb130rec1_jpg,IC,139,236,26,44,87,148,component,,,
pcb130rec1_jpg__019__IC.png,fpic_rf100,train/images/pcb130rec1_jpg.rf.51e70b3c3cbbc4913465a96d0d7b400a.jpg,pcb130rec1_jpg,IC,155,252,29,47,97,158,component,,,
pcb130rec1_jpg__020__IC.png,fpic_rf100,train/images/pcb130rec1_jpg.rf.51e70b3c3cbbc4913465a96d0d7b400a.jpg,pcb130rec1_jpg,IC,150,260,28,49,94,162,component,,,
pcb130rec1_jpg__021__IC.png,fpic_rf100,train/images/pcb130rec1_jpg.rf.51e70b3c3cbbc4913465a96d0d7b400a.jpg,pcb130rec1_jpg,IC,145,250,27,47,91,156,component,,,
pcb130rec1_jpg__024__IC.png,fpic_rf100,train/images/pcb130rec1_jpg.rf.51e70b3c3cbbc4913465a96d0d7b400a.jpg,pcb130rec1_jpg,IC,138,159,26,30,86,99,component,,,
pcb130rec1_jpg__025__IC.png,fpic_rf100,train/images/pcb130rec1_jpg.rf.51e70b3c3cbbc4913465a96d0d7b400a.jpg,pcb130rec1_jpg,IC,123,86,23,16,77,54,component,,,
pcb130rec1_jpg__028__Capacitor.png,fpic_rf100,train/images/pcb130rec1_jpg.rf.51e70b3c3cbbc4913465a96d0d7b400a.jpg,pcb130rec1_jpg,Capacitor,92,86,17,16,58,54,component,,,
pcb130rec1_jpg__029__IC.png,fpic_rf100,train/images/pcb130rec1_jpg.rf.51e70b3c3cbbc4913465a96d0d7b400a.jpg,pcb130rec1_jpg,IC,118,155,22,29,74,97,component,,,
pcb130rec1_jpg__030__IC.png,fpic_rf100,train/images/pcb130rec1_jpg.rf.51e70b3c3cbbc4913465a96d0d7b400a.jpg,pcb130rec1_jpg,IC,100,150,19,28,62,94,component,,,
pcb130rec1_jpg__031__IC.png,fpic_rf100,train/images/pcb130rec1_jpg.rf.51e70b3c3cbbc4913465a96d0d7b400a.jpg,pcb130rec1_jpg,IC,127,184,24,34,79,115,component,,,
pcb130rec1_jpg__032__IC.png,fpic_rf100,train/images/pcb130rec1_jpg.rf.51e70b3c3cbbc4913465a96d0d7b400a.jpg,pcb130rec1_jpg,IC,116,171,22,32,72,107,component,,,
pcb130rec1_jpg__033__IC.png,fpic_rf100,train/images/pcb130rec1_jpg.rf.51e70b3c3cbbc4913465a96d0d7b400a.jpg,pcb130rec1_jpg,IC,250,401,47,75,156,251,component,,,
pcb130rec1_jpg__034__IC.png,fpic_rf100,train/images/pcb130rec1_jpg.rf.51e70b3c3cbbc4913465a96d0d7b400a.jpg,pcb130rec1_jpg,IC,120,193,23,36,75,121,component,,,
pcb130rec1_jpg__035__IC.png,fpic_rf100,train/images/pcb130rec1_jpg.rf.51e70b3c3cbbc4913465a96d0d7b400a.jpg,pcb130rec1_jpg,IC,136,208,25,39,85,130,component,,,
pcb130rec1_jpg__036__IC.png,fpic_rf100,train/images/pcb130rec1_jpg.rf.51e70b3c3cbbc4913465a96d0d7b400a.jpg,pcb130rec1_jpg,IC,91,90,17,17,57,56,component,,,
pcb130rec1_jpg__040__IC.png,fpic_rf100,train/images/pcb130rec1_jpg.rf.51e70b3c3cbbc4913465a96d0d7b400a.jpg,pcb130rec1_jpg,IC,250,152,47,29,156,95,component,,,
pcb130rec1_jpg__045__IC.png,fpic_rf100,train/images/pcb130rec1_jpg.rf.51e70b3c3cbbc4913465a96d0d7b400a.jpg,pcb130rec1_jpg,IC,252,155,47,29,158,97,component,,,
pcb130rec1_jpg__048__IC.png,fpic_rf100,train/images/pcb130rec1_jpg.rf.51e70b3c3cbbc4913465a96d0d7b400a.jpg,pcb130rec1_jpg,IC,116,81,22,15,72,51,component,,,
pcb130rec1_jpg__050__IC.png,fpic_rf100,train/images/pcb130rec1_jpg.rf.51e70b3c3cbbc4913465a96d0d7b400a.jpg,pcb130rec1_jpg,IC,383,240,72,45,239,150,component,,,
pcb130rec1_jpg__051__IC.png,fpic_rf100,train/images/pcb130rec1_jpg.rf.51e70b3c3cbbc4913465a96d0d7b400a.jpg,pcb130rec1_jpg,IC,257,168,48,31,161,105,component,,,
pcb130rec1_jpg__052__IC.png,fpic_rf100,train/images/pcb130rec1_jpg.rf.51e70b3c3cbbc4913465a96d0d7b400a.jpg,pcb130rec1_jpg,IC,251,149,47,28,157,93,component,,,
pcb130rec1_jpg__054__Capacitor.png,fpic_rf100,train/images/pcb130rec1_jpg.rf.51e70b3c3cbbc4913465a96d0d7b400a.jpg,pcb130rec1_jpg,Capacitor,294,156,55,34,184,114,component,,,
pcb130rec1_jpg__060__IC.png,fpic_rf100,train/images/pcb130rec1_jpg.rf.51e70b3c3cbbc4913465a96d0d7b400a.jpg,pcb130rec1_jpg,IC,262,156,49,29,164,98,component,,,
pcb130rec1_jpg__068__IC.png,fpic_rf100,train/images/pcb130rec1_jpg.rf.51e70b3c3cbbc4913465a96d0d7b400a.jpg,pcb130rec1_jpg,IC,261,164,49,31,163,102,component,,,
pcb130rec1_jpg__069__IC.png,fpic_rf100,train/images/pcb130rec1_jpg.rf.51e70b3c3cbbc4913465a96d0d7b400a.jpg,pcb130rec1_jpg,IC,266,164,50,31,166,102,component,,,
pcb130rec1_jpg__073__IC.png,fpic_rf100,train/images/pcb130rec1_jpg.rf.51e70b3c3cbbc4913465a96d0d7b400a.jpg,pcb130rec1_jpg,IC,257,161,48,37,161,123,component,,,
pcb130rec1_jpg__076__IC.png,fpic_rf100,train/images/pcb130rec1_jpg.rf.51e70b3c3cbbc4913465a96d0d7b400a.jpg,pcb130rec1_jpg,IC,114,209,26,39,86,131,component,,,
pcb130rec1_jpg__077__IC.png,fpic_rf100,train/images/pcb130rec1_jpg.rf.51e70b3c3cbbc4913465a96d0d7b400a.jpg,pcb130rec1_jpg,IC,416,346,78,65,260,216,component,,,
pcb130rec1_jpg__078__IC.png,fpic_rf100,train/images/pcb130rec1_jpg.rf.51e70b3c3cbbc4913465a96d0d7b400a.jpg,pcb130rec1_jpg,IC,216,287,40,54,135,179,component,,,
pcb130rec1_jpg__081__Capacitor.png,fpic_rf100,train/images/pcb130rec1_jpg.rf.51e70b3c3cbbc4913465a96d0d7b400a.jpg,pcb130rec1_jpg,Capacitor,80,113,15,21,50,71,component,,,
pcb130rec1_jpg__083__IC.png,fpic_rf100,train/images/pcb130rec1_jpg.rf.51e70b3c3cbbc4913465a96d0d7b400a.jpg,pcb130rec1_jpg,IC,536,155,100,0,335,119,component,,,
pcb130rec1_jpg__114__IC.png,fpic_rf100,train/images/pcb130rec1_jpg.rf.51e70b3c3cbbc4913465a96d0d7b400a.jpg,pcb130rec1_jpg,IC,287,533,54,100,179,333,component,,,
pcb130rec1_jpg__115__IC.png,fpic_rf100,train/images/pcb130rec1_jpg.rf.51e70b3c3cbbc4913465a96d0d7b400a.jpg,pcb130rec1_jpg,IC,280,532,53,100,175,332,component,,,
pcb130rec1_jpg__117__IC.png,fpic_rf100,train/images/pcb130rec1_jpg.rf.51e70b3c3cbbc4913465a96d0d7b400a.jpg,pcb130rec1_jpg,IC,356,360,67,68,222,225,component,,,
pcb130rec1_jpg__122__IC.png,fpic_rf100,train/images/pcb130rec1_jpg.rf.51e70b3c3cbbc4913465a96d0d7b400a.jpg,pcb130rec1_jpg,IC,320,292,60,55,200,182,component,,,
pcb130rec1_jpg__124__IC.png,fpic_rf100,train/images/pcb130rec1_jpg.rf.51e70b3c3cbbc4913465a96d0d7b400a.jpg,pcb130rec1_jpg,IC,107,95,20,18,67,59,component,,,
pcb130rec1_jpg__128__IC.png,fpic_rf100,train/images/pcb130rec1_jpg.rf.51e70b3c3cbbc4913465a96d0d7b400a.jpg,pcb130rec1_jpg,IC,326,364,30,68,228,228,component,,,
pcb130rec1_jpg__129__IC.png,fpic_rf100,train/images/pcb130rec1_jpg.rf.51e70b3c3cbbc4913465a96d0d7b400a.jpg,pcb130rec1_jpg,IC,325,364,29,68,228,228,component,,,
pcb130rec1_jpg__132__IC.png,fpic_rf100,train/images/pcb130rec1_jpg.rf.51e70b3c3cbbc4913465a96d0d7b400a.jpg,pcb130rec1_jpg,IC,127,107,24,20,79,67,component,,,
pcb130rec1_jpg__133__IC.png,fpic_rf100,train/images/pcb130rec1_jpg.rf.51e70b3c3cbbc4913465a96d0d7b400a.jpg,pcb130rec1_jpg,IC,102,92,19,17,64,58,component,,,
pcb130rec1_jpg__146__IC.png,fpic_rf100,train/images/pcb130rec1_jpg.rf.51e70b3c3cbbc4913465a96d0d7b400a.jpg,pcb130rec1_jpg,IC,102,100,19,19,64,62,component,,,
pcb130rec1_jpg__150__IC.png,fpic_rf100,train/images/pcb130rec1_jpg.rf.51e70b3c3cbbc4913465a96d0d7b400a.jpg,pcb130rec1_jpg,IC,107,85,20,16,67,53,component,,,
pcb130rec1_jpg__164__IC.png,fpic_rf100,train/images/pcb130rec1_jpg.rf.51e70b3c3cbbc4913465a96d0d7b400a.jpg,pcb130rec1_jpg,IC,108,108,20,20,68,68,component,,,
pcb130rec1_jpg__166__IC.png,fpic_rf100,train/images/pcb130rec1_jpg.rf.51e70b3c3cbbc4913465a96d0d7b400a.jpg,pcb130rec1_jpg,IC,149,140,28,26,93,88,component,,,
pcb130rec1_jpg__177__IC.png,fpic_rf100,train/images/pcb130rec1_jpg.rf.51e70b3c3cbbc4913465a96d0d7b400a.jpg,pcb130rec1_jpg,IC,363,368,68,69,227,230,component,,,
pcb130rec1_jpg__179__IC.png,fpic_rf100,train/images/pcb130rec1_jpg.rf.51e70b3c3cbbc4913465a96d0d7b400a.jpg,pcb130rec1_jpg,IC,252,400,47,75,158,250,component,,,
pcb130rec1_jpg__180__IC.png,fpic_rf100,train/images/pcb130rec1_jpg.rf.51e70b3c3cbbc4913465a96d0d7b400a.jpg,pcb130rec1_jpg,IC,240,405,45,76,150,253,component,,,
pcb130rec1_jpg__182__IC.png,fpic_rf100,train/images/pcb130rec1_jpg.rf.51e70b3c3cbbc4913465a96d0d7b400a.jpg,pcb130rec1_jpg,IC,164,149,31,28,102,93,component,,,
pcb130rec1_jpg__185__IC.png,fpic_rf100,train/images/pcb130rec1_jpg.rf.51e70b3c3cbbc4913465a96d0d7b400a.jpg,pcb130rec1_jpg,IC,124,140,23,26,78,88,component,,,
pcb130rec1_jpg__187__IC.png,fpic_rf100,train/images/pcb130rec1_jpg.rf.51e70b3c3cbbc4913465a96d0d7b400a.jpg,pcb130rec1_jpg,IC,144,136,27,26,90,85,component,,,
pcb131rec1_jpg__002__IC.png,fpic_rf100,train/images/pcb131rec1_jpg.rf.5cb74a81b465878db1cf92214c860fd7.jpg,pcb131rec1_jpg,IC,288,116,54,22,180,72,component,,,
pcb131rec1_jpg__003__IC.png,fpic_rf100,train/images/pcb131rec1_jpg.rf.5cb74a81b465878db1cf92214c860fd7.jpg,pcb131rec1_jpg,IC,282,123,53,23,176,77,component,,,
pcb131rec1_jpg__004__Connector.png,fpic_rf100,train/images/pcb131rec1_jpg.rf.5cb74a81b465878db1cf92214c860fd7.jpg,pcb131rec1_jpg,Connector,725,144,136,27,453,90,component,,,
pcb131rec1_jpg__005__Connector.png,fpic_rf100,train/images/pcb131rec1_jpg.rf.5cb74a81b465878db1cf92214c860fd7.jpg,pcb131rec1_jpg,Connector,1110,172,161,32,730,108,component,,,
pcb131rec1_jpg__008__IC.png,fpic_rf100,train/images/pcb131rec1_jpg.rf.5cb74a81b465878db1cf92214c860fd7.jpg,pcb131rec1_jpg,IC,296,137,56,26,185,85,component,,,
pcb131rec1_jpg__014__Connector.png,fpic_rf100,train/images/pcb131rec1_jpg.rf.5cb74a81b465878db1cf92214c860fd7.jpg,pcb131rec1_jpg,Connector,742,156,139,29,464,98,component,,,
pcb131rec1_jpg__015__Connector.png,fpic_rf100,train/images/pcb131rec1_jpg.rf.5cb74a81b465878db1cf92214c860fd7.jpg,pcb131rec1_jpg,Connector,1139,171,164,32,750,107,component,,,
pcb131rec1_jpg__016__IC.png,fpic_rf100,train/images/pcb131rec1_jpg.rf.5cb74a81b465878db1cf92214c860fd7.jpg,pcb131rec1_jpg,IC,364,150,68,28,228,94,component,,,
pcb131rec1_jpg__021__Connector.png,fpic_rf100,train/images/pcb131rec1_jpg.rf.5cb74a81b465878db1cf92214c860fd7.jpg,pcb131rec1_jpg,Connector,720,168,135,31,450,105,component,,,
pcb131rec1_jpg__022__Connector.png,fpic_rf100,train/images/pcb131rec1_jpg.rf.5cb74a81b465878db1cf92214c860fd7.jpg,pcb131rec1_jpg,Connector,1144,191,172,36,748,119,component,,,
pcb131rec1_jpg__023__IC.png,fpic_rf100,train/images/pcb131rec1_jpg.rf.5cb74a81b465878db1cf92214c860fd7.jpg,pcb131rec1_jpg,IC,348,137,65,26,218,85,component,,,
pcb131rec1_jpg__028__Connector.png,fpic_rf100,train/images/pcb131rec1_jpg.rf.5cb74a81b465878db1cf92214c860fd7.jpg,pcb131rec1_jpg,Connector,736,170,138,32,460,106,component,,,
pcb131rec1_jpg__029__Connector.png,fpic_rf100,train/images/pcb131rec1_jpg.rf.5cb74a81b465878db1cf92214c860fd7.jpg,pcb131rec1_jpg,Connector,1173,180,177,34,766,112,component,,,
pcb131rec1_jpg__030__IC.png,fpic_rf100,train/images/pcb131rec1_jpg.rf.5cb74a81b465878db1cf92214c860fd7.jpg,pcb131rec1_jpg,IC,349,458,80,86,268,286,component,,,
pcb131rec1_jpg__032__IC.png,fpic_rf100,train/images/pcb131rec1_jpg.rf.5cb74a81b465878db1cf92214c860fd7.jpg,pcb131rec1_jpg,IC,363,123,68,23,227,77,component,,,
pcb131rec1_jpg__034__Connector.png,fpic_rf100,train/images/pcb131rec1_jpg.rf.5cb74a81b465878db1cf92214c860fd7.jpg,pcb131rec1_jpg,Connector,1368,75,256,0,855,58,component,,,
pcb131rec1_jpg__035__Connector.png,fpic_rf100,train/images/pcb131rec1_jpg.rf.5cb74a81b465878db1cf92214c860fd7.jpg,pcb131rec1_jpg,Connector,725,129,136,27,453,91,component,,,
pcb131rec1_jpg__036__Connector.png,fpic_rf100,train/images/pcb131rec1_jpg.rf.5cb74a81b465878db1cf92214c860fd7.jpg,pcb131rec1_jpg,Connector,1168,102,192,23,751,78,component,,,
pcb131rec1_jpg__038__IC.png,fpic_rf100,train/images/pcb131rec1_jpg.rf.5cb74a81b465878db1cf92214c860fd7.jpg,pcb131rec1_jpg,IC,522,84,98,0,326,65,component,,,
pcb131rec1_jpg__041__Connector.png,fpic_rf100,train/images/pcb131rec1_jpg.rf.5cb74a81b465878db1cf92214c860fd7.jpg,pcb131rec1_jpg,Connector,165,392,31,38,103,272,component,,,
pcb131rec1_jpg__042__Connector.png,fpic_rf100,train/images/pcb131rec1_jpg.rf.5cb74a81b465878db1cf92214c860fd7.jpg,pcb131rec1_jpg,Connector,1377,155,258,26,861,99,component,,,
pcb131rec1_jpg__043__Connector.png,fpic_rf100,train/images/pcb131rec1_jpg.rf.5cb74a81b465878db1cf92214c860fd7.jpg,pcb131rec1_jpg,Connector,95,268,0,44,73,172,component,,,
pcb131rec1_jpg__046__IC.png,fpic_rf100,train/images/pcb131rec1_jpg.rf.5cb74a81b465878db1cf92214c860fd7.jpg,pcb131rec1_jpg,IC,255,442,48,30,159,317,component,,,
pcb131rec1_jpg__048__Connector.png,fpic_rf100,train/images/pcb131rec1_jpg.rf.5cb74a81b465878db1cf92214c860fd7.jpg,pcb131rec1_jpg,Connector,1376,175,258,33,860,109,component,,,
pcb131rec1_jpg__051__IC.png,fpic_rf100,train/images/pcb131rec1_jpg.rf.5cb74a81b465878db1cf92214c860fd7.jpg,pcb131rec1_jpg,IC,502,156,94,29,314,98,component,,,
pcb131rec1_jpg__054__Connector.png,fpic_rf100,train/images/pcb131rec1_jpg.rf.5cb74a81b465878db1cf92214c860fd7.jpg,pcb131rec1_jpg,Connector,1361,161,255,30,851,101,component,,,
pcb131rec1_jpg__058__IC.png,fpic_rf100,train/images/pcb131rec1_jpg.rf.5cb74a81b465878db1cf92214c860fd7.jpg,pcb131rec1_jpg,IC,497,117,93,22,311,73,component,,,
pcb131rec1_jpg__060__Connector.png,fpic_rf100,train/images/pcb131rec1_jpg.rf.5cb74a81b465878db1cf92214c860fd7.jpg,pcb131rec1_jpg,Connector,1377,164,258,31,861,102,component,,,
pcb131rec1_jpg__063__IC.png,fpic_rf100,train/images/pcb131rec1_jpg.rf.5cb74a81b465878db1cf92214c860fd7.jpg,pcb131rec1_jpg,IC,282,127,58,24,195,79,component,,,
pcb131rec1_jpg__064__IC.png,fpic_rf100,train/images/pcb131rec1_jpg.rf.5cb74a81b465878db1cf92214c860fd7.jpg,pcb131rec1_jpg,IC,356,132,67,25,222,82,component,,,
pcb131rec1_jpg__067__Connector.png,fpic_rf100,train/images/pcb131rec1_jpg.rf.5cb74a81b465878db1cf92214c860fd7.jpg,pcb131rec1_jpg,Connector,1361,166,255,31,851,104,component,,,
pcb131rec1_jpg__074__IC.png,fpic_rf100,train/images/pcb131rec1_jpg.rf.5cb74a81b465878db1cf92214c860fd7.jpg,pcb131rec1_jpg,IC,373,134,70,25,233,84,component,,,
pcb131rec1_jpg__075__IC.png,fpic_rf100,train/images/pcb131rec1_jpg.rf.5cb74a81b465878db1cf92214c860fd7.jpg,pcb131rec1_jpg,IC,364,134,68,25,228,84,component,,,
pcb131rec1_jpg__076__IC.png,fpic_rf100,train/images/pcb131rec1_jpg.rf.5cb74a81b465878db1cf92214c860fd7.jpg,pcb131rec1_jpg,IC,494,250,91,47,310,156,component,,,
pcb131rec1_jpg__081__IC.png,fpic_rf100,train/images/pcb131rec1_jpg.rf.5cb74a81b465878db1cf92214c860fd7.jpg,pcb131rec1_jpg,IC,511,501,96,94,319,313,component,,,
pcb131rec1_jpg__082__IC.png,fpic_rf100,train/images/pcb131rec1_jpg.rf.5cb74a81b465878db1cf92214c860fd7.jpg,pcb131rec1_jpg,IC,368,500,83,94,276,312,component,,,
pcb131rec1_jpg__087__IC.png,fpic_rf100,train/images/pcb131rec1_jpg.rf.5cb74a81b465878db1cf92214c860fd7.jpg,pcb131rec1_jpg,IC,369,140,69,26,231,88,component,,,
pcb131rec1_jpg__088__IC.png,fpic_rf100,train/images/pcb131rec1_jpg.rf.5cb74a81b465878db1cf92214c860fd7.jpg,pcb131rec1_jpg,IC,516,260,97,49,322,162,component,,,
pcb131rec1_jpg__089__IC.png,fpic_rf100,train/images/pcb131rec1_jpg.rf.5cb74a81b465878db1cf92214c860fd7.jpg,pcb131rec1_jpg,IC,359,149,67,28,225,93,component,,,
pcb131rec1_jpg__098__Connector.png,fpic_rf100,train/images/pcb131rec1_jpg.rf.5cb74a81b465878db1cf92214c860fd7.jpg,pcb131rec1_jpg,Connector,721,152,135,28,451,95,component,,,
pcb131rec1_jpg__099__Connector.png,fpic_rf100,train/images/pcb131rec1_jpg.rf.5cb74a81b465878db1cf92214c860fd7.jpg,pcb131rec1_jpg,Connector,1122,171,142,32,754,107,component,,,
pcb133rec1_jpg__102__Transistor.png,fpic_rf100,train/images/pcb133rec1_jpg.rf.7735e14f7085e0935b19ea2d116cdf51.jpg,pcb133rec1_jpg,Transistor,113,102,21,19,71,64,component,,,
pcb133rec1_jpg__178__Transistor.png,fpic_rf100,train/images/pcb133rec1_jpg.rf.7735e14f7085e0935b19ea2d116cdf51.jpg,pcb133rec1_jpg,Transistor,86,79,16,15,54,49,component,,,
pcb133rec1_jpg__292__IC.png,fpic_rf100,train/images/pcb133rec1_jpg.rf.7735e14f7085e0935b19ea2d116cdf51.jpg,pcb133rec1_jpg,IC,107,76,20,14,67,48,component,,,
pcb133rec1_jpg__356__IC.png,fpic_rf100,train/images/pcb133rec1_jpg.rf.7735e14f7085e0935b19ea2d116cdf51.jpg,pcb133rec1_jpg,IC,202,219,38,50,126,166,component,,,
pcb133rec1_jpg__440__Transistor.png,fpic_rf100,train/images/pcb133rec1_jpg.rf.7735e14f7085e0935b19ea2d116cdf51.jpg,pcb133rec1_jpg,Transistor,76,112,14,21,48,70,component,,,
pcb133rec1_jpg__457__IC.png,fpic_rf100,train/images/pcb133rec1_jpg.rf.7735e14f7085e0935b19ea2d116cdf51.jpg,pcb133rec1_jpg,IC,107,145,20,27,67,91,component,,,
pcb133rec1_jpg__538__IC.png,fpic_rf100,train/images/pcb133rec1_jpg.rf.7735e14f7085e0935b19ea2d116cdf51.jpg,pcb133rec1_jpg,IC,74,102,0,19,57,64,component,,,
pcb133rec1_jpg__577__Transistor.png,fpic_rf100,train/images/pcb133rec1_jpg.rf.7735e14f7085e0935b19ea2d116cdf51.jpg,pcb133rec1_jpg,Transistor,104,106,19,20,65,66,component,,,
pcb133rec1_jpg__580__Transistor.png,fpic_rf100,train/images/pcb133rec1_jpg.rf.7735e14f7085e0935b19ea2d116cdf51.jpg,pcb133rec1_jpg,Transistor,91,102,17,19,57,64,component,,,
pcb133rec1_jpg__585__Transistor.png,fpic_rf100,train/images/pcb133rec1_jpg.rf.7735e14f7085e0935b19ea2d116cdf51.jpg,pcb133rec1_jpg,Transistor,90,96,17,18,56,60,component,,,
pcb133rec1_jpg__602__Transistor.png,fpic_rf100,train/images/pcb133rec1_jpg.rf.7735e14f7085e0935b19ea2d116cdf51.jpg,pcb133rec1_jpg,Transistor,91,80,17,15,57,50,component,,,
pcb133rec1_jpg__603__Transistor.png,fpic_rf100,train/images/pcb133rec1_jpg.rf.7735e14f7085e0935b19ea2d116cdf51.jpg,pcb133rec1_jpg,Transistor,96,86,18,16,60,54,component,,,
pcb133rec1_jpg__617__Transistor.png,fpic_rf100,train/images/pcb133rec1_jpg.rf.7735e14f7085e0935b19ea2d116cdf51.jpg,pcb133rec1_jpg,Transistor,80,92,15,17,50,58,component,,,
pcb133rec1_jpg__645__IC.png,fpic_rf100,train/images/pcb133rec1_jpg.rf.7735e14f7085e0935b19ea2d116cdf51.jpg,pcb133rec1_jpg,IC,107,182,20,34,67,114,component,,,
pcb133rec1_jpg__753__Connector.png,fpic_rf100,train/images/pcb133rec1_jpg.rf.7735e14f7085e0935b19ea2d116cdf51.jpg,pcb133rec1_jpg,Connector,208,876,39,164,130,548,component,,,
pcb133rec1_jpg__754__Connector.png,fpic_rf100,train/images/pcb133rec1_jpg.rf.7735e14f7085e0935b19ea2d116cdf51.jpg,pcb133rec1_jpg,Connector,187,880,27,165,123,550,component,,,
pcb133rec1_jpg__757__Connector.png,fpic_rf100,train/images/pcb133rec1_jpg.rf.7735e14f7085e0935b19ea2d116cdf51.jpg,pcb133rec1_jpg,Connector,187,881,35,165,117,551,component,,,
pcb133rec1_jpg__758__Connector.png,fpic_rf100,train/images/pcb133rec1_jpg.rf.7735e14f7085e0935b19ea2d116cdf51.jpg,pcb133rec1_jpg,Connector,198,872,37,164,124,545,component,,,
pcb133rec1_jpg__828__IC.png,fpic_rf100,train/images/pcb133rec1_jpg.rf.7735e14f7085e0935b19ea2d116cdf51.jpg,pcb133rec1_jpg,IC,134,145,25,27,84,91,component,,,
pcb134rec1_jpg__001__Connector.png,fpic_rf100,train/images/pcb134rec1_jpg.rf.1fdc7835785841cf87948ee251ab5884.jpg,pcb134rec1_jpg,Connector,219,1397,41,262,137,873,component,,,
pcb134rec1_jpg__006__Capacitor_Jumper.png,fpic_rf100,train/images/pcb134rec1_jpg.rf.1fdc7835785841cf87948ee251ab5884.jpg,pcb134rec1_jpg,Capacitor Jumper,166,150,31,28,104,94,component,,,
pcb134rec1_jpg__010__IC.png,fpic_rf100,train/images/pcb134rec1_jpg.rf.1fdc7835785841cf87948ee251ab5884.jpg,pcb134rec1_jpg,IC,81,105,15,20,51,65,component,,,
pcb134rec1_jpg__015__Capacitor_Jumper.png,fpic_rf100,train/images/pcb134rec1_jpg.rf.1fdc7835785841cf87948ee251ab5884.jpg,pcb134rec1_jpg,Capacitor Jumper,130,154,18,29,86,96,component,,,
pcb134rec1_jpg__022__Capacitor_Jumper.png,fpic_rf100,train/images/pcb134rec1_jpg.rf.1fdc7835785841cf87948ee251ab5884.jpg,pcb134rec1_jpg,Capacitor Jumper,171,151,32,28,107,95,component,,,
pcb134rec1_jpg__033__Connector.png,fpic_rf100,train/images/pcb134rec1_jpg.rf.1fdc7835785841cf87948ee251ab5884.jpg,pcb134rec1_jpg,Connector,173,1199,32,225,108,750,component,,,
pcb134rec1_jpg__034__Capacitor_Jumper.png,fpic_rf100,train/images/pcb134rec1_jpg.rf.1fdc7835785841cf87948ee251ab5884.jpg,pcb134rec1_jpg,Capacitor Jumper,143,138,14,26,99,86,component,,,
pcb134rec1_jpg__035__Connector.png,fpic_rf100,train/images/pcb134rec1_jpg.rf.1fdc7835785841cf87948ee251ab5884.jpg,pcb134rec1_jpg,Connector,175,1216,33,228,109,760,component,,,
pcb134rec1_jpg__036__Connector.png,fpic_rf100,train/images/pcb134rec1_jpg.rf.1fdc7835785841cf87948ee251ab5884.jpg,pcb134rec1_jpg,Connector,115,107,22,20,72,67,component,,,
pcb134rec1_jpg__037__Connector.png,fpic_rf100,train/images/pcb134rec1_jpg.rf.1fdc7835785841cf87948ee251ab5884.jpg,pcb134rec1_jpg,Connector,174,1213,33,227,108,758,component,,,
pcb134rec1_jpg__038__Connector.png,fpic_rf100,train/images/pcb134rec1_jpg.rf.1fdc7835785841cf87948ee251ab5884.jpg,pcb134rec1_jpg,Connector,187,1223,35,229,117,765,component,,,
pcb134rec1_jpg__039__Connector.png,fpic_rf100,train/images/pcb134rec1_jpg.rf.1fdc7835785841cf87948ee251ab5884.jpg,pcb134rec1_jpg,Connector,180,1210,34,227,113,756,component,,,
pcb134rec1_jpg__042__Capacitor_Jumper.png,fpic_rf100,train/images/pcb134rec1_jpg.rf.1fdc7835785841cf87948ee251ab5884.jpg,pcb134rec1_jpg,Capacitor Jumper,167,146,31,27,105,92,component,,,
pcb134rec1_jpg__054__Transistor.png,fpic_rf100,train/images/pcb134rec1_jpg.rf.1fdc7835785841cf87948ee251ab5884.jpg,pcb134rec1_jpg,Transistor,107,119,20,22,67,74,component,,,
pcb134rec1_jpg__075__Capacitor_Jumper.png,fpic_rf100,train/images/pcb134rec1_jpg.rf.1fdc7835785841cf87948ee251ab5884.jpg,pcb134rec1_jpg,Capacitor Jumper,143,146,27,27,89,92,component,,,
pcb134rec1_jpg__079__IC.png,fpic_rf100,train/images/pcb134rec1_jpg.rf.1fdc7835785841cf87948ee251ab5884.jpg,pcb134rec1_jpg,IC,116,111,22,21,73,69,component,,,
pcb134rec1_jpg__081__IC.png,fpic_rf100,train/images/pcb134rec1_jpg.rf.1fdc7835785841cf87948ee251ab5884.jpg,pcb134rec1_jpg,IC,167,234,31,44,104,146,component,,,
pcb134rec1_jpg__089__IC.png,fpic_rf100,train/images/pcb134rec1_jpg.rf.1fdc7835785841cf87948ee251ab5884.jpg,pcb134rec1_jpg,IC,233,154,44,29,146,96,component,,,
pcb134rec1_jpg__110__Capacitor_Jumper.png,fpic_rf100,train/images/pcb134rec1_jpg.rf.1fdc7835785841cf87948ee251ab5884.jpg,pcb134rec1_jpg,Capacitor Jumper,110,106,21,20,68,66,component,,,
pcb134rec1_jpg__138__Transistor.png,fpic_rf100,train/images/pcb134rec1_jpg.rf.1fdc7835785841cf87948ee251ab5884.jpg,pcb134rec1_jpg,Transistor,218,154,41,29,136,96,component,,,
pcb134rec1_jpg__140__Transistor.png,fpic_rf100,train/images/pcb134rec1_jpg.rf.1fdc7835785841cf87948ee251ab5884.jpg,pcb134rec1_jpg,Transistor,245,158,46,30,153,99,component,,,
pcb134rec1_jpg__142__Transistor.png,fpic_rf100,train/images/pcb134rec1_jpg.rf.1fdc7835785841cf87948ee251ab5884.jpg,pcb134rec1_jpg,Transistor,240,159,45,30,150,100,component,,,
pcb134rec1_jpg__144__Capacitor_Jumper.png,fpic_rf100,train/images/pcb134rec1_jpg.rf.1fdc7835785841cf87948ee251ab5884.jpg,pcb134rec1_jpg,Capacitor Jumper,198,202,37,38,124,126,component,,,
pcb134rec1_jpg__151__Connector.png,fpic_rf100,train/images/pcb134rec1_jpg.rf.1fdc7835785841cf87948ee251ab5884.jpg,pcb134rec1_jpg,Connector,827,122,155,23,517,76,component,,,
pcb134rec1_jpg__158__Capacitor_Jumper.png,fpic_rf100,train/images/pcb134rec1_jpg.rf.1fdc7835785841cf87948ee251ab5884.jpg,pcb134rec1_jpg,Capacitor Jumper,79,80,15,15,49,50,component,,,
pcb134rec1_jpg__159__Capacitor_Jumper.png,fpic_rf100,train/images/pcb134rec1_jpg.rf.1fdc7835785841cf87948ee251ab5884.jpg,pcb134rec1_jpg,Capacitor Jumper,114,101,21,19,72,63,component,,,
pcb134rec1_jpg__161__Transistor.png,fpic_rf100,train/images/pcb134rec1_jpg.rf.1fdc7835785841cf87948ee251ab5884.jpg,pcb134rec1_jpg,Transistor,187,153,35,29,117,95,component,,,
pcb134rec1_jpg__162__Transistor.png,fpic_rf100,train/images/pcb134rec1_jpg.rf.1fdc7835785841cf87948ee251ab5884.jpg,pcb134rec1_jpg,Transistor,241,161,45,30,151,101,component,,,
pcb134rec1_jpg__164__Transistor.png,fpic_rf100,train/images/pcb134rec1_jpg.rf.1fdc7835785841cf87948ee251ab5884.jpg,pcb134rec1_jpg,Transistor,253,159,47,30,158,99,component,,,
pcb134rec1_jpg__165__Capacitor_Jumper.png,fpic_rf100,train/images/pcb134rec1_jpg.rf.1fdc7835785841cf87948ee251ab5884.jpg,pcb134rec1_jpg,Capacitor Jumper,201,198,38,37,126,124,component,,,
pcb134rec1_jpg__172__Capacitor_Jumper.png,fpic_rf100,train/images/pcb134rec1_jpg.rf.1fdc7835785841cf87948ee251ab5884.jpg,pcb134rec1_jpg,Capacitor Jumper,187,234,35,44,117,146,component,,,
pcb134rec1_jpg__177__Capacitor_Jumper.png,fpic_rf100,train/images/pcb134rec1_jpg.rf.1fdc7835785841cf87948ee251ab5884.jpg,pcb134rec1_jpg,Capacitor Jumper,95,95,18,18,59,59,component,,,
pcb134rec1_jpg__228__IC.png,fpic_rf100,train/images/pcb134rec1_jpg.rf.1fdc7835785841cf87948ee251ab5884.jpg,pcb134rec1_jpg,IC,281,246,53,46,175,154,component,,,
pcb134rec1_jpg__233__IC.png,fpic_rf100,train/images/pcb134rec1_jpg.rf.1fdc7835785841cf87948ee251ab5884.jpg,pcb134rec1_jpg,IC,101,125,19,23,63,78,component,,,
pcb134rec1_jpg__242__Capacitor_Jumper.png,fpic_rf100,train/images/pcb134rec1_jpg.rf.1fdc7835785841cf87948ee251ab5884.jpg,pcb134rec1_jpg,Capacitor Jumper,95,97,18,18,59,61,component,,,
pcb134rec1_jpg__246__Capacitor_Jumper.png,fpic_rf100,train/images/pcb134rec1_jpg.rf.1fdc7835785841cf87948ee251ab5884.jpg,pcb134rec1_jpg,Capacitor Jumper,100,100,19,19,63,62,component,,,
pcb134rec1_jpg__248__Capacitor_Jumper.png,fpic_rf100,train/images/pcb134rec1_jpg.rf.1fdc7835785841cf87948ee251ab5884.jpg,pcb134rec1_jpg,Capacitor Jumper,97,102,18,19,61,64,component,,,
pcb134rec1_jpg__252__Capacitor_Jumper.png,fpic_rf100,train/images/pcb134rec1_jpg.rf.1fdc7835785841cf87948ee251ab5884.jpg,pcb134rec1_jpg,Capacitor Jumper,122,128,23,24,76,80,component,,,
pcb134rec1_jpg__273__IC.png,fpic_rf100,train/images/pcb134rec1_jpg.rf.1fdc7835785841cf87948ee251ab5884.jpg,pcb134rec1_jpg,IC,150,150,28,28,94,94,component,,,
pcb134rec1_jpg__275__IC.png,fpic_rf100,train/images/pcb134rec1_jpg.rf.1fdc7835785841cf87948ee251ab5884.jpg,pcb134rec1_jpg,IC,353,276,66,52,220,172,component,,,
pcb134rec1_jpg__314__Transistor.png,fpic_rf100,train/images/pcb134rec1_jpg.rf.1fdc7835785841cf87948ee251ab5884.jpg,pcb134rec1_jpg,Transistor,166,100,31,19,104,62,component,,,
pcb134rec1_jpg__317__Capacitor_Jumper.png,fpic_rf100,train/images/pcb134rec1_jpg.rf.1fdc7835785841cf87948ee251ab5884.jpg,pcb134rec1_jpg,Capacitor Jumper,133,137,25,26,83,86,component,,,
pcb134rec1_jpg__332__Connector.png,fpic_rf100,train/images/pcb134rec1_jpg.rf.1fdc7835785841cf87948ee251ab5884.jpg,pcb134rec1_jpg,Connector,1918,124,29,23,1453,78,component,,,
pcb134rec1_jpg__346__Connector.png,fpic_rf100,train/images/pcb134rec1_jpg.rf.1fdc7835785841cf87948ee251ab5884.jpg,pcb134rec1_jpg,Connector,1950,131,31,25,1476,82,component,,,
pcb134rec1_jpg__351__IC.png,fpic_rf100,train/images/pcb134rec1_jpg.rf.1fdc7835785841cf87948ee251ab5884.jpg,pcb134rec1_jpg,IC,401,394,75,74,251,246,component,,,
pcb134rec1_jpg__354__Connector.png,fpic_rf100,train/images/pcb134rec1_jpg.rf.1fdc7835785841cf87948ee251ab5884.jpg,pcb134rec1_jpg,Connector,1934,156,31,29,1464,98,component,,,
pcb134rec1_jpg__355__Capacitor_Jumper.png,fpic_rf100,train/images/pcb134rec1_jpg.rf.1fdc7835785841cf87948ee251ab5884.jpg,pcb134rec1_jpg,Capacitor Jumper,106,89,21,17,68,55,component,,,
pcb134rec1_jpg__375__Capacitor_Jumper.png,fpic_rf100,train/images/pcb134rec1_jpg.rf.1fdc7835785841cf87948ee251ab5884.jpg,pcb134rec1_jpg,Capacitor Jumper,87,91,16,17,54,57,component,,,
pcb134rec1_jpg__376__Capacitor_Jumper.png,fpic_rf100,train/images/pcb134rec1_jpg.rf.1fdc7835785841cf87948ee251ab5884.jpg,pcb134rec1_jpg,Capacitor Jumper,123,124,23,23,77,78,component,,,
pcb134rec1_jpg__403__Capacitor_Jumper.png,fpic_rf100,train/images/pcb134rec1_jpg.rf.1fdc7835785841cf87948ee251ab5884.jpg,pcb134rec1_jpg,Capacitor Jumper,126,126,24,24,79,79,component,,,
pcb134rec1_jpg__416__Capacitor_Jumper.png,fpic_rf100,train/images/pcb134rec1_jpg.rf.1fdc7835785841cf87948ee251ab5884.jpg,pcb134rec1_jpg,Capacitor Jumper,126,122,24,23,79,76,component,,,
pcb134rec1_jpg__418__Connector.png,fpic_rf100,train/images/pcb134rec1_jpg.rf.1fdc7835785841cf87948ee251ab5884.jpg,pcb134rec1_jpg,Connector,825,134,155,20,516,88,component,,,
pcb134rec1_jpg__420__Transistor.png,fpic_rf100,train/images/pcb134rec1_jpg.rf.1fdc7835785841cf87948ee251ab5884.jpg,pcb134rec1_jpg,Transistor,105,150,20,28,65,94,component,,,
pcb134rec1_jpg__431__Transistor.png,fpic_rf100,train/images/pcb134rec1_jpg.rf.1fdc7835785841cf87948ee251ab5884.jpg,pcb134rec1_jpg,Transistor,101,112,19,21,63,70,component,,,
pcb134rec1_jpg__442__IC.png,fpic_rf100,train/images/pcb134rec1_jpg.rf.1fdc7835785841cf87948ee251ab5884.jpg,pcb134rec1_jpg,IC,119,85,22,16,75,53,component,,,
pcb134rec1_jpg__453__Capacitor_Jumper.png,fpic_rf100,train/images/pcb134rec1_jpg.rf.1fdc7835785841cf87948ee251ab5884.jpg,pcb134rec1_jpg,Capacitor Jumper,90,98,17,18,56,61,component,,,
pcb134rec1_jpg__454__IC.png,fpic_rf100,train/images/pcb134rec1_jpg.rf.1fdc7835785841cf87948ee251ab5884.jpg,pcb134rec1_jpg,IC,150,130,28,24,93,81,component,,,
pcb134rec1_jpg__458__Capacitor_Jumper.png,fpic_rf100,train/images/pcb134rec1_jpg.rf.1fdc7835785841cf87948ee251ab5884.jpg,pcb134rec1_jpg,Capacitor Jumper,96,95,18,18,60,60,component,,,
pcb134rec1_jpg__461__Capacitor_Jumper.png,fpic_rf100,train/images/pcb134rec1_jpg.rf.1fdc7835785841cf87948ee251ab5884.jpg,pcb134rec1_jpg,Capacitor Jumper,127,128,24,24,79,80,component,,,
pcb134rec1_jpg__478__Capacitor_Jumper.png,fpic_rf100,train/images/pcb134rec1_jpg.rf.1fdc7835785841cf87948ee251ab5884.jpg,pcb134rec1_jpg,Capacitor Jumper,159,143,30,27,99,89,component,,,
pcb134rec1_jpg__479__Transistor.png,fpic_rf100,train/images/pcb134rec1_jpg.rf.1fdc7835785841cf87948ee251ab5884.jpg,pcb134rec1_jpg,Transistor,121,138,23,26,76,86,component,,,
pcb135rec1_jpg__020__Connector.png,fpic_rf100,test/images/pcb135rec1_jpg.rf.330a68639859330504dff5db96faa59d.jpg,pcb135rec1_jpg,Connector,164,874,4,164,123,546,component,,,
pcb135rec1_jpg__039__Connector.png,fpic_rf100,test/images/pcb135rec1_jpg.rf.330a68639859330504dff5db96faa59d.jpg,pcb135rec1_jpg,Connector,183,85,21,16,125,53,component,,,
pcb135rec1_jpg__058__IC.png,fpic_rf100,test/images/pcb135rec1_jpg.rf.330a68639859330504dff5db96faa59d.jpg,pcb135rec1_jpg,IC,116,146,22,27,72,91,component,,,
pcb135rec1_jpg__072__IC.png,fpic_rf100,test/images/pcb135rec1_jpg.rf.330a68639859330504dff5db96faa59d.jpg,pcb135rec1_jpg,IC,145,140,27,26,91,88,component,,,
pcb135rec1_jpg__088__Connector.png,fpic_rf100,test/images/pcb135rec1_jpg.rf.330a68639859330504dff5db96faa59d.jpg,pcb135rec1_jpg,Connector,152,774,11,145,109,484,component,,,
pcb135rec1_jpg__136__IC.png,fpic_rf100,test/images/pcb135rec1_jpg.rf.330a68639859330504dff5db96faa59d.jpg,pcb135rec1_jpg,IC,112,137,21,26,70,86,component,,,
pcb135rec1_jpg__156__Connector.png,fpic_rf100,test/images/pcb135rec1_jpg.rf.330a68639859330504dff5db96faa59d.jpg,pcb135rec1_jpg,Connector,151,321,22,60,99,201,component,,,
pcb135rec1_jpg__176__Connector.png,fpic_rf100,test/images/pcb135rec1_jpg.rf.330a68639859330504dff5db96faa59d.jpg,pcb135rec1_jpg,Connector,357,109,67,14,223,73,component,,,
pcb135rec1_jpg__188__Connector.png,fpic_rf100,test/images/pcb135rec1_jpg.rf.330a68639859330504dff5db96faa59d.jpg,pcb135rec1_jpg,Connector,355,112,9,19,266,72,component,,,
pcb135rec1_jpg__204__IC.png,fpic_rf100,test/images/pcb135rec1_jpg.rf.330a68639859330504dff5db96faa59d.jpg,pcb135rec1_jpg,IC,94,113,18,21,59,71,component,,,
pcb135rec1_jpg__262__IC.png,fpic_rf100,test/images/pcb135rec1_jpg.rf.330a68639859330504dff5db96faa59d.jpg,pcb135rec1_jpg,IC,126,105,24,20,79,66,component,,,
pcb135rec1_jpg__274__IC.png,fpic_rf100,test/images/pcb135rec1_jpg.rf.330a68639859330504dff5db96faa59d.jpg,pcb135rec1_jpg,IC,102,122,19,23,64,76,component,,,
pcb135rec1_jpg__291__Transistor.png,fpic_rf100,test/images/pcb135rec1_jpg.rf.330a68639859330504dff5db96faa59d.jpg,pcb135rec1_jpg,Transistor,235,150,44,28,147,94,component,,,
pcb136rec1_jpg__001__Connector.png,fpic_rf100,valid/images/pcb136rec1_jpg.rf.e591fbcab266daea5d712ed074908cbb.jpg,pcb136rec1_jpg,Connector,150,1879,35,368,115,1226,component,,,
pcb136rec1_jpg__002__Transistor.png,fpic_rf100,valid/images/pcb136rec1_jpg.rf.e591fbcab266daea5d712ed074908cbb.jpg,pcb136rec1_jpg,Transistor,187,164,35,31,117,102,component,,,
pcb136rec1_jpg__015__Connector.png,fpic_rf100,valid/images/pcb136rec1_jpg.rf.e591fbcab266daea5d712ed074908cbb.jpg,pcb136rec1_jpg,Connector,179,1190,34,223,112,743,component,,,
pcb136rec1_jpg__016__Connector.png,fpic_rf100,valid/images/pcb136rec1_jpg.rf.e591fbcab266daea5d712ed074908cbb.jpg,pcb136rec1_jpg,Connector,182,1206,34,226,114,754,component,,,
pcb136rec1_jpg__017__Connector.png,fpic_rf100,valid/images/pcb136rec1_jpg.rf.e591fbcab266daea5d712ed074908cbb.jpg,pcb136rec1_jpg,Connector,138,1206,26,226,86,754,component,,,
pcb136rec1_jpg__018__Connector.png,fpic_rf100,valid/images/pcb136rec1_jpg.rf.e591fbcab266daea5d712ed074908cbb.jpg,pcb136rec1_jpg,Connector,191,1213,36,227,119,758,component,,,
pcb136rec1_jpg__019__Connector.png,fpic_rf100,valid/images/pcb136rec1_jpg.rf.e591fbcab266daea5d712ed074908cbb.jpg,pcb136rec1_jpg,Connector,182,1210,34,227,114,756,component,,,
pcb136rec1_jpg__065__IC.png,fpic_rf100,valid/images/pcb136rec1_jpg.rf.e591fbcab266daea5d712ed074908cbb.jpg,pcb136rec1_jpg,IC,188,155,35,29,118,97,component,,,
pcb136rec1_jpg__066__Connector.png,fpic_rf100,valid/images/pcb136rec1_jpg.rf.e591fbcab266daea5d712ed074908cbb.jpg,pcb136rec1_jpg,Connector,153,548,29,103,96,342,component,,,
pcb136rec1_jpg__072__IC.png,fpic_rf100,valid/images/pcb136rec1_jpg.rf.e591fbcab266daea5d712ed074908cbb.jpg,pcb136rec1_jpg,IC,95,153,18,29,60,95,component,,,
pcb136rec1_jpg__073__IC.png,fpic_rf100,valid/images/pcb136rec1_jpg.rf.e591fbcab266daea5d712ed074908cbb.jpg,pcb136rec1_jpg,IC,96,140,18,26,60,87,component,,,
pcb136rec1_jpg__086__IC.png,fpic_rf100,valid/images/pcb136rec1_jpg.rf.e591fbcab266daea5d712ed074908cbb.jpg,pcb136rec1_jpg,IC,100,149,19,28,62,93,component,,,
pcb136rec1_jpg__089__Connector.png,fpic_rf100,valid/images/pcb136rec1_jpg.rf.e591fbcab266daea5d712ed074908cbb.jpg,pcb136rec1_jpg,Connector,620,219,116,41,388,137,component,,,
pcb136rec1_jpg__096__IC.png,fpic_rf100,valid/images/pcb136rec1_jpg.rf.e591fbcab266daea5d712ed074908cbb.jpg,pcb136rec1_jpg,IC,592,277,111,52,370,173,component,,,
pcb136rec1_jpg__118__IC.png,fpic_rf100,valid/images/pcb136rec1_jpg.rf.e591fbcab266daea5d712ed074908cbb.jpg,pcb136rec1_jpg,IC,137,137,26,26,85,85,component,,,
pcb136rec1_jpg__123__IC.png,fpic_rf100,valid/images/pcb136rec1_jpg.rf.e591fbcab266daea5d712ed074908cbb.jpg,pcb136rec1_jpg,IC,102,112,19,21,64,70,component,,,
pcb136rec1_jpg__132__Connector.png,fpic_rf100,valid/images/pcb136rec1_jpg.rf.e591fbcab266daea5d712ed074908cbb.jpg,pcb136rec1_jpg,Connector,801,377,150,87,501,290,component,,,
pcb136rec1_jpg__138__Connector.png,fpic_rf100,valid/images/pcb136rec1_jpg.rf.e591fbcab266daea5d712ed074908cbb.jpg,pcb136rec1_jpg,Connector,830,138,156,26,518,86,component,,,
pcb136rec1_jpg__145__IC.png,fpic_rf100,valid/images/pcb136rec1_jpg.rf.e591fbcab266daea5d712ed074908cbb.jpg,pcb136rec1_jpg,IC,182,145,34,27,114,91,component,,,
pcb136rec1_jpg__167__Transistor.png,fpic_rf100,valid/images/pcb136rec1_jpg.rf.e591fbcab266daea5d712ed074908cbb.jpg,pcb136rec1_jpg,Transistor,155,178,29,33,97,111,component,,,
pcb136rec1_jpg__184__IC.png,fpic_rf100,valid/images/pcb136rec1_jpg.rf.e591fbcab266daea5d712ed074908cbb.jpg,pcb136rec1_jpg,IC,101,113,19,21,63,70,component,,,
pcb136rec1_jpg__186__IC.png,fpic_rf100,valid/images/pcb136rec1_jpg.rf.e591fbcab266daea5d712ed074908cbb.jpg,pcb136rec1_jpg,IC,97,127,18,24,60,79,component,,,
pcb136rec1_jpg__191__IC.png,fpic_rf100,valid/images/pcb136rec1_jpg.rf.e591fbcab266daea5d712ed074908cbb.jpg,pcb136rec1_jpg,IC,89,123,17,23,55,77,component,,,
pcb136rec1_jpg__194__IC.png,fpic_rf100,valid/images/pcb136rec1_jpg.rf.e591fbcab266daea5d712ed074908cbb.jpg,pcb136rec1_jpg,IC,89,141,17,26,55,88,component,,,
pcb136rec1_jpg__200__IC.png,fpic_rf100,valid/images/pcb136rec1_jpg.rf.e591fbcab266daea5d712ed074908cbb.jpg,pcb136rec1_jpg,IC,160,228,30,43,100,142,component,,,
pcb136rec1_jpg__264__IC.png,fpic_rf100,valid/images/pcb136rec1_jpg.rf.e591fbcab266daea5d712ed074908cbb.jpg,pcb136rec1_jpg,IC,187,159,35,30,117,99,component,,,
pcb136rec1_jpg__275__IC.png,fpic_rf100,valid/images/pcb136rec1_jpg.rf.e591fbcab266daea5d712ed074908cbb.jpg,pcb136rec1_jpg,IC,91,128,17,24,57,80,component,,,
pcb136rec1_jpg__278__IC.png,fpic_rf100,valid/images/pcb136rec1_jpg.rf.e591fbcab266daea5d712ed074908cbb.jpg,pcb136rec1_jpg,IC,91,133,17,25,57,83,component,,,
pcb136rec1_jpg__300__Connector.png,fpic_rf100,valid/images/pcb136rec1_jpg.rf.e591fbcab266daea5d712ed074908cbb.jpg,pcb136rec1_jpg,Connector,1994,117,202,22,1378,73,component,,,
pcb136rec1_jpg__325__Connector.png,fpic_rf100,valid/images/pcb136rec1_jpg.rf.e591fbcab266daea5d712ed074908cbb.jpg,pcb136rec1_jpg,Connector,1972,117,217,22,1350,73,component,,,
pcb136rec1_jpg__346__Connector.png,fpic_rf100,valid/images/pcb136rec1_jpg.rf.e591fbcab266daea5d712ed074908cbb.jpg,pcb136rec1_jpg,Connector,1982,180,242,34,1338,113,component,,,
pcb136rec1_jpg__348__IC.png,fpic_rf100,valid/images/pcb136rec1_jpg.rf.e591fbcab266daea5d712ed074908cbb.jpg,pcb136rec1_jpg,IC,158,254,30,48,99,159,component,,,
pcb136rec1_jpg__387__Connector.png,fpic_rf100,valid/images/pcb136rec1_jpg.rf.e591fbcab266daea5d712ed074908cbb.jpg,pcb136rec1_jpg,Connector,864,117,162,22,540,73,component,,,
pcb136rec1_jpg__396__Connector.png,fpic_rf100,valid/images/pcb136rec1_jpg.rf.e591fbcab266daea5d712ed074908cbb.jpg,pcb136rec1_jpg,Connector,668,140,125,26,418,88,component,,,
pcb136rec1_jpg__409__Transistor.png,fpic_rf100,valid/images/pcb136rec1_jpg.rf.e591fbcab266daea5d712ed074908cbb.jpg,pcb136rec1_jpg,Transistor,222,161,42,30,139,101,component,,,
pcb136rec1_jpg__410__Connector.png,fpic_rf100,valid/images/pcb136rec1_jpg.rf.e591fbcab266daea5d712ed074908cbb.jpg,pcb136rec1_jpg,Connector,134,1060,25,199,84,662,component,,,
pcb137rec1_jpg__002__Capacitor_Jumper.png,fpic_rf100,train/images/pcb137rec1_jpg.rf.1fbc74c6bef69c476ae437bbf8d9e034.jpg,pcb137rec1_jpg,Capacitor Jumper,121,111,23,21,75,69,component,,,
pcb137rec1_jpg__003__Capacitor_Jumper.png,fpic_rf100,train/images/pcb137rec1_jpg.rf.1fbc74c6bef69c476ae437bbf8d9e034.jpg,pcb137rec1_jpg,Capacitor Jumper,148,144,28,27,93,90,component,,,
pcb137rec1_jpg__014__Capacitor_Jumper.png,fpic_rf100,train/images/pcb137rec1_jpg.rf.1fbc74c6bef69c476ae437bbf8d9e034.jpg,pcb137rec1_jpg,Capacitor Jumper,145,149,27,28,91,93,component,,,
pcb137rec1_jpg__018__IC.png,fpic_rf100,train/images/pcb137rec1_jpg.rf.1fbc74c6bef69c476ae437bbf8d9e034.jpg,pcb137rec1_jpg,IC,84,96,16,18,53,60,component,,,
pcb137rec1_jpg__019__IC.png,fpic_rf100,train/images/pcb137rec1_jpg.rf.1fbc74c6bef69c476ae437bbf8d9e034.jpg,pcb137rec1_jpg,IC,77,82,14,15,48,51,component,,,
pcb137rec1_jpg__035__Capacitor_Jumper.png,fpic_rf100,train/images/pcb137rec1_jpg.rf.1fbc74c6bef69c476ae437bbf8d9e034.jpg,pcb137rec1_jpg,Capacitor Jumper,143,155,27,29,89,97,component,,,
pcb137rec1_jpg__036__Capacitor_Jumper.png,fpic_rf100,train/images/pcb137rec1_jpg.rf.1fbc74c6bef69c476ae437bbf8d9e034.jpg,pcb137rec1_jpg,Capacitor Jumper,153,118,29,22,95,74,component,,,
pcb137rec1_jpg__065__Capacitor_Jumper.png,fpic_rf100,train/images/pcb137rec1_jpg.rf.1fbc74c6bef69c476ae437bbf8d9e034.jpg,pcb137rec1_jpg,Capacitor Jumper,111,94,21,18,69,59,component,,,
pcb137rec1_jpg__066__Capacitor_Jumper.png,fpic_rf100,train/images/pcb137rec1_jpg.rf.1fbc74c6bef69c476ae437bbf8d9e034.jpg,pcb137rec1_jpg,Capacitor Jumper,92,113,17,21,58,71,component,,,
pcb137rec1_jpg__067__Capacitor_Jumper.png,fpic_rf100,train/images/pcb137rec1_jpg.rf.1fbc74c6bef69c476ae437bbf8d9e034.jpg,pcb137rec1_jpg,Capacitor Jumper,137,112,26,21,85,70,component,,,
pcb137rec1_jpg__068__Capacitor_Jumper.png,fpic_rf100,train/images/pcb137rec1_jpg.rf.1fbc74c6bef69c476ae437bbf8d9e034.jpg,pcb137rec1_jpg,Capacitor Jumper,123,123,23,23,77,77,component,,,
pcb137rec1_jpg__069__Capacitor_Jumper.png,fpic_rf100,train/images/pcb137rec1_jpg.rf.1fbc74c6bef69c476ae437bbf8d9e034.jpg,pcb137rec1_jpg,Capacitor Jumper,112,132,21,25,70,82,component,,,
pcb137rec1_jpg__070__Capacitor_Jumper.png,fpic_rf100,train/images/pcb137rec1_jpg.rf.1fbc74c6bef69c476ae437bbf8d9e034.jpg,pcb137rec1_jpg,Capacitor Jumper,116,114,22,21,72,72,component,,,
pcb137rec1_jpg__072__Capacitor_Jumper.png,fpic_rf100,train/images/pcb137rec1_jpg.rf.1fbc74c6bef69c476ae437bbf8d9e034.jpg,pcb137rec1_jpg,Capacitor Jumper,106,132,20,25,66,82,component,,,
pcb137rec1_jpg__074__Capacitor_Jumper.png,fpic_rf100,train/images/pcb137rec1_jpg.rf.1fbc74c6bef69c476ae437bbf8d9e034.jpg,pcb137rec1_jpg,Capacitor Jumper,127,111,24,21,79,70,component,,,
pcb137rec1_jpg__078__Capacitor_Jumper.png,fpic_rf100,train/images/pcb137rec1_jpg.rf.1fbc74c6bef69c476ae437bbf8d9e034.jpg,pcb137rec1_jpg,Capacitor Jumper,110,113,21,21,69,71,component,,,
pcb137rec1_jpg__080__Capacitor_Jumper.png,fpic_rf100,train/images/pcb137rec1_jpg.rf.1fbc74c6bef69c476ae437bbf8d9e034.jpg,pcb137rec1_jpg,Capacitor Jumper,112,117,21,22,70,73,component,,,
pcb137rec1_jpg__081__Capacitor_Jumper.png,fpic_rf100,train/images/pcb137rec1_jpg.rf.1fbc74c6bef69c476ae437bbf8d9e034.jpg,pcb137rec1_jpg,Capacitor Jumper,101,111,19,21,63,69,component,,,
pcb137rec1_jpg__082__IC.png,fpic_rf100,train/images/pcb137rec1_jpg.rf.1fbc74c6bef69c476ae437bbf8d9e034.jpg,pcb137rec1_jpg,IC,89,98,17,18,55,61,component,,,
pcb137rec1_jpg__084__Capacitor_Jumper.png,fpic_rf100,train/images/pcb137rec1_jpg.rf.1fbc74c6bef69c476ae437bbf8d9e034.jpg,pcb137rec1_jpg,Capacitor Jumper,105,94,20,18,65,59,component,,,
pcb137rec1_jpg__092__IC.png,fpic_rf100,train/images/pcb137rec1_jpg.rf.1fbc74c6bef69c476ae437bbf8d9e034.jpg,pcb137rec1_jpg,IC,108,105,20,20,68,65,component,,,
pcb137rec1_jpg__099__IC.png,fpic_rf100,train/images/pcb137rec1_jpg.rf.1fbc74c6bef69c476ae437bbf8d9e034.jpg,pcb137rec1_jpg,IC,135,108,25,20,84,68,component,,,
pcb137rec1_jpg__101__IC.png,fpic_rf100,train/images/pcb137rec1_jpg.rf.1fbc74c6bef69c476ae437bbf8d9e034.jpg,pcb137rec1_jpg,IC,197,274,37,51,123,171,component,,,
pcb137rec1_jpg__107__Capacitor_Jumper.png,fpic_rf100,train/images/pcb137rec1_jpg.rf.1fbc74c6bef69c476ae437bbf8d9e034.jpg,pcb137rec1_jpg,Capacitor Jumper,135,114,25,21,84,72,component,,,
pcb137rec1_jpg__108__IC.png,fpic_rf100,train/images/pcb137rec1_jpg.rf.1fbc74c6bef69c476ae437bbf8d9e034.jpg,pcb137rec1_jpg,IC,367,356,69,67,229,222,component,,,
pcb137rec1_jpg__112__IC.png,fpic_rf100,train/images/pcb137rec1_jpg.rf.1fbc74c6bef69c476ae437bbf8d9e034.jpg,pcb137rec1_jpg,IC,110,99,21,19,69,62,component,,,
pcb137rec1_jpg__128__Capacitor_Jumper.png,fpic_rf100,train/images/pcb137rec1_jpg.rf.1fbc74c6bef69c476ae437bbf8d9e034.jpg,pcb137rec1_jpg,Capacitor Jumper,100,76,19,14,62,48,component,,,
pcb137rec1_jpg__197__Capacitor_Jumper.png,fpic_rf100,train/images/pcb137rec1_jpg.rf.1fbc74c6bef69c476ae437bbf8d9e034.jpg,pcb137rec1_jpg,Capacitor Jumper,103,111,19,21,65,69,component,,,
pcb137rec1_jpg__228__IC.png,fpic_rf100,train/images/pcb137rec1_jpg.rf.1fbc74c6bef69c476ae437bbf8d9e034.jpg,pcb137rec1_jpg,IC,223,219,42,41,139,137,component,,,
pcb137rec1_jpg__229__Capacitor_Jumper.png,fpic_rf100,train/images/pcb137rec1_jpg.rf.1fbc74c6bef69c476ae437bbf8d9e034.jpg,pcb137rec1_jpg,Capacitor Jumper,96,91,18,17,60,57,component,,,
pcb137rec1_jpg__230__Capacitor_Jumper.png,fpic_rf100,train/images/pcb137rec1_jpg.rf.1fbc74c6bef69c476ae437bbf8d9e034.jpg,pcb137rec1_jpg,Capacitor Jumper,81,97,15,18,51,61,component,,,
pcb137rec1_jpg__232__IC.png,fpic_rf100,train/images/pcb137rec1_jpg.rf.1fbc74c6bef69c476ae437bbf8d9e034.jpg,pcb137rec1_jpg,IC,86,78,16,15,54,49,component,,,
pcb137rec1_jpg__240__Capacitor_Jumper.png,fpic_rf100,train/images/pcb137rec1_jpg.rf.1fbc74c6bef69c476ae437bbf8d9e034.jpg,pcb137rec1_jpg,Capacitor Jumper,101,117,19,22,63,73,component,,,
pcb137rec1_jpg__243__Capacitor_Jumper.png,fpic_rf100,train/images/pcb137rec1_jpg.rf.1fbc74c6bef69c476ae437bbf8d9e034.jpg,pcb137rec1_jpg,Capacitor Jumper,103,97,19,18,65,61,component,,,
pcb137rec1_jpg__247__Capacitor_Jumper.png,fpic_rf100,train/images/pcb137rec1_jpg.rf.1fbc74c6bef69c476ae437bbf8d9e034.jpg,pcb137rec1_jpg,Capacitor Jumper,113,105,21,20,71,65,component,,,
pcb137rec1_jpg__269__Capacitor_Jumper.png,fpic_rf100,train/images/pcb137rec1_jpg.rf.1fbc74c6bef69c476ae437bbf8d9e034.jpg,pcb137rec1_jpg,Capacitor Jumper,155,108,29,20,97,68,component,,,
pcb137rec1_jpg__270__IC.png,fpic_rf100,train/images/pcb137rec1_jpg.rf.1fbc74c6bef69c476ae437bbf8d9e034.jpg,pcb137rec1_jpg,IC,102,265,19,50,64,165,component,,,
pcb137rec1_jpg__272__Capacitor_Jumper.png,fpic_rf100,train/images/pcb137rec1_jpg.rf.1fbc74c6bef69c476ae437bbf8d9e034.jpg,pcb137rec1_jpg,Capacitor Jumper,116,107,22,20,72,67,component,,,
pcb137rec1_jpg__273__Capacitor_Jumper.png,fpic_rf100,train/images/pcb137rec1_jpg.rf.1fbc74c6bef69c476ae437bbf8d9e034.jpg,pcb137rec1_jpg,Capacitor Jumper,111,129,21,24,69,81,component,,,
pcb137rec1_jpg__277__Capacitor_Jumper.png,fpic_rf100,train/images/pcb137rec1_jpg.rf.1fbc74c6bef69c476ae437bbf8d9e034.jpg,pcb137rec1_jpg,Capacitor Jumper,112,107,21,20,70,67,component,,,
pcb137rec1_jpg__278__Capacitor_Jumper.png,fpic_rf100,train/images/pcb137rec1_jpg.rf.1fbc74c6bef69c476ae437bbf8d9e034.jpg,pcb137rec1_jpg,Capacitor Jumper,122,130,23,24,76,82,component,,,
pcb137rec1_jpg__279__Capacitor_Jumper.png,fpic_rf100,train/images/pcb137rec1_jpg.rf.1fbc74c6bef69c476ae437bbf8d9e034.jpg,pcb137rec1_jpg,Capacitor Jumper,100,112,19,21,62,70,component,,,
pcb137rec1_jpg__280__Capacitor_Jumper.png,fpic_rf100,train/images/pcb137rec1_jpg.rf.1fbc74c6bef69c476ae437bbf8d9e034.jpg,pcb137rec1_jpg,Capacitor Jumper,119,127,22,24,75,79,component,,,
pcb137rec1_jpg__281__Capacitor_Jumper.png,fpic_rf100,train/images/pcb137rec1_jpg.rf.1fbc74c6bef69c476ae437bbf8d9e034.jpg,pcb137rec1_jpg,Capacitor Jumper,137,114,26,21,86,71,component,,,
pcb137rec1_jpg__282__Capacitor_Jumper.png,fpic_rf100,train/images/pcb137rec1_jpg.rf.1fbc74c6bef69c476ae437bbf8d9e034.jpg,pcb137rec1_jpg,Capacitor Jumper,101,95,19,18,63,60,component,,,
pcb137rec1_jpg__285__Capacitor_Jumper.png,fpic_rf100,train/images/pcb137rec1_jpg.rf.1fbc74c6bef69c476ae437bbf8d9e034.jpg,pcb137rec1_jpg,Capacitor Jumper,118,144,22,27,74,90,component,,,
pcb137rec1_jpg__287__Capacitor_Jumper.png,fpic_rf100,train/images/pcb137rec1_jpg.rf.1fbc74c6bef69c476ae437bbf8d9e034.jpg,pcb137rec1_jpg,Capacitor Jumper,85,98,16,18,53,62,component,,,
pcb137rec1_jpg__288__IC.png,fpic_rf100,train/images/pcb137rec1_jpg.rf.1fbc74c6bef69c476ae437bbf8d9e034.jpg,pcb137rec1_jpg,IC,90,87,17,16,56,55,component,,,
pcb137rec1_jpg__290__Capacitor_Jumper.png,fpic_rf100,train/images/pcb137rec1_jpg.rf.1fbc74c6bef69c476ae437bbf8d9e034.jpg,pcb137rec1_jpg,Capacitor Jumper,106,114,20,21,66,72,component,,,
pcb137rec1_jpg__293__Capacitor_Jumper.png,fpic_rf100,train/images/pcb137rec1_jpg.rf.1fbc74c6bef69c476ae437bbf8d9e034.jpg,pcb137rec1_jpg,Capacitor Jumper,87,80,16,15,55,50,component,,,
pcb137rec1_jpg__294__Capacitor_Jumper.png,fpic_rf100,train/images/pcb137rec1_jpg.rf.1fbc74c6bef69c476ae437bbf8d9e034.jpg,pcb137rec1_jpg,Capacitor Jumper,103,121,19,23,65,76,component,,,
pcb137rec1_jpg__295__Capacitor_Jumper.png,fpic_rf100,train/images/pcb137rec1_jpg.rf.1fbc74c6bef69c476ae437bbf8d9e034.jpg,pcb137rec1_jpg,Capacitor Jumper,135,112,25,21,85,70,component,,,
pcb137rec1_jpg__296__Capacitor_Jumper.png,fpic_rf100,train/images/pcb137rec1_jpg.rf.1fbc74c6bef69c476ae437bbf8d9e034.jpg,pcb137rec1_jpg,Capacitor Jumper,107,131,20,25,67,82,component,,,
pcb137rec1_jpg__299__Capacitor_Jumper.png,fpic_rf100,train/images/pcb137rec1_jpg.rf.1fbc74c6bef69c476ae437bbf8d9e034.jpg,pcb137rec1_jpg,Capacitor Jumper,124,138,23,26,78,86,component,,,
pcb137rec1_jpg__300__Capacitor_Jumper.png,fpic_rf100,train/images/pcb137rec1_jpg.rf.1fbc74c6bef69c476ae437bbf8d9e034.jpg,pcb137rec1_jpg,Capacitor Jumper,109,135,20,25,68,85,component,,,
pcb137rec1_jpg__307__Capacitor_Jumper.png,fpic_rf100,train/images/pcb137rec1_jpg.rf.1fbc74c6bef69c476ae437bbf8d9e034.jpg,pcb137rec1_jpg,Capacitor Jumper,84,98,16,18,52,62,component,,,
pcb137rec1_jpg__325__Capacitor_Jumper.png,fpic_rf100,train/images/pcb137rec1_jpg.rf.1fbc74c6bef69c476ae437bbf8d9e034.jpg,pcb137rec1_jpg,Capacitor Jumper,176,159,33,30,110,99,component,,,
pcb137rec1_jpg__326__Capacitor_Jumper.png,fpic_rf100,train/images/pcb137rec1_jpg.rf.1fbc74c6bef69c476ae437bbf8d9e034.jpg,pcb137rec1_jpg,Capacitor Jumper,85,114,16,21,53,71,component,,,
pcb137rec1_jpg__327__Capacitor_Jumper.png,fpic_rf100,train/images/pcb137rec1_jpg.rf.1fbc74c6bef69c476ae437bbf8d9e034.jpg,pcb137rec1_jpg,Capacitor Jumper,116,121,22,23,72,76,component,,,
pcb138rec1_jpg__000__IC.png,fpic_rf100,train/images/pcb138rec1_jpg.rf.0ded892da4b12de4dcf41d8328397a70.jpg,pcb138rec1_jpg,IC,459,469,86,88,287,293,component,,,
pcb138rec1_jpg__014__Connector.png,fpic_rf100,train/images/pcb138rec1_jpg.rf.0ded892da4b12de4dcf41d8328397a70.jpg,pcb138rec1_jpg,Connector,1023,344,192,65,639,215,component,,,
pcb138rec1_jpg__042__iC.png,fpic_rf100,train/images/pcb138rec1_jpg.rf.0ded892da4b12de4dcf41d8328397a70.jpg,pcb138rec1_jpg,iC,207,186,39,35,129,116,component,,,
pcb138rec1_jpg__044__IC.png,fpic_rf100,train/images/pcb138rec1_jpg.rf.0ded892da4b12de4dcf41d8328397a70.jpg,pcb138rec1_jpg,IC,192,182,36,34,120,114,component,,,
pcb138rec1_jpg__052__IC.png,fpic_rf100,train/images/pcb138rec1_jpg.rf.0ded892da4b12de4dcf41d8328397a70.jpg,pcb138rec1_jpg,IC,271,203,51,38,169,127,component,,,
pcb138rec1_jpg__089__Connector.png,fpic_rf100,train/images/pcb138rec1_jpg.rf.0ded892da4b12de4dcf41d8328397a70.jpg,pcb138rec1_jpg,Connector,1080,344,203,64,675,215,component,,,
pcb138rec1_jpg__103__Connector.png,fpic_rf100,train/images/pcb138rec1_jpg.rf.0ded892da4b12de4dcf41d8328397a70.jpg,pcb138rec1_jpg,Connector,1536,469,218,88,1014,293,component,,,
pcb138rec1_jpg__108__IC.png,fpic_rf100,train/images/pcb138rec1_jpg.rf.0ded892da4b12de4dcf41d8328397a70.jpg,pcb138rec1_jpg,IC,128,117,24,22,80,73,component,,,
pcb138rec1_jpg__118__IC.png,fpic_rf100,train/images/pcb138rec1_jpg.rf.0ded892da4b12de4dcf41d8328397a70.jpg,pcb138rec1_jpg,IC,330,481,62,111,206,369,component,,,
pcb138rec1_jpg__120__IC.png,fpic_rf100,train/images/pcb138rec1_jpg.rf.0ded892da4b12de4dcf41d8328397a70.jpg,pcb138rec1_jpg,IC,136,123,25,23,85,77,component,,,
pcb138rec1_jpg__121__IC.png,fpic_rf100,train/images/pcb138rec1_jpg.rf.0ded892da4b12de4dcf41d8328397a70.jpg,pcb138rec1_jpg,IC,128,112,24,21,80,70,component,,,
pcb138rec1_jpg__122__IC.png,fpic_rf100,train/images/pcb138rec1_jpg.rf.0ded892da4b12de4dcf41d8328397a70.jpg,pcb138rec1_jpg,IC,118,111,22,21,74,69,component,,,
pcb138rec1_jpg__125__Connector.png,fpic_rf100,train/images/pcb138rec1_jpg.rf.0ded892da4b12de4dcf41d8328397a70.jpg,pcb138rec1_jpg,Connector,1569,478,251,91,1014,302,component,,,
pcb138rec1_jpg__126__Connector.png,fpic_rf100,train/images/pcb138rec1_jpg.rf.0ded892da4b12de4dcf41d8328397a70.jpg,pcb138rec1_jpg,Connector,1158,352,79,34,830,245,component,,,
pcb138rec1_jpg__138__IC.png,fpic_rf100,train/images/pcb138rec1_jpg.rf.0ded892da4b12de4dcf41d8328397a70.jpg,pcb138rec1_jpg,IC,223,140,42,26,139,88,component,,,
pcb138rec1_jpg__154__IC.png,fpic_rf100,train/images/pcb138rec1_jpg.rf.0ded892da4b12de4dcf41d8328397a70.jpg,pcb138rec1_jpg,IC,539,330,101,62,337,206,component,,,
pcb138rec1_jpg__160__Connector.png,fpic_rf100,train/images/pcb138rec1_jpg.rf.0ded892da4b12de4dcf41d8328397a70.jpg,pcb138rec1_jpg,Connector,1614,325,278,75,1028,249,component,,,
pcb138rec1_jpg__184__IC.png,fpic_rf100,train/images/pcb138rec1_jpg.rf.0ded892da4b12de4dcf41d8328397a70.jpg,pcb138rec1_jpg,IC,437,250,82,47,273,156,component,,,
pcb138rec1_jpg__185__IC.png,fpic_rf100,train/images/pcb138rec1_jpg.rf.0ded892da4b12de4dcf41d8328397a70.jpg,pcb138rec1_jpg,IC,303,202,57,0,189,155,component,,,
pcb138rec1_jpg__186__Connector.png,fpic_rf100,train/images/pcb138rec1_jpg.rf.0ded892da4b12de4dcf41d8328397a70.jpg,pcb138rec1_jpg,Connector,1583,121,297,28,989,92,component,,,
pcb138rec1_jpg__194__Connector.png,fpic_rf100,train/images/pcb138rec1_jpg.rf.0ded892da4b12de4dcf41d8328397a70.jpg,pcb138rec1_jpg,Connector,1199,426,86,80,856,266,component,,,
pcb138rec1_jpg__196__Connector.png,fpic_rf100,train/images/pcb138rec1_jpg.rf.0ded892da4b12de4dcf41d8328397a70.jpg,pcb138rec1_jpg,Connector,1197,396,115,74,832,248,component,,,
pcb138rec1_jpg__199__IC.png,fpic_rf100,train/images/pcb138rec1_jpg.rf.0ded892da4b12de4dcf41d8328397a70.jpg,pcb138rec1_jpg,IC,476,377,89,0,298,290,component,,,
pcb138rec1_jpg__200__Connector.png,fpic_rf100,train/images/pcb138rec1_jpg.rf.0ded892da4b12de4dcf41d8328397a70.jpg,pcb138rec1_jpg,Connector,1417,513,0,96,1090,321,component,,,
pcb138rec1_jpg__203__IC.png,fpic_rf100,train/images/pcb138rec1_jpg.rf.0ded892da4b12de4dcf41d8328397a70.jpg,pcb138rec1_jpg,IC,305,331,57,62,191,207,component,,,
pcb138rec1_jpg__205__IC.png,fpic_rf100,train/images/pcb138rec1_jpg.rf.0ded892da4b12de4dcf41d8328397a70.jpg,pcb138rec1_jpg,IC,212,303,40,34,132,207,component,,,
pcb138rec1_jpg__209__Connector.png,fpic_rf100,train/images/pcb138rec1_jpg.rf.0ded892da4b12de4dcf41d8328397a70.jpg,pcb138rec1_jpg,Connector,237,156,28,29,161,98,component,,,
pcb138rec1_jpg__210__Connector.png,fpic_rf100,train/images/pcb138rec1_jpg.rf.0ded892da4b12de4dcf41d8328397a70.jpg,pcb138rec1_jpg,Connector,704,260,132,49,440,162,component,,,
pcb138rec1_jpg__219__Connector.png,fpic_rf100,train/images/pcb138rec1_jpg.rf.0ded892da4b12de4dcf41d8328397a70.jpg,pcb138rec1_jpg,Connector,575,240,108,45,359,150,component,,,
pcb138rec1_jpg__226__Connector.png,fpic_rf100,train/images/pcb138rec1_jpg.rf.0ded892da4b12de4dcf41d8328397a70.jpg,pcb138rec1_jpg,Connector,255,136,39,25,166,85,component,,,
pcb138rec1_jpg__229__Connector.png,fpic_rf100,train/images/pcb138rec1_jpg.rf.0ded892da4b12de4dcf41d8328397a70.jpg,pcb138rec1_jpg,Connector,698,251,131,47,436,157,component,,,
pcb138rec1_jpg__230__Connector.png,fpic_rf100,train/images/pcb138rec1_jpg.rf.0ded892da4b12de4dcf41d8328397a70.jpg,pcb138rec1_jpg,Connector,1150,277,66,0,834,213,component,,,
pcb138rec1_jpg__233__IC.png,fpic_rf100,train/images/pcb138rec1_jpg.rf.0ded892da4b12de4dcf41d8328397a70.jpg,pcb138rec1_jpg,IC,127,120,24,22,79,75,component,,,
pcb138rec1_jpg__250__IC.png,fpic_rf100,train/images/pcb138rec1_jpg.rf.0ded892da4b12de4dcf41d8328397a70.jpg,pcb138rec1_jpg,IC,118,111,22,21,74,69,component,,,
pcb138rec1_jpg__255__Connector.png,fpic_rf100,train/images/pcb138rec1_jpg.rf.0ded892da4b12de4dcf41d8328397a70.jpg,pcb138rec1_jpg,Connector,997,319,187,60,623,199,component,,,
pcb138rec1_jpg__266__IC.png,fpic_rf100,train/images/pcb138rec1_jpg.rf.0ded892da4b12de4dcf41d8328397a70.jpg,pcb138rec1_jpg,IC,240,241,45,45,150,151,component,,,
pcb138rec1_jpg__284__Connector.png,fpic_rf100,train/images/pcb138rec1_jpg.rf.0ded892da4b12de4dcf41d8328397a70.jpg,pcb138rec1_jpg,Connector,1000,340,188,64,625,212,component,,,
pcb138rec1_jpg__295__IC.png,fpic_rf100,train/images/pcb138rec1_jpg.rf.0ded892da4b12de4dcf41d8328397a70.jpg,pcb138rec1_jpg,IC,123,101,23,19,77,63,component,,,
pcb138rec1_jpg__298__IC.png,fpic_rf100,train/images/pcb138rec1_jpg.rf.0ded892da4b12de4dcf41d8328397a70.jpg,pcb138rec1_jpg,IC,351,305,61,57,223,191,component,,,
pcb139rec1_jpg__001__IC.png,fpic_rf100,train/images/pcb139rec1_jpg.rf.57213790a70e5f3cea7a1821c20d4ebd.jpg,pcb139rec1_jpg,IC,182,176,34,33,114,110,component,,,
pcb139rec1_jpg__002__IC.png,fpic_rf100,train/images/pcb139rec1_jpg.rf.57213790a70e5f3cea7a1821c20d4ebd.jpg,pcb139rec1_jpg,IC,175,168,33,31,109,105,component,,,
pcb139rec1_jpg__032__Connector.png,fpic_rf100,train/images/pcb139rec1_jpg.rf.57213790a70e5f3cea7a1821c20d4ebd.jpg,pcb139rec1_jpg,Connector,1046,107,196,20,654,67,component,,,
pcb139rec1_jpg__051__IC.png,fpic_rf100,train/images/pcb139rec1_jpg.rf.57213790a70e5f3cea7a1821c20d4ebd.jpg,pcb139rec1_jpg,IC,220,155,41,29,138,97,component,,,
pcb139rec1_jpg__052__IC.png,fpic_rf100,train/images/pcb139rec1_jpg.rf.57213790a70e5f3cea7a1821c20d4ebd.jpg,pcb139rec1_jpg,IC,150,272,28,51,94,170,component,,,
pcb139rec1_jpg__053__Connector.png,fpic_rf100,train/images/pcb139rec1_jpg.rf.57213790a70e5f3cea7a1821c20d4ebd.jpg,pcb139rec1_jpg,Connector,840,128,157,24,525,80,component,,,
pcb139rec1_jpg__088__Connector.png,fpic_rf100,train/images/pcb139rec1_jpg.rf.57213790a70e5f3cea7a1821c20d4ebd.jpg,pcb139rec1_jpg,Connector,812,144,152,27,508,90,component,,,
pcb139rec1_jpg__093__IC.png,fpic_rf100,train/images/pcb139rec1_jpg.rf.57213790a70e5f3cea7a1821c20d4ebd.jpg,pcb139rec1_jpg,IC,508,491,95,92,318,307,component,,,
pcb139rec1_jpg__095__Connector.png,fpic_rf100,train/images/pcb139rec1_jpg.rf.57213790a70e5f3cea7a1821c20d4ebd.jpg,pcb139rec1_jpg,Connector,156,725,29,136,98,453,component,,,
pcb139rec1_jpg__103__Capacitor.png,fpic_rf100,train/images/pcb139rec1_jpg.rf.57213790a70e5f3cea7a1821c20d4ebd.jpg,pcb139rec1_jpg,Capacitor,84,97,16,18,52,61,component,,,
pcb139rec1_jpg__105__Connector.png,fpic_rf100,train/images/pcb139rec1_jpg.rf.57213790a70e5f3cea7a1821c20d4ebd.jpg,pcb139rec1_jpg,Connector,632,123,119,23,395,77,component,,,
pcb139rec1_jpg__106__Connector.png,fpic_rf100,train/images/pcb139rec1_jpg.rf.57213790a70e5f3cea7a1821c20d4ebd.jpg,pcb139rec1_jpg,Connector,145,571,27,107,91,357,component,,,
pcb139rec1_jpg__113__Capacitor.png,fpic_rf100,train/images/pcb139rec1_jpg.rf.57213790a70e5f3cea7a1821c20d4ebd.jpg,pcb139rec1_jpg,Capacitor,76,84,14,16,48,52,component,,,
pcb139rec1_jpg__122__IC.png,fpic_rf100,train/images/pcb139rec1_jpg.rf.57213790a70e5f3cea7a1821c20d4ebd.jpg,pcb139rec1_jpg,IC,251,341,47,64,157,213,component,,,
pcb139rec1_jpg__123__Connector.png,fpic_rf100,train/images/pcb139rec1_jpg.rf.57213790a70e5f3cea7a1821c20d4ebd.jpg,pcb139rec1_jpg,Connector,711,171,133,32,445,107,component,,,
pcb139rec1_jpg__124__IC.png,fpic_rf100,train/images/pcb139rec1_jpg.rf.57213790a70e5f3cea7a1821c20d4ebd.jpg,pcb139rec1_jpg,IC,134,112,25,21,84,70,component,,,
pcb139rec1_jpg__165__Capacitor.png,fpic_rf100,train/images/pcb139rec1_jpg.rf.57213790a70e5f3cea7a1821c20d4ebd.jpg,pcb139rec1_jpg,Capacitor,79,79,15,15,49,49,component,,,
pcb139rec1_jpg__166__IC.png,fpic_rf100,train/images/pcb139rec1_jpg.rf.57213790a70e5f3cea7a1821c20d4ebd.jpg,pcb139rec1_jpg,IC,176,165,33,31,110,103,component,,,
pcb139rec1_jpg__168__Connector.png,fpic_rf100,train/images/pcb139rec1_jpg.rf.57213790a70e5f3cea7a1821c20d4ebd.jpg,pcb139rec1_jpg,Connector,1877,123,369,23,1231,77,component,,,
pcb139rec1_jpg__172__Connector.png,fpic_rf100,train/images/pcb139rec1_jpg.rf.57213790a70e5f3cea7a1821c20d4ebd.jpg,pcb139rec1_jpg,Connector,121,265,28,50,92,165,component,,,
pcb139rec1_jpg__179__Capacitor.png,fpic_rf100,train/images/pcb139rec1_jpg.rf.57213790a70e5f3cea7a1821c20d4ebd.jpg,pcb139rec1_jpg,Capacitor,107,117,20,22,67,73,component,,,
pcb139rec1_jpg__180__Connector.png,fpic_rf100,train/images/pcb139rec1_jpg.rf.57213790a70e5f3cea7a1821c20d4ebd.jpg,pcb139rec1_jpg,Connector,1886,128,374,24,1248,80,component,,,
pcb139rec1_jpg__181__Capacitor.png,fpic_rf100,train/images/pcb139rec1_jpg.rf.57213790a70e5f3cea7a1821c20d4ebd.jpg,pcb139rec1_jpg,Capacitor,122,132,23,25,76,82,component,,,
pcb139rec1_jpg__184__IC.png,fpic_rf100,train/images/pcb139rec1_jpg.rf.57213790a70e5f3cea7a1821c20d4ebd.jpg,pcb139rec1_jpg,IC,181,171,34,32,113,107,component,,,
pcb139rec1_jpg__192__Connector.png,fpic_rf100,train/images/pcb139rec1_jpg.rf.57213790a70e5f3cea7a1821c20d4ebd.jpg,pcb139rec1_jpg,Connector,1628,117,305,22,1018,73,component,,,
pcb139rec1_jpg__203__Capacitor.png,fpic_rf100,train/images/pcb139rec1_jpg.rf.57213790a70e5f3cea7a1821c20d4ebd.jpg,pcb139rec1_jpg,Capacitor,123,67,23,15,77,51,component,,,
pcb139rec1_jpg__205__Capacitor.png,fpic_rf100,train/images/pcb139rec1_jpg.rf.57213790a70e5f3cea7a1821c20d4ebd.jpg,pcb139rec1_jpg,Capacitor,129,122,24,23,81,76,component,,,
pcb139rec1_jpg__213__Connector.png,fpic_rf100,train/images/pcb139rec1_jpg.rf.57213790a70e5f3cea7a1821c20d4ebd.jpg,pcb139rec1_jpg,Connector,1722,128,367,24,1224,80,component,,,
pcb139rec1_jpg__215__Capacitor.png,fpic_rf100,train/images/pcb139rec1_jpg.rf.57213790a70e5f3cea7a1821c20d4ebd.jpg,pcb139rec1_jpg,Capacitor,104,123,19,23,65,77,component,,,
pcb139rec1_jpg__216__Capacitor.png,fpic_rf100,train/images/pcb139rec1_jpg.rf.57213790a70e5f3cea7a1821c20d4ebd.jpg,pcb139rec1_jpg,Capacitor,100,107,19,20,62,67,component,,,
pcb139rec1_jpg__217__IC.png,fpic_rf100,train/images/pcb139rec1_jpg.rf.57213790a70e5f3cea7a1821c20d4ebd.jpg,pcb139rec1_jpg,IC,114,182,26,34,87,114,component,,,
pcb139rec1_jpg__218__IC.png,fpic_rf100,train/images/pcb139rec1_jpg.rf.57213790a70e5f3cea7a1821c20d4ebd.jpg,pcb139rec1_jpg,IC,133,122,25,23,83,76,component,,,
pcb139rec1_jpg__220__Capacitor.png,fpic_rf100,train/images/pcb139rec1_jpg.rf.57213790a70e5f3cea7a1821c20d4ebd.jpg,pcb139rec1_jpg,Capacitor,132,128,25,24,82,80,component,,,
pcb139rec1_jpg__221__Capacitor.png,fpic_rf100,train/images/pcb139rec1_jpg.rf.57213790a70e5f3cea7a1821c20d4ebd.jpg,pcb139rec1_jpg,Capacitor,107,139,20,26,67,87,component,,,
pcb139rec1_jpg__222__Capacitor.png,fpic_rf100,train/images/pcb139rec1_jpg.rf.57213790a70e5f3cea7a1821c20d4ebd.jpg,pcb139rec1_jpg,Capacitor,123,127,23,24,77,79,component,,,
pcb139rec1_jpg__223__Connector.png,fpic_rf100,train/images/pcb139rec1_jpg.rf.57213790a70e5f3cea7a1821c20d4ebd.jpg,pcb139rec1_jpg,Connector,1222,144,229,27,764,90,component,,,
pcb139rec1_jpg__249__IC.png,fpic_rf100,train/images/pcb139rec1_jpg.rf.57213790a70e5f3cea7a1821c20d4ebd.jpg,pcb139rec1_jpg,IC,249,596,47,112,155,372,component,,,
pcb139rec1_jpg__250__IC.png,fpic_rf100,train/images/pcb139rec1_jpg.rf.57213790a70e5f3cea7a1821c20d4ebd.jpg,pcb139rec1_jpg,IC,118,182,27,34,90,114,component,,,
pcb139rec1_jpg__254__Connector.png,fpic_rf100,train/images/pcb139rec1_jpg.rf.57213790a70e5f3cea7a1821c20d4ebd.jpg,pcb139rec1_jpg,Connector,1206,133,226,25,754,83,component,,,
pcb139rec1_jpg__257__Connector.png,fpic_rf100,train/images/pcb139rec1_jpg.rf.57213790a70e5f3cea7a1821c20d4ebd.jpg,pcb139rec1_jpg,Connector,1733,81,370,0,1233,62,component,,,
pcb139rec1_jpg__290__IC.png,fpic_rf100,train/images/pcb139rec1_jpg.rf.57213790a70e5f3cea7a1821c20d4ebd.jpg,pcb139rec1_jpg,IC,475,485,89,91,297,303,component,,,
pcb139rec1_jpg__292__Connector.png,fpic_rf100,train/images/pcb139rec1_jpg.rf.57213790a70e5f3cea7a1821c20d4ebd.jpg,pcb139rec1_jpg,Connector,1196,112,224,21,748,70,component,,,
pcb139rec1_jpg__296__IC.png,fpic_rf100,train/images/pcb139rec1_jpg.rf.57213790a70e5f3cea7a1821c20d4ebd.jpg,pcb139rec1_jpg,IC,148,100,28,5,92,73,component,,,
pcb139rec1_jpg__306__IC.png,fpic_rf100,train/images/pcb139rec1_jpg.rf.57213790a70e5f3cea7a1821c20d4ebd.jpg,pcb139rec1_jpg,IC,314,315,72,59,241,197,component,,,
pcb139rec1_jpg__323__Connector.png,fpic_rf100,train/images/pcb139rec1_jpg.rf.57213790a70e5f3cea7a1821c20d4ebd.jpg,pcb139rec1_jpg,Connector,1222,117,229,22,764,73,component,,,
pcb140rec1_jpg__013__Connector.png,fpic_rf100,test/images/pcb140rec1_jpg.rf.15e0347cf290834396c473d67ac7b1e5.jpg,pcb140rec1_jpg,Connector,1213,124,227,23,758,78,component,,,
pcb140rec1_jpg__015__IC.png,fpic_rf100,test/images/pcb140rec1_jpg.rf.15e0347cf290834396c473d67ac7b1e5.jpg,pcb140rec1_jpg,IC,457,448,86,84,286,280,component,,,
pcb140rec1_jpg__016__iC.png,fpic_rf100,test/images/pcb140rec1_jpg.rf.15e0347cf290834396c473d67ac7b1e5.jpg,pcb140rec1_jpg,iC,601,252,113,47,376,158,component,,,
pcb140rec1_jpg__018__iC.png,fpic_rf100,test/images/pcb140rec1_jpg.rf.15e0347cf290834396c473d67ac7b1e5.jpg,pcb140rec1_jpg,iC,453,232,85,44,283,145,component,,,
pcb140rec1_jpg__034__IC.png,fpic_rf100,test/images/pcb140rec1_jpg.rf.15e0347cf290834396c473d67ac7b1e5.jpg,pcb140rec1_jpg,IC,941,868,183,163,608,542,component,,,
pcb140rec1_jpg__036__Connector.png,fpic_rf100,test/images/pcb140rec1_jpg.rf.15e0347cf290834396c473d67ac7b1e5.jpg,pcb140rec1_jpg,Connector,188,896,43,168,145,560,component,,,
pcb140rec1_jpg__038__Connector.png,fpic_rf100,test/images/pcb140rec1_jpg.rf.15e0347cf290834396c473d67ac7b1e5.jpg,pcb140rec1_jpg,Connector,762,128,143,24,476,80,component,,,
pcb140rec1_jpg__039__Connector.png,fpic_rf100,test/images/pcb140rec1_jpg.rf.15e0347cf290834396c473d67ac7b1e5.jpg,pcb140rec1_jpg,Connector,1152,132,196,25,736,82,component,,,
pcb140rec1_jpg__056__IC.png,fpic_rf100,test/images/pcb140rec1_jpg.rf.15e0347cf290834396c473d67ac7b1e5.jpg,pcb140rec1_jpg,IC,377,107,71,20,235,67,component,,,
pcb140rec1_jpg__057__Connector.png,fpic_rf100,test/images/pcb140rec1_jpg.rf.15e0347cf290834396c473d67ac7b1e5.jpg,pcb140rec1_jpg,Connector,1614,104,254,19,1046,65,component,,,
pcb140rec1_jpg__059__IC.png,fpic_rf100,test/images/pcb140rec1_jpg.rf.15e0347cf290834396c473d67ac7b1e5.jpg,pcb140rec1_jpg,IC,232,772,37,145,150,482,component,,,
pcb140rec1_jpg__060__Connector.png,fpic_rf100,test/images/pcb140rec1_jpg.rf.15e0347cf290834396c473d67ac7b1e5.jpg,pcb140rec1_jpg,Connector,730,132,137,25,456,82,component,,,
pcb140rec1_jpg__061__Connector.png,fpic_rf100,test/images/pcb140rec1_jpg.rf.15e0347cf290834396c473d67ac7b1e5.jpg,pcb140rec1_jpg,Connector,1162,132,196,25,743,82,component,,,
pcb140rec1_jpg__064__IC.png,fpic_rf100,test/images/pcb140rec1_jpg.rf.15e0347cf290834396c473d67ac7b1e5.jpg,pcb140rec1_jpg,IC,271,89,51,17,169,55,component,,,
pcb140rec1_jpg__065__IC.png,fpic_rf100,test/images/pcb140rec1_jpg.rf.15e0347cf290834396c473d67ac7b1e5.jpg,pcb140rec1_jpg,IC,286,116,54,22,179,72,component,,,
pcb140rec1_jpg__066__iC.png,fpic_rf100,test/images/pcb140rec1_jpg.rf.15e0347cf290834396c473d67ac7b1e5.jpg,pcb140rec1_jpg,iC,373,106,70,20,233,66,component,,,
pcb140rec1_jpg__067__IC.png,fpic_rf100,test/images/pcb140rec1_jpg.rf.15e0347cf290834396c473d67ac7b1e5.jpg,pcb140rec1_jpg,IC,250,86,47,16,156,54,component,,,
pcb140rec1_jpg__078__Connector.png,fpic_rf100,test/images/pcb140rec1_jpg.rf.15e0347cf290834396c473d67ac7b1e5.jpg,pcb140rec1_jpg,Connector,753,120,141,23,471,75,component,,,
pcb140rec1_jpg__080__Connector.png,fpic_rf100,test/images/pcb140rec1_jpg.rf.15e0347cf290834396c473d67ac7b1e5.jpg,pcb140rec1_jpg,Connector,1165,128,209,24,736,80,component,,,
pcb140rec1_jpg__086__IC.png,fpic_rf100,test/images/pcb140rec1_jpg.rf.15e0347cf290834396c473d67ac7b1e5.jpg,pcb140rec1_jpg,IC,309,365,58,53,193,240,component,,,
pcb140rec1_jpg__097__Connector.png,fpic_rf100,test/images/pcb140rec1_jpg.rf.15e0347cf290834396c473d67ac7b1e5.jpg,pcb140rec1_jpg,Connector,734,116,138,22,458,72,component,,,
pcb140rec1_jpg__098__IC.png,fpic_rf100,test/images/pcb140rec1_jpg.rf.15e0347cf290834396c473d67ac7b1e5.jpg,pcb140rec1_jpg,IC,305,380,57,68,191,240,component,,,
pcb140rec1_jpg__099__Connector.png,fpic_rf100,test/images/pcb140rec1_jpg.rf.15e0347cf290834396c473d67ac7b1e5.jpg,pcb140rec1_jpg,Connector,1180,120,194,22,758,75,component,,,
pcb140rec1_jpg__100__IC.png,fpic_rf100,test/images/pcb140rec1_jpg.rf.15e0347cf290834396c473d67ac7b1e5.jpg,pcb140rec1_jpg,IC,189,152,35,29,118,95,component,,,
pcb140rec1_jpg__101__IC.png,fpic_rf100,test/images/pcb140rec1_jpg.rf.15e0347cf290834396c473d67ac7b1e5.jpg,pcb140rec1_jpg,IC,188,160,35,30,118,100,component,,,
pcb140rec1_jpg__102__Connector.png,fpic_rf100,test/images/pcb140rec1_jpg.rf.15e0347cf290834396c473d67ac7b1e5.jpg,pcb140rec1_jpg,Connector,165,553,31,10,103,418,component,,,
pcb140rec1_jpg__103__Connector.png,fpic_rf100,test/images/pcb140rec1_jpg.rf.15e0347cf290834396c473d67ac7b1e5.jpg,pcb140rec1_jpg,Connector,1618,108,271,20,1036,68,component,,,
pcb140rec1_jpg__106__Connector.png,fpic_rf100,test/images/pcb140rec1_jpg.rf.15e0347cf290834396c473d67ac7b1e5.jpg,pcb140rec1_jpg,Connector,1625,112,259,21,1051,70,component,,,
pcb140rec1_jpg__111__Connector.png,fpic_rf100,test/images/pcb140rec1_jpg.rf.15e0347cf290834396c473d67ac7b1e5.jpg,pcb140rec1_jpg,Connector,826,131,155,25,516,82,component,,,
pcb140rec1_jpg__112__IC.png,fpic_rf100,test/images/pcb140rec1_jpg.rf.15e0347cf290834396c473d67ac7b1e5.jpg,pcb140rec1_jpg,IC,474,464,89,87,296,290,component,,,
pcb140rec1_jpg__113__Connector.png,fpic_rf100,test/images/pcb140rec1_jpg.rf.15e0347cf290834396c473d67ac7b1e5.jpg,pcb140rec1_jpg,Connector,761,152,143,28,476,95,component,,,
pcb140rec1_jpg__114__IC.png,fpic_rf100,test/images/pcb140rec1_jpg.rf.15e0347cf290834396c473d67ac7b1e5.jpg,pcb140rec1_jpg,IC,293,372,55,70,183,232,component,,,
pcb140rec1_jpg__115__IC.png,fpic_rf100,test/images/pcb140rec1_jpg.rf.15e0347cf290834396c473d67ac7b1e5.jpg,pcb140rec1_jpg,IC,293,392,55,74,183,245,component,,,
pcb140rec1_jpg__119__Connector.png,fpic_rf100,test/images/pcb140rec1_jpg.rf.15e0347cf290834396c473d67ac7b1e5.jpg,pcb140rec1_jpg,Connector,833,124,156,23,521,78,component,,,
pcb140rec1_jpg__120__Connector.png,fpic_rf100,test/images/pcb140rec1_jpg.rf.15e0347cf290834396c473d67ac7b1e5.jpg,pcb140rec1_jpg,Connector,537,84,101,16,336,52,component,,,
pcb140rec1_jpg__121__Connector.png,fpic_rf100,test/images/pcb140rec1_jpg.rf.15e0347cf290834396c473d67ac7b1e5.jpg,pcb140rec1_jpg,Connector,1607,111,251,20,1043,70,component,,,
pcb140rec1_jpg__161__Connector.png,fpic_rf100,test/images/pcb140rec1_jpg.rf.15e0347cf290834396c473d67ac7b1e5.jpg,pcb140rec1_jpg,Connector,1209,120,227,23,756,75,component,,,
pcb140rec1_jpg__167__IC.png,fpic_rf100,test/images/pcb140rec1_jpg.rf.15e0347cf290834396c473d67ac7b1e5.jpg,pcb140rec1_jpg,IC,230,171,43,32,144,107,component,,,
pcb140rec1_jpg__168__Connector.png,fpic_rf100,test/images/pcb140rec1_jpg.rf.15e0347cf290834396c473d67ac7b1e5.jpg,pcb140rec1_jpg,Connector,1311,134,299,25,997,84,component,,,
pcb140rec1_jpg__170__IC.png,fpic_rf100,test/images/pcb140rec1_jpg.rf.15e0347cf290834396c473d67ac7b1e5.jpg,pcb140rec1_jpg,IC,279,121,52,23,175,75,component,,,
pcb140rec1_jpg__183__Connector.png,fpic_rf100,test/images/pcb140rec1_jpg.rf.15e0347cf290834396c473d67ac7b1e5.jpg,pcb140rec1_jpg,Connector,1221,120,229,23,763,75,component,,,
pcb140rec1_jpg__202__IC.png,fpic_rf100,test/images/pcb140rec1_jpg.rf.15e0347cf290834396c473d67ac7b1e5.jpg,pcb140rec1_jpg,IC,378,312,66,59,240,195,component,,,
pcb140rec1_jpg__203__IC.png,fpic_rf100,test/images/pcb140rec1_jpg.rf.15e0347cf290834396c473d67ac7b1e5.jpg,pcb140rec1_jpg,IC,278,188,52,35,174,118,component,,,
pcb141rec1_jpg__000__Capacitor_Jumper.png,fpic_rf100,test/images/pcb141rec1_jpg.rf.bd40367e744525fd9a5d6463480f8542.jpg,pcb141rec1_jpg,Capacitor Jumper,208,170,39,32,130,106,component,,,
pcb141rec1_jpg__007__Capacitor_Jumper.png,fpic_rf100,test/images/pcb141rec1_jpg.rf.bd40367e744525fd9a5d6463480f8542.jpg,pcb141rec1_jpg,Capacitor Jumper,215,169,40,32,135,105,component,,,
pcb141rec1_jpg__008__Resistor_Jumper.png,fpic_rf100,test/images/pcb141rec1_jpg.rf.bd40367e744525fd9a5d6463480f8542.jpg,pcb141rec1_jpg,Resistor Jumper,96,222,18,42,60,139,component,,,
pcb141rec1_jpg__009__Capacitor_Jumper.png,fpic_rf100,test/images/pcb141rec1_jpg.rf.bd40367e744525fd9a5d6463480f8542.jpg,pcb141rec1_jpg,Capacitor Jumper,548,540,103,101,342,338,component,,,
pcb141rec1_jpg__010__Capacitor_Jumper.png,fpic_rf100,test/images/pcb141rec1_jpg.rf.bd40367e744525fd9a5d6463480f8542.jpg,pcb141rec1_jpg,Capacitor Jumper,549,523,103,98,343,327,component,,,
pcb141rec1_jpg__011__Capacitor_Jumper.png,fpic_rf100,test/images/pcb141rec1_jpg.rf.bd40367e744525fd9a5d6463480f8542.jpg,pcb141rec1_jpg,Capacitor Jumper,137,118,26,22,85,74,component,,,
pcb141rec1_jpg__015__Capacitor_Jumper.png,fpic_rf100,test/images/pcb141rec1_jpg.rf.bd40367e744525fd9a5d6463480f8542.jpg,pcb141rec1_jpg,Capacitor Jumper,121,91,23,17,75,57,component,,,
pcb141rec1_jpg__016__Resistor_Jumper.png,fpic_rf100,test/images/pcb141rec1_jpg.rf.bd40367e744525fd9a5d6463480f8542.jpg,pcb141rec1_jpg,Resistor Jumper,438,151,82,28,274,94,component,,,
pcb141rec1_jpg__017__IC.png,fpic_rf100,test/images/pcb141rec1_jpg.rf.bd40367e744525fd9a5d6463480f8542.jpg,pcb141rec1_jpg,IC,155,77,29,14,97,48,component,,,
pcb141rec1_jpg__020__Capacitor_Jumper.png,fpic_rf100,test/images/pcb141rec1_jpg.rf.bd40367e744525fd9a5d6463480f8542.jpg,pcb141rec1_jpg,Capacitor Jumper,90,91,17,17,56,57,component,,,
pcb141rec1_jpg__021__Capacitor_Jumper.png,fpic_rf100,test/images/pcb141rec1_jpg.rf.bd40367e744525fd9a5d6463480f8542.jpg,pcb141rec1_jpg,Capacitor Jumper,112,112,21,21,70,70,component,,,
pcb141rec1_jpg__023__Capacitor_Jumper.png,fpic_rf100,test/images/pcb141rec1_jpg.rf.bd40367e744525fd9a5d6463480f8542.jpg,pcb141rec1_jpg,Capacitor Jumper,102,118,19,22,64,74,component,,,
pcb141rec1_jpg__024__Capacitor_Jumper.png,fpic_rf100,test/images/pcb141rec1_jpg.rf.bd40367e744525fd9a5d6463480f8542.jpg,pcb141rec1_jpg,Capacitor Jumper,99,111,19,21,62,70,component,,,
pcb141rec1_jpg__025__Capacitor_Jumper.png,fpic_rf100,test/images/pcb141rec1_jpg.rf.bd40367e744525fd9a5d6463480f8542.jpg,pcb141rec1_jpg,Capacitor Jumper,96,111,18,21,60,70,component,,,
pcb141rec1_jpg__026__Capacitor_Jumper.png,fpic_rf100,test/images/pcb141rec1_jpg.rf.bd40367e744525fd9a5d6463480f8542.jpg,pcb141rec1_jpg,Capacitor Jumper,132,100,25,19,83,62,component,,,
pcb141rec1_jpg__029__Capacitor_Jumper.png,fpic_rf100,test/images/pcb141rec1_jpg.rf.bd40367e744525fd9a5d6463480f8542.jpg,pcb141rec1_jpg,Capacitor Jumper,146,161,27,30,91,100,component,,,
pcb141rec1_jpg__030__IC.png,fpic_rf100,test/images/pcb141rec1_jpg.rf.bd40367e744525fd9a5d6463480f8542.jpg,pcb141rec1_jpg,IC,127,133,24,25,79,83,component,,,
pcb141rec1_jpg__031__Capacitor_Jumper.png,fpic_rf100,test/images/pcb141rec1_jpg.rf.bd40367e744525fd9a5d6463480f8542.jpg,pcb141rec1_jpg,Capacitor Jumper,92,128,17,24,58,80,component,,,
pcb141rec1_jpg__035__Transistor.png,fpic_rf100,test/images/pcb141rec1_jpg.rf.bd40367e744525fd9a5d6463480f8542.jpg,pcb141rec1_jpg,Transistor,236,149,44,28,148,93,component,,,
pcb141rec1_jpg__036__Connector.png,fpic_rf100,test/images/pcb141rec1_jpg.rf.bd40367e744525fd9a5d6463480f8542.jpg,pcb141rec1_jpg,Connector,868,275,163,52,542,172,component,,,
pcb141rec1_jpg__037__Connector.png,fpic_rf100,test/images/pcb141rec1_jpg.rf.bd40367e744525fd9a5d6463480f8542.jpg,pcb141rec1_jpg,Connector,864,261,162,49,540,163,component,,,
pcb141rec1_jpg__043__Capacitor_Jumper.png,fpic_rf100,test/images/pcb141rec1_jpg.rf.bd40367e744525fd9a5d6463480f8542.jpg,pcb141rec1_jpg,Capacitor Jumper,132,153,25,29,82,95,component,,,
pcb141rec1_jpg__044__Capacitor_Jumper.png,fpic_rf100,test/images/pcb141rec1_jpg.rf.bd40367e744525fd9a5d6463480f8542.jpg,pcb141rec1_jpg,Capacitor Jumper,192,200,36,38,120,125,component,,,
pcb141rec1_jpg__045__IC.png,fpic_rf100,test/images/pcb141rec1_jpg.rf.bd40367e744525fd9a5d6463480f8542.jpg,pcb141rec1_jpg,IC,94,108,18,20,59,68,component,,,
pcb141rec1_jpg__048__IC.png,fpic_rf100,test/images/pcb141rec1_jpg.rf.bd40367e744525fd9a5d6463480f8542.jpg,pcb141rec1_jpg,IC,92,122,17,23,57,76,component,,,
pcb141rec1_jpg__052__IC.png,fpic_rf100,test/images/pcb141rec1_jpg.rf.bd40367e744525fd9a5d6463480f8542.jpg,pcb141rec1_jpg,IC,89,145,17,27,56,91,component,,,
pcb141rec1_jpg__054__Capacitor_Jumper.png,fpic_rf100,test/images/pcb141rec1_jpg.rf.bd40367e744525fd9a5d6463480f8542.jpg,pcb141rec1_jpg,Capacitor Jumper,135,112,25,21,85,70,component,,,
pcb141rec1_jpg__055__Capacitor_Jumper.png,fpic_rf100,test/images/pcb141rec1_jpg.rf.bd40367e744525fd9a5d6463480f8542.jpg,pcb141rec1_jpg,Capacitor Jumper,129,101,24,19,81,63,component,,,
pcb141rec1_jpg__057__Capacitor_Jumper.png,fpic_rf100,test/images/pcb141rec1_jpg.rf.bd40367e744525fd9a5d6463480f8542.jpg,pcb141rec1_jpg,Capacitor Jumper,106,133,20,25,66,83,component,,,
pcb141rec1_jpg__058__Capacitor_Jumper.png,fpic_rf100,test/images/pcb141rec1_jpg.rf.bd40367e744525fd9a5d6463480f8542.jpg,pcb141rec1_jpg,Capacitor Jumper,133,164,25,31,83,102,component,,,
pcb141rec1_jpg__059__Capacitor_Jumper.png,fpic_rf100,test/images/pcb141rec1_jpg.rf.bd40367e744525fd9a5d6463480f8542.jpg,pcb141rec1_jpg,Capacitor Jumper,97,159,18,30,61,100,component,,,
pcb141rec1_jpg__061__Capacitor_Jumper.png,fpic_rf100,test/images/pcb141rec1_jpg.rf.bd40367e744525fd9a5d6463480f8542.jpg,pcb141rec1_jpg,Capacitor Jumper,105,133,20,25,65,83,component,,,
pcb141rec1_jpg__063__IC.png,fpic_rf100,test/images/pcb141rec1_jpg.rf.bd40367e744525fd9a5d6463480f8542.jpg,pcb141rec1_jpg,IC,156,177,29,33,98,110,component,,,
pcb141rec1_jpg__064__Connector.png,fpic_rf100,test/images/pcb141rec1_jpg.rf.bd40367e744525fd9a5d6463480f8542.jpg,pcb141rec1_jpg,Connector,263,170,49,32,164,106,component,,,
pcb141rec1_jpg__065__Connector.png,fpic_rf100,test/images/pcb141rec1_jpg.rf.bd40367e744525fd9a5d6463480f8542.jpg,pcb141rec1_jpg,Connector,586,142,110,27,366,88,component,,,
pcb141rec1_jpg__066__Connector.png,fpic_rf100,test/images/pcb141rec1_jpg.rf.bd40367e744525fd9a5d6463480f8542.jpg,pcb141rec1_jpg,Connector,286,181,44,37,186,124,component,,,
pcb141rec1_jpg__069__Connector.png,fpic_rf100,test/images/pcb141rec1_jpg.rf.bd40367e744525fd9a5d6463480f8542.jpg,pcb141rec1_jpg,Connector,426,110,80,21,267,69,component,,,
pcb141rec1_jpg__070__Capacitor_Jumper.png,fpic_rf100,test/images/pcb141rec1_jpg.rf.bd40367e744525fd9a5d6463480f8542.jpg,pcb141rec1_jpg,Capacitor Jumper,130,100,24,19,82,63,component,,,
pcb141rec1_jpg__073__Resistor_Jumper.png,fpic_rf100,test/images/pcb141rec1_jpg.rf.bd40367e744525fd9a5d6463480f8542.jpg,pcb141rec1_jpg,Resistor Jumper,415,147,78,28,260,92,component,,,
pcb141rec1_jpg__079__IC.png,fpic_rf100,test/images/pcb141rec1_jpg.rf.bd40367e744525fd9a5d6463480f8542.jpg,pcb141rec1_jpg,IC,87,79,16,15,55,49,component,,,
pcb141rec1_jpg__080__Transistor.png,fpic_rf100,test/images/pcb141rec1_jpg.rf.bd40367e744525fd9a5d6463480f8542.jpg,pcb141rec1_jpg,Transistor,218,159,41,30,136,99,component,,,
pcb141rec1_jpg__081__Capacitor_Jumper.png,fpic_rf100,test/images/pcb141rec1_jpg.rf.bd40367e744525fd9a5d6463480f8542.jpg,pcb141rec1_jpg,Capacitor Jumper,113,141,21,26,70,88,component,,,
pcb141rec1_jpg__090__IC.png,fpic_rf100,test/images/pcb141rec1_jpg.rf.bd40367e744525fd9a5d6463480f8542.jpg,pcb141rec1_jpg,IC,135,185,25,35,85,115,component,,,
pcb141rec1_jpg__091__IC.png,fpic_rf100,test/images/pcb141rec1_jpg.rf.bd40367e744525fd9a5d6463480f8542.jpg,pcb141rec1_jpg,IC,155,151,29,28,97,95,component,,,
pcb141rec1_jpg__098__Capacitor_Jumper.png,fpic_rf100,test/images/pcb141rec1_jpg.rf.bd40367e744525fd9a5d6463480f8542.jpg,pcb141rec1_jpg,Capacitor Jumper,201,211,38,40,126,132,component,,,
pcb141rec1_jpg__099__IC.png,fpic_rf100,test/images/pcb141rec1_jpg.rf.bd40367e744525fd9a5d6463480f8542.jpg,pcb141rec1_jpg,IC,97,80,18,15,61,50,component,,,
pcb141rec1_jpg__101__Capacitor_Jumper.png,fpic_rf100,test/images/pcb141rec1_jpg.rf.bd40367e744525fd9a5d6463480f8542.jpg,pcb141rec1_jpg,Capacitor Jumper,196,219,37,41,122,137,component,,,
pcb141rec1_jpg__109__Capacitor_Jumper.png,fpic_rf100,test/images/pcb141rec1_jpg.rf.bd40367e744525fd9a5d6463480f8542.jpg,pcb141rec1_jpg,Capacitor Jumper,105,137,20,26,66,85,component,,,
pcb141rec1_jpg__110__IC.png,fpic_rf100,test/images/pcb141rec1_jpg.rf.bd40367e744525fd9a5d6463480f8542.jpg,pcb141rec1_jpg,IC,156,149,29,28,97,93,component,,,
pcb141rec1_jpg__112__Capacitor_Jumper.png,fpic_rf100,test/images/pcb141rec1_jpg.rf.bd40367e744525fd9a5d6463480f8542.jpg,pcb141rec1_jpg,Capacitor Jumper,111,134,21,25,69,84,component,,,
pcb141rec1_jpg__113__Transistor.png,fpic_rf100,test/images/pcb141rec1_jpg.rf.bd40367e744525fd9a5d6463480f8542.jpg,pcb141rec1_jpg,Transistor,244,151,46,28,152,95,component,,,
pcb141rec1_jpg__115__IC.png,fpic_rf100,test/images/pcb141rec1_jpg.rf.bd40367e744525fd9a5d6463480f8542.jpg,pcb141rec1_jpg,IC,94,141,18,26,58,88,component,,,
pcb141rec1_jpg__118__Capacitor_Jumper.png,fpic_rf100,test/images/pcb141rec1_jpg.rf.bd40367e744525fd9a5d6463480f8542.jpg,pcb141rec1_jpg,Capacitor Jumper,140,112,26,21,88,70,component,,,
pcb141rec1_jpg__123__IC.png,fpic_rf100,test/images/pcb141rec1_jpg.rf.bd40367e744525fd9a5d6463480f8542.jpg,pcb141rec1_jpg,IC,92,119,17,22,57,75,component,,,
pcb141rec1_jpg__124__Capacitor_Jumper.png,fpic_rf100,test/images/pcb141rec1_jpg.rf.bd40367e744525fd9a5d6463480f8542.jpg,pcb141rec1_jpg,Capacitor Jumper,148,108,28,20,92,68,component,,,
pcb141rec1_jpg__126__IC.png,fpic_rf100,test/images/pcb141rec1_jpg.rf.bd40367e744525fd9a5d6463480f8542.jpg,pcb141rec1_jpg,IC,86,180,16,34,54,113,component,,,
pcb141rec1_jpg__128__Capacitor_Jumper.png,fpic_rf100,test/images/pcb141rec1_jpg.rf.bd40367e744525fd9a5d6463480f8542.jpg,pcb141rec1_jpg,Capacitor Jumper,124,111,23,21,78,69,component,,,
pcb141rec1_jpg__129__Capacitor_Jumper.png,fpic_rf100,test/images/pcb141rec1_jpg.rf.bd40367e744525fd9a5d6463480f8542.jpg,pcb141rec1_jpg,Capacitor Jumper,135,105,25,20,84,65,component,,,
pcb141rec1_jpg__130__Capacitor_Jumper.png,fpic_rf100,test/images/pcb141rec1_jpg.rf.bd40367e744525fd9a5d6463480f8542.jpg,pcb141rec1_jpg,Capacitor Jumper,156,140,29,26,97,87,component,,,
pcb141rec1_jpg__131__Capacitor_Jumper.png,fpic_rf100,test/images/pcb141rec1_jpg.rf.bd40367e744525fd9a5d6463480f8542.jpg,pcb141rec1_jpg,Capacitor Jumper,139,177,26,33,87,111,component,,,
pcb141rec1_jpg__132__Capacitor_Jumper.png,fpic_rf100,test/images/pcb141rec1_jpg.rf.bd40367e744525fd9a5d6463480f8542.jpg,pcb141rec1_jpg,Capacitor Jumper,113,149,21,28,71,93,component,,,
pcb141rec1_jpg__134__IC.png,fpic_rf100,test/images/pcb141rec1_jpg.rf.bd40367e744525fd9a5d6463480f8542.jpg,pcb141rec1_jpg,IC,170,80,32,15,106,50,component,,,
pcb141rec1_jpg__135__Transistor.png,fpic_rf100,test/images/pcb141rec1_jpg.rf.bd40367e744525fd9a5d6463480f8542.jpg,pcb141rec1_jpg,Transistor,127,156,24,29,79,98,component,,,
pcb141rec1_jpg__137__IC.png,fpic_rf100,test/images/pcb141rec1_jpg.rf.bd40367e744525fd9a5d6463480f8542.jpg,pcb141rec1_jpg,IC,173,93,32,17,108,58,component,,,
pcb141rec1_jpg__145__Capacitor_Jumper.png,fpic_rf100,test/images/pcb141rec1_jpg.rf.bd40367e744525fd9a5d6463480f8542.jpg,pcb141rec1_jpg,Capacitor Jumper,124,109,23,20,78,68,component,,,
pcb141rec1_jpg__151__Transistor.png,fpic_rf100,test/images/pcb141rec1_jpg.rf.bd40367e744525fd9a5d6463480f8542.jpg,pcb141rec1_jpg,Transistor,134,137,25,26,84,86,component,,,
pcb141rec1_jpg__155__Capacitor_Jumper.png,fpic_rf100,test/images/pcb141rec1_jpg.rf.bd40367e744525fd9a5d6463480f8542.jpg,pcb141rec1_jpg,Capacitor Jumper,180,174,34,33,113,109,component,,,
pcb141rec1_jpg__156__Capacitor_Jumper.png,fpic_rf100,test/images/pcb141rec1_jpg.rf.bd40367e744525fd9a5d6463480f8542.jpg,pcb141rec1_jpg,Capacitor Jumper,212,193,40,36,133,121,component,,,
pcb141rec1_jpg__157__Capacitor_Jumper.png,fpic_rf100,test/images/pcb141rec1_jpg.rf.bd40367e744525fd9a5d6463480f8542.jpg,pcb141rec1_jpg,Capacitor Jumper,137,160,26,30,86,100,component,,,
pcb141rec1_jpg__158__IC.png,fpic_rf100,test/images/pcb141rec1_jpg.rf.bd40367e744525fd9a5d6463480f8542.jpg,pcb141rec1_jpg,IC,149,212,28,40,93,132,component,,,
pcb141rec1_jpg__159__Resistor_Jumper.png,fpic_rf100,test/images/pcb141rec1_jpg.rf.bd40367e744525fd9a5d6463480f8542.jpg,pcb141rec1_jpg,Resistor Jumper,80,246,15,46,50,154,component,,,
pcb141rec1_jpg__160__Capacitor_Jumper.png,fpic_rf100,test/images/pcb141rec1_jpg.rf.bd40367e744525fd9a5d6463480f8542.jpg,pcb141rec1_jpg,Capacitor Jumper,156,170,29,32,97,106,component,,,
pcb141rec1_jpg__161__Transistor.png,fpic_rf100,test/images/pcb141rec1_jpg.rf.bd40367e744525fd9a5d6463480f8542.jpg,pcb141rec1_jpg,Transistor,171,132,32,25,107,82,component,,,
pcb141rec1_jpg__162__Transistor.png,fpic_rf100,test/images/pcb141rec1_jpg.rf.bd40367e744525fd9a5d6463480f8542.jpg,pcb141rec1_jpg,Transistor,165,153,31,29,103,95,component,,,
pcb141rec1_jpg__163__Capacitor_Jumper.png,fpic_rf100,test/images/pcb141rec1_jpg.rf.bd40367e744525fd9a5d6463480f8542.jpg,pcb141rec1_jpg,Capacitor Jumper,384,205,72,38,240,128,component,,,
pcb141rec1_jpg__166__Capacitor_Jumper.png,fpic_rf100,test/images/pcb141rec1_jpg.rf.bd40367e744525fd9a5d6463480f8542.jpg,pcb141rec1_jpg,Capacitor Jumper,113,133,21,25,71,83,component,,,
pcb141rec1_jpg__169__IC.png,fpic_rf100,test/images/pcb141rec1_jpg.rf.bd40367e744525fd9a5d6463480f8542.jpg,pcb141rec1_jpg,IC,160,78,30,15,100,48,component,,,
pcb142rec1_jpg__003__IC.png,fpic_rf100,train/images/pcb142rec1_jpg.rf.2713c10703933b267b617e8eb415cba7.jpg,pcb142rec1_jpg,IC,97,83,18,16,61,52,component,,,
pcb142rec1_jpg__014__IC.png,fpic_rf100,train/images/pcb142rec1_jpg.rf.2713c10703933b267b617e8eb415cba7.jpg,pcb142rec1_jpg,IC,263,165,49,31,165,103,component,,,
pcb142rec1_jpg__021__IC.png,fpic_rf100,train/images/pcb142rec1_jpg.rf.2713c10703933b267b617e8eb415cba7.jpg,pcb142rec1_jpg,IC,118,129,22,24,74,81,component,,,
pcb142rec1_jpg__028__Connector.png,fpic_rf100,train/images/pcb142rec1_jpg.rf.2713c10703933b267b617e8eb415cba7.jpg,pcb142rec1_jpg,Connector,94,176,9,33,65,110,component,,,
pcb142rec1_jpg__045__IC.png,fpic_rf100,train/images/pcb142rec1_jpg.rf.2713c10703933b267b617e8eb415cba7.jpg,pcb142rec1_jpg,IC,89,149,17,28,56,93,component,,,
pcb142rec1_jpg__088__IC.png,fpic_rf100,train/images/pcb142rec1_jpg.rf.2713c10703933b267b617e8eb415cba7.jpg,pcb142rec1_jpg,IC,293,326,55,61,183,204,component,,,
pcb142rec1_jpg__090__IC.png,fpic_rf100,train/images/pcb142rec1_jpg.rf.2713c10703933b267b617e8eb415cba7.jpg,pcb142rec1_jpg,IC,266,141,50,26,166,88,component,,,
pcb142rec1_jpg__096__Connector.png,fpic_rf100,train/images/pcb142rec1_jpg.rf.2713c10703933b267b617e8eb415cba7.jpg,pcb142rec1_jpg,Connector,90,445,0,83,69,278,component,,,
pcb142rec1_jpg__100__IC.png,fpic_rf100,train/images/pcb142rec1_jpg.rf.2713c10703933b267b617e8eb415cba7.jpg,pcb142rec1_jpg,IC,98,165,18,31,62,103,component,,,
pcb142rec1_jpg__185__Connector.png,fpic_rf100,train/images/pcb142rec1_jpg.rf.2713c10703933b267b617e8eb415cba7.jpg,pcb142rec1_jpg,Connector,109,254,0,52,84,172,component,,,
pcb142rec1_jpg__203__IC.png,fpic_rf100,train/images/pcb142rec1_jpg.rf.2713c10703933b267b617e8eb415cba7.jpg,pcb142rec1_jpg,IC,161,113,30,21,101,71,component,,,
pcb143rec1_jpg__000__Resistor_Jumper.png,fpic_rf100,valid/images/pcb143rec1_jpg.rf.28276fe8af720c618685b38a8b6a7e06.jpg,pcb143rec1_jpg,Resistor Jumper,150,90,28,17,94,56,component,,,
pcb143rec1_jpg__005__Capacitor_Jumper.png,fpic_rf100,valid/images/pcb143rec1_jpg.rf.28276fe8af720c618685b38a8b6a7e06.jpg,pcb143rec1_jpg,Capacitor Jumper,121,117,23,22,75,73,component,,,
pcb143rec1_jpg__009__Capacitor_Jumper.png,fpic_rf100,valid/images/pcb143rec1_jpg.rf.28276fe8af720c618685b38a8b6a7e06.jpg,pcb143rec1_jpg,Capacitor Jumper,103,103,19,19,64,65,component,,,
pcb143rec1_jpg__010__Capacitor_Jumper.png,fpic_rf100,valid/images/pcb143rec1_jpg.rf.28276fe8af720c618685b38a8b6a7e06.jpg,pcb143rec1_jpg,Capacitor Jumper,103,93,19,17,64,58,component,,,
pcb143rec1_jpg__016__IC.png,fpic_rf100,valid/images/pcb143rec1_jpg.rf.28276fe8af720c618685b38a8b6a7e06.jpg,pcb143rec1_jpg,IC,182,183,34,34,114,114,component,,,
pcb143rec1_jpg__017__Capacitor_Jumper.png,fpic_rf100,valid/images/pcb143rec1_jpg.rf.28276fe8af720c618685b38a8b6a7e06.jpg,pcb143rec1_jpg,Capacitor Jumper,94,95,18,18,58,60,component,,,
pcb143rec1_jpg__018__Capacitor_Jumper.png,fpic_rf100,valid/images/pcb143rec1_jpg.rf.28276fe8af720c618685b38a8b6a7e06.jpg,pcb143rec1_jpg,Capacitor Jumper,91,103,17,19,57,65,component,,,
pcb143rec1_jpg__019__IC.png,fpic_rf100,valid/images/pcb143rec1_jpg.rf.28276fe8af720c618685b38a8b6a7e06.jpg,pcb143rec1_jpg,IC,415,421,78,81,259,271,component,,,
pcb143rec1_jpg__023__IC.png,fpic_rf100,valid/images/pcb143rec1_jpg.rf.28276fe8af720c618685b38a8b6a7e06.jpg,pcb143rec1_jpg,IC,123,213,23,40,77,133,component,,,
pcb143rec1_jpg__031__IC.png,fpic_rf100,valid/images/pcb143rec1_jpg.rf.28276fe8af720c618685b38a8b6a7e06.jpg,pcb143rec1_jpg,IC,441,436,83,82,275,272,component,,,
pcb143rec1_jpg__037__IC.png,fpic_rf100,valid/images/pcb143rec1_jpg.rf.28276fe8af720c618685b38a8b6a7e06.jpg,pcb143rec1_jpg,IC,164,486,31,91,102,304,component,,,
pcb143rec1_jpg__043__Capacitor_Jumper.png,fpic_rf100,valid/images/pcb143rec1_jpg.rf.28276fe8af720c618685b38a8b6a7e06.jpg,pcb143rec1_jpg,Capacitor Jumper,85,97,16,18,53,61,component,,,
pcb143rec1_jpg__044__Capacitor_Jumper.png,fpic_rf100,valid/images/pcb143rec1_jpg.rf.28276fe8af720c618685b38a8b6a7e06.jpg,pcb143rec1_jpg,Capacitor Jumper,90,97,17,18,56,61,component,,,
pcb143rec1_jpg__050__IC.png,fpic_rf100,valid/images/pcb143rec1_jpg.rf.28276fe8af720c618685b38a8b6a7e06.jpg,pcb143rec1_jpg,IC,192,130,36,24,120,81,component,,,
pcb143rec1_jpg__057__IC.png,fpic_rf100,valid/images/pcb143rec1_jpg.rf.28276fe8af720c618685b38a8b6a7e06.jpg,pcb143rec1_jpg,IC,79,113,15,21,49,71,component,,,
pcb143rec1_jpg__062__IC.png,fpic_rf100,valid/images/pcb143rec1_jpg.rf.28276fe8af720c618685b38a8b6a7e06.jpg,pcb143rec1_jpg,IC,86,111,16,21,54,69,component,,,
pcb143rec1_jpg__066__IC.png,fpic_rf100,valid/images/pcb143rec1_jpg.rf.28276fe8af720c618685b38a8b6a7e06.jpg,pcb143rec1_jpg,IC,92,299,17,56,58,187,component,,,
pcb143rec1_jpg__067__IC.png,fpic_rf100,valid/images/pcb143rec1_jpg.rf.28276fe8af720c618685b38a8b6a7e06.jpg,pcb143rec1_jpg,IC,149,133,28,25,93,83,component,,,
pcb143rec1_jpg__077__Capacitor_Jumper.png,fpic_rf100,valid/images/pcb143rec1_jpg.rf.28276fe8af720c618685b38a8b6a7e06.jpg,pcb143rec1_jpg,Capacitor Jumper,91,98,17,18,57,61,component,,,
pcb143rec1_jpg__079__IC.png,fpic_rf100,valid/images/pcb143rec1_jpg.rf.28276fe8af720c618685b38a8b6a7e06.jpg,pcb143rec1_jpg,IC,113,79,21,15,71,49,component,,,
pcb143rec1_jpg__080__IC.png,fpic_rf100,valid/images/pcb143rec1_jpg.rf.28276fe8af720c618685b38a8b6a7e06.jpg,pcb143rec1_jpg,IC,154,208,29,39,97,130,component,,,
pcb143rec1_jpg__081__IC.png,fpic_rf100,valid/images/pcb143rec1_jpg.rf.28276fe8af720c618685b38a8b6a7e06.jpg,pcb143rec1_jpg,IC,449,443,84,83,281,277,component,,,
pcb144rec1_jpg__000__Connector.png,fpic_rf100,train/images/pcb144rec1_jpg.rf.3411064a9d1523c8bfa8d3ab891f0755.jpg,pcb144rec1_jpg,Connector,769,225,144,23,481,155,component,,,
pcb144rec1_jpg__001__Capacitor_Jumper.png,fpic_rf100,train/images/pcb144rec1_jpg.rf.3411064a9d1523c8bfa8d3ab891f0755.jpg,pcb144rec1_jpg,Capacitor Jumper,108,101,20,19,68,63,component,,,
pcb144rec1_jpg__002__Connector.png,fpic_rf100,train/images/pcb144rec1_jpg.rf.3411064a9d1523c8bfa8d3ab891f0755.jpg,pcb144rec1_jpg,Connector,791,231,148,23,494,160,component,,,
pcb144rec1_jpg__004__Capacitor_Jumper.png,fpic_rf100,train/images/pcb144rec1_jpg.rf.3411064a9d1523c8bfa8d3ab891f0755.jpg,pcb144rec1_jpg,Capacitor Jumper,78,81,15,15,49,51,component,,,
pcb144rec1_jpg__006__Capacitor_Jumper.png,fpic_rf100,train/images/pcb144rec1_jpg.rf.3411064a9d1523c8bfa8d3ab891f0755.jpg,pcb144rec1_jpg,Capacitor Jumper,101,100,19,19,63,62,component,,,
pcb144rec1_jpg__008__Capacitor_Jumper.png,fpic_rf100,train/images/pcb144rec1_jpg.rf.3411064a9d1523c8bfa8d3ab891f0755.jpg,pcb144rec1_jpg,Capacitor Jumper,89,85,17,16,55,53,component,,,
pcb144rec1_jpg__013__Capacitor_Jumper.png,fpic_rf100,train/images/pcb144rec1_jpg.rf.3411064a9d1523c8bfa8d3ab891f0755.jpg,pcb144rec1_jpg,Capacitor Jumper,103,111,19,21,65,69,component,,,
pcb144rec1_jpg__015__Capacitor_Jumper.png,fpic_rf100,train/images/pcb144rec1_jpg.rf.3411064a9d1523c8bfa8d3ab891f0755.jpg,pcb144rec1_jpg,Capacitor Jumper,82,86,15,16,51,54,component,,,
pcb144rec1_jpg__016__Capacitor_Jumper.png,fpic_rf100,train/images/pcb144rec1_jpg.rf.3411064a9d1523c8bfa8d3ab891f0755.jpg,pcb144rec1_jpg,Capacitor Jumper,82,84,15,16,51,52,component,,,
pcb144rec1_jpg__017__Connector.png,fpic_rf100,train/images/pcb144rec1_jpg.rf.3411064a9d1523c8bfa8d3ab891f0755.jpg,pcb144rec1_jpg,Connector,247,314,46,49,155,204,component,,,
pcb144rec1_jpg__019__IC.png,fpic_rf100,train/images/pcb144rec1_jpg.rf.3411064a9d1523c8bfa8d3ab891f0755.jpg,pcb144rec1_jpg,IC,103,155,19,29,64,97,component,,,
pcb144rec1_jpg__023__Connector.png,fpic_rf100,train/images/pcb144rec1_jpg.rf.3411064a9d1523c8bfa8d3ab891f0755.jpg,pcb144rec1_jpg,Connector,675,819,127,16,422,617,component,,,
pcb144rec1_jpg__030__IC.png,fpic_rf100,train/images/pcb144rec1_jpg.rf.3411064a9d1523c8bfa8d3ab891f0755.jpg,pcb144rec1_jpg,IC,96,78,18,15,60,48,component,,,
pcb144rec1_jpg__031__Capacitor_Jumper.png,fpic_rf100,train/images/pcb144rec1_jpg.rf.3411064a9d1523c8bfa8d3ab891f0755.jpg,pcb144rec1_jpg,Capacitor Jumper,144,114,27,21,90,71,component,,,
pcb144rec1_jpg__034__IC.png,fpic_rf100,train/images/pcb144rec1_jpg.rf.3411064a9d1523c8bfa8d3ab891f0755.jpg,pcb144rec1_jpg,IC,154,266,29,50,96,166,component,,,
pcb144rec1_jpg__039__Capacitor_Jumper.png,fpic_rf100,train/images/pcb144rec1_jpg.rf.3411064a9d1523c8bfa8d3ab891f0755.jpg,pcb144rec1_jpg,Capacitor Jumper,89,122,17,23,55,76,component,,,
pcb144rec1_jpg__041__Capacitor_Jumper.png,fpic_rf100,train/images/pcb144rec1_jpg.rf.3411064a9d1523c8bfa8d3ab891f0755.jpg,pcb144rec1_jpg,Capacitor Jumper,101,151,19,28,63,95,component,,,
pcb144rec1_jpg__044__Capacitor_Jumper.png,fpic_rf100,train/images/pcb144rec1_jpg.rf.3411064a9d1523c8bfa8d3ab891f0755.jpg,pcb144rec1_jpg,Capacitor Jumper,101,101,19,19,63,63,component,,,
pcb144rec1_jpg__045__Capacitor_Jumper.png,fpic_rf100,train/images/pcb144rec1_jpg.rf.3411064a9d1523c8bfa8d3ab891f0755.jpg,pcb144rec1_jpg,Capacitor Jumper,109,105,20,20,68,65,component,,,
pcb144rec1_jpg__046__Capacitor_Jumper.png,fpic_rf100,train/images/pcb144rec1_jpg.rf.3411064a9d1523c8bfa8d3ab891f0755.jpg,pcb144rec1_jpg,Capacitor Jumper,134,96,25,18,84,60,component,,,
pcb144rec1_jpg__047__IC.png,fpic_rf100,train/images/pcb144rec1_jpg.rf.3411064a9d1523c8bfa8d3ab891f0755.jpg,pcb144rec1_jpg,IC,119,151,22,28,75,94,component,,,
pcb144rec1_jpg__048__Capacitor_Jumper.png,fpic_rf100,train/images/pcb144rec1_jpg.rf.3411064a9d1523c8bfa8d3ab891f0755.jpg,pcb144rec1_jpg,Capacitor Jumper,91,109,17,20,57,68,component,,,
pcb144rec1_jpg__049__Capacitor_Jumper.png,fpic_rf100,train/images/pcb144rec1_jpg.rf.3411064a9d1523c8bfa8d3ab891f0755.jpg,pcb144rec1_jpg,Capacitor Jumper,85,84,16,16,53,52,component,,,
pcb144rec1_jpg__051__IC.png,fpic_rf100,train/images/pcb144rec1_jpg.rf.3411064a9d1523c8bfa8d3ab891f0755.jpg,pcb144rec1_jpg,IC,511,490,96,92,319,306,component,,,
pcb144rec1_jpg__053__Capacitor_Jumper.png,fpic_rf100,train/images/pcb144rec1_jpg.rf.3411064a9d1523c8bfa8d3ab891f0755.jpg,pcb144rec1_jpg,Capacitor Jumper,85,84,16,16,53,52,component,,,
pcb144rec1_jpg__054__Capacitor_Jumper.png,fpic_rf100,train/images/pcb144rec1_jpg.rf.3411064a9d1523c8bfa8d3ab891f0755.jpg,pcb144rec1_jpg,Capacitor Jumper,159,127,30,24,99,79,component,,,
pcb144rec1_jpg__055__Capacitor_Jumper.png,fpic_rf100,train/images/pcb144rec1_jpg.rf.3411064a9d1523c8bfa8d3ab891f0755.jpg,pcb144rec1_jpg,Capacitor Jumper,103,92,19,17,64,57,component,,,
pcb144rec1_jpg__056__IC.png,fpic_rf100,train/images/pcb144rec1_jpg.rf.3411064a9d1523c8bfa8d3ab891f0755.jpg,pcb144rec1_jpg,IC,257,367,48,69,161,229,component,,,
pcb144rec1_jpg__058__Capacitor_Jumper.png,fpic_rf100,train/images/pcb144rec1_jpg.rf.3411064a9d1523c8bfa8d3ab891f0755.jpg,pcb144rec1_jpg,Capacitor Jumper,79,81,15,15,49,51,component,,,
pcb144rec1_jpg__060__Capacitor_Jumper.png,fpic_rf100,train/images/pcb144rec1_jpg.rf.3411064a9d1523c8bfa8d3ab891f0755.jpg,pcb144rec1_jpg,Capacitor Jumper,111,98,21,18,69,61,component,,,
pcb144rec1_jpg__061__IC.png,fpic_rf100,train/images/pcb144rec1_jpg.rf.3411064a9d1523c8bfa8d3ab891f0755.jpg,pcb144rec1_jpg,IC,245,221,46,41,153,138,component,,,
pcb144rec1_jpg__063__Capacitor_Jumper.png,fpic_rf100,train/images/pcb144rec1_jpg.rf.3411064a9d1523c8bfa8d3ab891f0755.jpg,pcb144rec1_jpg,Capacitor Jumper,109,122,20,23,68,76,component,,,
pcb144rec1_jpg__064__Capacitor_Jumper.png,fpic_rf100,train/images/pcb144rec1_jpg.rf.3411064a9d1523c8bfa8d3ab891f0755.jpg,pcb144rec1_jpg,Capacitor Jumper,100,133,19,25,62,83,component,,,
pcb144rec1_jpg__067__Capacitor_Jumper.png,fpic_rf100,train/images/pcb144rec1_jpg.rf.3411064a9d1523c8bfa8d3ab891f0755.jpg,pcb144rec1_jpg,Capacitor Jumper,103,92,19,17,65,58,component,,,
pcb144rec1_jpg__068__Connector.png,fpic_rf100,train/images/pcb144rec1_jpg.rf.3411064a9d1523c8bfa8d3ab891f0755.jpg,pcb144rec1_jpg,Connector,417,237,80,2,267,181,component,,,
pcb145rec1_jpg__000__Capacitor_Jumper.png,fpic_rf100,train/images/pcb145rec1_jpg.rf.9c3069e03deb1b5e921a6d7cffaba000.jpg,pcb145rec1_jpg,Capacitor Jumper,137,135,26,25,85,84,component,,,
pcb145rec1_jpg__001__Capacitor_Jumper.png,fpic_rf100,train/images/pcb145rec1_jpg.rf.9c3069e03deb1b5e921a6d7cffaba000.jpg,pcb145rec1_jpg,Capacitor Jumper,84,91,16,17,52,57,component,,,
pcb145rec1_jpg__002__Capacitor_Jumper.png,fpic_rf100,train/images/pcb145rec1_jpg.rf.9c3069e03deb1b5e921a6d7cffaba000.jpg,pcb145rec1_jpg,Capacitor Jumper,138,102,26,19,86,64,component,,,
pcb145rec1_jpg__004__Capacitor_Jumper.png,fpic_rf100,train/images/pcb145rec1_jpg.rf.9c3069e03deb1b5e921a6d7cffaba000.jpg,pcb145rec1_jpg,Capacitor Jumper,82,80,15,15,52,50,component,,,
pcb145rec1_jpg__005__Connector.png,fpic_rf100,train/images/pcb145rec1_jpg.rf.9c3069e03deb1b5e921a6d7cffaba000.jpg,pcb145rec1_jpg,Connector,167,429,31,45,105,295,component,,,
pcb145rec1_jpg__006__Capacitor_Jumper.png,fpic_rf100,train/images/pcb145rec1_jpg.rf.9c3069e03deb1b5e921a6d7cffaba000.jpg,pcb145rec1_jpg,Capacitor Jumper,95,86,18,16,59,54,component,,,
pcb145rec1_jpg__008__Capacitor_Jumper.png,fpic_rf100,train/images/pcb145rec1_jpg.rf.9c3069e03deb1b5e921a6d7cffaba000.jpg,pcb145rec1_jpg,Capacitor Jumper,105,87,20,16,65,55,component,,,
pcb145rec1_jpg__009__IC.png,fpic_rf100,train/images/pcb145rec1_jpg.rf.9c3069e03deb1b5e921a6d7cffaba000.jpg,pcb145rec1_jpg,IC,355,245,67,46,222,153,component,,,
pcb145rec1_jpg__010__Capacitor_Jumper.png,fpic_rf100,train/images/pcb145rec1_jpg.rf.9c3069e03deb1b5e921a6d7cffaba000.jpg,pcb145rec1_jpg,Capacitor Jumper,90,100,17,19,56,62,component,,,
pcb145rec1_jpg__011__Capacitor_Jumper.png,fpic_rf100,train/images/pcb145rec1_jpg.rf.9c3069e03deb1b5e921a6d7cffaba000.jpg,pcb145rec1_jpg,Capacitor Jumper,97,87,18,16,61,55,component,,,
pcb145rec1_jpg__012__IC.png,fpic_rf100,train/images/pcb145rec1_jpg.rf.9c3069e03deb1b5e921a6d7cffaba000.jpg,pcb145rec1_jpg,IC,359,286,67,54,225,179,component,,,
pcb145rec1_jpg__014__Connector.png,fpic_rf100,train/images/pcb145rec1_jpg.rf.9c3069e03deb1b5e921a6d7cffaba000.jpg,pcb145rec1_jpg,Connector,228,855,43,48,142,621,component,,,
pcb145rec1_jpg__015__Connector.png,fpic_rf100,train/images/pcb145rec1_jpg.rf.9c3069e03deb1b5e921a6d7cffaba000.jpg,pcb145rec1_jpg,Connector,220,822,41,71,138,578,component,,,
pcb145rec1_jpg__016__Connector.png,fpic_rf100,train/images/pcb145rec1_jpg.rf.9c3069e03deb1b5e921a6d7cffaba000.jpg,pcb145rec1_jpg,Connector,223,857,42,69,139,606,component,,,
pcb145rec1_jpg__017__Capacitor_Jumper.png,fpic_rf100,train/images/pcb145rec1_jpg.rf.9c3069e03deb1b5e921a6d7cffaba000.jpg,pcb145rec1_jpg,Capacitor Jumper,112,108,21,20,70,68,component,,,
pcb145rec1_jpg__020__Capacitor_Jumper.png,fpic_rf100,train/images/pcb145rec1_jpg.rf.9c3069e03deb1b5e921a6d7cffaba000.jpg,pcb145rec1_jpg,Capacitor Jumper,101,102,19,19,63,64,component,,,
pcb145rec1_jpg__022__Capacitor_Jumper.png,fpic_rf100,train/images/pcb145rec1_jpg.rf.9c3069e03deb1b5e921a6d7cffaba000.jpg,pcb145rec1_jpg,Capacitor Jumper,98,92,18,17,61,58,component,,,
pcb145rec1_jpg__023__Capacitor_Jumper.png,fpic_rf100,train/images/pcb145rec1_jpg.rf.9c3069e03deb1b5e921a6d7cffaba000.jpg,pcb145rec1_jpg,Capacitor Jumper,103,81,19,15,65,51,component,,,
pcb145rec1_jpg__024__Capacitor_Jumper.png,fpic_rf100,train/images/pcb145rec1_jpg.rf.9c3069e03deb1b5e921a6d7cffaba000.jpg,pcb145rec1_jpg,Capacitor Jumper,103,108,19,20,65,68,component,,,
pcb145rec1_jpg__026__Capacitor_Jumper.png,fpic_rf100,train/images/pcb145rec1_jpg.rf.9c3069e03deb1b5e921a6d7cffaba000.jpg,pcb145rec1_jpg,Capacitor Jumper,92,95,17,18,58,59,component,,,
pcb145rec1_jpg__028__Capacitor_Jumper.png,fpic_rf100,train/images/pcb145rec1_jpg.rf.9c3069e03deb1b5e921a6d7cffaba000.jpg,pcb145rec1_jpg,Capacitor Jumper,111,90,21,17,69,56,component,,,
pcb145rec1_jpg__029__Capacitor_Jumper.png,fpic_rf100,train/images/pcb145rec1_jpg.rf.9c3069e03deb1b5e921a6d7cffaba000.jpg,pcb145rec1_jpg,Capacitor Jumper,140,110,26,21,88,69,component,,,
pcb145rec1_jpg__030__Connector.png,fpic_rf100,train/images/pcb145rec1_jpg.rf.9c3069e03deb1b5e921a6d7cffaba000.jpg,pcb145rec1_jpg,Connector,239,115,45,16,149,76,component,,,
pcb145rec1_jpg__031__Capacitor_Jumper.png,fpic_rf100,train/images/pcb145rec1_jpg.rf.9c3069e03deb1b5e921a6d7cffaba000.jpg,pcb145rec1_jpg,Capacitor Jumper,94,95,18,18,58,59,component,,,
pcb145rec1_jpg__032__Capacitor_Jumper.png,fpic_rf100,train/images/pcb145rec1_jpg.rf.9c3069e03deb1b5e921a6d7cffaba000.jpg,pcb145rec1_jpg,Capacitor Jumper,111,100,21,19,69,63,component,,,
pcb145rec1_jpg__033__Connector.png,fpic_rf100,train/images/pcb145rec1_jpg.rf.9c3069e03deb1b5e921a6d7cffaba000.jpg,pcb145rec1_jpg,Connector,255,86,48,16,159,54,component,,,
pcb145rec1_jpg__034__Capacitor_Jumper.png,fpic_rf100,train/images/pcb145rec1_jpg.rf.9c3069e03deb1b5e921a6d7cffaba000.jpg,pcb145rec1_jpg,Capacitor Jumper,107,119,20,22,67,74,component,,,
pcb145rec1_jpg__035__Connector.png,fpic_rf100,train/images/pcb145rec1_jpg.rf.9c3069e03deb1b5e921a6d7cffaba000.jpg,pcb145rec1_jpg,Connector,404,80,76,15,252,50,component,,,
pcb145rec1_jpg__037__Capacitor_Jumper.png,fpic_rf100,train/images/pcb145rec1_jpg.rf.9c3069e03deb1b5e921a6d7cffaba000.jpg,pcb145rec1_jpg,Capacitor Jumper,134,108,25,20,84,67,component,,,
pcb146rec1_jpg__013__IC.png,fpic_rf100,train/images/pcb146rec1_jpg.rf.382ed9b567f60745ae45551b577309e9.jpg,pcb146rec1_jpg,IC,128,106,24,20,80,66,component,,,
pcb146rec1_jpg__026__IC.png,fpic_rf100,train/images/pcb146rec1_jpg.rf.382ed9b567f60745ae45551b577309e9.jpg,pcb146rec1_jpg,IC,128,116,24,22,80,72,component,,,
pcb146rec1_jpg__027__Connector.png,fpic_rf100,train/images/pcb146rec1_jpg.rf.382ed9b567f60745ae45551b577309e9.jpg,pcb146rec1_jpg,Connector,116,181,0,34,89,113,component,,,
pcb146rec1_jpg__043__IC.png,fpic_rf100,train/images/pcb146rec1_jpg.rf.382ed9b567f60745ae45551b577309e9.jpg,pcb146rec1_jpg,IC,149,108,28,20,93,68,component,,,
pcb146rec1_jpg__045__Connector.png,fpic_rf100,train/images/pcb146rec1_jpg.rf.382ed9b567f60745ae45551b577309e9.jpg,pcb146rec1_jpg,Connector,124,165,0,31,95,103,component,,,
pcb146rec1_jpg__051__IC.png,fpic_rf100,train/images/pcb146rec1_jpg.rf.382ed9b567f60745ae45551b577309e9.jpg,pcb146rec1_jpg,IC,137,96,26,18,85,60,component,,,
pcb146rec1_jpg__055__IC.png,fpic_rf100,train/images/pcb146rec1_jpg.rf.382ed9b567f60745ae45551b577309e9.jpg,pcb146rec1_jpg,IC,122,102,23,19,76,64,component,,,
pcb146rec1_jpg__069__Connector.png,fpic_rf100,train/images/pcb146rec1_jpg.rf.382ed9b567f60745ae45551b577309e9.jpg,pcb146rec1_jpg,Connector,114,168,6,31,83,105,component,,,
pcb146rec1_jpg__072__Connector.png,fpic_rf100,train/images/pcb146rec1_jpg.rf.382ed9b567f60745ae45551b577309e9.jpg,pcb146rec1_jpg,Connector,390,131,73,30,244,100,component,,,
pcb147rec1_jpg__017__Capacitor.png,fpic_rf100,train/images/pcb147rec1_jpg.rf.685ae02b36777d89b1079fb3babeaf1b.jpg,pcb147rec1_jpg,Capacitor,108,104,20,19,68,65,component,,,
pcb147rec1_jpg__019__IC.png,fpic_rf100,train/images/pcb147rec1_jpg.rf.685ae02b36777d89b1079fb3babeaf1b.jpg,pcb147rec1_jpg,IC,196,305,37,57,122,191,component,,,
pcb147rec1_jpg__065__Connector.png,fpic_rf100,train/images/pcb147rec1_jpg.rf.685ae02b36777d89b1079fb3babeaf1b.jpg,pcb147rec1_jpg,Connector,84,209,16,39,52,131,component,,,
pcb147rec1_jpg__066__IC.png,fpic_rf100,train/images/pcb147rec1_jpg.rf.685ae02b36777d89b1079fb3babeaf1b.jpg,pcb147rec1_jpg,IC,107,106,20,20,67,66,component,,,
pcb147rec1_jpg__071__IC.png,fpic_rf100,train/images/pcb147rec1_jpg.rf.685ae02b36777d89b1079fb3babeaf1b.jpg,pcb147rec1_jpg,IC,356,331,67,62,222,207,component,,,
pcb147rec1_jpg__084__IC.png,fpic_rf100,train/images/pcb147rec1_jpg.rf.685ae02b36777d89b1079fb3babeaf1b.jpg,pcb147rec1_jpg,IC,128,117,24,22,80,73,component,,,
pcb147rec1_jpg__086__Connector.png,fpic_rf100,train/images/pcb147rec1_jpg.rf.685ae02b36777d89b1079fb3babeaf1b.jpg,pcb147rec1_jpg,Connector,85,181,16,34,53,113,component,,,
pcb147rec1_jpg__135__Capacitor.png,fpic_rf100,train/images/pcb147rec1_jpg.rf.685ae02b36777d89b1079fb3babeaf1b.jpg,pcb147rec1_jpg,Capacitor,102,104,19,19,64,65,component,,,
pcb148rec1_jpg__004__IC.png,fpic_rf100,train/images/pcb148rec1_jpg.rf.38bc70d0d3d0fb0ed128048857f35f33.jpg,pcb148rec1_jpg,IC,144,145,27,27,90,90,component,,,
pcb148rec1_jpg__055__Transistor.png,fpic_rf100,train/images/pcb148rec1_jpg.rf.38bc70d0d3d0fb0ed128048857f35f33.jpg,pcb148rec1_jpg,Transistor,190,155,36,29,119,97,component,,,
pcb148rec1_jpg__057__Transistor.png,fpic_rf100,train/images/pcb148rec1_jpg.rf.38bc70d0d3d0fb0ed128048857f35f33.jpg,pcb148rec1_jpg,Transistor,196,157,37,29,122,98,component,,,
pcb148rec1_jpg__062__Transistor.png,fpic_rf100,train/images/pcb148rec1_jpg.rf.38bc70d0d3d0fb0ed128048857f35f33.jpg,pcb148rec1_jpg,Transistor,188,201,35,38,118,125,component,,,
pcb148rec1_jpg__064__Transistor.png,fpic_rf100,train/images/pcb148rec1_jpg.rf.38bc70d0d3d0fb0ed128048857f35f33.jpg,pcb148rec1_jpg,Transistor,180,143,34,27,112,89,component,,,
pcb148rec1_jpg__066__Transistor.png,fpic_rf100,train/images/pcb148rec1_jpg.rf.38bc70d0d3d0fb0ed128048857f35f33.jpg,pcb148rec1_jpg,Transistor,176,154,33,29,110,96,component,,,
pcb148rec1_jpg__068__Transistor.png,fpic_rf100,train/images/pcb148rec1_jpg.rf.38bc70d0d3d0fb0ed128048857f35f33.jpg,pcb148rec1_jpg,Transistor,197,160,37,30,123,100,component,,,
pcb148rec1_jpg__072__Transistor.png,fpic_rf100,train/images/pcb148rec1_jpg.rf.38bc70d0d3d0fb0ed128048857f35f33.jpg,pcb148rec1_jpg,Transistor,166,155,31,29,104,97,component,,,
pcb148rec1_jpg__075__Transistor.png,fpic_rf100,train/images/pcb148rec1_jpg.rf.38bc70d0d3d0fb0ed128048857f35f33.jpg,pcb148rec1_jpg,Transistor,159,178,30,33,99,112,component,,,
pcb148rec1_jpg__077__Capacitor_Jumper.png,fpic_rf100,train/images/pcb148rec1_jpg.rf.38bc70d0d3d0fb0ed128048857f35f33.jpg,pcb148rec1_jpg,Capacitor Jumper,409,383,77,72,255,239,component,,,
pcb148rec1_jpg__078__Capacitor_Jumper.png,fpic_rf100,train/images/pcb148rec1_jpg.rf.38bc70d0d3d0fb0ed128048857f35f33.jpg,pcb148rec1_jpg,Capacitor Jumper,389,323,73,61,243,202,component,,,
pcb148rec1_jpg__109__IC.png,fpic_rf100,train/images/pcb148rec1_jpg.rf.38bc70d0d3d0fb0ed128048857f35f33.jpg,pcb148rec1_jpg,IC,171,109,32,20,107,68,component,,,
pcb148rec1_jpg__132__IC.png,fpic_rf100,train/images/pcb148rec1_jpg.rf.38bc70d0d3d0fb0ed128048857f35f33.jpg,pcb148rec1_jpg,IC,167,111,31,21,105,70,component,,,
pcb148rec1_jpg__177__IC.png,fpic_rf100,train/images/pcb148rec1_jpg.rf.38bc70d0d3d0fb0ed128048857f35f33.jpg,pcb148rec1_jpg,IC,122,122,23,23,76,76,component,,,
pcb149rec1_jpg__000__Capacitor.png,fpic_rf100,train/images/pcb149rec1_jpg.rf.286c7069125cb49c4e131b7ca30b7936.jpg,pcb149rec1_jpg,Capacitor,159,128,30,24,99,80,component,,,
pcb149rec1_jpg__001__Transistor.png,fpic_rf100,train/images/pcb149rec1_jpg.rf.286c7069125cb49c4e131b7ca30b7936.jpg,pcb149rec1_jpg,Transistor,204,192,38,36,128,120,component,,,
pcb149rec1_jpg__002__Connector.png,fpic_rf100,train/images/pcb149rec1_jpg.rf.286c7069125cb49c4e131b7ca30b7936.jpg,pcb149rec1_jpg,Connector,139,430,26,23,87,313,component,,,
pcb149rec1_jpg__003__Capacitor.png,fpic_rf100,train/images/pcb149rec1_jpg.rf.286c7069125cb49c4e131b7ca30b7936.jpg,pcb149rec1_jpg,Capacitor,86,159,16,30,54,99,component,,,
pcb149rec1_jpg__004__Capacitor.png,fpic_rf100,train/images/pcb149rec1_jpg.rf.286c7069125cb49c4e131b7ca30b7936.jpg,pcb149rec1_jpg,Capacitor,159,112,30,21,99,70,component,,,
pcb149rec1_jpg__005__Capacitor.png,fpic_rf100,train/images/pcb149rec1_jpg.rf.286c7069125cb49c4e131b7ca30b7936.jpg,pcb149rec1_jpg,Capacitor,118,180,22,34,74,112,component,,,
pcb149rec1_jpg__006__Connector.png,fpic_rf100,train/images/pcb149rec1_jpg.rf.286c7069125cb49c4e131b7ca30b7936.jpg,pcb149rec1_jpg,Connector,92,223,0,42,71,139,component,,,
pcb149rec1_jpg__007__Capacitor.png,fpic_rf100,train/images/pcb149rec1_jpg.rf.286c7069125cb49c4e131b7ca30b7936.jpg,pcb149rec1_jpg,Capacitor,81,177,15,33,51,111,component,,,
pcb149rec1_jpg__008__Connector.png,fpic_rf100,train/images/pcb149rec1_jpg.rf.286c7069125cb49c4e131b7ca30b7936.jpg,pcb149rec1_jpg,Connector,78,260,0,49,60,162,component,,,
pcb14rec1_jpg__002__Capacitor_Jumper.png,fpic_rf100,test/images/pcb14rec1_jpg.rf.84673fdce05e2565efe56bdb371aa21a.jpg,pcb14rec1_jpg,Capacitor Jumper,87,85,16,16,55,53,component,,,
pcb14rec1_jpg__017__Capacitor_Jumper.png,fpic_rf100,test/images/pcb14rec1_jpg.rf.84673fdce05e2565efe56bdb371aa21a.jpg,pcb14rec1_jpg,Capacitor Jumper,137,135,26,25,86,85,component,,,
pcb14rec1_jpg__018__Capacitor_Jumper.png,fpic_rf100,test/images/pcb14rec1_jpg.rf.84673fdce05e2565efe56bdb371aa21a.jpg,pcb14rec1_jpg,Capacitor Jumper,121,95,23,18,76,60,component,,,
pcb14rec1_jpg__022__Capacitor_Jumper.png,fpic_rf100,test/images/pcb14rec1_jpg.rf.84673fdce05e2565efe56bdb371aa21a.jpg,pcb14rec1_jpg,Capacitor Jumper,78,92,15,17,48,57,component,,,
pcb14rec1_jpg__025__Capacitor_Jumper.png,fpic_rf100,test/images/pcb14rec1_jpg.rf.84673fdce05e2565efe56bdb371aa21a.jpg,pcb14rec1_jpg,Capacitor Jumper,123,101,23,19,77,63,component,,,
pcb14rec1_jpg__028__Capacitor_Jumper.png,fpic_rf100,test/images/pcb14rec1_jpg.rf.84673fdce05e2565efe56bdb371aa21a.jpg,pcb14rec1_jpg,Capacitor Jumper,96,87,18,16,60,55,component,,,
pcb14rec1_jpg__035__IC.png,fpic_rf100,test/images/pcb14rec1_jpg.rf.84673fdce05e2565efe56bdb371aa21a.jpg,pcb14rec1_jpg,IC,234,235,44,44,146,147,component,,,
pcb14rec1_jpg__044__Capacitor_Jumper.png,fpic_rf100,test/images/pcb14rec1_jpg.rf.84673fdce05e2565efe56bdb371aa21a.jpg,pcb14rec1_jpg,Capacitor Jumper,80,91,15,17,50,57,component,,,
pcb14rec1_jpg__048__IC.png,fpic_rf100,test/images/pcb14rec1_jpg.rf.84673fdce05e2565efe56bdb371aa21a.jpg,pcb14rec1_jpg,IC,201,125,38,23,125,78,component,,,
pcb14rec1_jpg__056__Capacitor_Jumper.png,fpic_rf100,test/images/pcb14rec1_jpg.rf.84673fdce05e2565efe56bdb371aa21a.jpg,pcb14rec1_jpg,Capacitor Jumper,90,108,17,20,56,68,component,,,
pcb14rec1_jpg__057__Capacitor_Jumper.png,fpic_rf100,test/images/pcb14rec1_jpg.rf.84673fdce05e2565efe56bdb371aa21a.jpg,pcb14rec1_jpg,Capacitor Jumper,115,119,22,22,72,75,component,,,
pcb14rec1_jpg__058__Capacitor_Jumper.png,fpic_rf100,test/images/pcb14rec1_jpg.rf.84673fdce05e2565efe56bdb371aa21a.jpg,pcb14rec1_jpg,Capacitor Jumper,111,103,21,19,70,65,component,,,
pcb14rec1_jpg__068__Capacitor_Jumper.png,fpic_rf100,test/images/pcb14rec1_jpg.rf.84673fdce05e2565efe56bdb371aa21a.jpg,pcb14rec1_jpg,Capacitor Jumper,117,87,22,16,73,54,component,,,
pcb14rec1_jpg__069__Capacitor_Jumper.png,fpic_rf100,test/images/pcb14rec1_jpg.rf.84673fdce05e2565efe56bdb371aa21a.jpg,pcb14rec1_jpg,Capacitor Jumper,140,141,26,26,87,88,component,,,
pcb14rec1_jpg__070__Capacitor_Jumper.png,fpic_rf100,test/images/pcb14rec1_jpg.rf.84673fdce05e2565efe56bdb371aa21a.jpg,pcb14rec1_jpg,Capacitor Jumper,124,137,23,26,77,85,component,,,
pcb14rec1_jpg__071__Capacitor_Jumper.png,fpic_rf100,test/images/pcb14rec1_jpg.rf.84673fdce05e2565efe56bdb371aa21a.jpg,pcb14rec1_jpg,Capacitor Jumper,137,141,26,26,85,88,component,,,
pcb14rec1_jpg__072__Capacitor_Jumper.png,fpic_rf100,test/images/pcb14rec1_jpg.rf.84673fdce05e2565efe56bdb371aa21a.jpg,pcb14rec1_jpg,Capacitor Jumper,128,145,24,27,80,91,component,,,
pcb14rec1_jpg__076__Capacitor_Jumper.png,fpic_rf100,test/images/pcb14rec1_jpg.rf.84673fdce05e2565efe56bdb371aa21a.jpg,pcb14rec1_jpg,Capacitor Jumper,123,114,23,21,77,72,component,,,
pcb14rec1_jpg__084__Capacitor_Jumper.png,fpic_rf100,test/images/pcb14rec1_jpg.rf.84673fdce05e2565efe56bdb371aa21a.jpg,pcb14rec1_jpg,Capacitor Jumper,177,117,33,22,111,73,component,,,
pcb14rec1_jpg__087__IC.png,fpic_rf100,test/images/pcb14rec1_jpg.rf.84673fdce05e2565efe56bdb371aa21a.jpg,pcb14rec1_jpg,IC,167,89,31,17,104,56,component,,,
pcb14rec1_jpg__095__Capacitor_Jumper.png,fpic_rf100,test/images/pcb14rec1_jpg.rf.84673fdce05e2565efe56bdb371aa21a.jpg,pcb14rec1_jpg,Capacitor Jumper,126,112,24,21,78,70,component,,,
pcb14rec1_jpg__097__Capacitor_Jumper.png,fpic_rf100,test/images/pcb14rec1_jpg.rf.84673fdce05e2565efe56bdb371aa21a.jpg,pcb14rec1_jpg,Capacitor Jumper,118,121,22,23,74,75,component,,,
pcb14rec1_jpg__098__Connector.png,fpic_rf100,test/images/pcb14rec1_jpg.rf.84673fdce05e2565efe56bdb371aa21a.jpg,pcb14rec1_jpg,Connector,100,423,19,83,62,278,component,,,
pcb14rec1_jpg__099__Capacitor_Jumper.png,fpic_rf100,test/images/pcb14rec1_jpg.rf.84673fdce05e2565efe56bdb371aa21a.jpg,pcb14rec1_jpg,Capacitor Jumper,114,117,21,22,71,73,component,,,
pcb14rec1_jpg__103__Capacitor_Jumper.png,fpic_rf100,test/images/pcb14rec1_jpg.rf.84673fdce05e2565efe56bdb371aa21a.jpg,pcb14rec1_jpg,Capacitor Jumper,140,170,26,32,87,106,component,,,
pcb14rec1_jpg__104__Capacitor_Jumper.png,fpic_rf100,test/images/pcb14rec1_jpg.rf.84673fdce05e2565efe56bdb371aa21a.jpg,pcb14rec1_jpg,Capacitor Jumper,129,128,24,24,80,80,component,,,
pcb14rec1_jpg__105__Capacitor_Jumper.png,fpic_rf100,test/images/pcb14rec1_jpg.rf.84673fdce05e2565efe56bdb371aa21a.jpg,pcb14rec1_jpg,Capacitor Jumper,137,129,26,24,85,81,component,,,
pcb14rec1_jpg__111__Capacitor_Jumper.png,fpic_rf100,test/images/pcb14rec1_jpg.rf.84673fdce05e2565efe56bdb371aa21a.jpg,pcb14rec1_jpg,Capacitor Jumper,98,85,18,16,61,53,component,,,
pcb14rec1_jpg__112__Capacitor_Jumper.png,fpic_rf100,test/images/pcb14rec1_jpg.rf.84673fdce05e2565efe56bdb371aa21a.jpg,pcb14rec1_jpg,Capacitor Jumper,115,92,22,17,72,58,component,,,
pcb14rec1_jpg__113__IC.png,fpic_rf100,test/images/pcb14rec1_jpg.rf.84673fdce05e2565efe56bdb371aa21a.jpg,pcb14rec1_jpg,IC,114,93,21,17,72,58,component,,,
pcb14rec1_jpg__119__Capacitor_Jumper.png,fpic_rf100,test/images/pcb14rec1_jpg.rf.84673fdce05e2565efe56bdb371aa21a.jpg,pcb14rec1_jpg,Capacitor Jumper,124,150,23,28,78,94,component,,,
pcb14rec1_jpg__121__Capacitor_Jumper.png,fpic_rf100,test/images/pcb14rec1_jpg.rf.84673fdce05e2565efe56bdb371aa21a.jpg,pcb14rec1_jpg,Capacitor Jumper,155,146,29,27,97,92,component,,,
pcb14rec1_jpg__122__Connector.png,fpic_rf100,test/images/pcb14rec1_jpg.rf.84673fdce05e2565efe56bdb371aa21a.jpg,pcb14rec1_jpg,Connector,123,92,23,17,77,58,component,,,
pcb14rec1_jpg__123__Connector.png,fpic_rf100,test/images/pcb14rec1_jpg.rf.84673fdce05e2565efe56bdb371aa21a.jpg,pcb14rec1_jpg,Connector,160,91,30,17,100,57,component,,,
pcb14rec1_jpg__125__Capacitor_Jumper.png,fpic_rf100,test/images/pcb14rec1_jpg.rf.84673fdce05e2565efe56bdb371aa21a.jpg,pcb14rec1_jpg,Capacitor Jumper,114,99,21,19,72,62,component,,,
pcb14rec1_jpg__127__Connector.png,fpic_rf100,test/images/pcb14rec1_jpg.rf.84673fdce05e2565efe56bdb371aa21a.jpg,pcb14rec1_jpg,Connector,362,94,68,18,226,59,component,,,
pcb14rec1_jpg__146__Capacitor_Jumper.png,fpic_rf100,test/images/pcb14rec1_jpg.rf.84673fdce05e2565efe56bdb371aa21a.jpg,pcb14rec1_jpg,Capacitor Jumper,96,107,18,20,60,67,component,,,
pcb14rec1_jpg__164__Capacitor_Jumper.png,fpic_rf100,test/images/pcb14rec1_jpg.rf.84673fdce05e2565efe56bdb371aa21a.jpg,pcb14rec1_jpg,Capacitor Jumper,110,123,21,23,69,77,component,,,
pcb14rec1_jpg__167__IC.png,fpic_rf100,test/images/pcb14rec1_jpg.rf.84673fdce05e2565efe56bdb371aa21a.jpg,pcb14rec1_jpg,IC,235,324,44,61,147,203,component,,,
pcb14rec1_jpg__188__Capacitor_Jumper.png,fpic_rf100,test/images/pcb14rec1_jpg.rf.84673fdce05e2565efe56bdb371aa21a.jpg,pcb14rec1_jpg,Capacitor Jumper,103,97,19,18,65,61,component,,,
pcb14rec1_jpg__218__Capacitor_Jumper.png,fpic_rf100,test/images/pcb14rec1_jpg.rf.84673fdce05e2565efe56bdb371aa21a.jpg,pcb14rec1_jpg,Capacitor Jumper,100,90,19,17,62,57,component,,,
pcb14rec1_jpg__227__Capacitor_Jumper.png,fpic_rf100,test/images/pcb14rec1_jpg.rf.84673fdce05e2565efe56bdb371aa21a.jpg,pcb14rec1_jpg,Capacitor Jumper,100,134,19,25,62,84,component,,,
pcb14rec1_jpg__228__Capacitor_Jumper.png,fpic_rf100,test/images/pcb14rec1_jpg.rf.84673fdce05e2565efe56bdb371aa21a.jpg,pcb14rec1_jpg,Capacitor Jumper,134,119,25,22,84,75,component,,,
pcb14rec1_jpg__243__Connector.png,fpic_rf100,test/images/pcb14rec1_jpg.rf.84673fdce05e2565efe56bdb371aa21a.jpg,pcb14rec1_jpg,Connector,290,944,54,177,182,590,component,,,
pcb14rec1_jpg__244__Connector.png,fpic_rf100,test/images/pcb14rec1_jpg.rf.84673fdce05e2565efe56bdb371aa21a.jpg,pcb14rec1_jpg,Connector,379,853,35,160,264,533,component,,,
pcb14rec1_jpg__247__Connector.png,fpic_rf100,test/images/pcb14rec1_jpg.rf.84673fdce05e2565efe56bdb371aa21a.jpg,pcb14rec1_jpg,Connector,357,882,67,165,223,551,component,,,
pcb14rec1_jpg__249__IC.png,fpic_rf100,test/images/pcb14rec1_jpg.rf.84673fdce05e2565efe56bdb371aa21a.jpg,pcb14rec1_jpg,IC,241,320,45,60,151,200,component,,,
pcb14rec1_jpg__294__Capacitor_Jumper.png,fpic_rf100,test/images/pcb14rec1_jpg.rf.84673fdce05e2565efe56bdb371aa21a.jpg,pcb14rec1_jpg,Capacitor Jumper,117,111,22,21,73,70,component,,,
pcb14rec1_jpg__302__Capacitor_Jumper.png,fpic_rf100,test/images/pcb14rec1_jpg.rf.84673fdce05e2565efe56bdb371aa21a.jpg,pcb14rec1_jpg,Capacitor Jumper,155,133,29,25,97,83,component,,,
pcb14rec1_jpg__309__IC.png,fpic_rf100,test/images/pcb14rec1_jpg.rf.84673fdce05e2565efe56bdb371aa21a.jpg,pcb14rec1_jpg,IC,167,308,31,58,104,192,component,,,
pcb14rec1_jpg__312__IC.png,fpic_rf100,test/images/pcb14rec1_jpg.rf.84673fdce05e2565efe56bdb371aa21a.jpg,pcb14rec1_jpg,IC,169,287,32,54,105,179,component,,,
pcb14rec1_jpg__323__Capacitor_Jumper.png,fpic_rf100,test/images/pcb14rec1_jpg.rf.84673fdce05e2565efe56bdb371aa21a.jpg,pcb14rec1_jpg,Capacitor Jumper,129,123,24,23,81,77,component,,,
pcb14rec1_jpg__340__Capacitor_Jumper.png,fpic_rf100,test/images/pcb14rec1_jpg.rf.84673fdce05e2565efe56bdb371aa21a.jpg,pcb14rec1_jpg,Capacitor Jumper,107,92,20,17,67,58,component,,,
pcb14rec1_jpg__351__IC.png,fpic_rf100,test/images/pcb14rec1_jpg.rf.84673fdce05e2565efe56bdb371aa21a.jpg,pcb14rec1_jpg,IC,250,321,47,60,156,201,component,,,
pcb14rec1_jpg__357__IC.png,fpic_rf100,test/images/pcb14rec1_jpg.rf.84673fdce05e2565efe56bdb371aa21a.jpg,pcb14rec1_jpg,IC,443,437,83,82,277,273,component,,,
pcb150rec1_jpg__000__Connector.png,fpic_rf100,valid/images/pcb150rec1_jpg.rf.b60a647dd359f0730f70d9c6ce4b5519.jpg,pcb150rec1_jpg,Connector,88,442,11,32,59,316,component,,,
pcb150rec1_jpg__001__Transistor.png,fpic_rf100,valid/images/pcb150rec1_jpg.rf.b60a647dd359f0730f70d9c6ce4b5519.jpg,pcb150rec1_jpg,Transistor,271,430,51,50,169,292,component,,,
pcb150rec1_jpg__002__Capacitor_Jumper.png,fpic_rf100,valid/images/pcb150rec1_jpg.rf.b60a647dd359f0730f70d9c6ce4b5519.jpg,pcb150rec1_jpg,Capacitor Jumper,94,100,18,19,59,62,component,,,
pcb150rec1_jpg__004__Capacitor_Jumper.png,fpic_rf100,valid/images/pcb150rec1_jpg.rf.b60a647dd359f0730f70d9c6ce4b5519.jpg,pcb150rec1_jpg,Capacitor Jumper,110,98,21,18,69,61,component,,,
pcb150rec1_jpg__006__Capacitor_Jumper.png,fpic_rf100,valid/images/pcb150rec1_jpg.rf.b60a647dd359f0730f70d9c6ce4b5519.jpg,pcb150rec1_jpg,Capacitor Jumper,137,151,26,28,86,94,component,,,
pcb150rec1_jpg__007__Resistor_Jumper.png,fpic_rf100,valid/images/pcb150rec1_jpg.rf.b60a647dd359f0730f70d9c6ce4b5519.jpg,pcb150rec1_jpg,Resistor Jumper,90,203,17,38,56,127,component,,,
pcb150rec1_jpg__010__Capacitor_Jumper.png,fpic_rf100,valid/images/pcb150rec1_jpg.rf.b60a647dd359f0730f70d9c6ce4b5519.jpg,pcb150rec1_jpg,Capacitor Jumper,101,95,19,18,63,60,component,,,
pcb150rec1_jpg__011__Capacitor_Jumper.png,fpic_rf100,valid/images/pcb150rec1_jpg.rf.b60a647dd359f0730f70d9c6ce4b5519.jpg,pcb150rec1_jpg,Capacitor Jumper,148,151,28,28,92,94,component,,,
pcb150rec1_jpg__012__Connector.png,fpic_rf100,valid/images/pcb150rec1_jpg.rf.b60a647dd359f0730f70d9c6ce4b5519.jpg,pcb150rec1_jpg,Connector,83,187,9,35,57,117,component,,,
pcb150rec1_jpg__013__Transistor.png,fpic_rf100,valid/images/pcb150rec1_jpg.rf.b60a647dd359f0730f70d9c6ce4b5519.jpg,pcb150rec1_jpg,Transistor,151,79,28,15,95,49,component,,,
pcb150rec1_jpg__014__Transistor.png,fpic_rf100,valid/images/pcb150rec1_jpg.rf.b60a647dd359f0730f70d9c6ce4b5519.jpg,pcb150rec1_jpg,Transistor,162,79,30,15,102,49,component,,,
pcb150rec1_jpg__016__Capacitor_Jumper.png,fpic_rf100,valid/images/pcb150rec1_jpg.rf.b60a647dd359f0730f70d9c6ce4b5519.jpg,pcb150rec1_jpg,Capacitor Jumper,150,132,28,25,93,82,component,,,
pcb150rec1_jpg__017__Connector.png,fpic_rf100,valid/images/pcb150rec1_jpg.rf.b60a647dd359f0730f70d9c6ce4b5519.jpg,pcb150rec1_jpg,Connector,178,111,33,14,112,74,component,,,
pcb150rec1_jpg__019__Capacitor_Jumper.png,fpic_rf100,valid/images/pcb150rec1_jpg.rf.b60a647dd359f0730f70d9c6ce4b5519.jpg,pcb150rec1_jpg,Capacitor Jumper,92,103,17,19,58,65,component,,,
pcb150rec1_jpg__020__Capacitor_Jumper.png,fpic_rf100,valid/images/pcb150rec1_jpg.rf.b60a647dd359f0730f70d9c6ce4b5519.jpg,pcb150rec1_jpg,Capacitor Jumper,137,140,26,26,86,88,component,,,
pcb150rec1_jpg__021__Capacitor_Jumper.png,fpic_rf100,valid/images/pcb150rec1_jpg.rf.b60a647dd359f0730f70d9c6ce4b5519.jpg,pcb150rec1_jpg,Capacitor Jumper,119,261,22,49,75,163,component,,,
pcb150rec1_jpg__022__Connector.png,fpic_rf100,valid/images/pcb150rec1_jpg.rf.b60a647dd359f0730f70d9c6ce4b5519.jpg,pcb150rec1_jpg,Connector,122,249,23,47,76,156,component,,,
pcb150rec1_jpg__023__Connector.png,fpic_rf100,valid/images/pcb150rec1_jpg.rf.b60a647dd359f0730f70d9c6ce4b5519.jpg,pcb150rec1_jpg,Connector,89,319,12,61,59,204,component,,,
pcb150rec1_jpg__025__Capacitor_Jumper.png,fpic_rf100,valid/images/pcb150rec1_jpg.rf.b60a647dd359f0730f70d9c6ce4b5519.jpg,pcb150rec1_jpg,Capacitor Jumper,106,117,20,27,66,90,component,,,
pcb150rec1_jpg__026__Capacitor_Jumper.png,fpic_rf100,valid/images/pcb150rec1_jpg.rf.b60a647dd359f0730f70d9c6ce4b5519.jpg,pcb150rec1_jpg,Capacitor Jumper,80,93,15,17,50,58,component,,,
pcb150rec1_jpg__027__Capacitor_Jumper.png,fpic_rf100,valid/images/pcb150rec1_jpg.rf.b60a647dd359f0730f70d9c6ce4b5519.jpg,pcb150rec1_jpg,Capacitor Jumper,106,107,20,20,66,67,component,,,
pcb151rec1_jpg__000__Resistor_Jumper.png,fpic_rf100,train/images/pcb151rec1_jpg.rf.0ddf63a2131823c04868b267080a60f9.jpg,pcb151rec1_jpg,Resistor Jumper,182,167,34,31,114,104,component,,,
pcb151rec1_jpg__001__Capacitor_Jumper.png,fpic_rf100,train/images/pcb151rec1_jpg.rf.0ddf63a2131823c04868b267080a60f9.jpg,pcb151rec1_jpg,Capacitor Jumper,151,139,28,26,94,87,component,,,
pcb151rec1_jpg__002__Capacitor_Jumper.png,fpic_rf100,train/images/pcb151rec1_jpg.rf.0ddf63a2131823c04868b267080a60f9.jpg,pcb151rec1_jpg,Capacitor Jumper,186,222,42,42,140,138,component,,,
pcb151rec1_jpg__003__Resistor_Jumper.png,fpic_rf100,train/images/pcb151rec1_jpg.rf.0ddf63a2131823c04868b267080a60f9.jpg,pcb151rec1_jpg,Resistor Jumper,102,244,19,46,64,152,component,,,
pcb151rec1_jpg__004__Capacitor_Jumper.png,fpic_rf100,train/images/pcb151rec1_jpg.rf.0ddf63a2131823c04868b267080a60f9.jpg,pcb151rec1_jpg,Capacitor Jumper,191,176,36,33,119,110,component,,,
pcb151rec1_jpg__005__Connector.png,fpic_rf100,train/images/pcb151rec1_jpg.rf.0ddf63a2131823c04868b267080a60f9.jpg,pcb151rec1_jpg,Connector,122,441,8,83,88,275,component,,,
pcb151rec1_jpg__006__Capacitor_Jumper.png,fpic_rf100,train/images/pcb151rec1_jpg.rf.0ddf63a2131823c04868b267080a60f9.jpg,pcb151rec1_jpg,Capacitor Jumper,250,107,47,20,156,67,component,,,
pcb151rec1_jpg__007__IC.png,fpic_rf100,train/images/pcb151rec1_jpg.rf.0ddf63a2131823c04868b267080a60f9.jpg,pcb151rec1_jpg,IC,171,166,32,31,107,104,component,,,
pcb151rec1_jpg__008__Capacitor_Jumper.png,fpic_rf100,train/images/pcb151rec1_jpg.rf.0ddf63a2131823c04868b267080a60f9.jpg,pcb151rec1_jpg,Capacitor Jumper,208,215,39,40,130,134,component,,,
pcb151rec1_jpg__009__IC.png,fpic_rf100,train/images/pcb151rec1_jpg.rf.0ddf63a2131823c04868b267080a60f9.jpg,pcb151rec1_jpg,IC,141,95,26,18,88,59,component,,,
pcb151rec1_jpg__010__Capacitor_Jumper.png,fpic_rf100,train/images/pcb151rec1_jpg.rf.0ddf63a2131823c04868b267080a60f9.jpg,pcb151rec1_jpg,Capacitor Jumper,85,111,16,21,53,69,component,,,
pcb151rec1_jpg__011__Capacitor_Jumper.png,fpic_rf100,train/images/pcb151rec1_jpg.rf.0ddf63a2131823c04868b267080a60f9.jpg,pcb151rec1_jpg,Capacitor Jumper,161,116,30,27,101,89,component,,,
pcb151rec1_jpg__012__Capacitor_Jumper.png,fpic_rf100,train/images/pcb151rec1_jpg.rf.0ddf63a2131823c04868b267080a60f9.jpg,pcb151rec1_jpg,Capacitor Jumper,143,119,27,22,89,75,component,,,
pcb151rec1_jpg__013__Capacitor_Jumper.png,fpic_rf100,train/images/pcb151rec1_jpg.rf.0ddf63a2131823c04868b267080a60f9.jpg,pcb151rec1_jpg,Capacitor Jumper,214,212,40,40,134,132,component,,,
pcb151rec1_jpg__014__Capacitor_Jumper.png,fpic_rf100,train/images/pcb151rec1_jpg.rf.0ddf63a2131823c04868b267080a60f9.jpg,pcb151rec1_jpg,Capacitor Jumper,90,151,17,28,56,95,component,,,
pcb151rec1_jpg__015__Capacitor_Jumper.png,fpic_rf100,train/images/pcb151rec1_jpg.rf.0ddf63a2131823c04868b267080a60f9.jpg,pcb151rec1_jpg,Capacitor Jumper,90,143,17,27,56,89,component,,,
pcb151rec1_jpg__016__Capacitor_Jumper.png,fpic_rf100,train/images/pcb151rec1_jpg.rf.0ddf63a2131823c04868b267080a60f9.jpg,pcb151rec1_jpg,Capacitor Jumper,119,117,22,22,75,73,component,,,
pcb151rec1_jpg__017__Capacitor_Jumper.png,fpic_rf100,train/images/pcb151rec1_jpg.rf.0ddf63a2131823c04868b267080a60f9.jpg,pcb151rec1_jpg,Capacitor Jumper,140,127,26,24,87,80,component,,,
pcb151rec1_jpg__019__Capacitor_Jumper.png,fpic_rf100,train/images/pcb151rec1_jpg.rf.0ddf63a2131823c04868b267080a60f9.jpg,pcb151rec1_jpg,Capacitor Jumper,187,202,35,38,117,126,component,,,
pcb151rec1_jpg__020__Capacitor_Jumper.png,fpic_rf100,train/images/pcb151rec1_jpg.rf.0ddf63a2131823c04868b267080a60f9.jpg,pcb151rec1_jpg,Capacitor Jumper,166,175,31,33,104,109,component,,,
pcb151rec1_jpg__021__Capacitor_Jumper.png,fpic_rf100,train/images/pcb151rec1_jpg.rf.0ddf63a2131823c04868b267080a60f9.jpg,pcb151rec1_jpg,Capacitor Jumper,171,194,32,36,107,121,component,,,
pcb151rec1_jpg__022__IC.png,fpic_rf100,train/images/pcb151rec1_jpg.rf.0ddf63a2131823c04868b267080a60f9.jpg,pcb151rec1_jpg,IC,156,125,29,23,98,78,component,,,
pcb151rec1_jpg__023__Capacitor_Jumper.png,fpic_rf100,train/images/pcb151rec1_jpg.rf.0ddf63a2131823c04868b267080a60f9.jpg,pcb151rec1_jpg,Capacitor Jumper,196,212,37,40,122,132,component,,,
pcb151rec1_jpg__024__Capacitor_Jumper.png,fpic_rf100,train/images/pcb151rec1_jpg.rf.0ddf63a2131823c04868b267080a60f9.jpg,pcb151rec1_jpg,Capacitor Jumper,134,165,25,31,84,103,component,,,
pcb151rec1_jpg__025__Capacitor_Jumper.png,fpic_rf100,train/images/pcb151rec1_jpg.rf.0ddf63a2131823c04868b267080a60f9.jpg,pcb151rec1_jpg,Capacitor Jumper,123,146,23,27,77,91,component,,,
pcb151rec1_jpg__026__Capacitor_Jumper.png,fpic_rf100,train/images/pcb151rec1_jpg.rf.0ddf63a2131823c04868b267080a60f9.jpg,pcb151rec1_jpg,Capacitor Jumper,100,91,19,17,62,57,component,,,
pcb151rec1_jpg__027__Resistor_Jumper.png,fpic_rf100,train/images/pcb151rec1_jpg.rf.0ddf63a2131823c04868b267080a60f9.jpg,pcb151rec1_jpg,Resistor Jumper,228,123,43,23,142,77,component,,,
pcb151rec1_jpg__030__Capacitor_Jumper.png,fpic_rf100,train/images/pcb151rec1_jpg.rf.0ddf63a2131823c04868b267080a60f9.jpg,pcb151rec1_jpg,Capacitor Jumper,101,110,19,21,63,69,component,,,
pcb151rec1_jpg__035__Capacitor_Jumper.png,fpic_rf100,train/images/pcb151rec1_jpg.rf.0ddf63a2131823c04868b267080a60f9.jpg,pcb151rec1_jpg,Capacitor Jumper,180,140,34,13,112,97,component,,,
pcb151rec1_jpg__036__Capacitor_Jumper.png,fpic_rf100,train/images/pcb151rec1_jpg.rf.0ddf63a2131823c04868b267080a60f9.jpg,pcb151rec1_jpg,Capacitor Jumper,169,133,32,25,105,83,component,,,
pcb151rec1_jpg__037__Capacitor_Jumper.png,fpic_rf100,train/images/pcb151rec1_jpg.rf.0ddf63a2131823c04868b267080a60f9.jpg,pcb151rec1_jpg,Capacitor Jumper,155,135,29,25,97,85,component,,,
pcb151rec1_jpg__038__Capacitor_Jumper.png,fpic_rf100,train/images/pcb151rec1_jpg.rf.0ddf63a2131823c04868b267080a60f9.jpg,pcb151rec1_jpg,Capacitor Jumper,521,406,98,76,325,254,component,,,
pcb151rec1_jpg__039__Capacitor_Jumper.png,fpic_rf100,train/images/pcb151rec1_jpg.rf.0ddf63a2131823c04868b267080a60f9.jpg,pcb151rec1_jpg,Capacitor Jumper,135,162,25,30,85,101,component,,,
pcb151rec1_jpg__040__Capacitor_Jumper.png,fpic_rf100,train/images/pcb151rec1_jpg.rf.0ddf63a2131823c04868b267080a60f9.jpg,pcb151rec1_jpg,Capacitor Jumper,225,181,42,34,141,113,component,,,
pcb151rec1_jpg__041__Capacitor_Jumper.png,fpic_rf100,train/images/pcb151rec1_jpg.rf.0ddf63a2131823c04868b267080a60f9.jpg,pcb151rec1_jpg,Capacitor Jumper,234,207,44,39,146,129,component,,,
pcb151rec1_jpg__042__Capacitor_Jumper.png,fpic_rf100,train/images/pcb151rec1_jpg.rf.0ddf63a2131823c04868b267080a60f9.jpg,pcb151rec1_jpg,Capacitor Jumper,106,143,20,27,66,89,component,,,
pcb151rec1_jpg__043__Capacitor_Jumper.png,fpic_rf100,train/images/pcb151rec1_jpg.rf.0ddf63a2131823c04868b267080a60f9.jpg,pcb151rec1_jpg,Capacitor Jumper,150,160,28,30,94,100,component,,,
pcb151rec1_jpg__044__Capacitor_Jumper.png,fpic_rf100,train/images/pcb151rec1_jpg.rf.0ddf63a2131823c04868b267080a60f9.jpg,pcb151rec1_jpg,Capacitor Jumper,245,212,46,40,153,132,component,,,
pcb151rec1_jpg__045__Capacitor_Jumper.png,fpic_rf100,train/images/pcb151rec1_jpg.rf.0ddf63a2131823c04868b267080a60f9.jpg,pcb151rec1_jpg,Capacitor Jumper,257,221,48,41,161,138,component,,,
pcb152rec1_jpg__006__Capacitor.png,fpic_rf100,train/images/pcb152rec1_jpg.rf.636cb0dd289659d59fec964b54530f72.jpg,pcb152rec1_jpg,Capacitor,102,91,19,17,64,57,component,,,
pcb152rec1_jpg__013__Capacitor.png,fpic_rf100,train/images/pcb152rec1_jpg.rf.636cb0dd289659d59fec964b54530f72.jpg,pcb152rec1_jpg,Capacitor,120,108,23,20,75,68,component,,,
pcb152rec1_jpg__016__Capacitor.png,fpic_rf100,train/images/pcb152rec1_jpg.rf.636cb0dd289659d59fec964b54530f72.jpg,pcb152rec1_jpg,Capacitor,95,96,18,18,59,60,component,,,
pcb152rec1_jpg__017__Capacitor.png,fpic_rf100,train/images/pcb152rec1_jpg.rf.636cb0dd289659d59fec964b54530f72.jpg,pcb152rec1_jpg,Capacitor,113,107,21,20,71,67,component,,,
pcb152rec1_jpg__018__Capacitor.png,fpic_rf100,train/images/pcb152rec1_jpg.rf.636cb0dd289659d59fec964b54530f72.jpg,pcb152rec1_jpg,Capacitor,113,111,21,21,71,69,component,,,
pcb152rec1_jpg__019__Connector.png,fpic_rf100,train/images/pcb152rec1_jpg.rf.636cb0dd289659d59fec964b54530f72.jpg,pcb152rec1_jpg,Connector,82,273,4,51,60,171,component,,,
pcb152rec1_jpg__023__Capacitor.png,fpic_rf100,train/images/pcb152rec1_jpg.rf.636cb0dd289659d59fec964b54530f72.jpg,pcb152rec1_jpg,Capacitor,106,101,20,19,66,63,component,,,
pcb152rec1_jpg__030__Connector.png,fpic_rf100,train/images/pcb152rec1_jpg.rf.636cb0dd289659d59fec964b54530f72.jpg,pcb152rec1_jpg,Connector,116,239,22,45,72,149,component,,,
pcb152rec1_jpg__043__IC.png,fpic_rf100,train/images/pcb152rec1_jpg.rf.636cb0dd289659d59fec964b54530f72.jpg,pcb152rec1_jpg,IC,97,107,18,20,61,67,component,,,
pcb153rec1_jpg__093__Capacitor.png,fpic_rf100,train/images/pcb153rec1_jpg.rf.52f162416652c0293359cc262622f823.jpg,pcb153rec1_jpg,Capacitor,127,129,24,24,79,81,component,,,
pcb153rec1_jpg__094__Capacitor.png,fpic_rf100,train/images/pcb153rec1_jpg.rf.52f162416652c0293359cc262622f823.jpg,pcb153rec1_jpg,Capacitor,132,129,25,24,82,81,component,,,
pcb153rec1_jpg__098__IC.png,fpic_rf100,train/images/pcb153rec1_jpg.rf.52f162416652c0293359cc262622f823.jpg,pcb153rec1_jpg,IC,112,88,21,16,70,55,component,,,
pcb153rec1_jpg__115__Connector.png,fpic_rf100,train/images/pcb153rec1_jpg.rf.52f162416652c0293359cc262622f823.jpg,pcb153rec1_jpg,Connector,346,110,65,25,216,84,component,,,
pcb155rec1_jpg__000__Capacitor_Jumper.png,fpic_rf100,train/images/pcb155rec1_jpg.rf.073f76c8c91723d1ce6b0d56b2b67730.jpg,pcb155rec1_jpg,Capacitor Jumper,345,238,65,15,215,171,component,,,
pcb155rec1_jpg__004__Capacitor_Jumper.png,fpic_rf100,train/images/pcb155rec1_jpg.rf.073f76c8c91723d1ce6b0d56b2b67730.jpg,pcb155rec1_jpg,Capacitor Jumper,161,118,30,22,101,74,component,,,
pcb155rec1_jpg__011__IC.png,fpic_rf100,train/images/pcb155rec1_jpg.rf.073f76c8c91723d1ce6b0d56b2b67730.jpg,pcb155rec1_jpg,IC,117,143,22,27,73,89,component,,,
pcb155rec1_jpg__012__Resistor_Jumper.png,fpic_rf100,train/images/pcb155rec1_jpg.rf.073f76c8c91723d1ce6b0d56b2b67730.jpg,pcb155rec1_jpg,Resistor Jumper,128,95,24,18,80,59,component,,,
pcb155rec1_jpg__023__IC.png,fpic_rf100,train/images/pcb155rec1_jpg.rf.073f76c8c91723d1ce6b0d56b2b67730.jpg,pcb155rec1_jpg,IC,158,270,30,51,98,169,component,,,
pcb155rec1_jpg__025__Capacitor_Jumper.png,fpic_rf100,train/images/pcb155rec1_jpg.rf.073f76c8c91723d1ce6b0d56b2b67730.jpg,pcb155rec1_jpg,Capacitor Jumper,87,156,16,29,55,98,component,,,
pcb155rec1_jpg__029__IC.png,fpic_rf100,train/images/pcb155rec1_jpg.rf.073f76c8c91723d1ce6b0d56b2b67730.jpg,pcb155rec1_jpg,IC,113,160,21,30,71,100,component,,,
pcb155rec1_jpg__030__Capacitor_Jumper.png,fpic_rf100,train/images/pcb155rec1_jpg.rf.073f76c8c91723d1ce6b0d56b2b67730.jpg,pcb155rec1_jpg,Capacitor Jumper,106,97,20,18,66,61,component,,,
pcb155rec1_jpg__031__Capacitor_Jumper.png,fpic_rf100,train/images/pcb155rec1_jpg.rf.073f76c8c91723d1ce6b0d56b2b67730.jpg,pcb155rec1_jpg,Capacitor Jumper,92,97,17,18,58,61,component,,,
pcb155rec1_jpg__046__Capacitor_Jumper.png,fpic_rf100,train/images/pcb155rec1_jpg.rf.073f76c8c91723d1ce6b0d56b2b67730.jpg,pcb155rec1_jpg,Capacitor Jumper,83,186,16,35,52,116,component,,,
pcb155rec1_jpg__051__Capacitor_Jumper.png,fpic_rf100,train/images/pcb155rec1_jpg.rf.073f76c8c91723d1ce6b0d56b2b67730.jpg,pcb155rec1_jpg,Capacitor Jumper,393,146,74,27,245,91,component,,,
pcb155rec1_jpg__095__IC.png,fpic_rf100,train/images/pcb155rec1_jpg.rf.073f76c8c91723d1ce6b0d56b2b67730.jpg,pcb155rec1_jpg,IC,111,162,21,30,69,102,component,,,
pcb155rec1_jpg__130__IC.png,fpic_rf100,train/images/pcb155rec1_jpg.rf.073f76c8c91723d1ce6b0d56b2b67730.jpg,pcb155rec1_jpg,IC,82,100,15,19,51,62,component,,,
pcb155rec1_jpg__131__IC.png,fpic_rf100,train/images/pcb155rec1_jpg.rf.073f76c8c91723d1ce6b0d56b2b67730.jpg,pcb155rec1_jpg,IC,102,94,19,18,64,59,component,,,
pcb155rec1_jpg__137__Connector.png,fpic_rf100,train/images/pcb155rec1_jpg.rf.073f76c8c91723d1ce6b0d56b2b67730.jpg,pcb155rec1_jpg,Connector,112,79,21,15,70,49,component,,,
pcb155rec1_jpg__138__IC.png,fpic_rf100,train/images/pcb155rec1_jpg.rf.073f76c8c91723d1ce6b0d56b2b67730.jpg,pcb155rec1_jpg,IC,198,220,37,41,124,138,component,,,
pcb155rec1_jpg__142__Capacitor_Jumper.png,fpic_rf100,train/images/pcb155rec1_jpg.rf.073f76c8c91723d1ce6b0d56b2b67730.jpg,pcb155rec1_jpg,Capacitor Jumper,133,92,25,17,83,58,component,,,
pcb155rec1_jpg__166__Capacitor_Jumper.png,fpic_rf100,train/images/pcb155rec1_jpg.rf.073f76c8c91723d1ce6b0d56b2b67730.jpg,pcb155rec1_jpg,Capacitor Jumper,122,140,23,26,77,88,component,,,
pcb155rec1_jpg__172__Capacitor_Jumper.png,fpic_rf100,train/images/pcb155rec1_jpg.rf.073f76c8c91723d1ce6b0d56b2b67730.jpg,pcb155rec1_jpg,Capacitor Jumper,187,102,35,19,117,64,component,,,
pcb155rec1_jpg__174__Capacitor_Jumper.png,fpic_rf100,train/images/pcb155rec1_jpg.rf.073f76c8c91723d1ce6b0d56b2b67730.jpg,pcb155rec1_jpg,Capacitor Jumper,123,214,23,40,77,134,component,,,
pcb155rec1_jpg__179__Capacitor_Jumper.png,fpic_rf100,train/images/pcb155rec1_jpg.rf.073f76c8c91723d1ce6b0d56b2b67730.jpg,pcb155rec1_jpg,Capacitor Jumper,94,91,18,17,59,57,component,,,
pcb155rec1_jpg__186__IC.png,fpic_rf100,train/images/pcb155rec1_jpg.rf.073f76c8c91723d1ce6b0d56b2b67730.jpg,pcb155rec1_jpg,IC,115,116,22,22,72,72,component,,,
pcb155rec1_jpg__196__Capacitor_Jumper.png,fpic_rf100,train/images/pcb155rec1_jpg.rf.073f76c8c91723d1ce6b0d56b2b67730.jpg,pcb155rec1_jpg,Capacitor Jumper,132,84,25,16,83,53,component,,,
pcb155rec1_jpg__202__Capacitor_Jumper.png,fpic_rf100,train/images/pcb155rec1_jpg.rf.073f76c8c91723d1ce6b0d56b2b67730.jpg,pcb155rec1_jpg,Capacitor Jumper,110,86,21,16,69,54,component,,,
pcb155rec1_jpg__210__Capacitor_Jumper.png,fpic_rf100,train/images/pcb155rec1_jpg.rf.073f76c8c91723d1ce6b0d56b2b67730.jpg,pcb155rec1_jpg,Capacitor Jumper,175,84,33,16,109,52,component,,,
pcb155rec1_jpg__216__Capacitor_Jumper.png,fpic_rf100,train/images/pcb155rec1_jpg.rf.073f76c8c91723d1ce6b0d56b2b67730.jpg,pcb155rec1_jpg,Capacitor Jumper,161,87,30,16,101,54,component,,,
pcb155rec1_jpg__229__Capacitor_Jumper.png,fpic_rf100,train/images/pcb155rec1_jpg.rf.073f76c8c91723d1ce6b0d56b2b67730.jpg,pcb155rec1_jpg,Capacitor Jumper,102,139,19,26,64,87,component,,,
pcb155rec1_jpg__235__IC.png,fpic_rf100,train/images/pcb155rec1_jpg.rf.073f76c8c91723d1ce6b0d56b2b67730.jpg,pcb155rec1_jpg,IC,221,227,41,43,138,142,component,,,
pcb155rec1_jpg__246__Capacitor_Jumper.png,fpic_rf100,train/images/pcb155rec1_jpg.rf.073f76c8c91723d1ce6b0d56b2b67730.jpg,pcb155rec1_jpg,Capacitor Jumper,176,160,33,30,110,100,component,,,
pcb155rec1_jpg__248__Capacitor_Jumper.png,fpic_rf100,train/images/pcb155rec1_jpg.rf.073f76c8c91723d1ce6b0d56b2b67730.jpg,pcb155rec1_jpg,Capacitor Jumper,155,86,29,16,97,54,component,,,
pcb155rec1_jpg__253__IC.png,fpic_rf100,train/images/pcb155rec1_jpg.rf.073f76c8c91723d1ce6b0d56b2b67730.jpg,pcb155rec1_jpg,IC,113,156,21,29,71,97,component,,,
pcb155rec1_jpg__254__IC.png,fpic_rf100,train/images/pcb155rec1_jpg.rf.073f76c8c91723d1ce6b0d56b2b67730.jpg,pcb155rec1_jpg,IC,195,219,37,41,122,137,component,,,
pcb155rec1_jpg__256__Capacitor_Jumper.png,fpic_rf100,train/images/pcb155rec1_jpg.rf.073f76c8c91723d1ce6b0d56b2b67730.jpg,pcb155rec1_jpg,Capacitor Jumper,133,96,25,18,83,60,component,,,
pcb155rec1_jpg__258__Resistor_Jumper.png,fpic_rf100,train/images/pcb155rec1_jpg.rf.073f76c8c91723d1ce6b0d56b2b67730.jpg,pcb155rec1_jpg,Resistor Jumper,161,107,30,20,101,67,component,,,
pcb155rec1_jpg__259__IC.png,fpic_rf100,train/images/pcb155rec1_jpg.rf.073f76c8c91723d1ce6b0d56b2b67730.jpg,pcb155rec1_jpg,IC,132,112,25,21,83,70,component,,,
pcb155rec1_jpg__266__IC.png,fpic_rf100,train/images/pcb155rec1_jpg.rf.073f76c8c91723d1ce6b0d56b2b67730.jpg,pcb155rec1_jpg,IC,135,108,25,20,84,67,component,,,
pcb155rec1_jpg__267__IC.png,fpic_rf100,train/images/pcb155rec1_jpg.rf.073f76c8c91723d1ce6b0d56b2b67730.jpg,pcb155rec1_jpg,IC,281,169,53,32,175,105,component,,,
pcb155rec1_jpg__268__Capacitor_Jumper.png,fpic_rf100,train/images/pcb155rec1_jpg.rf.073f76c8c91723d1ce6b0d56b2b67730.jpg,pcb155rec1_jpg,Capacitor Jumper,130,94,24,18,81,59,component,,,
pcb155rec1_jpg__270__Capacitor_Jumper.png,fpic_rf100,train/images/pcb155rec1_jpg.rf.073f76c8c91723d1ce6b0d56b2b67730.jpg,pcb155rec1_jpg,Capacitor Jumper,115,107,22,20,72,67,component,,,
pcb155rec1_jpg__275__IC.png,fpic_rf100,train/images/pcb155rec1_jpg.rf.073f76c8c91723d1ce6b0d56b2b67730.jpg,pcb155rec1_jpg,IC,116,150,22,28,72,94,component,,,
pcb155rec1_jpg__276__Capacitor_Jumper.png,fpic_rf100,train/images/pcb155rec1_jpg.rf.073f76c8c91723d1ce6b0d56b2b67730.jpg,pcb155rec1_jpg,Capacitor Jumper,290,130,54,24,182,81,component,,,
pcb155rec1_jpg__278__Capacitor_Jumper.png,fpic_rf100,train/images/pcb155rec1_jpg.rf.073f76c8c91723d1ce6b0d56b2b67730.jpg,pcb155rec1_jpg,Capacitor Jumper,103,119,19,22,64,75,component,,,
pcb155rec1_jpg__281__Capacitor_Jumper.png,fpic_rf100,train/images/pcb155rec1_jpg.rf.073f76c8c91723d1ce6b0d56b2b67730.jpg,pcb155rec1_jpg,Capacitor Jumper,154,109,29,20,96,68,component,,,
pcb155rec1_jpg__283__Capacitor_Jumper.png,fpic_rf100,train/images/pcb155rec1_jpg.rf.073f76c8c91723d1ce6b0d56b2b67730.jpg,pcb155rec1_jpg,Capacitor Jumper,144,87,27,16,90,55,component,,,
pcb155rec1_jpg__289__Capacitor_Jumper.png,fpic_rf100,train/images/pcb155rec1_jpg.rf.073f76c8c91723d1ce6b0d56b2b67730.jpg,pcb155rec1_jpg,Capacitor Jumper,155,112,29,21,97,70,component,,,
pcb155rec1_jpg__290__IC.png,fpic_rf100,train/images/pcb155rec1_jpg.rf.073f76c8c91723d1ce6b0d56b2b67730.jpg,pcb155rec1_jpg,IC,161,98,30,18,101,61,component,,,
pcb155rec1_jpg__297__Capacitor_Jumper.png,fpic_rf100,train/images/pcb155rec1_jpg.rf.073f76c8c91723d1ce6b0d56b2b67730.jpg,pcb155rec1_jpg,Capacitor Jumper,265,154,50,29,165,96,component,,,
pcb155rec1_jpg__300__Capacitor_Jumper.png,fpic_rf100,train/images/pcb155rec1_jpg.rf.073f76c8c91723d1ce6b0d56b2b67730.jpg,pcb155rec1_jpg,Capacitor Jumper,119,85,22,16,75,53,component,,,
pcb155rec1_jpg__301__IC.png,fpic_rf100,train/images/pcb155rec1_jpg.rf.073f76c8c91723d1ce6b0d56b2b67730.jpg,pcb155rec1_jpg,IC,134,95,25,18,84,59,component,,,
pcb155rec1_jpg__302__Capacitor_Jumper.png,fpic_rf100,train/images/pcb155rec1_jpg.rf.073f76c8c91723d1ce6b0d56b2b67730.jpg,pcb155rec1_jpg,Capacitor Jumper,103,181,19,34,65,113,component,,,
pcb156rec1_jpg__019__IC.png,fpic_rf100,train/images/pcb156rec1_jpg.rf.4f413487f5921ae60072ef70fd1c2ecb.jpg,pcb156rec1_jpg,IC,117,151,22,28,73,95,component,,,
pcb156rec1_jpg__053__IC.png,fpic_rf100,train/images/pcb156rec1_jpg.rf.4f413487f5921ae60072ef70fd1c2ecb.jpg,pcb156rec1_jpg,IC,113,123,21,23,71,77,component,,,
pcb156rec1_jpg__188__Connector.png,fpic_rf100,train/images/pcb156rec1_jpg.rf.4f413487f5921ae60072ef70fd1c2ecb.jpg,pcb156rec1_jpg,Connector,467,148,88,28,292,92,component,,,
pcb157rec1_jpg__000__Connector.png,fpic_rf100,train/images/pcb157rec1_jpg.rf.5a69218a40668d5f898f2dda654a8658.jpg,pcb157rec1_jpg,Connector,576,256,108,8,360,191,component,,,
pcb157rec1_jpg__001__Connector.png,fpic_rf100,train/images/pcb157rec1_jpg.rf.5a69218a40668d5f898f2dda654a8658.jpg,pcb157rec1_jpg,Connector,245,181,46,34,153,113,component,,,
pcb157rec1_jpg__002__Connector.png,fpic_rf100,train/images/pcb157rec1_jpg.rf.5a69218a40668d5f898f2dda654a8658.jpg,pcb157rec1_jpg,Connector,188,261,35,15,118,189,component,,,
pcb157rec1_jpg__003__Connector.png,fpic_rf100,train/images/pcb157rec1_jpg.rf.5a69218a40668d5f898f2dda654a8658.jpg,pcb157rec1_jpg,Connector,218,205,41,38,136,128,component,,,
pcb157rec1_jpg__106__IC.png,fpic_rf100,train/images/pcb157rec1_jpg.rf.5a69218a40668d5f898f2dda654a8658.jpg,pcb157rec1_jpg,IC,149,148,28,28,93,92,component,,,
pcb157rec1_jpg__117__IC.png,fpic_rf100,train/images/pcb157rec1_jpg.rf.5a69218a40668d5f898f2dda654a8658.jpg,pcb157rec1_jpg,IC,77,99,14,19,48,62,component,,,
pcb157rec1_jpg__146__IC.png,fpic_rf100,train/images/pcb157rec1_jpg.rf.5a69218a40668d5f898f2dda654a8658.jpg,pcb157rec1_jpg,IC,89,84,17,16,55,52,component,,,
pcb157rec1_jpg__201__IC.png,fpic_rf100,train/images/pcb157rec1_jpg.rf.5a69218a40668d5f898f2dda654a8658.jpg,pcb157rec1_jpg,IC,193,106,36,20,121,66,component,,,
pcb157rec1_jpg__225__Connector.png,fpic_rf100,train/images/pcb157rec1_jpg.rf.5a69218a40668d5f898f2dda654a8658.jpg,pcb157rec1_jpg,Connector,395,922,23,50,286,671,component,,,
pcb157rec1_jpg__262__IC.png,fpic_rf100,train/images/pcb157rec1_jpg.rf.5a69218a40668d5f898f2dda654a8658.jpg,pcb157rec1_jpg,IC,135,97,25,18,85,61,component,,,
pcb157rec1_jpg__296__IC.png,fpic_rf100,train/images/pcb157rec1_jpg.rf.5a69218a40668d5f898f2dda654a8658.jpg,pcb157rec1_jpg,IC,80,245,15,46,50,153,component,,,
pcb157rec1_jpg__347__IC.png,fpic_rf100,train/images/pcb157rec1_jpg.rf.5a69218a40668d5f898f2dda654a8658.jpg,pcb157rec1_jpg,IC,187,187,35,35,117,117,component,,,
pcb157rec1_jpg__353__IC.png,fpic_rf100,train/images/pcb157rec1_jpg.rf.5a69218a40668d5f898f2dda654a8658.jpg,pcb157rec1_jpg,IC,551,539,103,101,345,337,component,,,
pcb157rec1_jpg__358__Capacitor_Jumper.png,fpic_rf100,train/images/pcb157rec1_jpg.rf.5a69218a40668d5f898f2dda654a8658.jpg,pcb157rec1_jpg,Capacitor Jumper,96,81,18,15,60,51,component,,,
pcb157rec1_jpg__386__IC.png,fpic_rf100,train/images/pcb157rec1_jpg.rf.5a69218a40668d5f898f2dda654a8658.jpg,pcb157rec1_jpg,IC,138,133,26,25,86,83,component,,,
pcb157rec1_jpg__394__Capacitor_Jumper.png,fpic_rf100,train/images/pcb157rec1_jpg.rf.5a69218a40668d5f898f2dda654a8658.jpg,pcb157rec1_jpg,Capacitor Jumper,109,101,20,19,68,63,component,,,
pcb157rec1_jpg__417__IC.png,fpic_rf100,train/images/pcb157rec1_jpg.rf.5a69218a40668d5f898f2dda654a8658.jpg,pcb157rec1_jpg,IC,260,156,49,29,162,98,component,,,
pcb157rec1_jpg__441__Capacitor_Jumper.png,fpic_rf100,train/images/pcb157rec1_jpg.rf.5a69218a40668d5f898f2dda654a8658.jpg,pcb157rec1_jpg,Capacitor Jumper,96,95,18,18,60,59,component,,,
pcb157rec1_jpg__452__IC.png,fpic_rf100,train/images/pcb157rec1_jpg.rf.5a69218a40668d5f898f2dda654a8658.jpg,pcb157rec1_jpg,IC,115,112,22,21,72,70,component,,,
pcb157rec1_jpg__457__Capacitor_Jumper.png,fpic_rf100,train/images/pcb157rec1_jpg.rf.5a69218a40668d5f898f2dda654a8658.jpg,pcb157rec1_jpg,Capacitor Jumper,106,85,20,16,66,53,component,,,
pcb157rec1_jpg__463__IC.png,fpic_rf100,train/images/pcb157rec1_jpg.rf.5a69218a40668d5f898f2dda654a8658.jpg,pcb157rec1_jpg,IC,107,97,20,18,67,61,component,,,
pcb157rec1_jpg__470__IC.png,fpic_rf100,train/images/pcb157rec1_jpg.rf.5a69218a40668d5f898f2dda654a8658.jpg,pcb157rec1_jpg,IC,177,119,33,22,111,75,component,,,
pcb157rec1_jpg__512__Connector.png,fpic_rf100,train/images/pcb157rec1_jpg.rf.5a69218a40668d5f898f2dda654a8658.jpg,pcb157rec1_jpg,Connector,239,184,45,33,149,116,component,,,
pcb157rec1_jpg__553__Connector.png,fpic_rf100,train/images/pcb157rec1_jpg.rf.5a69218a40668d5f898f2dda654a8658.jpg,pcb157rec1_jpg,Connector,415,215,78,20,259,150,component,,,
pcb157rec1_jpg__554__IC.png,fpic_rf100,train/images/pcb157rec1_jpg.rf.5a69218a40668d5f898f2dda654a8658.jpg,pcb157rec1_jpg,IC,111,81,21,15,69,50,component,,,
pcb158rec1_jpg__001__Capacitor.png,fpic_rf100,train/images/pcb158rec1_jpg.rf.3dffb54a9592a61c8d9103edfebe1a8c.jpg,pcb158rec1_jpg,Capacitor,213,116,40,22,133,72,component,,,
pcb158rec1_jpg__010__Capacitor.png,fpic_rf100,train/images/pcb158rec1_jpg.rf.3dffb54a9592a61c8d9103edfebe1a8c.jpg,pcb158rec1_jpg,Capacitor,404,405,76,76,252,253,component,,,
pcb158rec1_jpg__015__Capacitor.png,fpic_rf100,train/images/pcb158rec1_jpg.rf.3dffb54a9592a61c8d9103edfebe1a8c.jpg,pcb158rec1_jpg,Capacitor,161,156,30,29,101,98,component,,,
pcb158rec1_jpg__025__Capacitor.png,fpic_rf100,train/images/pcb158rec1_jpg.rf.3dffb54a9592a61c8d9103edfebe1a8c.jpg,pcb158rec1_jpg,Capacitor,159,164,30,31,99,102,component,,,
pcb158rec1_jpg__026__Capacitor.png,fpic_rf100,train/images/pcb158rec1_jpg.rf.3dffb54a9592a61c8d9103edfebe1a8c.jpg,pcb158rec1_jpg,Capacitor,186,182,35,34,116,114,component,,,
pcb158rec1_jpg__027__Capacitor.png,fpic_rf100,train/images/pcb158rec1_jpg.rf.3dffb54a9592a61c8d9103edfebe1a8c.jpg,pcb158rec1_jpg,Capacitor,144,138,27,26,90,86,component,,,
pcb158rec1_jpg__028__Capacitor.png,fpic_rf100,train/images/pcb158rec1_jpg.rf.3dffb54a9592a61c8d9103edfebe1a8c.jpg,pcb158rec1_jpg,Capacitor,87,85,16,16,55,53,component,,,
pcb158rec1_jpg__029__Capacitor.png,fpic_rf100,train/images/pcb158rec1_jpg.rf.3dffb54a9592a61c8d9103edfebe1a8c.jpg,pcb158rec1_jpg,Capacitor,134,124,25,23,84,78,component,,,
pcb158rec1_jpg__030__Capacitor.png,fpic_rf100,train/images/pcb158rec1_jpg.rf.3dffb54a9592a61c8d9103edfebe1a8c.jpg,pcb158rec1_jpg,Capacitor,160,161,30,30,100,101,component,,,
pcb158rec1_jpg__032__IC.png,fpic_rf100,train/images/pcb158rec1_jpg.rf.3dffb54a9592a61c8d9103edfebe1a8c.jpg,pcb158rec1_jpg,IC,123,132,23,25,77,82,component,,,
pcb158rec1_jpg__034__Capacitor.png,fpic_rf100,train/images/pcb158rec1_jpg.rf.3dffb54a9592a61c8d9103edfebe1a8c.jpg,pcb158rec1_jpg,Capacitor,113,88,21,17,71,55,component,,,
pcb158rec1_jpg__036__Capacitor.png,fpic_rf100,train/images/pcb158rec1_jpg.rf.3dffb54a9592a61c8d9103edfebe1a8c.jpg,pcb158rec1_jpg,Capacitor,411,406,77,76,257,254,component,,,
pcb158rec1_jpg__038__Capacitor.png,fpic_rf100,train/images/pcb158rec1_jpg.rf.3dffb54a9592a61c8d9103edfebe1a8c.jpg,pcb158rec1_jpg,Capacitor,132,140,25,26,82,88,component,,,
pcb158rec1_jpg__040__Capacitor.png,fpic_rf100,train/images/pcb158rec1_jpg.rf.3dffb54a9592a61c8d9103edfebe1a8c.jpg,pcb158rec1_jpg,Capacitor,204,203,38,38,128,127,component,,,
pcb158rec1_jpg__041__Capacitor.png,fpic_rf100,train/images/pcb158rec1_jpg.rf.3dffb54a9592a61c8d9103edfebe1a8c.jpg,pcb158rec1_jpg,Capacitor,123,80,23,15,77,50,component,,,
pcb158rec1_jpg__044__Capacitor.png,fpic_rf100,train/images/pcb158rec1_jpg.rf.3dffb54a9592a61c8d9103edfebe1a8c.jpg,pcb158rec1_jpg,Capacitor,90,84,17,16,56,52,component,,,
pcb158rec1_jpg__050__Capacitor.png,fpic_rf100,train/images/pcb158rec1_jpg.rf.3dffb54a9592a61c8d9103edfebe1a8c.jpg,pcb158rec1_jpg,Capacitor,121,140,23,26,75,88,component,,,
pcb158rec1_jpg__052__Capacitor.png,fpic_rf100,train/images/pcb158rec1_jpg.rf.3dffb54a9592a61c8d9103edfebe1a8c.jpg,pcb158rec1_jpg,Capacitor,205,181,47,34,157,113,component,,,
pcb158rec1_jpg__056__Transistor.png,fpic_rf100,train/images/pcb158rec1_jpg.rf.3dffb54a9592a61c8d9103edfebe1a8c.jpg,pcb158rec1_jpg,Transistor,138,144,26,0,86,111,component,,,
pcb158rec1_jpg__057__IC.png,fpic_rf100,train/images/pcb158rec1_jpg.rf.3dffb54a9592a61c8d9103edfebe1a8c.jpg,pcb158rec1_jpg,IC,148,217,28,41,92,135,component,,,
pcb158rec1_jpg__058__IC.png,fpic_rf100,train/images/pcb158rec1_jpg.rf.3dffb54a9592a61c8d9103edfebe1a8c.jpg,pcb158rec1_jpg,IC,156,266,29,50,98,166,component,,,
pcb158rec1_jpg__060__Transistor.png,fpic_rf100,train/images/pcb158rec1_jpg.rf.3dffb54a9592a61c8d9103edfebe1a8c.jpg,pcb158rec1_jpg,Transistor,152,176,28,0,95,135,component,,,
pcb158rec1_jpg__064__Transistor.png,fpic_rf100,train/images/pcb158rec1_jpg.rf.3dffb54a9592a61c8d9103edfebe1a8c.jpg,pcb158rec1_jpg,Transistor,148,133,28,0,92,102,component,,,
pcb158rec1_jpg__065__IC.png,fpic_rf100,train/images/pcb158rec1_jpg.rf.3dffb54a9592a61c8d9103edfebe1a8c.jpg,pcb158rec1_jpg,IC,127,102,24,19,79,64,component,,,
pcb158rec1_jpg__067__Transistor.png,fpic_rf100,train/images/pcb158rec1_jpg.rf.3dffb54a9592a61c8d9103edfebe1a8c.jpg,pcb158rec1_jpg,Transistor,140,146,26,0,88,112,component,,,
pcb158rec1_jpg__068__Transistor.png,fpic_rf100,train/images/pcb158rec1_jpg.rf.3dffb54a9592a61c8d9103edfebe1a8c.jpg,pcb158rec1_jpg,Transistor,149,229,28,43,93,143,component,,,
pcb158rec1_jpg__069__IC.png,fpic_rf100,train/images/pcb158rec1_jpg.rf.3dffb54a9592a61c8d9103edfebe1a8c.jpg,pcb158rec1_jpg,IC,143,224,27,42,89,140,component,,,
pcb158rec1_jpg__070__IC.png,fpic_rf100,train/images/pcb158rec1_jpg.rf.3dffb54a9592a61c8d9103edfebe1a8c.jpg,pcb158rec1_jpg,IC,134,239,25,45,84,149,component,,,
pcb158rec1_jpg__071__Transistor.png,fpic_rf100,train/images/pcb158rec1_jpg.rf.3dffb54a9592a61c8d9103edfebe1a8c.jpg,pcb158rec1_jpg,Transistor,140,177,26,0,88,136,component,,,
pcb158rec1_jpg__072__Capacitor.png,fpic_rf100,train/images/pcb158rec1_jpg.rf.3dffb54a9592a61c8d9103edfebe1a8c.jpg,pcb158rec1_jpg,Capacitor,96,136,18,25,60,85,component,,,
pcb158rec1_jpg__073__IC.png,fpic_rf100,train/images/pcb158rec1_jpg.rf.3dffb54a9592a61c8d9103edfebe1a8c.jpg,pcb158rec1_jpg,IC,159,256,30,48,99,160,component,,,
pcb158rec1_jpg__074__Capacitor.png,fpic_rf100,train/images/pcb158rec1_jpg.rf.3dffb54a9592a61c8d9103edfebe1a8c.jpg,pcb158rec1_jpg,Capacitor,100,144,19,27,62,90,component,,,
pcb158rec1_jpg__075__IC.png,fpic_rf100,train/images/pcb158rec1_jpg.rf.3dffb54a9592a61c8d9103edfebe1a8c.jpg,pcb158rec1_jpg,IC,161,264,30,49,101,165,component,,,
pcb158rec1_jpg__076__Capacitor.png,fpic_rf100,train/images/pcb158rec1_jpg.rf.3dffb54a9592a61c8d9103edfebe1a8c.jpg,pcb158rec1_jpg,Capacitor,102,91,19,21,64,69,component,,,
pcb158rec1_jpg__078__Transistor.png,fpic_rf100,train/images/pcb158rec1_jpg.rf.3dffb54a9592a61c8d9103edfebe1a8c.jpg,pcb158rec1_jpg,Transistor,208,284,39,53,130,178,component,,,
pcb158rec1_jpg__079__Capacitor.png,fpic_rf100,train/images/pcb158rec1_jpg.rf.3dffb54a9592a61c8d9103edfebe1a8c.jpg,pcb158rec1_jpg,Capacitor,150,122,28,23,94,76,component,,,
pcb158rec1_jpg__080__Capacitor.png,fpic_rf100,train/images/pcb158rec1_jpg.rf.3dffb54a9592a61c8d9103edfebe1a8c.jpg,pcb158rec1_jpg,Capacitor,139,113,26,21,87,71,component,,,
pcb158rec1_jpg__081__Transistor.png,fpic_rf100,train/images/pcb158rec1_jpg.rf.3dffb54a9592a61c8d9103edfebe1a8c.jpg,pcb158rec1_jpg,Transistor,212,293,40,55,132,183,component,,,
pcb158rec1_jpg__082__Capacitor.png,fpic_rf100,train/images/pcb158rec1_jpg.rf.3dffb54a9592a61c8d9103edfebe1a8c.jpg,pcb158rec1_jpg,Capacitor,97,140,18,26,61,88,component,,,
pcb158rec1_jpg__085__Capacitor.png,fpic_rf100,train/images/pcb158rec1_jpg.rf.3dffb54a9592a61c8d9103edfebe1a8c.jpg,pcb158rec1_jpg,Capacitor,129,70,24,16,81,53,component,,,
pcb158rec1_jpg__086__Capacitor.png,fpic_rf100,train/images/pcb158rec1_jpg.rf.3dffb54a9592a61c8d9103edfebe1a8c.jpg,pcb158rec1_jpg,Capacitor,76,102,14,19,48,64,component,,,
pcb158rec1_jpg__087__Capacitor.png,fpic_rf100,train/images/pcb158rec1_jpg.rf.3dffb54a9592a61c8d9103edfebe1a8c.jpg,pcb158rec1_jpg,Capacitor,104,85,19,16,65,53,component,,,
pcb158rec1_jpg__089__Transistor.png,fpic_rf100,train/images/pcb158rec1_jpg.rf.3dffb54a9592a61c8d9103edfebe1a8c.jpg,pcb158rec1_jpg,Transistor,85,92,16,17,53,58,component,,,
pcb158rec1_jpg__090__Transistor.png,fpic_rf100,train/images/pcb158rec1_jpg.rf.3dffb54a9592a61c8d9103edfebe1a8c.jpg,pcb158rec1_jpg,Transistor,134,197,25,37,84,123,component,,,
pcb158rec1_jpg__092__Capacitor.png,fpic_rf100,train/images/pcb158rec1_jpg.rf.3dffb54a9592a61c8d9103edfebe1a8c.jpg,pcb158rec1_jpg,Capacitor,122,88,23,16,76,55,component,,,
pcb158rec1_jpg__094__Capacitor.png,fpic_rf100,train/images/pcb158rec1_jpg.rf.3dffb54a9592a61c8d9103edfebe1a8c.jpg,pcb158rec1_jpg,Capacitor,199,116,37,22,125,72,component,,,
pcb158rec1_jpg__102__Capacitor.png,fpic_rf100,train/images/pcb158rec1_jpg.rf.3dffb54a9592a61c8d9103edfebe1a8c.jpg,pcb158rec1_jpg,Capacitor,376,358,71,67,235,224,component,,,
pcb158rec1_jpg__106__Capacitor.png,fpic_rf100,train/images/pcb158rec1_jpg.rf.3dffb54a9592a61c8d9103edfebe1a8c.jpg,pcb158rec1_jpg,Capacitor,124,213,23,40,78,133,component,,,
pcb158rec1_jpg__107__Capacitor.png,fpic_rf100,train/images/pcb158rec1_jpg.rf.3dffb54a9592a61c8d9103edfebe1a8c.jpg,pcb158rec1_jpg,Capacitor,127,198,24,37,79,124,component,,,
pcb158rec1_jpg__109__Capacitor.png,fpic_rf100,train/images/pcb158rec1_jpg.rf.3dffb54a9592a61c8d9103edfebe1a8c.jpg,pcb158rec1_jpg,Capacitor,219,218,41,41,137,136,component,,,
pcb158rec1_jpg__110__Capacitor.png,fpic_rf100,train/images/pcb158rec1_jpg.rf.3dffb54a9592a61c8d9103edfebe1a8c.jpg,pcb158rec1_jpg,Capacitor,134,193,25,36,84,121,component,,,
pcb158rec1_jpg__112__Capacitor.png,fpic_rf100,train/images/pcb158rec1_jpg.rf.3dffb54a9592a61c8d9103edfebe1a8c.jpg,pcb158rec1_jpg,Capacitor,127,111,24,21,79,69,component,,,
pcb158rec1_jpg__113__Capacitor.png,fpic_rf100,train/images/pcb158rec1_jpg.rf.3dffb54a9592a61c8d9103edfebe1a8c.jpg,pcb158rec1_jpg,Capacitor,326,347,61,65,204,217,component,,,
pcb158rec1_jpg__130__Capacitor.png,fpic_rf100,train/images/pcb158rec1_jpg.rf.3dffb54a9592a61c8d9103edfebe1a8c.jpg,pcb158rec1_jpg,Capacitor,203,299,38,56,127,187,component,,,
pcb159rec1_jpg__076__Capacitor.png,fpic_rf100,train/images/pcb159rec1_jpg.rf.7d90835e3aaee54263fc68be68d7dee6.jpg,pcb159rec1_jpg,Capacitor,220,106,41,20,138,66,component,,,
pcb159rec1_jpg__077__Capacitor.png,fpic_rf100,train/images/pcb159rec1_jpg.rf.7d90835e3aaee54263fc68be68d7dee6.jpg,pcb159rec1_jpg,Capacitor,218,101,41,19,136,63,component,,,
pcb159rec1_jpg__126__Connector.png,fpic_rf100,train/images/pcb159rec1_jpg.rf.7d90835e3aaee54263fc68be68d7dee6.jpg,pcb159rec1_jpg,Connector,273,111,51,21,171,69,component,,,
pcb15rec1_jpg__001__IC.png,fpic_rf100,train/images/pcb15rec1_jpg.rf.48764fea75714b46bb8d39edf73ff4a8.jpg,pcb15rec1_jpg,IC,133,138,25,26,83,86,component,,,
pcb15rec1_jpg__029__IC.png,fpic_rf100,train/images/pcb15rec1_jpg.rf.48764fea75714b46bb8d39edf73ff4a8.jpg,pcb15rec1_jpg,IC,216,143,41,27,135,89,component,,,
pcb15rec1_jpg__036__IC.png,fpic_rf100,train/images/pcb15rec1_jpg.rf.48764fea75714b46bb8d39edf73ff4a8.jpg,pcb15rec1_jpg,IC,148,108,28,20,92,68,component,,,
pcb15rec1_jpg__048__IC.png,fpic_rf100,train/images/pcb15rec1_jpg.rf.48764fea75714b46bb8d39edf73ff4a8.jpg,pcb15rec1_jpg,IC,362,361,68,68,226,225,component,,,
pcb15rec1_jpg__050__IC.png,fpic_rf100,train/images/pcb15rec1_jpg.rf.48764fea75714b46bb8d39edf73ff4a8.jpg,pcb15rec1_jpg,IC,129,193,24,36,81,121,component,,,
pcb15rec1_jpg__051__IC.png,fpic_rf100,train/images/pcb15rec1_jpg.rf.48764fea75714b46bb8d39edf73ff4a8.jpg,pcb15rec1_jpg,IC,133,197,25,37,83,123,component,,,
pcb15rec1_jpg__076__Connector.png,fpic_rf100,train/images/pcb15rec1_jpg.rf.48764fea75714b46bb8d39edf73ff4a8.jpg,pcb15rec1_jpg,Connector,203,84,38,16,127,52,component,,,
pcb15rec1_jpg__131__Connector.png,fpic_rf100,train/images/pcb15rec1_jpg.rf.48764fea75714b46bb8d39edf73ff4a8.jpg,pcb15rec1_jpg,Connector,79,299,18,56,60,187,component,,,
pcb15rec1_jpg__132__Connector.png,fpic_rf100,train/images/pcb15rec1_jpg.rf.48764fea75714b46bb8d39edf73ff4a8.jpg,pcb15rec1_jpg,Connector,199,107,0,20,153,67,component,,,
pcb15rec1_jpg__146__Capacitor.png,fpic_rf100,train/images/pcb15rec1_jpg.rf.48764fea75714b46bb8d39edf73ff4a8.jpg,pcb15rec1_jpg,Capacitor,79,90,15,17,49,56,component,,,
pcb15rec1_jpg__173__Connector.png,fpic_rf100,train/images/pcb15rec1_jpg.rf.48764fea75714b46bb8d39edf73ff4a8.jpg,pcb15rec1_jpg,Connector,362,168,68,32,226,105,component,,,
pcb15rec1_jpg__177__Connector.png,fpic_rf100,train/images/pcb15rec1_jpg.rf.48764fea75714b46bb8d39edf73ff4a8.jpg,pcb15rec1_jpg,Connector,346,148,65,28,217,92,component,,,
pcb161rec1_jpg__002__Capacitor_Jumper.png,fpic_rf100,valid/images/pcb161rec1_jpg.rf.08883ffc34494037fa32da6ec4c7e8de.jpg,pcb161rec1_jpg,Capacitor Jumper,92,100,17,19,58,63,component,,,
pcb161rec1_jpg__038__Capacitor_Jumper.png,fpic_rf100,valid/images/pcb161rec1_jpg.rf.08883ffc34494037fa32da6ec4c7e8de.jpg,pcb161rec1_jpg,Capacitor Jumper,102,97,19,18,64,60,component,,,
pcb161rec1_jpg__067__Capacitor_Jumper.png,fpic_rf100,valid/images/pcb161rec1_jpg.rf.08883ffc34494037fa32da6ec4c7e8de.jpg,pcb161rec1_jpg,Capacitor Jumper,102,92,19,17,64,58,component,,,
pcb161rec1_jpg__068__Capacitor_Jumper.png,fpic_rf100,valid/images/pcb161rec1_jpg.rf.08883ffc34494037fa32da6ec4c7e8de.jpg,pcb161rec1_jpg,Capacitor Jumper,100,106,19,20,62,66,component,,,
pcb161rec1_jpg__091__Capacitor_Jumper.png,fpic_rf100,valid/images/pcb161rec1_jpg.rf.08883ffc34494037fa32da6ec4c7e8de.jpg,pcb161rec1_jpg,Capacitor Jumper,81,85,15,16,51,53,component,,,
pcb161rec1_jpg__093__Capacitor_Jumper.png,fpic_rf100,valid/images/pcb161rec1_jpg.rf.08883ffc34494037fa32da6ec4c7e8de.jpg,pcb161rec1_jpg,Capacitor Jumper,92,103,17,19,58,65,component,,,
pcb161rec1_jpg__096__Capacitor_Jumper.png,fpic_rf100,valid/images/pcb161rec1_jpg.rf.08883ffc34494037fa32da6ec4c7e8de.jpg,pcb161rec1_jpg,Capacitor Jumper,91,102,17,19,57,64,component,,,
pcb161rec1_jpg__097__Capacitor_Jumper.png,fpic_rf100,valid/images/pcb161rec1_jpg.rf.08883ffc34494037fa32da6ec4c7e8de.jpg,pcb161rec1_jpg,Capacitor Jumper,91,92,17,17,57,58,component,,,
pcb161rec1_jpg__099__IC.png,fpic_rf100,valid/images/pcb161rec1_jpg.rf.08883ffc34494037fa32da6ec4c7e8de.jpg,pcb161rec1_jpg,IC,90,95,17,18,57,59,component,,,
pcb161rec1_jpg__100__IC.png,fpic_rf100,valid/images/pcb161rec1_jpg.rf.08883ffc34494037fa32da6ec4c7e8de.jpg,pcb161rec1_jpg,IC,84,90,16,17,52,56,component,,,
pcb161rec1_jpg__101__Capacitor_Jumper.png,fpic_rf100,valid/images/pcb161rec1_jpg.rf.08883ffc34494037fa32da6ec4c7e8de.jpg,pcb161rec1_jpg,Capacitor Jumper,87,103,16,19,54,65,component,,,
pcb161rec1_jpg__102__IC.png,fpic_rf100,valid/images/pcb161rec1_jpg.rf.08883ffc34494037fa32da6ec4c7e8de.jpg,pcb161rec1_jpg,IC,167,246,31,46,105,154,component,,,
pcb161rec1_jpg__118__IC.png,fpic_rf100,valid/images/pcb161rec1_jpg.rf.08883ffc34494037fa32da6ec4c7e8de.jpg,pcb161rec1_jpg,IC,142,164,27,31,89,102,component,,,
pcb161rec1_jpg__123__Capacitor_Jumper.png,fpic_rf100,valid/images/pcb161rec1_jpg.rf.08883ffc34494037fa32da6ec4c7e8de.jpg,pcb161rec1_jpg,Capacitor Jumper,102,100,19,19,64,63,component,,,
pcb161rec1_jpg__126__IC.png,fpic_rf100,valid/images/pcb161rec1_jpg.rf.08883ffc34494037fa32da6ec4c7e8de.jpg,pcb161rec1_jpg,IC,134,150,25,28,83,94,component,,,
pcb161rec1_jpg__135__IC.png,fpic_rf100,valid/images/pcb161rec1_jpg.rf.08883ffc34494037fa32da6ec4c7e8de.jpg,pcb161rec1_jpg,IC,393,407,74,76,245,254,component,,,
pcb161rec1_jpg__146__Capacitor_Jumper.png,fpic_rf100,valid/images/pcb161rec1_jpg.rf.08883ffc34494037fa32da6ec4c7e8de.jpg,pcb161rec1_jpg,Capacitor Jumper,100,92,19,17,62,58,component,,,
pcb161rec1_jpg__160__Capacitor_Jumper.png,fpic_rf100,valid/images/pcb161rec1_jpg.rf.08883ffc34494037fa32da6ec4c7e8de.jpg,pcb161rec1_jpg,Capacitor Jumper,85,95,16,18,53,59,component,,,
pcb161rec1_jpg__169__Capacitor_Jumper.png,fpic_rf100,valid/images/pcb161rec1_jpg.rf.08883ffc34494037fa32da6ec4c7e8de.jpg,pcb161rec1_jpg,Capacitor Jumper,79,90,15,17,49,56,component,,,
pcb161rec1_jpg__170__Capacitor_Jumper.png,fpic_rf100,valid/images/pcb161rec1_jpg.rf.08883ffc34494037fa32da6ec4c7e8de.jpg,pcb161rec1_jpg,Capacitor Jumper,99,91,19,17,62,57,component,,,
pcb161rec1_jpg__183__Capacitor_Jumper.png,fpic_rf100,valid/images/pcb161rec1_jpg.rf.08883ffc34494037fa32da6ec4c7e8de.jpg,pcb161rec1_jpg,Capacitor Jumper,81,84,15,16,51,53,component,,,
pcb161rec1_jpg__193__Capacitor_Jumper.png,fpic_rf100,valid/images/pcb161rec1_jpg.rf.08883ffc34494037fa32da6ec4c7e8de.jpg,pcb161rec1_jpg,Capacitor Jumper,94,111,18,21,59,69,component,,,
pcb161rec1_jpg__202__Capacitor_Jumper.png,fpic_rf100,valid/images/pcb161rec1_jpg.rf.08883ffc34494037fa32da6ec4c7e8de.jpg,pcb161rec1_jpg,Capacitor Jumper,91,91,17,17,57,57,component,,,
pcb161rec1_jpg__203__Capacitor_Jumper.png,fpic_rf100,valid/images/pcb161rec1_jpg.rf.08883ffc34494037fa32da6ec4c7e8de.jpg,pcb161rec1_jpg,Capacitor Jumper,102,122,19,23,64,76,component,,,
pcb161rec1_jpg__210__Capacitor_Jumper.png,fpic_rf100,valid/images/pcb161rec1_jpg.rf.08883ffc34494037fa32da6ec4c7e8de.jpg,pcb161rec1_jpg,Capacitor Jumper,87,95,16,18,55,59,component,,,
pcb161rec1_jpg__213__Capacitor_Jumper.png,fpic_rf100,valid/images/pcb161rec1_jpg.rf.08883ffc34494037fa32da6ec4c7e8de.jpg,pcb161rec1_jpg,Capacitor Jumper,95,79,18,15,59,49,component,,,
pcb161rec1_jpg__225__IC.png,fpic_rf100,valid/images/pcb161rec1_jpg.rf.08883ffc34494037fa32da6ec4c7e8de.jpg,pcb161rec1_jpg,IC,372,399,70,75,232,249,component,,,
pcb161rec1_jpg__226__IC.png,fpic_rf100,valid/images/pcb161rec1_jpg.rf.08883ffc34494037fa32da6ec4c7e8de.jpg,pcb161rec1_jpg,IC,132,122,25,23,82,76,component,,,
pcb161rec1_jpg__227__IC.png,fpic_rf100,valid/images/pcb161rec1_jpg.rf.08883ffc34494037fa32da6ec4c7e8de.jpg,pcb161rec1_jpg,IC,288,84,54,16,180,52,component,,,
pcb161rec1_jpg__238__Capacitor_Jumper.png,fpic_rf100,valid/images/pcb161rec1_jpg.rf.08883ffc34494037fa32da6ec4c7e8de.jpg,pcb161rec1_jpg,Capacitor Jumper,92,108,17,20,57,68,component,,,
pcb161rec1_jpg__247__Capacitor_Jumper.png,fpic_rf100,valid/images/pcb161rec1_jpg.rf.08883ffc34494037fa32da6ec4c7e8de.jpg,pcb161rec1_jpg,Capacitor Jumper,84,91,16,17,52,57,component,,,
pcb161rec1_jpg__250__IC.png,fpic_rf100,valid/images/pcb161rec1_jpg.rf.08883ffc34494037fa32da6ec4c7e8de.jpg,pcb161rec1_jpg,IC,151,135,28,25,95,85,component,,,
pcb161rec1_jpg__258__IC.png,fpic_rf100,valid/images/pcb161rec1_jpg.rf.08883ffc34494037fa32da6ec4c7e8de.jpg,pcb161rec1_jpg,IC,164,304,31,57,102,190,component,,,
pcb161rec1_jpg__262__Capacitor_Jumper.png,fpic_rf100,valid/images/pcb161rec1_jpg.rf.08883ffc34494037fa32da6ec4c7e8de.jpg,pcb161rec1_jpg,Capacitor Jumper,87,98,16,18,55,62,component,,,
pcb161rec1_jpg__271__Capacitor_Jumper.png,fpic_rf100,valid/images/pcb161rec1_jpg.rf.08883ffc34494037fa32da6ec4c7e8de.jpg,pcb161rec1_jpg,Capacitor Jumper,87,107,16,20,55,67,component,,,
pcb161rec1_jpg__279__Capacitor_Jumper.png,fpic_rf100,valid/images/pcb161rec1_jpg.rf.08883ffc34494037fa32da6ec4c7e8de.jpg,pcb161rec1_jpg,Capacitor Jumper,85,83,16,16,53,52,component,,,
pcb161rec1_jpg__297__Capacitor_Jumper.png,fpic_rf100,valid/images/pcb161rec1_jpg.rf.08883ffc34494037fa32da6ec4c7e8de.jpg,pcb161rec1_jpg,Capacitor Jumper,119,101,22,19,75,63,component,,,
pcb161rec1_jpg__302__Capacitor_Jumper.png,fpic_rf100,valid/images/pcb161rec1_jpg.rf.08883ffc34494037fa32da6ec4c7e8de.jpg,pcb161rec1_jpg,Capacitor Jumper,85,86,16,16,53,54,component,,,
pcb161rec1_jpg__304__Capacitor_Jumper.png,fpic_rf100,valid/images/pcb161rec1_jpg.rf.08883ffc34494037fa32da6ec4c7e8de.jpg,pcb161rec1_jpg,Capacitor Jumper,83,87,16,16,52,54,component,,,
pcb161rec1_jpg__313__Capacitor_Jumper.png,fpic_rf100,valid/images/pcb161rec1_jpg.rf.08883ffc34494037fa32da6ec4c7e8de.jpg,pcb161rec1_jpg,Capacitor Jumper,82,84,15,16,51,52,component,,,
pcb161rec1_jpg__322__Capacitor_Jumper.png,fpic_rf100,valid/images/pcb161rec1_jpg.rf.08883ffc34494037fa32da6ec4c7e8de.jpg,pcb161rec1_jpg,Capacitor Jumper,84,86,16,16,53,54,component,,,
pcb161rec1_jpg__324__IC.png,fpic_rf100,valid/images/pcb161rec1_jpg.rf.08883ffc34494037fa32da6ec4c7e8de.jpg,pcb161rec1_jpg,IC,130,86,24,16,81,54,component,,,
pcb161rec1_jpg__325__IC.png,fpic_rf100,valid/images/pcb161rec1_jpg.rf.08883ffc34494037fa32da6ec4c7e8de.jpg,pcb161rec1_jpg,IC,160,148,30,28,100,92,component,,,
pcb161rec1_jpg__346__Capacitor_Jumper.png,fpic_rf100,valid/images/pcb161rec1_jpg.rf.08883ffc34494037fa32da6ec4c7e8de.jpg,pcb161rec1_jpg,Capacitor Jumper,113,87,21,16,71,54,component,,,
pcb161rec1_jpg__348__IC.png,fpic_rf100,valid/images/pcb161rec1_jpg.rf.08883ffc34494037fa32da6ec4c7e8de.jpg,pcb161rec1_jpg,IC,185,192,35,36,116,120,component,,,
pcb162rec1_jpg__012__IC.png,fpic_rf100,train/images/pcb162rec1_jpg.rf.02b3fecb65ca4203d6874b4a621fa69f.jpg,pcb162rec1_jpg,IC,149,175,28,33,93,109,component,,,
pcb162rec1_jpg__034__IC.png,fpic_rf100,train/images/pcb162rec1_jpg.rf.02b3fecb65ca4203d6874b4a621fa69f.jpg,pcb162rec1_jpg,IC,88,90,17,17,55,56,component,,,
pcb162rec1_jpg__038__iC.png,fpic_rf100,train/images/pcb162rec1_jpg.rf.02b3fecb65ca4203d6874b4a621fa69f.jpg,pcb162rec1_jpg,iC,97,95,18,18,61,59,component,,,
pcb162rec1_jpg__050__IC.png,fpic_rf100,train/images/pcb162rec1_jpg.rf.02b3fecb65ca4203d6874b4a621fa69f.jpg,pcb162rec1_jpg,IC,171,153,32,29,107,95,component,,,
pcb162rec1_jpg__051__IC.png,fpic_rf100,train/images/pcb162rec1_jpg.rf.02b3fecb65ca4203d6874b4a621fa69f.jpg,pcb162rec1_jpg,IC,118,128,22,24,74,80,component,,,
pcb162rec1_jpg__052__IC.png,fpic_rf100,train/images/pcb162rec1_jpg.rf.02b3fecb65ca4203d6874b4a621fa69f.jpg,pcb162rec1_jpg,IC,111,139,21,26,69,87,component,,,
pcb162rec1_jpg__062__Connector.png,fpic_rf100,train/images/pcb162rec1_jpg.rf.02b3fecb65ca4203d6874b4a621fa69f.jpg,pcb162rec1_jpg,Connector,150,80,28,15,94,50,component,,,
pcb162rec1_jpg__063__Connector.png,fpic_rf100,train/images/pcb162rec1_jpg.rf.02b3fecb65ca4203d6874b4a621fa69f.jpg,pcb162rec1_jpg,Connector,176,79,33,15,110,49,component,,,
pcb162rec1_jpg__064__iC.png,fpic_rf100,train/images/pcb162rec1_jpg.rf.02b3fecb65ca4203d6874b4a621fa69f.jpg,pcb162rec1_jpg,iC,76,102,14,19,48,64,component,,,
pcb162rec1_jpg__065__Connector.png,fpic_rf100,train/images/pcb162rec1_jpg.rf.02b3fecb65ca4203d6874b4a621fa69f.jpg,pcb162rec1_jpg,Connector,337,107,63,20,211,67,component,,,
pcb162rec1_jpg__097__Connector.png,fpic_rf100,train/images/pcb162rec1_jpg.rf.02b3fecb65ca4203d6874b4a621fa69f.jpg,pcb162rec1_jpg,Connector,105,366,0,71,81,237,component,,,
pcb162rec1_jpg__105__IC.png,fpic_rf100,train/images/pcb162rec1_jpg.rf.02b3fecb65ca4203d6874b4a621fa69f.jpg,pcb162rec1_jpg,IC,138,111,26,21,86,69,component,,,
pcb162rec1_jpg__106__IC.png,fpic_rf100,train/images/pcb162rec1_jpg.rf.02b3fecb65ca4203d6874b4a621fa69f.jpg,pcb162rec1_jpg,IC,133,107,25,20,83,67,component,,,
pcb162rec1_jpg__240__Connector.png,fpic_rf100,train/images/pcb162rec1_jpg.rf.02b3fecb65ca4203d6874b4a621fa69f.jpg,pcb162rec1_jpg,Connector,489,68,92,0,305,52,component,,,
pcb163rec1_jpg__001__Capacitor_Jumper.png,fpic_rf100,test/images/pcb163rec1_jpg.rf.2dc88ad8fae13667b80ee1e4d158b9f3.jpg,pcb163rec1_jpg,Capacitor Jumper,219,250,41,47,137,156,component,,,
pcb163rec1_jpg__004__Resistor_Jumper.png,fpic_rf100,test/images/pcb163rec1_jpg.rf.2dc88ad8fae13667b80ee1e4d158b9f3.jpg,pcb163rec1_jpg,Resistor Jumper,180,72,34,4,112,52,component,,,
pcb163rec1_jpg__006__Capacitor_Jumper.png,fpic_rf100,test/images/pcb163rec1_jpg.rf.2dc88ad8fae13667b80ee1e4d158b9f3.jpg,pcb163rec1_jpg,Capacitor Jumper,78,250,15,47,48,156,component,,,
pcb163rec1_jpg__010__Capacitor_Jumper.png,fpic_rf100,test/images/pcb163rec1_jpg.rf.2dc88ad8fae13667b80ee1e4d158b9f3.jpg,pcb163rec1_jpg,Capacitor Jumper,1913,672,571,126,1902,420,component,,,
pcb163rec1_jpg__011__Capacitor_Jumper.png,fpic_rf100,test/images/pcb163rec1_jpg.rf.2dc88ad8fae13667b80ee1e4d158b9f3.jpg,pcb163rec1_jpg,Capacitor Jumper,77,112,14,21,48,70,component,,,
pcb163rec1_jpg__013__Capacitor_Jumper.png,fpic_rf100,test/images/pcb163rec1_jpg.rf.2dc88ad8fae13667b80ee1e4d158b9f3.jpg,pcb163rec1_jpg,Capacitor Jumper,100,236,19,44,62,148,component,,,
pcb163rec1_jpg__016__Capacitor_Jumper.png,fpic_rf100,test/images/pcb163rec1_jpg.rf.2dc88ad8fae13667b80ee1e4d158b9f3.jpg,pcb163rec1_jpg,Capacitor Jumper,139,134,26,25,87,84,component,,,
pcb163rec1_jpg__020__Capacitor_Jumper.png,fpic_rf100,test/images/pcb163rec1_jpg.rf.2dc88ad8fae13667b80ee1e4d158b9f3.jpg,pcb163rec1_jpg,Capacitor Jumper,135,172,25,32,85,108,component,,,
pcb163rec1_jpg__021__Capacitor_Jumper.png,fpic_rf100,test/images/pcb163rec1_jpg.rf.2dc88ad8fae13667b80ee1e4d158b9f3.jpg,pcb163rec1_jpg,Capacitor Jumper,155,138,29,26,97,86,component,,,
pcb163rec1_jpg__022__Capacitor_Jumper.png,fpic_rf100,test/images/pcb163rec1_jpg.rf.2dc88ad8fae13667b80ee1e4d158b9f3.jpg,pcb163rec1_jpg,Capacitor Jumper,123,132,23,25,77,82,component,,,
pcb163rec1_jpg__023__Resistor_Jumper.png,fpic_rf100,test/images/pcb163rec1_jpg.rf.2dc88ad8fae13667b80ee1e4d158b9f3.jpg,pcb163rec1_jpg,Resistor Jumper,102,166,19,31,64,104,component,,,
pcb163rec1_jpg__024__Capacitor_Jumper.png,fpic_rf100,test/images/pcb163rec1_jpg.rf.2dc88ad8fae13667b80ee1e4d158b9f3.jpg,pcb163rec1_jpg,Capacitor Jumper,240,140,45,26,150,88,component,,,
pcb163rec1_jpg__025__Capacitor_Jumper.png,fpic_rf100,test/images/pcb163rec1_jpg.rf.2dc88ad8fae13667b80ee1e4d158b9f3.jpg,pcb163rec1_jpg,Capacitor Jumper,149,148,28,28,93,92,component,,,
pcb164rec1_jpg__002__IC.png,fpic_rf100,valid/images/pcb164rec1_jpg.rf.02cb225704db2d65b6e7dc28597991b3.jpg,pcb164rec1_jpg,IC,320,190,60,36,200,118,component,,,
pcb164rec1_jpg__003__Capacitor_Jumper.png,fpic_rf100,valid/images/pcb164rec1_jpg.rf.02cb225704db2d65b6e7dc28597991b3.jpg,pcb164rec1_jpg,Capacitor Jumper,112,108,21,20,70,68,component,,,
pcb164rec1_jpg__006__Capacitor_Jumper.png,fpic_rf100,valid/images/pcb164rec1_jpg.rf.02cb225704db2d65b6e7dc28597991b3.jpg,pcb164rec1_jpg,Capacitor Jumper,105,79,20,15,66,49,component,,,
pcb164rec1_jpg__022__Connector.png,fpic_rf100,valid/images/pcb164rec1_jpg.rf.02cb225704db2d65b6e7dc28597991b3.jpg,pcb164rec1_jpg,Connector,212,105,40,20,132,68,component,,,
pcb164rec1_jpg__026__Resistor_Jumper.png,fpic_rf100,valid/images/pcb164rec1_jpg.rf.02cb225704db2d65b6e7dc28597991b3.jpg,pcb164rec1_jpg,Resistor Jumper,132,151,25,28,82,95,component,,,
pcb164rec1_jpg__033__Connector.png,fpic_rf100,valid/images/pcb164rec1_jpg.rf.02cb225704db2d65b6e7dc28597991b3.jpg,pcb164rec1_jpg,Connector,102,172,19,32,64,107,component,,,
pcb164rec1_jpg__037__Connector.png,fpic_rf100,valid/images/pcb164rec1_jpg.rf.02cb225704db2d65b6e7dc28597991b3.jpg,pcb164rec1_jpg,Connector,85,172,16,32,53,108,component,,,
pcb164rec1_jpg__038__IC.png,fpic_rf100,valid/images/pcb164rec1_jpg.rf.02cb225704db2d65b6e7dc28597991b3.jpg,pcb164rec1_jpg,IC,169,106,32,20,105,66,component,,,
pcb164rec1_jpg__039__IC.png,fpic_rf100,valid/images/pcb164rec1_jpg.rf.02cb225704db2d65b6e7dc28597991b3.jpg,pcb164rec1_jpg,IC,162,105,30,20,102,65,component,,,
pcb164rec1_jpg__042__Capacitor_Jumper.png,fpic_rf100,valid/images/pcb164rec1_jpg.rf.02cb225704db2d65b6e7dc28597991b3.jpg,pcb164rec1_jpg,Capacitor Jumper,124,93,23,17,78,58,component,,,
pcb164rec1_jpg__043__Capacitor_Jumper.png,fpic_rf100,valid/images/pcb164rec1_jpg.rf.02cb225704db2d65b6e7dc28597991b3.jpg,pcb164rec1_jpg,Capacitor Jumper,156,165,29,31,98,103,component,,,
pcb164rec1_jpg__044__Capacitor_Jumper.png,fpic_rf100,valid/images/pcb164rec1_jpg.rf.02cb225704db2d65b6e7dc28597991b3.jpg,pcb164rec1_jpg,Capacitor Jumper,148,108,28,20,93,68,component,,,
pcb164rec1_jpg__050__Capacitor_Jumper.png,fpic_rf100,valid/images/pcb164rec1_jpg.rf.02cb225704db2d65b6e7dc28597991b3.jpg,pcb164rec1_jpg,Capacitor Jumper,107,106,20,20,67,66,component,,,
pcb164rec1_jpg__055__Capacitor_Jumper.png,fpic_rf100,valid/images/pcb164rec1_jpg.rf.02cb225704db2d65b6e7dc28597991b3.jpg,pcb164rec1_jpg,Capacitor Jumper,155,133,29,25,97,83,component,,,
pcb164rec1_jpg__056__IC.png,fpic_rf100,valid/images/pcb164rec1_jpg.rf.02cb225704db2d65b6e7dc28597991b3.jpg,pcb164rec1_jpg,IC,163,113,31,21,102,71,component,,,
pcb164rec1_jpg__057__Capacitor_Jumper.png,fpic_rf100,valid/images/pcb164rec1_jpg.rf.02cb225704db2d65b6e7dc28597991b3.jpg,pcb164rec1_jpg,Capacitor Jumper,106,118,20,22,66,74,component,,,
pcb164rec1_jpg__073__Capacitor_Jumper.png,fpic_rf100,valid/images/pcb164rec1_jpg.rf.02cb225704db2d65b6e7dc28597991b3.jpg,pcb164rec1_jpg,Capacitor Jumper,111,108,21,20,69,68,component,,,
pcb164rec1_jpg__074__Capacitor_Jumper.png,fpic_rf100,valid/images/pcb164rec1_jpg.rf.02cb225704db2d65b6e7dc28597991b3.jpg,pcb164rec1_jpg,Capacitor Jumper,113,98,21,18,71,62,component,,,
pcb164rec1_jpg__075__Capacitor_Jumper.png,fpic_rf100,valid/images/pcb164rec1_jpg.rf.02cb225704db2d65b6e7dc28597991b3.jpg,pcb164rec1_jpg,Capacitor Jumper,121,95,23,18,76,59,component,,,
pcb164rec1_jpg__076__Capacitor_Jumper.png,fpic_rf100,valid/images/pcb164rec1_jpg.rf.02cb225704db2d65b6e7dc28597991b3.jpg,pcb164rec1_jpg,Capacitor Jumper,100,117,19,22,62,73,component,,,
pcb164rec1_jpg__077__Connector.png,fpic_rf100,valid/images/pcb164rec1_jpg.rf.02cb225704db2d65b6e7dc28597991b3.jpg,pcb164rec1_jpg,Connector,112,159,21,30,70,99,component,,,
pcb164rec1_jpg__080__Capacitor_Jumper.png,fpic_rf100,valid/images/pcb164rec1_jpg.rf.02cb225704db2d65b6e7dc28597991b3.jpg,pcb164rec1_jpg,Capacitor Jumper,121,100,23,19,75,62,component,,,
pcb164rec1_jpg__086__Connector.png,fpic_rf100,valid/images/pcb164rec1_jpg.rf.02cb225704db2d65b6e7dc28597991b3.jpg,pcb164rec1_jpg,Connector,416,124,78,20,260,80,component,,,
pcb164rec1_jpg__092__IC.png,fpic_rf100,valid/images/pcb164rec1_jpg.rf.02cb225704db2d65b6e7dc28597991b3.jpg,pcb164rec1_jpg,IC,212,190,40,36,132,118,component,,,
pcb164rec1_jpg__093__Connector.png,fpic_rf100,valid/images/pcb164rec1_jpg.rf.02cb225704db2d65b6e7dc28597991b3.jpg,pcb164rec1_jpg,Connector,175,347,33,65,109,217,component,,,
pcb164rec1_jpg__097__Connector.png,fpic_rf100,valid/images/pcb164rec1_jpg.rf.02cb225704db2d65b6e7dc28597991b3.jpg,pcb164rec1_jpg,Connector,134,272,25,51,84,170,component,,,
pcb164rec1_jpg__102__IC.png,fpic_rf100,valid/images/pcb164rec1_jpg.rf.02cb225704db2d65b6e7dc28597991b3.jpg,pcb164rec1_jpg,IC,404,370,76,69,252,231,component,,,
pcb164rec1_jpg__106__Capacitor_Jumper.png,fpic_rf100,valid/images/pcb164rec1_jpg.rf.02cb225704db2d65b6e7dc28597991b3.jpg,pcb164rec1_jpg,Capacitor Jumper,180,159,34,30,112,99,component,,,
pcb164rec1_jpg__110__Capacitor_Jumper.png,fpic_rf100,valid/images/pcb164rec1_jpg.rf.02cb225704db2d65b6e7dc28597991b3.jpg,pcb164rec1_jpg,Capacitor Jumper,145,154,27,29,91,96,component,,,
pcb165rec1_jpg__000__Connector.png,fpic_rf100,train/images/pcb165rec1_jpg.rf.519cc18729456ef464ccd94d5535264c.jpg,pcb165rec1_jpg,Connector,399,107,75,0,249,82,component,,,
pcb165rec1_jpg__010__Transistor.png,fpic_rf100,train/images/pcb165rec1_jpg.rf.519cc18729456ef464ccd94d5535264c.jpg,pcb165rec1_jpg,Transistor,123,140,23,26,77,88,component,,,
pcb165rec1_jpg__011__Transistor.png,fpic_rf100,train/images/pcb165rec1_jpg.rf.519cc18729456ef464ccd94d5535264c.jpg,pcb165rec1_jpg,Transistor,134,161,25,30,84,101,component,,,
pcb165rec1_jpg__012__Transistor.png,fpic_rf100,train/images/pcb165rec1_jpg.rf.519cc18729456ef464ccd94d5535264c.jpg,pcb165rec1_jpg,Transistor,154,159,29,30,96,99,component,,,
pcb165rec1_jpg__016__Transistor.png,fpic_rf100,train/images/pcb165rec1_jpg.rf.519cc18729456ef464ccd94d5535264c.jpg,pcb165rec1_jpg,Transistor,116,110,22,13,72,75,component,,,
pcb165rec1_jpg__017__Capacitor.png,fpic_rf100,train/images/pcb165rec1_jpg.rf.519cc18729456ef464ccd94d5535264c.jpg,pcb165rec1_jpg,Capacitor,90,76,17,14,56,48,component,,,
pcb165rec1_jpg__033__Transistor.png,fpic_rf100,train/images/pcb165rec1_jpg.rf.519cc18729456ef464ccd94d5535264c.jpg,pcb165rec1_jpg,Transistor,104,97,19,18,65,61,component,,,
pcb165rec1_jpg__041__Capacitor.png,fpic_rf100,train/images/pcb165rec1_jpg.rf.519cc18729456ef464ccd94d5535264c.jpg,pcb165rec1_jpg,Capacitor,165,172,31,32,103,108,component,,,
pcb165rec1_jpg__042__Capacitor.png,fpic_rf100,train/images/pcb165rec1_jpg.rf.519cc18729456ef464ccd94d5535264c.jpg,pcb165rec1_jpg,Capacitor,187,168,35,32,117,105,component,,,
pcb165rec1_jpg__043__Transistor.png,fpic_rf100,train/images/pcb165rec1_jpg.rf.519cc18729456ef464ccd94d5535264c.jpg,pcb165rec1_jpg,Transistor,187,176,35,33,117,110,component,,,
pcb165rec1_jpg__044__Capacitor.png,fpic_rf100,train/images/pcb165rec1_jpg.rf.519cc18729456ef464ccd94d5535264c.jpg,pcb165rec1_jpg,Capacitor,148,177,28,33,92,111,component,,,
pcb165rec1_jpg__066__Capacitor.png,fpic_rf100,train/images/pcb165rec1_jpg.rf.519cc18729456ef464ccd94d5535264c.jpg,pcb165rec1_jpg,Capacitor,150,120,28,23,94,75,component,,,
pcb165rec1_jpg__067__Capacitor.png,fpic_rf100,train/images/pcb165rec1_jpg.rf.519cc18729456ef464ccd94d5535264c.jpg,pcb165rec1_jpg,Capacitor,170,128,32,24,106,80,component,,,
pcb165rec1_jpg__075__IC.png,fpic_rf100,train/images/pcb165rec1_jpg.rf.519cc18729456ef464ccd94d5535264c.jpg,pcb165rec1_jpg,IC,106,76,20,14,66,48,component,,,
pcb165rec1_jpg__079__Transistor.png,fpic_rf100,train/images/pcb165rec1_jpg.rf.519cc18729456ef464ccd94d5535264c.jpg,pcb165rec1_jpg,Transistor,132,118,25,22,82,74,component,,,
pcb165rec1_jpg__083__Capacitor.png,fpic_rf100,train/images/pcb165rec1_jpg.rf.519cc18729456ef464ccd94d5535264c.jpg,pcb165rec1_jpg,Capacitor,111,74,21,17,69,56,component,,,
pcb165rec1_jpg__084__Transistor.png,fpic_rf100,train/images/pcb165rec1_jpg.rf.519cc18729456ef464ccd94d5535264c.jpg,pcb165rec1_jpg,Transistor,129,134,24,25,81,84,component,,,
pcb165rec1_jpg__090__Capacitor.png,fpic_rf100,train/images/pcb165rec1_jpg.rf.519cc18729456ef464ccd94d5535264c.jpg,pcb165rec1_jpg,Capacitor,156,86,29,20,98,65,component,,,
pcb165rec1_jpg__094__Resistor_Network.png,fpic_rf100,train/images/pcb165rec1_jpg.rf.519cc18729456ef464ccd94d5535264c.jpg,pcb165rec1_jpg,Resistor Network,80,66,15,15,50,50,component,,,
pcb16rec1_jpg__002__Capacitor.png,fpic_rf100,train/images/pcb16rec1_jpg.rf.164d526bb2ae1df6b78a0add2295c5e6.jpg,pcb16rec1_jpg,Capacitor,101,86,19,16,63,54,component,,,
pcb16rec1_jpg__006__Connector.png,fpic_rf100,train/images/pcb16rec1_jpg.rf.164d526bb2ae1df6b78a0add2295c5e6.jpg,pcb16rec1_jpg,Connector,204,572,38,118,128,394,component,,,
pcb16rec1_jpg__011__IC.png,fpic_rf100,train/images/pcb16rec1_jpg.rf.164d526bb2ae1df6b78a0add2295c5e6.jpg,pcb16rec1_jpg,IC,144,129,27,24,90,81,component,,,
pcb16rec1_jpg__014__Transistor.png,fpic_rf100,train/images/pcb16rec1_jpg.rf.164d526bb2ae1df6b78a0add2295c5e6.jpg,pcb16rec1_jpg,Transistor,90,117,17,22,56,73,component,,,
pcb16rec1_jpg__016__IC.png,fpic_rf100,train/images/pcb16rec1_jpg.rf.164d526bb2ae1df6b78a0add2295c5e6.jpg,pcb16rec1_jpg,IC,84,101,16,19,52,63,component,,,
pcb16rec1_jpg__019__IC.png,fpic_rf100,train/images/pcb16rec1_jpg.rf.164d526bb2ae1df6b78a0add2295c5e6.jpg,pcb16rec1_jpg,IC,100,108,19,20,62,68,component,,,
pcb16rec1_jpg__020__Connector.png,fpic_rf100,train/images/pcb16rec1_jpg.rf.164d526bb2ae1df6b78a0add2295c5e6.jpg,pcb16rec1_jpg,Connector,94,636,0,119,72,398,component,,,
pcb17rec1_jpg__001__Capacitor_Jumper.png,fpic_rf100,train/images/pcb17rec1_jpg.rf.0c1784f9e3485c9865fea30c03a0aa00.jpg,pcb17rec1_jpg,Capacitor Jumper,96,106,18,20,60,66,component,,,
pcb17rec1_jpg__002__Capacitor_Jumper.png,fpic_rf100,train/images/pcb17rec1_jpg.rf.0c1784f9e3485c9865fea30c03a0aa00.jpg,pcb17rec1_jpg,Capacitor Jumper,81,86,15,16,50,54,component,,,
pcb17rec1_jpg__006__IC.png,fpic_rf100,train/images/pcb17rec1_jpg.rf.0c1784f9e3485c9865fea30c03a0aa00.jpg,pcb17rec1_jpg,IC,110,87,21,16,68,55,component,,,
pcb17rec1_jpg__008__IC.png,fpic_rf100,train/images/pcb17rec1_jpg.rf.0c1784f9e3485c9865fea30c03a0aa00.jpg,pcb17rec1_jpg,IC,394,382,74,72,246,239,component,,,
pcb17rec1_jpg__010__IC.png,fpic_rf100,train/images/pcb17rec1_jpg.rf.0c1784f9e3485c9865fea30c03a0aa00.jpg,pcb17rec1_jpg,IC,183,316,34,59,115,198,component,,,
pcb17rec1_jpg__011__IC.png,fpic_rf100,train/images/pcb17rec1_jpg.rf.0c1784f9e3485c9865fea30c03a0aa00.jpg,pcb17rec1_jpg,IC,79,111,15,21,50,70,component,,,
pcb17rec1_jpg__016__Capacitor_Jumper.png,fpic_rf100,train/images/pcb17rec1_jpg.rf.0c1784f9e3485c9865fea30c03a0aa00.jpg,pcb17rec1_jpg,Capacitor Jumper,84,86,16,16,52,54,component,,,
pcb17rec1_jpg__020__IC.png,fpic_rf100,train/images/pcb17rec1_jpg.rf.0c1784f9e3485c9865fea30c03a0aa00.jpg,pcb17rec1_jpg,IC,188,179,35,34,118,112,component,,,
pcb17rec1_jpg__022__Capacitor_Jumper.png,fpic_rf100,train/images/pcb17rec1_jpg.rf.0c1784f9e3485c9865fea30c03a0aa00.jpg,pcb17rec1_jpg,Capacitor Jumper,78,90,15,17,49,56,component,,,
pcb17rec1_jpg__024__IC.png,fpic_rf100,train/images/pcb17rec1_jpg.rf.0c1784f9e3485c9865fea30c03a0aa00.jpg,pcb17rec1_jpg,IC,116,80,22,15,72,50,component,,,
pcb17rec1_jpg__028__Capacitor_Jumper.png,fpic_rf100,train/images/pcb17rec1_jpg.rf.0c1784f9e3485c9865fea30c03a0aa00.jpg,pcb17rec1_jpg,Capacitor Jumper,91,91,17,17,57,57,component,,,
pcb17rec1_jpg__046__IC.png,fpic_rf100,train/images/pcb17rec1_jpg.rf.0c1784f9e3485c9865fea30c03a0aa00.jpg,pcb17rec1_jpg,IC,79,100,15,19,49,62,component,,,
pcb17rec1_jpg__047__IC.png,fpic_rf100,train/images/pcb17rec1_jpg.rf.0c1784f9e3485c9865fea30c03a0aa00.jpg,pcb17rec1_jpg,IC,112,80,21,15,70,50,component,,,
pcb17rec1_jpg__050__IC.png,fpic_rf100,train/images/pcb17rec1_jpg.rf.0c1784f9e3485c9865fea30c03a0aa00.jpg,pcb17rec1_jpg,IC,333,335,62,63,208,210,component,,,
pcb17rec1_jpg__053__IC.png,fpic_rf100,train/images/pcb17rec1_jpg.rf.0c1784f9e3485c9865fea30c03a0aa00.jpg,pcb17rec1_jpg,IC,245,242,46,45,153,152,component,,,
pcb17rec1_jpg__054__IC.png,fpic_rf100,train/images/pcb17rec1_jpg.rf.0c1784f9e3485c9865fea30c03a0aa00.jpg,pcb17rec1_jpg,IC,121,82,23,15,75,51,component,,,
pcb17rec1_jpg__055__IC.png,fpic_rf100,train/images/pcb17rec1_jpg.rf.0c1784f9e3485c9865fea30c03a0aa00.jpg,pcb17rec1_jpg,IC,124,83,23,16,78,52,component,,,
pcb17rec1_jpg__057__Capacitor_Jumper.png,fpic_rf100,train/images/pcb17rec1_jpg.rf.0c1784f9e3485c9865fea30c03a0aa00.jpg,pcb17rec1_jpg,Capacitor Jumper,94,80,18,15,59,50,component,,,
pcb17rec1_jpg__058__Capacitor_Jumper.png,fpic_rf100,train/images/pcb17rec1_jpg.rf.0c1784f9e3485c9865fea30c03a0aa00.jpg,pcb17rec1_jpg,Capacitor Jumper,85,86,16,16,53,54,component,,,
pcb17rec1_jpg__059__IC.png,fpic_rf100,train/images/pcb17rec1_jpg.rf.0c1784f9e3485c9865fea30c03a0aa00.jpg,pcb17rec1_jpg,IC,181,172,34,32,113,108,component,,,
pcb17rec1_jpg__060__Capacitor_Jumper.png,fpic_rf100,train/images/pcb17rec1_jpg.rf.0c1784f9e3485c9865fea30c03a0aa00.jpg,pcb17rec1_jpg,Capacitor Jumper,81,97,15,18,51,61,component,,,
pcb17rec1_jpg__061__Capacitor_Jumper.png,fpic_rf100,train/images/pcb17rec1_jpg.rf.0c1784f9e3485c9865fea30c03a0aa00.jpg,pcb17rec1_jpg,Capacitor Jumper,101,100,19,19,63,63,component,,,
pcb17rec1_jpg__062__IC.png,fpic_rf100,train/images/pcb17rec1_jpg.rf.0c1784f9e3485c9865fea30c03a0aa00.jpg,pcb17rec1_jpg,IC,454,448,85,84,284,280,component,,,
pcb17rec1_jpg__064__Capacitor_Jumper.png,fpic_rf100,train/images/pcb17rec1_jpg.rf.0c1784f9e3485c9865fea30c03a0aa00.jpg,pcb17rec1_jpg,Capacitor Jumper,87,118,16,22,54,74,component,,,
pcb17rec1_jpg__065__IC.png,fpic_rf100,train/images/pcb17rec1_jpg.rf.0c1784f9e3485c9865fea30c03a0aa00.jpg,pcb17rec1_jpg,IC,95,119,18,22,59,75,component,,,
pcb17rec1_jpg__069__Capacitor_Jumper.png,fpic_rf100,train/images/pcb17rec1_jpg.rf.0c1784f9e3485c9865fea30c03a0aa00.jpg,pcb17rec1_jpg,Capacitor Jumper,101,87,19,16,63,55,component,,,
pcb17rec1_jpg__072__Capacitor_Jumper.png,fpic_rf100,train/images/pcb17rec1_jpg.rf.0c1784f9e3485c9865fea30c03a0aa00.jpg,pcb17rec1_jpg,Capacitor Jumper,91,107,17,20,57,67,component,,,
pcb18rec1_jpg__013__Connector.png,fpic_rf100,test/images/pcb18rec1_jpg.rf.4592cf6b9ad756a58a4a7ab4261af6a6.jpg,pcb18rec1_jpg,Connector,877,668,182,125,608,418,component,,,
pcb18rec1_jpg__016__Capacitor.png,fpic_rf100,test/images/pcb18rec1_jpg.rf.4592cf6b9ad756a58a4a7ab4261af6a6.jpg,pcb18rec1_jpg,Capacitor,95,101,18,19,59,63,component,,,
pcb18rec1_jpg__019__IC.png,fpic_rf100,test/images/pcb18rec1_jpg.rf.4592cf6b9ad756a58a4a7ab4261af6a6.jpg,pcb18rec1_jpg,IC,76,117,14,22,48,73,component,,,
pcb18rec1_jpg__022__Capacitor.png,fpic_rf100,test/images/pcb18rec1_jpg.rf.4592cf6b9ad756a58a4a7ab4261af6a6.jpg,pcb18rec1_jpg,Capacitor,84,95,16,18,52,59,component,,,
pcb18rec1_jpg__038__IC.png,fpic_rf100,test/images/pcb18rec1_jpg.rf.4592cf6b9ad756a58a4a7ab4261af6a6.jpg,pcb18rec1_jpg,IC,159,118,30,22,99,74,component,,,
pcb18rec1_jpg__055__IC.png,fpic_rf100,test/images/pcb18rec1_jpg.rf.4592cf6b9ad756a58a4a7ab4261af6a6.jpg,pcb18rec1_jpg,IC,177,319,33,60,111,199,component,,,
pcb18rec1_jpg__086__IC.png,fpic_rf100,test/images/pcb18rec1_jpg.rf.4592cf6b9ad756a58a4a7ab4261af6a6.jpg,pcb18rec1_jpg,IC,314,351,59,66,196,219,component,,,
pcb18rec1_jpg__094__IC.png,fpic_rf100,test/images/pcb18rec1_jpg.rf.4592cf6b9ad756a58a4a7ab4261af6a6.jpg,pcb18rec1_jpg,IC,128,111,24,21,80,69,component,,,
pcb18rec1_jpg__096__Capacitor.png,fpic_rf100,test/images/pcb18rec1_jpg.rf.4592cf6b9ad756a58a4a7ab4261af6a6.jpg,pcb18rec1_jpg,Capacitor,108,101,20,19,68,63,component,,,
pcb18rec1_jpg__138__IC.png,fpic_rf100,test/images/pcb18rec1_jpg.rf.4592cf6b9ad756a58a4a7ab4261af6a6.jpg,pcb18rec1_jpg,IC,186,294,35,55,116,184,component,,,
pcb18rec1_jpg__139__Capacitor.png,fpic_rf100,test/images/pcb18rec1_jpg.rf.4592cf6b9ad756a58a4a7ab4261af6a6.jpg,pcb18rec1_jpg,Capacitor,90,106,17,20,56,66,component,,,
pcb19rec1_jpg__001__Connector.png,fpic_rf100,train/images/pcb19rec1_jpg.rf.00094f969c2a1b5a8a9cfa064f401a31.jpg,pcb19rec1_jpg,Connector,70,234,14,44,48,146,component,,,
pcb19rec1_jpg__006__Capacitor.png,fpic_rf100,train/images/pcb19rec1_jpg.rf.00094f969c2a1b5a8a9cfa064f401a31.jpg,pcb19rec1_jpg,Capacitor,208,101,39,19,130,63,component,,,
pcb19rec1_jpg__009__Capacitor.png,fpic_rf100,train/images/pcb19rec1_jpg.rf.00094f969c2a1b5a8a9cfa064f401a31.jpg,pcb19rec1_jpg,Capacitor,108,64,20,0,68,49,component,,,
pcb19rec1_jpg__026__Capacitor.png,fpic_rf100,train/images/pcb19rec1_jpg.rf.00094f969c2a1b5a8a9cfa064f401a31.jpg,pcb19rec1_jpg,Capacitor,161,148,30,28,101,92,component,,,
pcb19rec1_jpg__027__Connector.png,fpic_rf100,train/images/pcb19rec1_jpg.rf.00094f969c2a1b5a8a9cfa064f401a31.jpg,pcb19rec1_jpg,Connector,116,612,22,130,72,434,component,,,
pcb19rec1_jpg__036__IC.png,fpic_rf100,train/images/pcb19rec1_jpg.rf.00094f969c2a1b5a8a9cfa064f401a31.jpg,pcb19rec1_jpg,IC,76,111,14,21,48,69,component,,,
pcb19rec1_jpg__037__IC.png,fpic_rf100,train/images/pcb19rec1_jpg.rf.00094f969c2a1b5a8a9cfa064f401a31.jpg,pcb19rec1_jpg,IC,113,116,21,22,71,72,component,,,
pcb19rec1_jpg__045__Capacitor.png,fpic_rf100,train/images/pcb19rec1_jpg.rf.00094f969c2a1b5a8a9cfa064f401a31.jpg,pcb19rec1_jpg,Capacitor,160,154,30,29,100,96,component,,,
pcb19rec1_jpg__056__Capacitor.png,fpic_rf100,train/images/pcb19rec1_jpg.rf.00094f969c2a1b5a8a9cfa064f401a31.jpg,pcb19rec1_jpg,Capacitor,154,154,29,29,96,96,component,,,
pcb19rec1_jpg__078__Capacitor.png,fpic_rf100,train/images/pcb19rec1_jpg.rf.00094f969c2a1b5a8a9cfa064f401a31.jpg,pcb19rec1_jpg,Capacitor,144,145,27,27,90,91,component,,,
pcb19rec1_jpg__080__Capacitor.png,fpic_rf100,train/images/pcb19rec1_jpg.rf.00094f969c2a1b5a8a9cfa064f401a31.jpg,pcb19rec1_jpg,Capacitor,133,161,25,30,83,101,component,,,
pcb19rec1_jpg__081__Capacitor.png,fpic_rf100,train/images/pcb19rec1_jpg.rf.00094f969c2a1b5a8a9cfa064f401a31.jpg,pcb19rec1_jpg,Capacitor,100,112,19,21,62,70,component,,,
pcb19rec1_jpg__082__Capacitor.png,fpic_rf100,train/images/pcb19rec1_jpg.rf.00094f969c2a1b5a8a9cfa064f401a31.jpg,pcb19rec1_jpg,Capacitor,133,118,25,22,83,74,component,,,
pcb19rec1_jpg__083__Capacitor.png,fpic_rf100,train/images/pcb19rec1_jpg.rf.00094f969c2a1b5a8a9cfa064f401a31.jpg,pcb19rec1_jpg,Capacitor,127,129,24,24,79,81,component,,,
pcb19rec1_jpg__085__Capacitor.png,fpic_rf100,train/images/pcb19rec1_jpg.rf.00094f969c2a1b5a8a9cfa064f401a31.jpg,pcb19rec1_jpg,Capacitor,148,149,28,28,92,93,component,,,
pcb19rec1_jpg__086__Capacitor.png,fpic_rf100,train/images/pcb19rec1_jpg.rf.00094f969c2a1b5a8a9cfa064f401a31.jpg,pcb19rec1_jpg,Capacitor,273,140,51,26,171,88,component,,,
pcb19rec1_jpg__088__Capacitor.png,fpic_rf100,train/images/pcb19rec1_jpg.rf.00094f969c2a1b5a8a9cfa064f401a31.jpg,pcb19rec1_jpg,Capacitor,129,81,24,15,81,51,component,,,
pcb19rec1_jpg__089__Capacitor.png,fpic_rf100,train/images/pcb19rec1_jpg.rf.00094f969c2a1b5a8a9cfa064f401a31.jpg,pcb19rec1_jpg,Capacitor,101,161,19,30,63,101,component,,,
pcb19rec1_jpg__091__Capacitor.png,fpic_rf100,train/images/pcb19rec1_jpg.rf.00094f969c2a1b5a8a9cfa064f401a31.jpg,pcb19rec1_jpg,Capacitor,127,166,24,31,79,104,component,,,
pcb19rec1_jpg__105__Capacitor.png,fpic_rf100,train/images/pcb19rec1_jpg.rf.00094f969c2a1b5a8a9cfa064f401a31.jpg,pcb19rec1_jpg,Capacitor,127,177,24,33,79,111,component,,,
pcb19rec1_jpg__108__Connector.png,fpic_rf100,train/images/pcb19rec1_jpg.rf.00094f969c2a1b5a8a9cfa064f401a31.jpg,pcb19rec1_jpg,Connector,143,208,27,39,89,130,component,,,
pcb19rec1_jpg__115__Capacitor.png,fpic_rf100,train/images/pcb19rec1_jpg.rf.00094f969c2a1b5a8a9cfa064f401a31.jpg,pcb19rec1_jpg,Capacitor,111,154,21,29,69,96,component,,,
pcb1rec1_jpg__001__Connector.png,fpic_rf100,valid/images/pcb1rec1_jpg.rf.3091157f7a5bb01c71b863d752a53bd7.jpg,pcb1rec1_jpg,Connector,112,295,19,55,71,184,component,,,
pcb1rec1_jpg__002__IC.png,fpic_rf100,valid/images/pcb1rec1_jpg.rf.3091157f7a5bb01c71b863d752a53bd7.jpg,pcb1rec1_jpg,IC,138,124,26,23,86,78,component,,,
pcb1rec1_jpg__020__IC.png,fpic_rf100,valid/images/pcb1rec1_jpg.rf.3091157f7a5bb01c71b863d752a53bd7.jpg,pcb1rec1_jpg,IC,137,108,26,20,85,68,component,,,
pcb1rec1_jpg__021__Transistor.png,fpic_rf100,valid/images/pcb1rec1_jpg.rf.3091157f7a5bb01c71b863d752a53bd7.jpg,pcb1rec1_jpg,Transistor,236,164,44,31,147,102,component,,,
pcb1rec1_jpg__025__Capacitor_Jumper.png,fpic_rf100,valid/images/pcb1rec1_jpg.rf.3091157f7a5bb01c71b863d752a53bd7.jpg,pcb1rec1_jpg,Capacitor Jumper,101,100,19,19,63,63,component,,,
pcb1rec1_jpg__026__Transistor.png,fpic_rf100,valid/images/pcb1rec1_jpg.rf.3091157f7a5bb01c71b863d752a53bd7.jpg,pcb1rec1_jpg,Transistor,149,97,28,18,93,61,component,,,
pcb1rec1_jpg__032__Connector.png,fpic_rf100,valid/images/pcb1rec1_jpg.rf.3091157f7a5bb01c71b863d752a53bd7.jpg,pcb1rec1_jpg,Connector,143,302,27,57,89,188,component,,,
pcb1rec1_jpg__036__Capacitor_Jumper.png,fpic_rf100,valid/images/pcb1rec1_jpg.rf.3091157f7a5bb01c71b863d752a53bd7.jpg,pcb1rec1_jpg,Capacitor Jumper,124,122,23,23,77,76,component,,,
pcb1rec1_jpg__041__Transistor.png,fpic_rf100,valid/images/pcb1rec1_jpg.rf.3091157f7a5bb01c71b863d752a53bd7.jpg,pcb1rec1_jpg,Transistor,218,146,41,27,136,91,component,,,
pcb1rec1_jpg__052__IC.png,fpic_rf100,valid/images/pcb1rec1_jpg.rf.3091157f7a5bb01c71b863d752a53bd7.jpg,pcb1rec1_jpg,IC,142,113,27,21,88,71,component,,,
pcb1rec1_jpg__055__Capacitor_Jumper.png,fpic_rf100,valid/images/pcb1rec1_jpg.rf.3091157f7a5bb01c71b863d752a53bd7.jpg,pcb1rec1_jpg,Capacitor Jumper,116,125,22,23,72,78,component,,,
pcb1rec1_jpg__072__Capacitor_Jumper.png,fpic_rf100,valid/images/pcb1rec1_jpg.rf.3091157f7a5bb01c71b863d752a53bd7.jpg,pcb1rec1_jpg,Capacitor Jumper,117,119,22,22,73,74,component,,,
pcb1rec1_jpg__075__IC.png,fpic_rf100,valid/images/pcb1rec1_jpg.rf.3091157f7a5bb01c71b863d752a53bd7.jpg,pcb1rec1_jpg,IC,115,87,22,16,72,55,component,,,
pcb1rec1_jpg__079__IC.png,fpic_rf100,valid/images/pcb1rec1_jpg.rf.3091157f7a5bb01c71b863d752a53bd7.jpg,pcb1rec1_jpg,IC,102,91,19,17,64,57,component,,,
pcb1rec1_jpg__081__Capacitor_Jumper.png,fpic_rf100,valid/images/pcb1rec1_jpg.rf.3091157f7a5bb01c71b863d752a53bd7.jpg,pcb1rec1_jpg,Capacitor Jumper,131,127,25,24,82,79,component,,,
pcb1rec1_jpg__082__Connector.png,fpic_rf100,valid/images/pcb1rec1_jpg.rf.3091157f7a5bb01c71b863d752a53bd7.jpg,pcb1rec1_jpg,Connector,90,113,12,21,60,71,component,,,
pcb1rec1_jpg__084__IC.png,fpic_rf100,valid/images/pcb1rec1_jpg.rf.3091157f7a5bb01c71b863d752a53bd7.jpg,pcb1rec1_jpg,IC,463,453,87,85,289,283,component,,,
pcb1rec1_jpg__085__IC.png,fpic_rf100,valid/images/pcb1rec1_jpg.rf.3091157f7a5bb01c71b863d752a53bd7.jpg,pcb1rec1_jpg,IC,148,106,28,20,92,66,component,,,
pcb1rec1_jpg__086__Connector.png,fpic_rf100,valid/images/pcb1rec1_jpg.rf.3091157f7a5bb01c71b863d752a53bd7.jpg,pcb1rec1_jpg,Connector,132,291,25,55,83,182,component,,,
pcb1rec1_jpg__109__Connector.png,fpic_rf100,valid/images/pcb1rec1_jpg.rf.3091157f7a5bb01c71b863d752a53bd7.jpg,pcb1rec1_jpg,Connector,1909,107,430,20,1435,67,component,,,
pcb1rec1_jpg__117__Capacitor_Jumper.png,fpic_rf100,valid/images/pcb1rec1_jpg.rf.3091157f7a5bb01c71b863d752a53bd7.jpg,pcb1rec1_jpg,Capacitor Jumper,140,116,26,22,88,72,component,,,
pcb1rec1_jpg__133__Connector.png,fpic_rf100,valid/images/pcb1rec1_jpg.rf.3091157f7a5bb01c71b863d752a53bd7.jpg,pcb1rec1_jpg,Connector,1905,122,426,23,1421,76,component,,,
pcb1rec1_jpg__134__Transistor.png,fpic_rf100,valid/images/pcb1rec1_jpg.rf.3091157f7a5bb01c71b863d752a53bd7.jpg,pcb1rec1_jpg,Transistor,96,150,18,28,60,94,component,,,
pcb1rec1_jpg__135__Transistor.png,fpic_rf100,valid/images/pcb1rec1_jpg.rf.3091157f7a5bb01c71b863d752a53bd7.jpg,pcb1rec1_jpg,Transistor,112,153,21,29,70,95,component,,,
pcb1rec1_jpg__143__Transistor.png,fpic_rf100,valid/images/pcb1rec1_jpg.rf.3091157f7a5bb01c71b863d752a53bd7.jpg,pcb1rec1_jpg,Transistor,126,102,24,19,79,64,component,,,
pcb1rec1_jpg__147__Connector.png,fpic_rf100,valid/images/pcb1rec1_jpg.rf.3091157f7a5bb01c71b863d752a53bd7.jpg,pcb1rec1_jpg,Connector,123,741,7,139,89,463,component,,,
pcb1rec1_jpg__149__Capacitor_Jumper.png,fpic_rf100,valid/images/pcb1rec1_jpg.rf.3091157f7a5bb01c71b863d752a53bd7.jpg,pcb1rec1_jpg,Capacitor Jumper,145,153,27,29,91,95,component,,,
pcb1rec1_jpg__152__IC.png,fpic_rf100,valid/images/pcb1rec1_jpg.rf.3091157f7a5bb01c71b863d752a53bd7.jpg,pcb1rec1_jpg,IC,99,84,19,16,62,52,component,,,
pcb1rec1_jpg__159__IC.png,fpic_rf100,valid/images/pcb1rec1_jpg.rf.3091157f7a5bb01c71b863d752a53bd7.jpg,pcb1rec1_jpg,IC,190,223,36,42,119,140,component,,,
pcb1rec1_jpg__162__Connector.png,fpic_rf100,valid/images/pcb1rec1_jpg.rf.3091157f7a5bb01c71b863d752a53bd7.jpg,pcb1rec1_jpg,Connector,1916,116,439,22,1463,72,component,,,
pcb1rec1_jpg__177__Connector.png,fpic_rf100,valid/images/pcb1rec1_jpg.rf.3091157f7a5bb01c71b863d752a53bd7.jpg,pcb1rec1_jpg,Connector,1910,126,438,24,1459,79,component,,,
pcb1rec1_jpg__178__Transistor.png,fpic_rf100,valid/images/pcb1rec1_jpg.rf.3091157f7a5bb01c71b863d752a53bd7.jpg,pcb1rec1_jpg,Transistor,79,108,15,20,49,68,component,,,
pcb1rec1_jpg__179__Transistor.png,fpic_rf100,valid/images/pcb1rec1_jpg.rf.3091157f7a5bb01c71b863d752a53bd7.jpg,pcb1rec1_jpg,Transistor,79,101,15,19,49,63,component,,,
pcb1rec1_jpg__259__Connector.png,fpic_rf100,valid/images/pcb1rec1_jpg.rf.3091157f7a5bb01c71b863d752a53bd7.jpg,pcb1rec1_jpg,Connector,838,151,157,28,524,94,component,,,
pcb1rec1_jpg__261__Connector.png,fpic_rf100,valid/images/pcb1rec1_jpg.rf.3091157f7a5bb01c71b863d752a53bd7.jpg,pcb1rec1_jpg,Connector,836,159,157,30,522,99,component,,,
pcb1rec1_jpg__262__Connector.png,fpic_rf100,valid/images/pcb1rec1_jpg.rf.3091157f7a5bb01c71b863d752a53bd7.jpg,pcb1rec1_jpg,Connector,581,148,109,28,363,92,component,,,
pcb1rec1_jpg__266__IC.png,fpic_rf100,valid/images/pcb1rec1_jpg.rf.3091157f7a5bb01c71b863d752a53bd7.jpg,pcb1rec1_jpg,IC,348,271,65,51,217,169,component,,,
pcb1rec1_jpg__274__Connector.png,fpic_rf100,valid/images/pcb1rec1_jpg.rf.3091157f7a5bb01c71b863d752a53bd7.jpg,pcb1rec1_jpg,Connector,124,283,13,53,85,177,component,,,
pcb1rec1_jpg__280__IC.png,fpic_rf100,valid/images/pcb1rec1_jpg.rf.3091157f7a5bb01c71b863d752a53bd7.jpg,pcb1rec1_jpg,IC,252,251,47,47,158,157,component,,,
pcb1rec1_jpg__284__IC.png,fpic_rf100,valid/images/pcb1rec1_jpg.rf.3091157f7a5bb01c71b863d752a53bd7.jpg,pcb1rec1_jpg,IC,271,357,51,67,170,223,component,,,
pcb1rec1_jpg__286__IC.png,fpic_rf100,valid/images/pcb1rec1_jpg.rf.3091157f7a5bb01c71b863d752a53bd7.jpg,pcb1rec1_jpg,IC,145,139,27,26,91,87,component,,,
pcb1rec1_jpg__296__IC.png,fpic_rf100,valid/images/pcb1rec1_jpg.rf.3091157f7a5bb01c71b863d752a53bd7.jpg,pcb1rec1_jpg,IC,132,115,25,22,82,72,component,,,
pcb1rec1_jpg__322__Transistor.png,fpic_rf100,valid/images/pcb1rec1_jpg.rf.3091157f7a5bb01c71b863d752a53bd7.jpg,pcb1rec1_jpg,Transistor,116,150,22,28,72,94,component,,,
pcb1rec1_jpg__323__Transistor.png,fpic_rf100,valid/images/pcb1rec1_jpg.rf.3091157f7a5bb01c71b863d752a53bd7.jpg,pcb1rec1_jpg,Transistor,100,156,19,29,62,98,component,,,
pcb1rec1_jpg__324__Transistor.png,fpic_rf100,valid/images/pcb1rec1_jpg.rf.3091157f7a5bb01c71b863d752a53bd7.jpg,pcb1rec1_jpg,Transistor,103,155,19,29,65,97,component,,,
pcb1rec1_jpg__325__Connector.png,fpic_rf100,valid/images/pcb1rec1_jpg.rf.3091157f7a5bb01c71b863d752a53bd7.jpg,pcb1rec1_jpg,Connector,119,297,13,56,81,186,component,,,
pcb1rec1_jpg__326__Transistor.png,fpic_rf100,valid/images/pcb1rec1_jpg.rf.3091157f7a5bb01c71b863d752a53bd7.jpg,pcb1rec1_jpg,Transistor,97,139,18,26,61,87,component,,,
pcb1rec1_jpg__327__IC.png,fpic_rf100,valid/images/pcb1rec1_jpg.rf.3091157f7a5bb01c71b863d752a53bd7.jpg,pcb1rec1_jpg,IC,115,77,22,14,72,48,component,,,
pcb1rec1_jpg__329__IC.png,fpic_rf100,valid/images/pcb1rec1_jpg.rf.3091157f7a5bb01c71b863d752a53bd7.jpg,pcb1rec1_jpg,IC,108,175,20,33,67,109,component,,,
pcb1rec1_jpg__330__Transistor.png,fpic_rf100,valid/images/pcb1rec1_jpg.rf.3091157f7a5bb01c71b863d752a53bd7.jpg,pcb1rec1_jpg,Transistor,114,155,21,29,71,97,component,,,
pcb1rec1_jpg__331__Transistor.png,fpic_rf100,valid/images/pcb1rec1_jpg.rf.3091157f7a5bb01c71b863d752a53bd7.jpg,pcb1rec1_jpg,Transistor,130,142,24,27,81,88,component,,,
pcb1rec1_jpg__332__Transistor.png,fpic_rf100,valid/images/pcb1rec1_jpg.rf.3091157f7a5bb01c71b863d752a53bd7.jpg,pcb1rec1_jpg,Transistor,107,157,20,29,67,98,component,,,
pcb1rec1_jpg__333__Transistor.png,fpic_rf100,valid/images/pcb1rec1_jpg.rf.3091157f7a5bb01c71b863d752a53bd7.jpg,pcb1rec1_jpg,Transistor,113,146,21,27,71,91,component,,,
pcb1rec1_jpg__347__Connector.png,fpic_rf100,valid/images/pcb1rec1_jpg.rf.3091157f7a5bb01c71b863d752a53bd7.jpg,pcb1rec1_jpg,Connector,111,201,13,38,75,126,component,,,
pcb1rec1_jpg__364__IC.png,fpic_rf100,valid/images/pcb1rec1_jpg.rf.3091157f7a5bb01c71b863d752a53bd7.jpg,pcb1rec1_jpg,IC,172,230,32,43,108,144,component,,,
pcb1rec1_jpg__383__Connector.png,fpic_rf100,valid/images/pcb1rec1_jpg.rf.3091157f7a5bb01c71b863d752a53bd7.jpg,pcb1rec1_jpg,Connector,108,188,14,35,73,118,component,,,
pcb1rec1_jpg__388__IC.png,fpic_rf100,valid/images/pcb1rec1_jpg.rf.3091157f7a5bb01c71b863d752a53bd7.jpg,pcb1rec1_jpg,IC,121,124,23,23,75,77,component,,,
pcb1rec1_jpg__400__Connector.png,fpic_rf100,valid/images/pcb1rec1_jpg.rf.3091157f7a5bb01c71b863d752a53bd7.jpg,pcb1rec1_jpg,Connector,148,1230,28,231,92,768,component,,,
pcb1rec1_jpg__401__Connector.png,fpic_rf100,valid/images/pcb1rec1_jpg.rf.3091157f7a5bb01c71b863d752a53bd7.jpg,pcb1rec1_jpg,Connector,140,1220,26,229,88,762,component,,,
pcb1rec1_jpg__402__Connector.png,fpic_rf100,valid/images/pcb1rec1_jpg.rf.3091157f7a5bb01c71b863d752a53bd7.jpg,pcb1rec1_jpg,Connector,140,1226,26,230,88,766,component,,,
pcb1rec1_jpg__404__Transistor.png,fpic_rf100,valid/images/pcb1rec1_jpg.rf.3091157f7a5bb01c71b863d752a53bd7.jpg,pcb1rec1_jpg,Transistor,160,103,30,19,100,65,component,,,
pcb1rec1_jpg__405__Connector.png,fpic_rf100,valid/images/pcb1rec1_jpg.rf.3091157f7a5bb01c71b863d752a53bd7.jpg,pcb1rec1_jpg,Connector,148,1232,28,231,92,770,component,,,
pcb1rec1_jpg__406__Connector.png,fpic_rf100,valid/images/pcb1rec1_jpg.rf.3091157f7a5bb01c71b863d752a53bd7.jpg,pcb1rec1_jpg,Connector,150,1232,28,231,94,770,component,,,
pcb1rec1_jpg__418__Connector.png,fpic_rf100,valid/images/pcb1rec1_jpg.rf.3091157f7a5bb01c71b863d752a53bd7.jpg,pcb1rec1_jpg,Connector,121,299,18,56,79,187,component,,,
pcb1rec1_jpg__422__IC.png,fpic_rf100,valid/images/pcb1rec1_jpg.rf.3091157f7a5bb01c71b863d752a53bd7.jpg,pcb1rec1_jpg,IC,108,169,20,32,67,105,component,,,
pcb1rec1_jpg__427__Connector.png,fpic_rf100,valid/images/pcb1rec1_jpg.rf.3091157f7a5bb01c71b863d752a53bd7.jpg,pcb1rec1_jpg,Connector,134,1072,25,201,84,670,component,,,
pcb21rec1_jpg__000__Capacitor.png,fpic_rf100,train/images/pcb21rec1_jpg.rf.9fe816bbb55d0af94abe18b05339fe78.jpg,pcb21rec1_jpg,Capacitor,91,111,17,22,57,74,component,,,
pcb21rec1_jpg__002__Capacitor.png,fpic_rf100,train/images/pcb21rec1_jpg.rf.9fe816bbb55d0af94abe18b05339fe78.jpg,pcb21rec1_jpg,Capacitor,79,63,15,14,49,48,component,,,
pcb21rec1_jpg__003__Capacitor.png,fpic_rf100,train/images/pcb21rec1_jpg.rf.9fe816bbb55d0af94abe18b05339fe78.jpg,pcb21rec1_jpg,Capacitor,90,85,17,16,56,53,component,,,
pcb21rec1_jpg__004__Capacitor.png,fpic_rf100,train/images/pcb21rec1_jpg.rf.9fe816bbb55d0af94abe18b05339fe78.jpg,pcb21rec1_jpg,Capacitor,138,181,26,34,86,113,component,,,
pcb21rec1_jpg__007__Capacitor.png,fpic_rf100,train/images/pcb21rec1_jpg.rf.9fe816bbb55d0af94abe18b05339fe78.jpg,pcb21rec1_jpg,Capacitor,97,100,18,19,61,62,component,,,
pcb21rec1_jpg__008__Capacitor.png,fpic_rf100,train/images/pcb21rec1_jpg.rf.9fe816bbb55d0af94abe18b05339fe78.jpg,pcb21rec1_jpg,Capacitor,91,85,17,16,57,53,component,,,
pcb21rec1_jpg__011__Capacitor.png,fpic_rf100,train/images/pcb21rec1_jpg.rf.9fe816bbb55d0af94abe18b05339fe78.jpg,pcb21rec1_jpg,Capacitor,84,84,16,16,52,52,component,,,
pcb21rec1_jpg__014__Capacitor.png,fpic_rf100,train/images/pcb21rec1_jpg.rf.9fe816bbb55d0af94abe18b05339fe78.jpg,pcb21rec1_jpg,Capacitor,118,96,22,18,74,60,component,,,
pcb21rec1_jpg__016__Capacitor.png,fpic_rf100,train/images/pcb21rec1_jpg.rf.9fe816bbb55d0af94abe18b05339fe78.jpg,pcb21rec1_jpg,Capacitor,76,90,14,17,48,56,component,,,
pcb21rec1_jpg__018__Capacitor.png,fpic_rf100,train/images/pcb21rec1_jpg.rf.9fe816bbb55d0af94abe18b05339fe78.jpg,pcb21rec1_jpg,Capacitor,84,80,16,15,52,50,component,,,
pcb21rec1_jpg__021__Capacitor.png,fpic_rf100,train/images/pcb21rec1_jpg.rf.9fe816bbb55d0af94abe18b05339fe78.jpg,pcb21rec1_jpg,Capacitor,171,120,32,22,107,75,component,,,
pcb21rec1_jpg__026__Capacitor.png,fpic_rf100,train/images/pcb21rec1_jpg.rf.9fe816bbb55d0af94abe18b05339fe78.jpg,pcb21rec1_jpg,Capacitor,102,139,19,26,64,87,component,,,
pcb21rec1_jpg__027__Capacitor.png,fpic_rf100,train/images/pcb21rec1_jpg.rf.9fe816bbb55d0af94abe18b05339fe78.jpg,pcb21rec1_jpg,Capacitor,79,80,15,15,49,50,component,,,
pcb21rec1_jpg__029__Capacitor.png,fpic_rf100,train/images/pcb21rec1_jpg.rf.9fe816bbb55d0af94abe18b05339fe78.jpg,pcb21rec1_jpg,Capacitor,91,101,17,19,57,63,component,,,
pcb22rec1_jpg__015__IC.png,fpic_rf100,train/images/pcb22rec1_jpg.rf.4da9f79bf6308497084df2499cb39e53.jpg,pcb22rec1_jpg,IC,110,109,21,20,68,68,component,,,
pcb22rec1_jpg__017__IC.png,fpic_rf100,train/images/pcb22rec1_jpg.rf.4da9f79bf6308497084df2499cb39e53.jpg,pcb22rec1_jpg,IC,107,106,20,20,67,66,component,,,
pcb22rec1_jpg__022__IC.png,fpic_rf100,train/images/pcb22rec1_jpg.rf.4da9f79bf6308497084df2499cb39e53.jpg,pcb22rec1_jpg,IC,95,90,18,17,59,56,component,,,
pcb22rec1_jpg__059__IC.png,fpic_rf100,train/images/pcb22rec1_jpg.rf.4da9f79bf6308497084df2499cb39e53.jpg,pcb22rec1_jpg,IC,85,106,16,20,53,66,component,,,
pcb22rec1_jpg__061__IC.png,fpic_rf100,train/images/pcb22rec1_jpg.rf.4da9f79bf6308497084df2499cb39e53.jpg,pcb22rec1_jpg,IC,81,114,15,21,51,71,component,,,
pcb22rec1_jpg__070__IC.png,fpic_rf100,train/images/pcb22rec1_jpg.rf.4da9f79bf6308497084df2499cb39e53.jpg,pcb22rec1_jpg,IC,284,289,53,54,178,180,component,,,
pcb22rec1_jpg__073__IC.png,fpic_rf100,train/images/pcb22rec1_jpg.rf.4da9f79bf6308497084df2499cb39e53.jpg,pcb22rec1_jpg,IC,176,319,33,60,110,199,component,,,
pcb22rec1_jpg__074__IC.png,fpic_rf100,train/images/pcb22rec1_jpg.rf.4da9f79bf6308497084df2499cb39e53.jpg,pcb22rec1_jpg,IC,176,315,33,59,110,197,component,,,
pcb22rec1_jpg__076__IC.png,fpic_rf100,train/images/pcb22rec1_jpg.rf.4da9f79bf6308497084df2499cb39e53.jpg,pcb22rec1_jpg,IC,78,94,15,18,48,58,component,,,
pcb22rec1_jpg__089__IC.png,fpic_rf100,train/images/pcb22rec1_jpg.rf.4da9f79bf6308497084df2499cb39e53.jpg,pcb22rec1_jpg,IC,87,100,16,19,55,62,component,,,
pcb22rec1_jpg__149__IC.png,fpic_rf100,train/images/pcb22rec1_jpg.rf.4da9f79bf6308497084df2499cb39e53.jpg,pcb22rec1_jpg,IC,308,308,58,58,192,193,component,,,
pcb22rec1_jpg__165__IC.png,fpic_rf100,train/images/pcb22rec1_jpg.rf.4da9f79bf6308497084df2499cb39e53.jpg,pcb22rec1_jpg,IC,95,103,18,19,59,65,component,,,
pcb22rec1_jpg__176__IC.png,fpic_rf100,train/images/pcb22rec1_jpg.rf.4da9f79bf6308497084df2499cb39e53.jpg,pcb22rec1_jpg,IC,323,251,61,47,202,157,component,,,
pcb22rec1_jpg__250__IC.png,fpic_rf100,train/images/pcb22rec1_jpg.rf.4da9f79bf6308497084df2499cb39e53.jpg,pcb22rec1_jpg,IC,95,138,18,26,59,86,component,,,
pcb22rec1_jpg__312__Connector.png,fpic_rf100,train/images/pcb22rec1_jpg.rf.4da9f79bf6308497084df2499cb39e53.jpg,pcb22rec1_jpg,Connector,1027,242,193,56,642,186,component,,,
pcb22rec1_jpg__313__Connector.png,fpic_rf100,train/images/pcb22rec1_jpg.rf.4da9f79bf6308497084df2499cb39e53.jpg,pcb22rec1_jpg,Connector,219,226,41,52,137,174,component,,,
pcb22rec1_jpg__314__Connector.png,fpic_rf100,train/images/pcb22rec1_jpg.rf.4da9f79bf6308497084df2499cb39e53.jpg,pcb22rec1_jpg,Connector,131,172,25,40,82,132,component,,,
pcb23rec1_jpg__001__IC.png,fpic_rf100,train/images/pcb23rec1_jpg.rf.1d885b951f06b324f6c57383c0dc12fe.jpg,pcb23rec1_jpg,IC,128,143,24,27,80,89,component,,,
pcb23rec1_jpg__002__IC.png,fpic_rf100,train/images/pcb23rec1_jpg.rf.1d885b951f06b324f6c57383c0dc12fe.jpg,pcb23rec1_jpg,IC,133,97,25,18,83,61,component,,,
pcb23rec1_jpg__011__Capacitor.png,fpic_rf100,train/images/pcb23rec1_jpg.rf.1d885b951f06b324f6c57383c0dc12fe.jpg,pcb23rec1_jpg,Capacitor,255,250,48,47,159,156,component,,,
pcb23rec1_jpg__032__IC.png,fpic_rf100,train/images/pcb23rec1_jpg.rf.1d885b951f06b324f6c57383c0dc12fe.jpg,pcb23rec1_jpg,IC,133,106,25,20,83,66,component,,,
pcb23rec1_jpg__040__IC.png,fpic_rf100,train/images/pcb23rec1_jpg.rf.1d885b951f06b324f6c57383c0dc12fe.jpg,pcb23rec1_jpg,IC,176,170,33,32,110,106,component,,,
pcb23rec1_jpg__052__Capacitor.png,fpic_rf100,train/images/pcb23rec1_jpg.rf.1d885b951f06b324f6c57383c0dc12fe.jpg,pcb23rec1_jpg,Capacitor,229,232,43,43,143,145,component,,,
pcb23rec1_jpg__063__IC.png,fpic_rf100,train/images/pcb23rec1_jpg.rf.1d885b951f06b324f6c57383c0dc12fe.jpg,pcb23rec1_jpg,IC,106,79,20,15,66,49,component,,,
pcb23rec1_jpg__076__IC.png,fpic_rf100,train/images/pcb23rec1_jpg.rf.1d885b951f06b324f6c57383c0dc12fe.jpg,pcb23rec1_jpg,IC,113,107,21,20,71,67,component,,,
pcb23rec1_jpg__111__Capacitor.png,fpic_rf100,train/images/pcb23rec1_jpg.rf.1d885b951f06b324f6c57383c0dc12fe.jpg,pcb23rec1_jpg,Capacitor,96,97,18,18,60,61,component,,,
pcb23rec1_jpg__114__Capacitor.png,fpic_rf100,train/images/pcb23rec1_jpg.rf.1d885b951f06b324f6c57383c0dc12fe.jpg,pcb23rec1_jpg,Capacitor,95,97,18,18,59,61,component,,,
pcb23rec1_jpg__145__Capacitor.png,fpic_rf100,train/images/pcb23rec1_jpg.rf.1d885b951f06b324f6c57383c0dc12fe.jpg,pcb23rec1_jpg,Capacitor,122,123,23,23,76,77,component,,,
pcb23rec1_jpg__158__Capacitor.png,fpic_rf100,train/images/pcb23rec1_jpg.rf.1d885b951f06b324f6c57383c0dc12fe.jpg,pcb23rec1_jpg,Capacitor,118,95,22,18,74,59,component,,,
pcb23rec1_jpg__273__IC.png,fpic_rf100,train/images/pcb23rec1_jpg.rf.1d885b951f06b324f6c57383c0dc12fe.jpg,pcb23rec1_jpg,IC,277,342,52,64,173,214,component,,,
pcb23rec1_jpg__294__Capacitor.png,fpic_rf100,train/images/pcb23rec1_jpg.rf.1d885b951f06b324f6c57383c0dc12fe.jpg,pcb23rec1_jpg,Capacitor,133,143,25,27,83,89,component,,,
pcb23rec1_jpg__303__IC.png,fpic_rf100,train/images/pcb23rec1_jpg.rf.1d885b951f06b324f6c57383c0dc12fe.jpg,pcb23rec1_jpg,IC,326,188,61,35,204,118,component,,,
pcb23rec1_jpg__311__Capacitor.png,fpic_rf100,train/images/pcb23rec1_jpg.rf.1d885b951f06b324f6c57383c0dc12fe.jpg,pcb23rec1_jpg,Capacitor,168,161,31,30,105,101,component,,,
pcb23rec1_jpg__335__IC.png,fpic_rf100,train/images/pcb23rec1_jpg.rf.1d885b951f06b324f6c57383c0dc12fe.jpg,pcb23rec1_jpg,IC,288,186,54,35,180,116,component,,,
pcb24rec1_jpg__023__IC.png,fpic_rf100,train/images/pcb24rec1_jpg.rf.234a224a718117eee97d538470fe2d67.jpg,pcb24rec1_jpg,IC,359,360,67,67,225,225,component,,,
pcb24rec1_jpg__026__IC.png,fpic_rf100,train/images/pcb24rec1_jpg.rf.234a224a718117eee97d538470fe2d67.jpg,pcb24rec1_jpg,IC,108,314,0,59,83,196,component,,,
pcb24rec1_jpg__027__Connector.png,fpic_rf100,train/images/pcb24rec1_jpg.rf.234a224a718117eee97d538470fe2d67.jpg,pcb24rec1_jpg,Connector,133,198,25,37,83,124,component,,,
pcb24rec1_jpg__053__IC.png,fpic_rf100,train/images/pcb24rec1_jpg.rf.234a224a718117eee97d538470fe2d67.jpg,pcb24rec1_jpg,IC,192,191,36,36,120,119,component,,,
pcb24rec1_jpg__090__IC.png,fpic_rf100,train/images/pcb24rec1_jpg.rf.234a224a718117eee97d538470fe2d67.jpg,pcb24rec1_jpg,IC,99,127,9,24,69,79,component,,,
pcb24rec1_jpg__105__IC.png,fpic_rf100,train/images/pcb24rec1_jpg.rf.234a224a718117eee97d538470fe2d67.jpg,pcb24rec1_jpg,IC,118,108,22,20,74,68,component,,,
pcb24rec1_jpg__107__Connector.png,fpic_rf100,train/images/pcb24rec1_jpg.rf.234a224a718117eee97d538470fe2d67.jpg,pcb24rec1_jpg,Connector,105,417,24,78,80,261,component,,,
pcb24rec1_jpg__111__IC.png,fpic_rf100,train/images/pcb24rec1_jpg.rf.234a224a718117eee97d538470fe2d67.jpg,pcb24rec1_jpg,IC,246,225,46,42,154,141,component,,,
pcb24rec1_jpg__134__IC.png,fpic_rf100,train/images/pcb24rec1_jpg.rf.234a224a718117eee97d538470fe2d67.jpg,pcb24rec1_jpg,IC,104,128,20,24,65,80,component,,,
pcb24rec1_jpg__149__Connector.png,fpic_rf100,train/images/pcb24rec1_jpg.rf.234a224a718117eee97d538470fe2d67.jpg,pcb24rec1_jpg,Connector,516,120,97,0,322,92,component,,,
pcb24rec1_jpg__171__IC.png,fpic_rf100,train/images/pcb24rec1_jpg.rf.234a224a718117eee97d538470fe2d67.jpg,pcb24rec1_jpg,IC,282,280,53,53,176,175,component,,,
pcb24rec1_jpg__175__IC.png,fpic_rf100,train/images/pcb24rec1_jpg.rf.234a224a718117eee97d538470fe2d67.jpg,pcb24rec1_jpg,IC,107,116,20,22,67,72,component,,,
pcb24rec1_jpg__176__IC.png,fpic_rf100,train/images/pcb24rec1_jpg.rf.234a224a718117eee97d538470fe2d67.jpg,pcb24rec1_jpg,IC,106,121,20,23,66,75,component,,,
pcb24rec1_jpg__177__Connector.png,fpic_rf100,train/images/pcb24rec1_jpg.rf.234a224a718117eee97d538470fe2d67.jpg,pcb24rec1_jpg,Connector,87,219,20,41,66,137,component,,,
pcb24rec1_jpg__178__Connector.png,fpic_rf100,train/images/pcb24rec1_jpg.rf.234a224a718117eee97d538470fe2d67.jpg,pcb24rec1_jpg,Connector,347,166,0,31,267,104,component,,,
pcb24rec1_jpg__179__IC.png,fpic_rf100,train/images/pcb24rec1_jpg.rf.234a224a718117eee97d538470fe2d67.jpg,pcb24rec1_jpg,IC,86,116,16,22,54,72,component,,,
pcb24rec1_jpg__182__Capacitor.png,fpic_rf100,train/images/pcb24rec1_jpg.rf.234a224a718117eee97d538470fe2d67.jpg,pcb24rec1_jpg,Capacitor,145,84,27,16,91,52,component,,,
pcb24rec1_jpg__185__Connector.png,fpic_rf100,train/images/pcb24rec1_jpg.rf.234a224a718117eee97d538470fe2d67.jpg,pcb24rec1_jpg,Connector,232,75,43,16,145,53,component,,,
pcb25rec1_jpg__014__Connector.png,fpic_rf100,valid/images/pcb25rec1_jpg.rf.b5a9ac54b6faa7154beceb236185ede3.jpg,pcb25rec1_jpg,Connector,300,365,65,0,218,281,component,,,
pcb25rec1_jpg__018__IC.png,fpic_rf100,valid/images/pcb25rec1_jpg.rf.b5a9ac54b6faa7154beceb236185ede3.jpg,pcb25rec1_jpg,IC,262,170,7,32,196,106,component,,,
pcb25rec1_jpg__050__IC.png,fpic_rf100,valid/images/pcb25rec1_jpg.rf.b5a9ac54b6faa7154beceb236185ede3.jpg,pcb25rec1_jpg,IC,102,160,19,30,64,100,component,,,
pcb25rec1_jpg__074__IC.png,fpic_rf100,valid/images/pcb25rec1_jpg.rf.b5a9ac54b6faa7154beceb236185ede3.jpg,pcb25rec1_jpg,IC,264,164,8,31,197,102,component,,,
pcb25rec1_jpg__084__Connector.png,fpic_rf100,valid/images/pcb25rec1_jpg.rf.b5a9ac54b6faa7154beceb236185ede3.jpg,pcb25rec1_jpg,Connector,251,524,58,98,192,328,component,,,
pcb25rec1_jpg__090__IC.png,fpic_rf100,valid/images/pcb25rec1_jpg.rf.b5a9ac54b6faa7154beceb236185ede3.jpg,pcb25rec1_jpg,IC,161,193,30,36,101,121,component,,,
pcb25rec1_jpg__123__IC.png,fpic_rf100,valid/images/pcb25rec1_jpg.rf.b5a9ac54b6faa7154beceb236185ede3.jpg,pcb25rec1_jpg,IC,132,80,25,15,82,50,component,,,
pcb25rec1_jpg__138__IC.png,fpic_rf100,valid/images/pcb25rec1_jpg.rf.b5a9ac54b6faa7154beceb236185ede3.jpg,pcb25rec1_jpg,IC,246,155,46,29,154,97,component,,,
pcb25rec1_jpg__161__IC.png,fpic_rf100,valid/images/pcb25rec1_jpg.rf.b5a9ac54b6faa7154beceb236185ede3.jpg,pcb25rec1_jpg,IC,128,76,24,14,80,48,component,,,
pcb25rec1_jpg__162__IC.png,fpic_rf100,valid/images/pcb25rec1_jpg.rf.b5a9ac54b6faa7154beceb236185ede3.jpg,pcb25rec1_jpg,IC,186,257,35,59,116,195,component,,,
pcb25rec1_jpg__166__IC.png,fpic_rf100,valid/images/pcb25rec1_jpg.rf.b5a9ac54b6faa7154beceb236185ede3.jpg,pcb25rec1_jpg,IC,182,251,34,58,114,192,component,,,
pcb25rec1_jpg__167__Connector.png,fpic_rf100,valid/images/pcb25rec1_jpg.rf.b5a9ac54b6faa7154beceb236185ede3.jpg,pcb25rec1_jpg,Connector,213,186,40,36,133,120,component,,,
pcb26rec1_jpg__002__Capacitor.png,fpic_rf100,valid/images/pcb26rec1_jpg.rf.a670c010083626629c83a4226605f12d.jpg,pcb26rec1_jpg,Capacitor,145,127,27,24,91,79,component,,,
pcb26rec1_jpg__004__Capacitor.png,fpic_rf100,valid/images/pcb26rec1_jpg.rf.a670c010083626629c83a4226605f12d.jpg,pcb26rec1_jpg,Capacitor,123,116,23,22,77,72,component,,,
pcb26rec1_jpg__005__Capacitor.png,fpic_rf100,valid/images/pcb26rec1_jpg.rf.a670c010083626629c83a4226605f12d.jpg,pcb26rec1_jpg,Capacitor,144,184,27,35,90,115,component,,,
pcb26rec1_jpg__009__Connector.png,fpic_rf100,valid/images/pcb26rec1_jpg.rf.a670c010083626629c83a4226605f12d.jpg,pcb26rec1_jpg,Connector,368,248,74,46,246,155,component,,,
pcb26rec1_jpg__010__Capacitor.png,fpic_rf100,valid/images/pcb26rec1_jpg.rf.a670c010083626629c83a4226605f12d.jpg,pcb26rec1_jpg,Capacitor,112,108,21,20,70,68,component,,,
pcb26rec1_jpg__013__IC.png,fpic_rf100,valid/images/pcb26rec1_jpg.rf.a670c010083626629c83a4226605f12d.jpg,pcb26rec1_jpg,IC,524,532,98,100,328,332,component,,,
pcb26rec1_jpg__018__Transistor.png,fpic_rf100,valid/images/pcb26rec1_jpg.rf.a670c010083626629c83a4226605f12d.jpg,pcb26rec1_jpg,Transistor,108,136,20,26,68,85,component,,,
pcb26rec1_jpg__028__Capacitor.png,fpic_rf100,valid/images/pcb26rec1_jpg.rf.a670c010083626629c83a4226605f12d.jpg,pcb26rec1_jpg,Capacitor,118,124,22,23,74,78,component,,,
pcb26rec1_jpg__029__Connector.png,fpic_rf100,valid/images/pcb26rec1_jpg.rf.a670c010083626629c83a4226605f12d.jpg,pcb26rec1_jpg,Connector,296,252,62,47,208,158,component,,,
pcb26rec1_jpg__030__Capacitor.png,fpic_rf100,valid/images/pcb26rec1_jpg.rf.a670c010083626629c83a4226605f12d.jpg,pcb26rec1_jpg,Capacitor,113,104,21,20,71,65,component,,,
pcb26rec1_jpg__033__Capacitor.png,fpic_rf100,valid/images/pcb26rec1_jpg.rf.a670c010083626629c83a4226605f12d.jpg,pcb26rec1_jpg,Capacitor,108,97,20,18,68,61,component,,,
pcb26rec1_jpg__034__Capacitor.png,fpic_rf100,valid/images/pcb26rec1_jpg.rf.a670c010083626629c83a4226605f12d.jpg,pcb26rec1_jpg,Capacitor,122,111,23,21,76,69,component,,,
pcb26rec1_jpg__039__IC.png,fpic_rf100,valid/images/pcb26rec1_jpg.rf.a670c010083626629c83a4226605f12d.jpg,pcb26rec1_jpg,IC,256,223,48,42,160,139,component,,,
pcb26rec1_jpg__041__Capacitor.png,fpic_rf100,valid/images/pcb26rec1_jpg.rf.a670c010083626629c83a4226605f12d.jpg,pcb26rec1_jpg,Capacitor,113,111,21,21,71,69,component,,,
pcb26rec1_jpg__047__Capacitor.png,fpic_rf100,valid/images/pcb26rec1_jpg.rf.a670c010083626629c83a4226605f12d.jpg,pcb26rec1_jpg,Capacitor,118,143,22,27,74,89,component,,,
pcb26rec1_jpg__049__IC.png,fpic_rf100,valid/images/pcb26rec1_jpg.rf.a670c010083626629c83a4226605f12d.jpg,pcb26rec1_jpg,IC,102,116,19,22,64,72,component,,,
pcb26rec1_jpg__050__Transistor.png,fpic_rf100,valid/images/pcb26rec1_jpg.rf.a670c010083626629c83a4226605f12d.jpg,pcb26rec1_jpg,Transistor,85,138,16,26,53,86,component,,,
pcb26rec1_jpg__052__Transistor.png,fpic_rf100,valid/images/pcb26rec1_jpg.rf.a670c010083626629c83a4226605f12d.jpg,pcb26rec1_jpg,Transistor,113,150,21,28,71,94,component,,,
pcb26rec1_jpg__053__IC.png,fpic_rf100,valid/images/pcb26rec1_jpg.rf.a670c010083626629c83a4226605f12d.jpg,pcb26rec1_jpg,IC,132,129,25,24,82,81,component,,,
pcb26rec1_jpg__055__Capacitor.png,fpic_rf100,valid/images/pcb26rec1_jpg.rf.a670c010083626629c83a4226605f12d.jpg,pcb26rec1_jpg,Capacitor,122,132,23,25,76,82,component,,,
pcb26rec1_jpg__056__Transistor.png,fpic_rf100,valid/images/pcb26rec1_jpg.rf.a670c010083626629c83a4226605f12d.jpg,pcb26rec1_jpg,Transistor,111,79,21,15,69,49,component,,,
pcb26rec1_jpg__057__Capacitor.png,fpic_rf100,valid/images/pcb26rec1_jpg.rf.a670c010083626629c83a4226605f12d.jpg,pcb26rec1_jpg,Capacitor,128,123,24,23,80,77,component,,,
pcb26rec1_jpg__066__Transistor.png,fpic_rf100,valid/images/pcb26rec1_jpg.rf.a670c010083626629c83a4226605f12d.jpg,pcb26rec1_jpg,Transistor,165,88,31,17,103,55,component,,,
pcb26rec1_jpg__086__Capacitor.png,fpic_rf100,valid/images/pcb26rec1_jpg.rf.a670c010083626629c83a4226605f12d.jpg,pcb26rec1_jpg,Capacitor,123,139,23,26,77,87,component,,,
pcb26rec1_jpg__091__Capacitor.png,fpic_rf100,valid/images/pcb26rec1_jpg.rf.a670c010083626629c83a4226605f12d.jpg,pcb26rec1_jpg,Capacitor,108,111,20,21,68,69,component,,,
pcb26rec1_jpg__092__Transistor.png,fpic_rf100,valid/images/pcb26rec1_jpg.rf.a670c010083626629c83a4226605f12d.jpg,pcb26rec1_jpg,Transistor,160,123,30,23,100,77,component,,,
pcb26rec1_jpg__094__IC.png,fpic_rf100,valid/images/pcb26rec1_jpg.rf.a670c010083626629c83a4226605f12d.jpg,pcb26rec1_jpg,IC,209,149,39,28,131,93,component,,,
pcb26rec1_jpg__095__IC.png,fpic_rf100,valid/images/pcb26rec1_jpg.rf.a670c010083626629c83a4226605f12d.jpg,pcb26rec1_jpg,IC,220,165,41,31,138,103,component,,,
pcb26rec1_jpg__099__Connector.png,fpic_rf100,valid/images/pcb26rec1_jpg.rf.a670c010083626629c83a4226605f12d.jpg,pcb26rec1_jpg,Connector,305,683,70,128,234,427,component,,,
pcb26rec1_jpg__111__Capacitor.png,fpic_rf100,valid/images/pcb26rec1_jpg.rf.a670c010083626629c83a4226605f12d.jpg,pcb26rec1_jpg,Capacitor,111,230,21,43,69,144,component,,,
pcb26rec1_jpg__122__Transistor.png,fpic_rf100,valid/images/pcb26rec1_jpg.rf.a670c010083626629c83a4226605f12d.jpg,pcb26rec1_jpg,Transistor,168,112,31,21,105,70,component,,,
pcb26rec1_jpg__138__Transistor.png,fpic_rf100,valid/images/pcb26rec1_jpg.rf.a670c010083626629c83a4226605f12d.jpg,pcb26rec1_jpg,Transistor,111,85,21,16,69,53,component,,,
pcb26rec1_jpg__152__Transistor.png,fpic_rf100,valid/images/pcb26rec1_jpg.rf.a670c010083626629c83a4226605f12d.jpg,pcb26rec1_jpg,Transistor,104,80,19,15,65,50,component,,,
pcb26rec1_jpg__158__IC.png,fpic_rf100,valid/images/pcb26rec1_jpg.rf.a670c010083626629c83a4226605f12d.jpg,pcb26rec1_jpg,IC,246,314,46,59,154,196,component,,,
pcb26rec1_jpg__162__Transistor.png,fpic_rf100,valid/images/pcb26rec1_jpg.rf.a670c010083626629c83a4226605f12d.jpg,pcb26rec1_jpg,Transistor,161,92,30,17,101,58,component,,,
pcb26rec1_jpg__173__Transistor.png,fpic_rf100,valid/images/pcb26rec1_jpg.rf.a670c010083626629c83a4226605f12d.jpg,pcb26rec1_jpg,Transistor,101,164,19,31,63,102,component,,,
pcb26rec1_jpg__174__Transistor.png,fpic_rf100,valid/images/pcb26rec1_jpg.rf.a670c010083626629c83a4226605f12d.jpg,pcb26rec1_jpg,Transistor,91,160,17,30,57,100,component,,,
pcb26rec1_jpg__179__IC.png,fpic_rf100,valid/images/pcb26rec1_jpg.rf.a670c010083626629c83a4226605f12d.jpg,pcb26rec1_jpg,IC,127,96,24,18,79,60,component,,,
pcb26rec1_jpg__183__Connector.png,fpic_rf100,valid/images/pcb26rec1_jpg.rf.a670c010083626629c83a4226605f12d.jpg,pcb26rec1_jpg,Connector,279,175,58,40,194,132,component,,,
pcb26rec1_jpg__186__Transistor.png,fpic_rf100,valid/images/pcb26rec1_jpg.rf.a670c010083626629c83a4226605f12d.jpg,pcb26rec1_jpg,Transistor,144,118,27,23,90,77,component,,,
pcb26rec1_jpg__187__Capacitor.png,fpic_rf100,valid/images/pcb26rec1_jpg.rf.a670c010083626629c83a4226605f12d.jpg,pcb26rec1_jpg,Capacitor,161,90,30,17,101,56,component,,,
pcb26rec1_jpg__225__Capacitor.png,fpic_rf100,valid/images/pcb26rec1_jpg.rf.a670c010083626629c83a4226605f12d.jpg,pcb26rec1_jpg,Capacitor,111,113,21,21,69,71,component,,,
pcb26rec1_jpg__228__Capacitor.png,fpic_rf100,valid/images/pcb26rec1_jpg.rf.a670c010083626629c83a4226605f12d.jpg,pcb26rec1_jpg,Capacitor,128,102,24,19,80,64,component,,,
pcb26rec1_jpg__229__IC.png,fpic_rf100,valid/images/pcb26rec1_jpg.rf.a670c010083626629c83a4226605f12d.jpg,pcb26rec1_jpg,IC,208,225,39,42,130,141,component,,,
pcb26rec1_jpg__230__Capacitor.png,fpic_rf100,valid/images/pcb26rec1_jpg.rf.a670c010083626629c83a4226605f12d.jpg,pcb26rec1_jpg,Capacitor,113,111,21,21,71,69,component,,,
pcb26rec1_jpg__249__IC.png,fpic_rf100,valid/images/pcb26rec1_jpg.rf.a670c010083626629c83a4226605f12d.jpg,pcb26rec1_jpg,IC,384,399,72,75,240,249,component,,,
pcb26rec1_jpg__258__Capacitor.png,fpic_rf100,valid/images/pcb26rec1_jpg.rf.a670c010083626629c83a4226605f12d.jpg,pcb26rec1_jpg,Capacitor,111,124,21,23,69,78,component,,,
pcb26rec1_jpg__266__IC.png,fpic_rf100,valid/images/pcb26rec1_jpg.rf.a670c010083626629c83a4226605f12d.jpg,pcb26rec1_jpg,IC,220,304,41,57,138,190,component,,,
pcb26rec1_jpg__270__Capacitor.png,fpic_rf100,valid/images/pcb26rec1_jpg.rf.a670c010083626629c83a4226605f12d.jpg,pcb26rec1_jpg,Capacitor,108,150,20,28,68,94,component,,,
pcb26rec1_jpg__292__Capacitor.png,fpic_rf100,valid/images/pcb26rec1_jpg.rf.a670c010083626629c83a4226605f12d.jpg,pcb26rec1_jpg,Capacitor,107,117,20,22,67,73,component,,,
pcb26rec1_jpg__296__Capacitor.png,fpic_rf100,valid/images/pcb26rec1_jpg.rf.a670c010083626629c83a4226605f12d.jpg,pcb26rec1_jpg,Capacitor,90,117,17,22,56,73,component,,,
pcb26rec1_jpg__297__Capacitor.png,fpic_rf100,valid/images/pcb26rec1_jpg.rf.a670c010083626629c83a4226605f12d.jpg,pcb26rec1_jpg,Capacitor,100,117,19,22,62,73,component,,,
pcb26rec1_jpg__298__Capacitor.png,fpic_rf100,valid/images/pcb26rec1_jpg.rf.a670c010083626629c83a4226605f12d.jpg,pcb26rec1_jpg,Capacitor,116,107,22,20,72,67,component,,,
pcb26rec1_jpg__299__IC.png,fpic_rf100,valid/images/pcb26rec1_jpg.rf.a670c010083626629c83a4226605f12d.jpg,pcb26rec1_jpg,IC,255,134,48,25,159,84,component,,,
pcb26rec1_jpg__303__Capacitor.png,fpic_rf100,valid/images/pcb26rec1_jpg.rf.a670c010083626629c83a4226605f12d.jpg,pcb26rec1_jpg,Capacitor,116,128,22,24,72,80,component,,,
pcb26rec1_jpg__306__Transistor.png,fpic_rf100,valid/images/pcb26rec1_jpg.rf.a670c010083626629c83a4226605f12d.jpg,pcb26rec1_jpg,Transistor,186,106,35,20,116,66,component,,,
pcb26rec1_jpg__307__Transistor.png,fpic_rf100,valid/images/pcb26rec1_jpg.rf.a670c010083626629c83a4226605f12d.jpg,pcb26rec1_jpg,Transistor,161,118,30,22,101,74,component,,,
pcb26rec1_jpg__308__Transistor.png,fpic_rf100,valid/images/pcb26rec1_jpg.rf.a670c010083626629c83a4226605f12d.jpg,pcb26rec1_jpg,Transistor,95,155,18,29,59,97,component,,,
pcb26rec1_jpg__316__Capacitor.png,fpic_rf100,valid/images/pcb26rec1_jpg.rf.a670c010083626629c83a4226605f12d.jpg,pcb26rec1_jpg,Capacitor,124,111,23,21,78,69,component,,,
pcb26rec1_jpg__317__Capacitor.png,fpic_rf100,valid/images/pcb26rec1_jpg.rf.a670c010083626629c83a4226605f12d.jpg,pcb26rec1_jpg,Capacitor,107,116,20,22,67,72,component,,,
pcb26rec1_jpg__318__Capacitor.png,fpic_rf100,valid/images/pcb26rec1_jpg.rf.a670c010083626629c83a4226605f12d.jpg,pcb26rec1_jpg,Capacitor,80,134,15,25,50,84,component,,,
pcb26rec1_jpg__319__Capacitor.png,fpic_rf100,valid/images/pcb26rec1_jpg.rf.a670c010083626629c83a4226605f12d.jpg,pcb26rec1_jpg,Capacitor,134,111,25,21,84,69,component,,,
pcb26rec1_jpg__320__IC.png,fpic_rf100,valid/images/pcb26rec1_jpg.rf.a670c010083626629c83a4226605f12d.jpg,pcb26rec1_jpg,IC,117,97,22,18,73,61,component,,,
pcb26rec1_jpg__321__IC.png,fpic_rf100,valid/images/pcb26rec1_jpg.rf.a670c010083626629c83a4226605f12d.jpg,pcb26rec1_jpg,IC,124,92,23,17,78,58,component,,,
pcb26rec1_jpg__322__Connector.png,fpic_rf100,valid/images/pcb26rec1_jpg.rf.a670c010083626629c83a4226605f12d.jpg,pcb26rec1_jpg,Connector,305,203,67,38,223,127,component,,,
pcb26rec1_jpg__323__Capacitor.png,fpic_rf100,valid/images/pcb26rec1_jpg.rf.a670c010083626629c83a4226605f12d.jpg,pcb26rec1_jpg,Capacitor,108,104,20,19,68,65,component,,,
pcb26rec1_jpg__325__Capacitor.png,fpic_rf100,valid/images/pcb26rec1_jpg.rf.a670c010083626629c83a4226605f12d.jpg,pcb26rec1_jpg,Capacitor,102,102,19,19,64,64,component,,,
pcb26rec1_jpg__326__Transistor.png,fpic_rf100,valid/images/pcb26rec1_jpg.rf.a670c010083626629c83a4226605f12d.jpg,pcb26rec1_jpg,Transistor,168,113,32,21,105,71,component,,,
pcb27rec1_jpg__046__IC.png,fpic_rf100,train/images/pcb27rec1_jpg.rf.120a17d088966617a02261b754cb1677.jpg,pcb27rec1_jpg,IC,399,424,75,80,249,265,component,,,
pcb27rec1_jpg__053__IC.png,fpic_rf100,train/images/pcb27rec1_jpg.rf.120a17d088966617a02261b754cb1677.jpg,pcb27rec1_jpg,IC,209,335,39,63,131,209,component,,,
pcb27rec1_jpg__054__IC.png,fpic_rf100,train/images/pcb27rec1_jpg.rf.120a17d088966617a02261b754cb1677.jpg,pcb27rec1_jpg,IC,88,214,0,40,68,134,component,,,
pcb27rec1_jpg__117__Connector.png,fpic_rf100,train/images/pcb27rec1_jpg.rf.120a17d088966617a02261b754cb1677.jpg,pcb27rec1_jpg,Connector,251,261,47,60,157,200,component,,,
pcb27rec1_jpg__118__Connector.png,fpic_rf100,train/images/pcb27rec1_jpg.rf.120a17d088966617a02261b754cb1677.jpg,pcb27rec1_jpg,Connector,224,161,42,37,140,123,component,,,
pcb27rec1_jpg__151__IC.png,fpic_rf100,train/images/pcb27rec1_jpg.rf.120a17d088966617a02261b754cb1677.jpg,pcb27rec1_jpg,IC,552,538,104,101,345,336,component,,,
pcb27rec1_jpg__152__Connector.png,fpic_rf100,train/images/pcb27rec1_jpg.rf.120a17d088966617a02261b754cb1677.jpg,pcb27rec1_jpg,Connector,947,303,218,14,728,222,component,,,
pcb27rec1_jpg__154__Connector.png,fpic_rf100,train/images/pcb27rec1_jpg.rf.120a17d088966617a02261b754cb1677.jpg,pcb27rec1_jpg,Connector,828,120,155,0,518,92,component,,,
pcb27rec1_jpg__159__IC.png,fpic_rf100,train/images/pcb27rec1_jpg.rf.120a17d088966617a02261b754cb1677.jpg,pcb27rec1_jpg,IC,256,449,59,84,196,281,component,,,
pcb27rec1_jpg__193__IC.png,fpic_rf100,train/images/pcb27rec1_jpg.rf.120a17d088966617a02261b754cb1677.jpg,pcb27rec1_jpg,IC,364,408,68,76,228,255,component,,,
pcb28rec1_jpg__000__Capacitor.png,fpic_rf100,valid/images/pcb28rec1_jpg.rf.7e4240166cb856d4fb2be0e1d335b57d.jpg,pcb28rec1_jpg,Capacitor,112,100,21,19,70,62,component,,,
pcb28rec1_jpg__003__Capacitor.png,fpic_rf100,valid/images/pcb28rec1_jpg.rf.7e4240166cb856d4fb2be0e1d335b57d.jpg,pcb28rec1_jpg,Capacitor,92,96,17,18,58,60,component,,,
pcb28rec1_jpg__005__IC.png,fpic_rf100,valid/images/pcb28rec1_jpg.rf.7e4240166cb856d4fb2be0e1d335b57d.jpg,pcb28rec1_jpg,IC,96,106,18,20,60,66,component,,,
pcb28rec1_jpg__015__Capacitor.png,fpic_rf100,valid/images/pcb28rec1_jpg.rf.7e4240166cb856d4fb2be0e1d335b57d.jpg,pcb28rec1_jpg,Capacitor,95,101,18,19,59,63,component,,,
pcb28rec1_jpg__016__Connector.png,fpic_rf100,valid/images/pcb28rec1_jpg.rf.7e4240166cb856d4fb2be0e1d335b57d.jpg,pcb28rec1_jpg,Connector,113,923,21,173,71,577,component,,,
pcb28rec1_jpg__017__Connector.png,fpic_rf100,valid/images/pcb28rec1_jpg.rf.7e4240166cb856d4fb2be0e1d335b57d.jpg,pcb28rec1_jpg,Connector,128,928,24,174,80,580,component,,,
pcb28rec1_jpg__018__Connector.png,fpic_rf100,valid/images/pcb28rec1_jpg.rf.7e4240166cb856d4fb2be0e1d335b57d.jpg,pcb28rec1_jpg,Connector,133,938,25,176,83,586,component,,,
pcb28rec1_jpg__019__Connector.png,fpic_rf100,valid/images/pcb28rec1_jpg.rf.7e4240166cb856d4fb2be0e1d335b57d.jpg,pcb28rec1_jpg,Connector,124,935,23,175,78,585,component,,,
pcb28rec1_jpg__020__Connector.png,fpic_rf100,valid/images/pcb28rec1_jpg.rf.7e4240166cb856d4fb2be0e1d335b57d.jpg,pcb28rec1_jpg,Connector,122,935,23,175,76,585,component,,,
pcb28rec1_jpg__037__Capacitor.png,fpic_rf100,valid/images/pcb28rec1_jpg.rf.7e4240166cb856d4fb2be0e1d335b57d.jpg,pcb28rec1_jpg,Capacitor,95,86,18,16,59,54,component,,,
pcb28rec1_jpg__054__IC.png,fpic_rf100,valid/images/pcb28rec1_jpg.rf.7e4240166cb856d4fb2be0e1d335b57d.jpg,pcb28rec1_jpg,IC,80,175,15,33,50,109,component,,,
pcb28rec1_jpg__100__IC.png,fpic_rf100,valid/images/pcb28rec1_jpg.rf.7e4240166cb856d4fb2be0e1d335b57d.jpg,pcb28rec1_jpg,IC,124,170,23,32,78,106,component,,,
pcb28rec1_jpg__175__IC.png,fpic_rf100,valid/images/pcb28rec1_jpg.rf.7e4240166cb856d4fb2be0e1d335b57d.jpg,pcb28rec1_jpg,IC,182,149,34,28,114,93,component,,,
pcb28rec1_jpg__200__IC.png,fpic_rf100,valid/images/pcb28rec1_jpg.rf.7e4240166cb856d4fb2be0e1d335b57d.jpg,pcb28rec1_jpg,IC,248,170,46,32,155,106,component,,,
pcb28rec1_jpg__203__IC.png,fpic_rf100,valid/images/pcb28rec1_jpg.rf.7e4240166cb856d4fb2be0e1d335b57d.jpg,pcb28rec1_jpg,IC,79,86,15,16,49,54,component,,,
pcb28rec1_jpg__300__IC.png,fpic_rf100,valid/images/pcb28rec1_jpg.rf.7e4240166cb856d4fb2be0e1d335b57d.jpg,pcb28rec1_jpg,IC,288,296,54,55,180,185,component,,,
pcb28rec1_jpg__338__Capacitor.png,fpic_rf100,valid/images/pcb28rec1_jpg.rf.7e4240166cb856d4fb2be0e1d335b57d.jpg,pcb28rec1_jpg,Capacitor,113,96,21,18,71,60,component,,,
pcb28rec1_jpg__359__Capacitor.png,fpic_rf100,valid/images/pcb28rec1_jpg.rf.7e4240166cb856d4fb2be0e1d335b57d.jpg,pcb28rec1_jpg,Capacitor,117,112,22,21,73,70,component,,,
pcb28rec1_jpg__364__Capacitor.png,fpic_rf100,valid/images/pcb28rec1_jpg.rf.7e4240166cb856d4fb2be0e1d335b57d.jpg,pcb28rec1_jpg,Capacitor,107,134,20,25,67,84,component,,,
pcb28rec1_jpg__375__IC.png,fpic_rf100,valid/images/pcb28rec1_jpg.rf.7e4240166cb856d4fb2be0e1d335b57d.jpg,pcb28rec1_jpg,IC,107,108,20,20,67,68,component,,,
pcb28rec1_jpg__377__Connector.png,fpic_rf100,valid/images/pcb28rec1_jpg.rf.7e4240166cb856d4fb2be0e1d335b57d.jpg,pcb28rec1_jpg,Connector,548,96,103,18,342,60,component,,,
pcb28rec1_jpg__384__Capacitor.png,fpic_rf100,valid/images/pcb28rec1_jpg.rf.7e4240166cb856d4fb2be0e1d335b57d.jpg,pcb28rec1_jpg,Capacitor,102,97,19,18,64,61,component,,,
pcb28rec1_jpg__394__Capacitor.png,fpic_rf100,valid/images/pcb28rec1_jpg.rf.7e4240166cb856d4fb2be0e1d335b57d.jpg,pcb28rec1_jpg,Capacitor,116,108,22,20,72,68,component,,,
pcb28rec1_jpg__400__Capacitor.png,fpic_rf100,valid/images/pcb28rec1_jpg.rf.7e4240166cb856d4fb2be0e1d335b57d.jpg,pcb28rec1_jpg,Capacitor,88,86,17,16,55,54,component,,,
pcb29rec1_jpg__013__IC.png,fpic_rf100,train/images/pcb29rec1_jpg.rf.196a2a86349709a9bf6ec0b09921ebd1.jpg,pcb29rec1_jpg,IC,106,172,20,32,66,107,component,,,
pcb29rec1_jpg__044__Transistor.png,fpic_rf100,train/images/pcb29rec1_jpg.rf.196a2a86349709a9bf6ec0b09921ebd1.jpg,pcb29rec1_jpg,Transistor,127,91,24,17,80,57,component,,,
pcb29rec1_jpg__058__Connector.png,fpic_rf100,train/images/pcb29rec1_jpg.rf.196a2a86349709a9bf6ec0b09921ebd1.jpg,pcb29rec1_jpg,Connector,91,487,17,91,57,305,component,,,
pcb29rec1_jpg__062__IC.png,fpic_rf100,train/images/pcb29rec1_jpg.rf.196a2a86349709a9bf6ec0b09921ebd1.jpg,pcb29rec1_jpg,IC,87,236,16,44,55,148,component,,,
pcb29rec1_jpg__103__IC.png,fpic_rf100,train/images/pcb29rec1_jpg.rf.196a2a86349709a9bf6ec0b09921ebd1.jpg,pcb29rec1_jpg,IC,149,89,28,17,93,56,component,,,
pcb29rec1_jpg__143__IC.png,fpic_rf100,train/images/pcb29rec1_jpg.rf.196a2a86349709a9bf6ec0b09921ebd1.jpg,pcb29rec1_jpg,IC,86,195,16,37,54,122,component,,,
pcb29rec1_jpg__153__IC.png,fpic_rf100,train/images/pcb29rec1_jpg.rf.196a2a86349709a9bf6ec0b09921ebd1.jpg,pcb29rec1_jpg,IC,95,97,18,18,59,61,component,,,
pcb29rec1_jpg__314__IC.png,fpic_rf100,train/images/pcb29rec1_jpg.rf.196a2a86349709a9bf6ec0b09921ebd1.jpg,pcb29rec1_jpg,IC,238,326,45,61,149,204,component,,,
pcb29rec1_jpg__352__Transistor.png,fpic_rf100,train/images/pcb29rec1_jpg.rf.196a2a86349709a9bf6ec0b09921ebd1.jpg,pcb29rec1_jpg,Transistor,127,79,24,15,79,49,component,,,
pcb29rec1_jpg__378__IC.png,fpic_rf100,train/images/pcb29rec1_jpg.rf.196a2a86349709a9bf6ec0b09921ebd1.jpg,pcb29rec1_jpg,IC,485,491,91,92,303,307,component,,,
pcb29rec1_jpg__379__Transistor.png,fpic_rf100,train/images/pcb29rec1_jpg.rf.196a2a86349709a9bf6ec0b09921ebd1.jpg,pcb29rec1_jpg,Transistor,138,127,26,24,86,79,component,,,
pcb29rec1_jpg__403__Transistor.png,fpic_rf100,train/images/pcb29rec1_jpg.rf.196a2a86349709a9bf6ec0b09921ebd1.jpg,pcb29rec1_jpg,Transistor,118,127,22,24,74,79,component,,,
pcb29rec1_jpg__410__Connector.png,fpic_rf100,train/images/pcb29rec1_jpg.rf.196a2a86349709a9bf6ec0b09921ebd1.jpg,pcb29rec1_jpg,Connector,134,1166,25,219,84,728,component,,,
pcb29rec1_jpg__411__Connector.png,fpic_rf100,train/images/pcb29rec1_jpg.rf.196a2a86349709a9bf6ec0b09921ebd1.jpg,pcb29rec1_jpg,Connector,102,1171,19,220,64,732,component,,,
pcb2rec1_jpg__014__Transistor.png,fpic_rf100,valid/images/pcb2rec1_jpg.rf.4216fe39a80b27b66c39a85d4bc90def.jpg,pcb2rec1_jpg,Transistor,138,127,26,24,86,79,component,,,
pcb2rec1_jpg__058__Transistor.png,fpic_rf100,valid/images/pcb2rec1_jpg.rf.4216fe39a80b27b66c39a85d4bc90def.jpg,pcb2rec1_jpg,Transistor,192,156,36,29,120,98,component,,,
pcb2rec1_jpg__064__IC.png,fpic_rf100,valid/images/pcb2rec1_jpg.rf.4216fe39a80b27b66c39a85d4bc90def.jpg,pcb2rec1_jpg,IC,101,118,19,22,63,74,component,,,
pcb2rec1_jpg__065__IC.png,fpic_rf100,valid/images/pcb2rec1_jpg.rf.4216fe39a80b27b66c39a85d4bc90def.jpg,pcb2rec1_jpg,IC,76,84,14,16,48,52,component,,,
pcb2rec1_jpg__087__Connector.png,fpic_rf100,valid/images/pcb2rec1_jpg.rf.4216fe39a80b27b66c39a85d4bc90def.jpg,pcb2rec1_jpg,Connector,156,714,29,134,98,446,component,,,
pcb2rec1_jpg__125__Resistor_Network.png,fpic_rf100,valid/images/pcb2rec1_jpg.rf.4216fe39a80b27b66c39a85d4bc90def.jpg,pcb2rec1_jpg,Resistor Network,84,186,16,35,52,116,component,,,
pcb2rec1_jpg__145__Connector.png,fpic_rf100,valid/images/pcb2rec1_jpg.rf.4216fe39a80b27b66c39a85d4bc90def.jpg,pcb2rec1_jpg,Connector,175,639,33,120,109,399,component,,,
pcb2rec1_jpg__232__Transistor.png,fpic_rf100,valid/images/pcb2rec1_jpg.rf.4216fe39a80b27b66c39a85d4bc90def.jpg,pcb2rec1_jpg,Transistor,134,127,25,24,84,79,component,,,
pcb30rec1_jpg__002__Transistor.png,fpic_rf100,train/images/pcb30rec1_jpg.rf.9d4a70472e5d1c6864a11732aea82c8f.jpg,pcb30rec1_jpg,Transistor,143,106,27,20,89,66,component,,,
pcb30rec1_jpg__008__Transistor.png,fpic_rf100,train/images/pcb30rec1_jpg.rf.9d4a70472e5d1c6864a11732aea82c8f.jpg,pcb30rec1_jpg,Transistor,127,86,24,16,79,54,component,,,
pcb30rec1_jpg__015__Connector.png,fpic_rf100,train/images/pcb30rec1_jpg.rf.9d4a70472e5d1c6864a11732aea82c8f.jpg,pcb30rec1_jpg,Connector,280,959,52,180,175,599,component,,,
pcb30rec1_jpg__019__Transistor.png,fpic_rf100,train/images/pcb30rec1_jpg.rf.9d4a70472e5d1c6864a11732aea82c8f.jpg,pcb30rec1_jpg,Transistor,104,136,19,25,65,85,component,,,
pcb30rec1_jpg__022__Connector.png,fpic_rf100,train/images/pcb30rec1_jpg.rf.9d4a70472e5d1c6864a11732aea82c8f.jpg,pcb30rec1_jpg,Connector,309,907,58,170,193,567,component,,,
pcb30rec1_jpg__023__Connector.png,fpic_rf100,train/images/pcb30rec1_jpg.rf.9d4a70472e5d1c6864a11732aea82c8f.jpg,pcb30rec1_jpg,Connector,178,846,41,170,136,565,component,,,
pcb30rec1_jpg__024__Connector.png,fpic_rf100,train/images/pcb30rec1_jpg.rf.9d4a70472e5d1c6864a11732aea82c8f.jpg,pcb30rec1_jpg,Connector,287,908,54,170,179,568,component,,,
pcb30rec1_jpg__025__Connector.png,fpic_rf100,train/images/pcb30rec1_jpg.rf.9d4a70472e5d1c6864a11732aea82c8f.jpg,pcb30rec1_jpg,Connector,304,906,57,175,190,584,component,,,
pcb30rec1_jpg__026__Connector.png,fpic_rf100,train/images/pcb30rec1_jpg.rf.9d4a70472e5d1c6864a11732aea82c8f.jpg,pcb30rec1_jpg,Connector,298,880,56,175,186,583,component,,,
pcb30rec1_jpg__075__Transistor.png,fpic_rf100,train/images/pcb30rec1_jpg.rf.9d4a70472e5d1c6864a11732aea82c8f.jpg,pcb30rec1_jpg,Transistor,102,134,19,25,64,84,component,,,
pcb30rec1_jpg__076__Transistor.png,fpic_rf100,train/images/pcb30rec1_jpg.rf.9d4a70472e5d1c6864a11732aea82c8f.jpg,pcb30rec1_jpg,Transistor,95,140,18,26,59,88,component,,,
pcb30rec1_jpg__078__IC.png,fpic_rf100,train/images/pcb30rec1_jpg.rf.9d4a70472e5d1c6864a11732aea82c8f.jpg,pcb30rec1_jpg,IC,232,277,44,52,145,173,component,,,
pcb30rec1_jpg__079__IC.png,fpic_rf100,train/images/pcb30rec1_jpg.rf.9d4a70472e5d1c6864a11732aea82c8f.jpg,pcb30rec1_jpg,IC,236,255,44,48,148,159,component,,,
pcb30rec1_jpg__140__IC.png,fpic_rf100,train/images/pcb30rec1_jpg.rf.9d4a70472e5d1c6864a11732aea82c8f.jpg,pcb30rec1_jpg,IC,156,167,29,36,98,121,component,,,
pcb30rec1_jpg__149__Connector.png,fpic_rf100,train/images/pcb30rec1_jpg.rf.9d4a70472e5d1c6864a11732aea82c8f.jpg,pcb30rec1_jpg,Connector,284,317,53,64,178,212,component,,,
pcb30rec1_jpg__154__Connector.png,fpic_rf100,train/images/pcb30rec1_jpg.rf.9d4a70472e5d1c6864a11732aea82c8f.jpg,pcb30rec1_jpg,Connector,228,226,43,52,142,173,component,,,
pcb30rec1_jpg__157__Connector.png,fpic_rf100,train/images/pcb30rec1_jpg.rf.9d4a70472e5d1c6864a11732aea82c8f.jpg,pcb30rec1_jpg,Connector,176,212,33,44,110,145,component,,,
pcb30rec1_jpg__158__Connector.png,fpic_rf100,train/images/pcb30rec1_jpg.rf.9d4a70472e5d1c6864a11732aea82c8f.jpg,pcb30rec1_jpg,Connector,214,236,40,44,134,148,component,,,
pcb30rec1_jpg__159__Connector.png,fpic_rf100,train/images/pcb30rec1_jpg.rf.9d4a70472e5d1c6864a11732aea82c8f.jpg,pcb30rec1_jpg,Connector,481,324,0,61,370,202,component,,,
pcb30rec1_jpg__165__Connector.png,fpic_rf100,train/images/pcb30rec1_jpg.rf.9d4a70472e5d1c6864a11732aea82c8f.jpg,pcb30rec1_jpg,Connector,1466,199,252,0,934,153,component,,,
pcb30rec1_jpg__169__Connector.png,fpic_rf100,train/images/pcb30rec1_jpg.rf.9d4a70472e5d1c6864a11732aea82c8f.jpg,pcb30rec1_jpg,Connector,1474,277,256,0,937,213,component,,,
pcb30rec1_jpg__237__Connector.png,fpic_rf100,train/images/pcb30rec1_jpg.rf.9d4a70472e5d1c6864a11732aea82c8f.jpg,pcb30rec1_jpg,Connector,1415,369,232,69,910,231,component,,,
pcb30rec1_jpg__243__Connector.png,fpic_rf100,train/images/pcb30rec1_jpg.rf.9d4a70472e5d1c6864a11732aea82c8f.jpg,pcb30rec1_jpg,Connector,1399,368,221,69,906,230,component,,,
pcb30rec1_jpg__275__IC.png,fpic_rf100,train/images/pcb30rec1_jpg.rf.9d4a70472e5d1c6864a11732aea82c8f.jpg,pcb30rec1_jpg,IC,149,145,28,27,93,91,component,,,
pcb32rec1_jpg__006__Capacitor_Jumper.png,fpic_rf100,train/images/pcb32rec1_jpg.rf.802e8226fc9c8027df8c84bd9dd6c90a.jpg,pcb32rec1_jpg,Capacitor Jumper,130,101,24,19,82,63,component,,,
pcb32rec1_jpg__017__Capacitor_Jumper.png,fpic_rf100,train/images/pcb32rec1_jpg.rf.802e8226fc9c8027df8c84bd9dd6c90a.jpg,pcb32rec1_jpg,Capacitor Jumper,170,154,32,29,106,96,component,,,
pcb32rec1_jpg__023__Capacitor_Jumper.png,fpic_rf100,train/images/pcb32rec1_jpg.rf.802e8226fc9c8027df8c84bd9dd6c90a.jpg,pcb32rec1_jpg,Capacitor Jumper,132,106,25,20,83,66,component,,,
pcb32rec1_jpg__034__IC.png,fpic_rf100,train/images/pcb32rec1_jpg.rf.802e8226fc9c8027df8c84bd9dd6c90a.jpg,pcb32rec1_jpg,IC,171,81,32,15,107,51,component,,,
pcb32rec1_jpg__047__Capacitor_Jumper.png,fpic_rf100,train/images/pcb32rec1_jpg.rf.802e8226fc9c8027df8c84bd9dd6c90a.jpg,pcb32rec1_jpg,Capacitor Jumper,102,158,19,30,64,98,component,,,
pcb32rec1_jpg__048__IC.png,fpic_rf100,train/images/pcb32rec1_jpg.rf.802e8226fc9c8027df8c84bd9dd6c90a.jpg,pcb32rec1_jpg,IC,149,218,28,41,93,136,component,,,
pcb32rec1_jpg__052__IC.png,fpic_rf100,train/images/pcb32rec1_jpg.rf.802e8226fc9c8027df8c84bd9dd6c90a.jpg,pcb32rec1_jpg,IC,148,185,28,35,92,115,component,,,
pcb32rec1_jpg__054__Capacitor_Jumper.png,fpic_rf100,train/images/pcb32rec1_jpg.rf.802e8226fc9c8027df8c84bd9dd6c90a.jpg,pcb32rec1_jpg,Capacitor Jumper,180,117,34,22,112,73,component,,,
pcb32rec1_jpg__056__Capacitor_Jumper.png,fpic_rf100,train/images/pcb32rec1_jpg.rf.802e8226fc9c8027df8c84bd9dd6c90a.jpg,pcb32rec1_jpg,Capacitor Jumper,169,132,32,25,105,83,component,,,
pcb32rec1_jpg__058__Capacitor_Jumper.png,fpic_rf100,train/images/pcb32rec1_jpg.rf.802e8226fc9c8027df8c84bd9dd6c90a.jpg,pcb32rec1_jpg,Capacitor Jumper,183,112,34,21,114,70,component,,,
pcb32rec1_jpg__067__Capacitor_Jumper.png,fpic_rf100,train/images/pcb32rec1_jpg.rf.802e8226fc9c8027df8c84bd9dd6c90a.jpg,pcb32rec1_jpg,Capacitor Jumper,129,108,24,20,81,68,component,,,
pcb32rec1_jpg__071__Capacitor_Jumper.png,fpic_rf100,train/images/pcb32rec1_jpg.rf.802e8226fc9c8027df8c84bd9dd6c90a.jpg,pcb32rec1_jpg,Capacitor Jumper,145,142,27,27,91,89,component,,,
pcb32rec1_jpg__072__IC.png,fpic_rf100,train/images/pcb32rec1_jpg.rf.802e8226fc9c8027df8c84bd9dd6c90a.jpg,pcb32rec1_jpg,IC,118,92,22,17,74,58,component,,,
pcb32rec1_jpg__076__Capacitor_Jumper.png,fpic_rf100,train/images/pcb32rec1_jpg.rf.802e8226fc9c8027df8c84bd9dd6c90a.jpg,pcb32rec1_jpg,Capacitor Jumper,481,502,90,94,301,314,component,,,
pcb32rec1_jpg__077__Capacitor_Jumper.png,fpic_rf100,train/images/pcb32rec1_jpg.rf.802e8226fc9c8027df8c84bd9dd6c90a.jpg,pcb32rec1_jpg,Capacitor Jumper,513,532,96,100,321,332,component,,,
pcb32rec1_jpg__078__IC.png,fpic_rf100,train/images/pcb32rec1_jpg.rf.802e8226fc9c8027df8c84bd9dd6c90a.jpg,pcb32rec1_jpg,IC,397,305,74,57,248,191,component,,,
pcb32rec1_jpg__079__IC.png,fpic_rf100,train/images/pcb32rec1_jpg.rf.802e8226fc9c8027df8c84bd9dd6c90a.jpg,pcb32rec1_jpg,IC,356,281,67,53,223,176,component,,,
pcb32rec1_jpg__080__Capacitor_Jumper.png,fpic_rf100,train/images/pcb32rec1_jpg.rf.802e8226fc9c8027df8c84bd9dd6c90a.jpg,pcb32rec1_jpg,Capacitor Jumper,241,340,45,64,151,212,component,,,
pcb32rec1_jpg__084__Capacitor_Jumper.png,fpic_rf100,train/images/pcb32rec1_jpg.rf.802e8226fc9c8027df8c84bd9dd6c90a.jpg,pcb32rec1_jpg,Capacitor Jumper,100,112,19,21,62,70,component,,,
pcb32rec1_jpg__087__Capacitor_Jumper.png,fpic_rf100,train/images/pcb32rec1_jpg.rf.802e8226fc9c8027df8c84bd9dd6c90a.jpg,pcb32rec1_jpg,Capacitor Jumper,98,92,18,17,61,58,component,,,
pcb32rec1_jpg__088__Capacitor_Jumper.png,fpic_rf100,train/images/pcb32rec1_jpg.rf.802e8226fc9c8027df8c84bd9dd6c90a.jpg,pcb32rec1_jpg,Capacitor Jumper,111,90,21,17,69,56,component,,,
pcb32rec1_jpg__090__Capacitor_Jumper.png,fpic_rf100,train/images/pcb32rec1_jpg.rf.802e8226fc9c8027df8c84bd9dd6c90a.jpg,pcb32rec1_jpg,Capacitor Jumper,150,151,28,28,94,95,component,,,
pcb32rec1_jpg__092__Capacitor_Jumper.png,fpic_rf100,train/images/pcb32rec1_jpg.rf.802e8226fc9c8027df8c84bd9dd6c90a.jpg,pcb32rec1_jpg,Capacitor Jumper,162,146,30,27,101,91,component,,,
pcb32rec1_jpg__093__Capacitor_Jumper.png,fpic_rf100,train/images/pcb32rec1_jpg.rf.802e8226fc9c8027df8c84bd9dd6c90a.jpg,pcb32rec1_jpg,Capacitor Jumper,96,91,18,17,60,57,component,,,
pcb32rec1_jpg__095__Capacitor_Jumper.png,fpic_rf100,train/images/pcb32rec1_jpg.rf.802e8226fc9c8027df8c84bd9dd6c90a.jpg,pcb32rec1_jpg,Capacitor Jumper,86,78,16,15,54,48,component,,,
pcb32rec1_jpg__096__Capacitor_Jumper.png,fpic_rf100,train/images/pcb32rec1_jpg.rf.802e8226fc9c8027df8c84bd9dd6c90a.jpg,pcb32rec1_jpg,Capacitor Jumper,110,111,21,21,69,69,component,,,
pcb32rec1_jpg__097__Capacitor_Jumper.png,fpic_rf100,train/images/pcb32rec1_jpg.rf.802e8226fc9c8027df8c84bd9dd6c90a.jpg,pcb32rec1_jpg,Capacitor Jumper,336,313,49,59,221,196,component,,,
pcb32rec1_jpg__103__IC.png,fpic_rf100,train/images/pcb32rec1_jpg.rf.802e8226fc9c8027df8c84bd9dd6c90a.jpg,pcb32rec1_jpg,IC,100,80,19,15,62,50,component,,,
pcb32rec1_jpg__104__IC.png,fpic_rf100,train/images/pcb32rec1_jpg.rf.802e8226fc9c8027df8c84bd9dd6c90a.jpg,pcb32rec1_jpg,IC,185,108,35,20,115,68,component,,,
pcb32rec1_jpg__106__Capacitor_Jumper.png,fpic_rf100,train/images/pcb32rec1_jpg.rf.802e8226fc9c8027df8c84bd9dd6c90a.jpg,pcb32rec1_jpg,Capacitor Jumper,122,116,23,22,77,72,component,,,
pcb32rec1_jpg__107__Capacitor_Jumper.png,fpic_rf100,train/images/pcb32rec1_jpg.rf.802e8226fc9c8027df8c84bd9dd6c90a.jpg,pcb32rec1_jpg,Capacitor Jumper,121,128,23,24,75,80,component,,,
pcb32rec1_jpg__108__IC.png,fpic_rf100,train/images/pcb32rec1_jpg.rf.802e8226fc9c8027df8c84bd9dd6c90a.jpg,pcb32rec1_jpg,IC,115,177,22,33,72,111,component,,,
pcb32rec1_jpg__109__Capacitor_Jumper.png,fpic_rf100,train/images/pcb32rec1_jpg.rf.802e8226fc9c8027df8c84bd9dd6c90a.jpg,pcb32rec1_jpg,Capacitor Jumper,222,198,43,37,144,124,component,,,
pcb32rec1_jpg__110__Capacitor_Jumper.png,fpic_rf100,train/images/pcb32rec1_jpg.rf.802e8226fc9c8027df8c84bd9dd6c90a.jpg,pcb32rec1_jpg,Capacitor Jumper,127,137,24,26,79,85,component,,,
pcb32rec1_jpg__111__Capacitor_Jumper.png,fpic_rf100,train/images/pcb32rec1_jpg.rf.802e8226fc9c8027df8c84bd9dd6c90a.jpg,pcb32rec1_jpg,Capacitor Jumper,107,82,20,15,67,52,component,,,
pcb32rec1_jpg__114__Capacitor_Jumper.png,fpic_rf100,train/images/pcb32rec1_jpg.rf.802e8226fc9c8027df8c84bd9dd6c90a.jpg,pcb32rec1_jpg,Capacitor Jumper,94,165,18,31,59,103,component,,,
pcb32rec1_jpg__121__IC.png,fpic_rf100,train/images/pcb32rec1_jpg.rf.802e8226fc9c8027df8c84bd9dd6c90a.jpg,pcb32rec1_jpg,IC,105,159,20,30,65,99,component,,,
pcb32rec1_jpg__124__Capacitor_Jumper.png,fpic_rf100,train/images/pcb32rec1_jpg.rf.802e8226fc9c8027df8c84bd9dd6c90a.jpg,pcb32rec1_jpg,Capacitor Jumper,112,121,21,23,70,75,component,,,
pcb32rec1_jpg__126__Capacitor_Jumper.png,fpic_rf100,train/images/pcb32rec1_jpg.rf.802e8226fc9c8027df8c84bd9dd6c90a.jpg,pcb32rec1_jpg,Capacitor Jumper,247,218,46,41,154,136,component,,,
pcb32rec1_jpg__129__IC.png,fpic_rf100,train/images/pcb32rec1_jpg.rf.802e8226fc9c8027df8c84bd9dd6c90a.jpg,pcb32rec1_jpg,IC,140,143,26,27,88,89,component,,,
pcb32rec1_jpg__130__IC.png,fpic_rf100,train/images/pcb32rec1_jpg.rf.802e8226fc9c8027df8c84bd9dd6c90a.jpg,pcb32rec1_jpg,IC,148,150,28,28,92,94,component,,,
pcb32rec1_jpg__132__IC.png,fpic_rf100,train/images/pcb32rec1_jpg.rf.802e8226fc9c8027df8c84bd9dd6c90a.jpg,pcb32rec1_jpg,IC,154,159,29,30,96,99,component,,,
pcb32rec1_jpg__133__IC.png,fpic_rf100,train/images/pcb32rec1_jpg.rf.802e8226fc9c8027df8c84bd9dd6c90a.jpg,pcb32rec1_jpg,IC,146,149,27,28,92,93,component,,,
pcb32rec1_jpg__135__Capacitor_Jumper.png,fpic_rf100,train/images/pcb32rec1_jpg.rf.802e8226fc9c8027df8c84bd9dd6c90a.jpg,pcb32rec1_jpg,Capacitor Jumper,123,116,23,22,77,72,component,,,
pcb32rec1_jpg__140__Capacitor_Jumper.png,fpic_rf100,train/images/pcb32rec1_jpg.rf.802e8226fc9c8027df8c84bd9dd6c90a.jpg,pcb32rec1_jpg,Capacitor Jumper,149,140,28,26,93,87,component,,,
pcb33rec1_jpg__000__Connector.png,fpic_rf100,train/images/pcb33rec1_jpg.rf.4a7440840dcca9de7c9f5032582bef8f.jpg,pcb33rec1_jpg,Connector,341,129,64,24,213,81,component,,,
pcb33rec1_jpg__001__Capacitor_Jumper.png,fpic_rf100,train/images/pcb33rec1_jpg.rf.4a7440840dcca9de7c9f5032582bef8f.jpg,pcb33rec1_jpg,Capacitor Jumper,145,90,27,17,90,56,component,,,
pcb33rec1_jpg__002__IC.png,fpic_rf100,train/images/pcb33rec1_jpg.rf.4a7440840dcca9de7c9f5032582bef8f.jpg,pcb33rec1_jpg,IC,132,142,25,27,82,88,component,,,
pcb33rec1_jpg__003__Connector.png,fpic_rf100,train/images/pcb33rec1_jpg.rf.4a7440840dcca9de7c9f5032582bef8f.jpg,pcb33rec1_jpg,Connector,166,85,31,16,104,53,component,,,
pcb33rec1_jpg__004__Connector.png,fpic_rf100,train/images/pcb33rec1_jpg.rf.4a7440840dcca9de7c9f5032582bef8f.jpg,pcb33rec1_jpg,Connector,161,89,30,17,101,55,component,,,
pcb33rec1_jpg__008__Capacitor_Jumper.png,fpic_rf100,train/images/pcb33rec1_jpg.rf.4a7440840dcca9de7c9f5032582bef8f.jpg,pcb33rec1_jpg,Capacitor Jumper,117,135,22,25,73,84,component,,,
pcb33rec1_jpg__012__IC.png,fpic_rf100,train/images/pcb33rec1_jpg.rf.4a7440840dcca9de7c9f5032582bef8f.jpg,pcb33rec1_jpg,IC,85,82,16,15,53,51,component,,,
pcb33rec1_jpg__016__Capacitor_Jumper.png,fpic_rf100,train/images/pcb33rec1_jpg.rf.4a7440840dcca9de7c9f5032582bef8f.jpg,pcb33rec1_jpg,Capacitor Jumper,106,144,20,27,66,90,component,,,
pcb33rec1_jpg__021__Capacitor_Jumper.png,fpic_rf100,train/images/pcb33rec1_jpg.rf.4a7440840dcca9de7c9f5032582bef8f.jpg,pcb33rec1_jpg,Capacitor Jumper,148,143,28,27,93,89,component,,,
pcb33rec1_jpg__031__IC.png,fpic_rf100,train/images/pcb33rec1_jpg.rf.4a7440840dcca9de7c9f5032582bef8f.jpg,pcb33rec1_jpg,IC,138,192,26,36,86,120,component,,,
pcb33rec1_jpg__032__IC.png,fpic_rf100,train/images/pcb33rec1_jpg.rf.4a7440840dcca9de7c9f5032582bef8f.jpg,pcb33rec1_jpg,IC,140,192,26,36,88,120,component,,,
pcb33rec1_jpg__039__Connector.png,fpic_rf100,train/images/pcb33rec1_jpg.rf.4a7440840dcca9de7c9f5032582bef8f.jpg,pcb33rec1_jpg,Connector,79,308,15,58,49,192,component,,,
pcb33rec1_jpg__048__Connector.png,fpic_rf100,train/images/pcb33rec1_jpg.rf.4a7440840dcca9de7c9f5032582bef8f.jpg,pcb33rec1_jpg,Connector,87,340,16,64,55,213,component,,,
pcb33rec1_jpg__050__IC.png,fpic_rf100,train/images/pcb33rec1_jpg.rf.4a7440840dcca9de7c9f5032582bef8f.jpg,pcb33rec1_jpg,IC,153,142,29,27,95,89,component,,,
pcb33rec1_jpg__060__Connector.png,fpic_rf100,train/images/pcb33rec1_jpg.rf.4a7440840dcca9de7c9f5032582bef8f.jpg,pcb33rec1_jpg,Connector,191,102,36,19,119,64,component,,,
pcb33rec1_jpg__064__Capacitor_Jumper.png,fpic_rf100,train/images/pcb33rec1_jpg.rf.4a7440840dcca9de7c9f5032582bef8f.jpg,pcb33rec1_jpg,Capacitor Jumper,111,114,21,21,69,72,component,,,
pcb33rec1_jpg__066__IC.png,fpic_rf100,train/images/pcb33rec1_jpg.rf.4a7440840dcca9de7c9f5032582bef8f.jpg,pcb33rec1_jpg,IC,139,149,26,28,87,93,component,,,
pcb33rec1_jpg__067__IC.png,fpic_rf100,train/images/pcb33rec1_jpg.rf.4a7440840dcca9de7c9f5032582bef8f.jpg,pcb33rec1_jpg,IC,133,143,25,27,83,89,component,,,
pcb33rec1_jpg__068__IC.png,fpic_rf100,train/images/pcb33rec1_jpg.rf.4a7440840dcca9de7c9f5032582bef8f.jpg,pcb33rec1_jpg,IC,137,146,26,27,85,91,component,,,
pcb33rec1_jpg__069__IC.png,fpic_rf100,train/images/pcb33rec1_jpg.rf.4a7440840dcca9de7c9f5032582bef8f.jpg,pcb33rec1_jpg,IC,129,142,24,27,81,89,component,,,
pcb33rec1_jpg__070__IC.png,fpic_rf100,train/images/pcb33rec1_jpg.rf.4a7440840dcca9de7c9f5032582bef8f.jpg,pcb33rec1_jpg,IC,129,132,24,25,81,82,component,,,
pcb33rec1_jpg__071__IC.png,fpic_rf100,train/images/pcb33rec1_jpg.rf.4a7440840dcca9de7c9f5032582bef8f.jpg,pcb33rec1_jpg,IC,129,139,24,26,81,87,component,,,
pcb33rec1_jpg__080__Capacitor_Jumper.png,fpic_rf100,train/images/pcb33rec1_jpg.rf.4a7440840dcca9de7c9f5032582bef8f.jpg,pcb33rec1_jpg,Capacitor Jumper,183,126,34,24,114,79,component,,,
pcb33rec1_jpg__081__Capacitor_Jumper.png,fpic_rf100,train/images/pcb33rec1_jpg.rf.4a7440840dcca9de7c9f5032582bef8f.jpg,pcb33rec1_jpg,Capacitor Jumper,116,121,22,23,72,75,component,,,
pcb33rec1_jpg__082__Connector.png,fpic_rf100,train/images/pcb33rec1_jpg.rf.4a7440840dcca9de7c9f5032582bef8f.jpg,pcb33rec1_jpg,Connector,195,97,37,18,122,61,component,,,
pcb33rec1_jpg__099__IC.png,fpic_rf100,train/images/pcb33rec1_jpg.rf.4a7440840dcca9de7c9f5032582bef8f.jpg,pcb33rec1_jpg,IC,141,193,26,36,88,121,component,,,
pcb33rec1_jpg__104__Capacitor_Jumper.png,fpic_rf100,train/images/pcb33rec1_jpg.rf.4a7440840dcca9de7c9f5032582bef8f.jpg,pcb33rec1_jpg,Capacitor Jumper,107,187,20,35,67,117,component,,,
pcb33rec1_jpg__105__Capacitor_Jumper.png,fpic_rf100,train/images/pcb33rec1_jpg.rf.4a7440840dcca9de7c9f5032582bef8f.jpg,pcb33rec1_jpg,Capacitor Jumper,160,124,30,23,100,77,component,,,
pcb33rec1_jpg__106__Connector.png,fpic_rf100,train/images/pcb33rec1_jpg.rf.4a7440840dcca9de7c9f5032582bef8f.jpg,pcb33rec1_jpg,Connector,78,266,15,50,49,166,component,,,
pcb33rec1_jpg__108__IC.png,fpic_rf100,train/images/pcb33rec1_jpg.rf.4a7440840dcca9de7c9f5032582bef8f.jpg,pcb33rec1_jpg,IC,165,108,31,20,103,68,component,,,
pcb33rec1_jpg__109__Capacitor_Jumper.png,fpic_rf100,train/images/pcb33rec1_jpg.rf.4a7440840dcca9de7c9f5032582bef8f.jpg,pcb33rec1_jpg,Capacitor Jumper,270,233,51,44,168,145,component,,,
pcb33rec1_jpg__110__Connector.png,fpic_rf100,train/images/pcb33rec1_jpg.rf.4a7440840dcca9de7c9f5032582bef8f.jpg,pcb33rec1_jpg,Connector,108,138,20,26,67,86,component,,,
pcb33rec1_jpg__111__Connector.png,fpic_rf100,train/images/pcb33rec1_jpg.rf.4a7440840dcca9de7c9f5032582bef8f.jpg,pcb33rec1_jpg,Connector,78,140,15,26,49,87,component,,,
pcb33rec1_jpg__112__Capacitor_Jumper.png,fpic_rf100,train/images/pcb33rec1_jpg.rf.4a7440840dcca9de7c9f5032582bef8f.jpg,pcb33rec1_jpg,Capacitor Jumper,151,132,28,25,95,82,component,,,
pcb33rec1_jpg__121__Capacitor_Jumper.png,fpic_rf100,train/images/pcb33rec1_jpg.rf.4a7440840dcca9de7c9f5032582bef8f.jpg,pcb33rec1_jpg,Capacitor Jumper,146,112,27,21,91,70,component,,,
pcb33rec1_jpg__123__Connector.png,fpic_rf100,train/images/pcb33rec1_jpg.rf.4a7440840dcca9de7c9f5032582bef8f.jpg,pcb33rec1_jpg,Connector,85,124,16,23,53,78,component,,,
pcb33rec1_jpg__132__Capacitor_Jumper.png,fpic_rf100,train/images/pcb33rec1_jpg.rf.4a7440840dcca9de7c9f5032582bef8f.jpg,pcb33rec1_jpg,Capacitor Jumper,108,102,20,19,68,64,component,,,
pcb33rec1_jpg__133__Capacitor_Jumper.png,fpic_rf100,train/images/pcb33rec1_jpg.rf.4a7440840dcca9de7c9f5032582bef8f.jpg,pcb33rec1_jpg,Capacitor Jumper,116,151,22,28,72,94,component,,,
pcb33rec1_jpg__134__Capacitor_Jumper.png,fpic_rf100,train/images/pcb33rec1_jpg.rf.4a7440840dcca9de7c9f5032582bef8f.jpg,pcb33rec1_jpg,Capacitor Jumper,323,289,61,60,202,199,component,,,
pcb33rec1_jpg__140__IC.png,fpic_rf100,train/images/pcb33rec1_jpg.rf.4a7440840dcca9de7c9f5032582bef8f.jpg,pcb33rec1_jpg,IC,102,159,19,30,64,99,component,,,
pcb33rec1_jpg__148__Connector.png,fpic_rf100,train/images/pcb33rec1_jpg.rf.4a7440840dcca9de7c9f5032582bef8f.jpg,pcb33rec1_jpg,Connector,102,159,19,31,64,103,component,,,
pcb33rec1_jpg__149__Connector.png,fpic_rf100,train/images/pcb33rec1_jpg.rf.4a7440840dcca9de7c9f5032582bef8f.jpg,pcb33rec1_jpg,Connector,110,156,21,30,69,101,component,,,
pcb33rec1_jpg__150__Capacitor_Jumper.png,fpic_rf100,train/images/pcb33rec1_jpg.rf.4a7440840dcca9de7c9f5032582bef8f.jpg,pcb33rec1_jpg,Capacitor Jumper,119,219,22,41,74,137,component,,,
pcb33rec1_jpg__153__Resistor_Jumper.png,fpic_rf100,train/images/pcb33rec1_jpg.rf.4a7440840dcca9de7c9f5032582bef8f.jpg,pcb33rec1_jpg,Resistor Jumper,79,215,15,40,49,134,component,,,
pcb33rec1_jpg__154__Resistor_Jumper.png,fpic_rf100,train/images/pcb33rec1_jpg.rf.4a7440840dcca9de7c9f5032582bef8f.jpg,pcb33rec1_jpg,Resistor Jumper,79,217,15,41,49,136,component,,,
pcb33rec1_jpg__158__Resistor_Jumper.png,fpic_rf100,train/images/pcb33rec1_jpg.rf.4a7440840dcca9de7c9f5032582bef8f.jpg,pcb33rec1_jpg,Resistor Jumper,81,211,15,40,51,132,component,,,
pcb33rec1_jpg__161__IC.png,fpic_rf100,train/images/pcb33rec1_jpg.rf.4a7440840dcca9de7c9f5032582bef8f.jpg,pcb33rec1_jpg,IC,80,102,15,19,50,64,component,,,
pcb33rec1_jpg__163__Transistor.png,fpic_rf100,train/images/pcb33rec1_jpg.rf.4a7440840dcca9de7c9f5032582bef8f.jpg,pcb33rec1_jpg,Transistor,102,162,19,30,64,101,component,,,
pcb33rec1_jpg__165__Capacitor_Jumper.png,fpic_rf100,train/images/pcb33rec1_jpg.rf.4a7440840dcca9de7c9f5032582bef8f.jpg,pcb33rec1_jpg,Capacitor Jumper,117,122,22,23,73,76,component,,,
pcb33rec1_jpg__168__Resistor_Jumper.png,fpic_rf100,train/images/pcb33rec1_jpg.rf.4a7440840dcca9de7c9f5032582bef8f.jpg,pcb33rec1_jpg,Resistor Jumper,79,208,15,39,49,130,component,,,
pcb33rec1_jpg__169__Resistor_Jumper.png,fpic_rf100,train/images/pcb33rec1_jpg.rf.4a7440840dcca9de7c9f5032582bef8f.jpg,pcb33rec1_jpg,Resistor Jumper,79,210,15,39,49,132,component,,,
pcb33rec1_jpg__171__Resistor_Jumper.png,fpic_rf100,train/images/pcb33rec1_jpg.rf.4a7440840dcca9de7c9f5032582bef8f.jpg,pcb33rec1_jpg,Resistor Jumper,77,218,14,41,48,136,component,,,
pcb33rec1_jpg__174__Capacitor_Jumper.png,fpic_rf100,train/images/pcb33rec1_jpg.rf.4a7440840dcca9de7c9f5032582bef8f.jpg,pcb33rec1_jpg,Capacitor Jumper,86,159,16,30,54,99,component,,,
pcb33rec1_jpg__175__Capacitor_Jumper.png,fpic_rf100,train/images/pcb33rec1_jpg.rf.4a7440840dcca9de7c9f5032582bef8f.jpg,pcb33rec1_jpg,Capacitor Jumper,124,158,23,30,78,99,component,,,
pcb33rec1_jpg__178__Transistor.png,fpic_rf100,train/images/pcb33rec1_jpg.rf.4a7440840dcca9de7c9f5032582bef8f.jpg,pcb33rec1_jpg,Transistor,98,156,18,29,62,98,component,,,
pcb33rec1_jpg__179__Capacitor_Jumper.png,fpic_rf100,train/images/pcb33rec1_jpg.rf.4a7440840dcca9de7c9f5032582bef8f.jpg,pcb33rec1_jpg,Capacitor Jumper,132,162,25,30,82,101,component,,,
pcb33rec1_jpg__180__Capacitor_Jumper.png,fpic_rf100,train/images/pcb33rec1_jpg.rf.4a7440840dcca9de7c9f5032582bef8f.jpg,pcb33rec1_jpg,Capacitor Jumper,149,145,28,27,93,91,component,,,
pcb33rec1_jpg__181__Capacitor_Jumper.png,fpic_rf100,train/images/pcb33rec1_jpg.rf.4a7440840dcca9de7c9f5032582bef8f.jpg,pcb33rec1_jpg,Capacitor Jumper,92,80,17,15,57,50,component,,,
pcb33rec1_jpg__182__Capacitor_Jumper.png,fpic_rf100,train/images/pcb33rec1_jpg.rf.4a7440840dcca9de7c9f5032582bef8f.jpg,pcb33rec1_jpg,Capacitor Jumper,123,114,23,21,77,71,component,,,
pcb33rec1_jpg__184__Capacitor_Jumper.png,fpic_rf100,train/images/pcb33rec1_jpg.rf.4a7440840dcca9de7c9f5032582bef8f.jpg,pcb33rec1_jpg,Capacitor Jumper,133,163,25,31,83,102,component,,,
pcb33rec1_jpg__185__Capacitor_Jumper.png,fpic_rf100,train/images/pcb33rec1_jpg.rf.4a7440840dcca9de7c9f5032582bef8f.jpg,pcb33rec1_jpg,Capacitor Jumper,116,154,22,29,73,96,component,,,
pcb33rec1_jpg__192__Capacitor_Jumper.png,fpic_rf100,train/images/pcb33rec1_jpg.rf.4a7440840dcca9de7c9f5032582bef8f.jpg,pcb33rec1_jpg,Capacitor Jumper,123,133,23,25,77,83,component,,,
pcb33rec1_jpg__196__IC.png,fpic_rf100,train/images/pcb33rec1_jpg.rf.4a7440840dcca9de7c9f5032582bef8f.jpg,pcb33rec1_jpg,IC,155,103,29,19,97,64,component,,,
pcb33rec1_jpg__199__IC.png,fpic_rf100,train/images/pcb33rec1_jpg.rf.4a7440840dcca9de7c9f5032582bef8f.jpg,pcb33rec1_jpg,IC,143,158,27,30,89,98,component,,,
pcb33rec1_jpg__200__Capacitor_Jumper.png,fpic_rf100,train/images/pcb33rec1_jpg.rf.4a7440840dcca9de7c9f5032582bef8f.jpg,pcb33rec1_jpg,Capacitor Jumper,97,91,18,17,61,57,component,,,
pcb33rec1_jpg__201__Capacitor_Jumper.png,fpic_rf100,train/images/pcb33rec1_jpg.rf.4a7440840dcca9de7c9f5032582bef8f.jpg,pcb33rec1_jpg,Capacitor Jumper,113,103,21,19,71,65,component,,,
pcb33rec1_jpg__202__IC.png,fpic_rf100,train/images/pcb33rec1_jpg.rf.4a7440840dcca9de7c9f5032582bef8f.jpg,pcb33rec1_jpg,IC,107,169,20,32,67,106,component,,,
pcb33rec1_jpg__204__Capacitor_Jumper.png,fpic_rf100,train/images/pcb33rec1_jpg.rf.4a7440840dcca9de7c9f5032582bef8f.jpg,pcb33rec1_jpg,Capacitor Jumper,82,80,15,15,51,50,component,,,
pcb33rec1_jpg__214__Capacitor_Jumper.png,fpic_rf100,train/images/pcb33rec1_jpg.rf.4a7440840dcca9de7c9f5032582bef8f.jpg,pcb33rec1_jpg,Capacitor Jumper,113,118,21,22,71,74,component,,,
pcb33rec1_jpg__222__Connector.png,fpic_rf100,train/images/pcb33rec1_jpg.rf.4a7440840dcca9de7c9f5032582bef8f.jpg,pcb33rec1_jpg,Connector,347,128,65,24,217,80,component,,,
pcb33rec1_jpg__223__Connector.png,fpic_rf100,train/images/pcb33rec1_jpg.rf.4a7440840dcca9de7c9f5032582bef8f.jpg,pcb33rec1_jpg,Connector,299,100,56,19,187,62,component,,,
pcb33rec1_jpg__224__IC.png,fpic_rf100,train/images/pcb33rec1_jpg.rf.4a7440840dcca9de7c9f5032582bef8f.jpg,pcb33rec1_jpg,IC,135,148,25,28,85,92,component,,,
pcb33rec1_jpg__227__Resistor_Jumper.png,fpic_rf100,train/images/pcb33rec1_jpg.rf.4a7440840dcca9de7c9f5032582bef8f.jpg,pcb33rec1_jpg,Resistor Jumper,246,84,46,16,154,52,component,,,
pcb33rec1_jpg__229__IC.png,fpic_rf100,train/images/pcb33rec1_jpg.rf.4a7440840dcca9de7c9f5032582bef8f.jpg,pcb33rec1_jpg,IC,133,141,25,26,83,88,component,,,
pcb33rec1_jpg__231__IC.png,fpic_rf100,train/images/pcb33rec1_jpg.rf.4a7440840dcca9de7c9f5032582bef8f.jpg,pcb33rec1_jpg,IC,130,139,24,26,81,87,component,,,
pcb33rec1_jpg__232__IC.png,fpic_rf100,train/images/pcb33rec1_jpg.rf.4a7440840dcca9de7c9f5032582bef8f.jpg,pcb33rec1_jpg,IC,132,138,25,26,82,86,component,,,
pcb33rec1_jpg__233__Connector.png,fpic_rf100,train/images/pcb33rec1_jpg.rf.4a7440840dcca9de7c9f5032582bef8f.jpg,pcb33rec1_jpg,Connector,288,99,54,19,180,62,component,,,
pcb34rec1_jpg__001__Capacitor_Jumper.png,fpic_rf100,valid/images/pcb34rec1_jpg.rf.6e549c158d3c94d67fe7499432a006a6.jpg,pcb34rec1_jpg,Capacitor Jumper,102,127,19,24,64,79,component,,,
pcb34rec1_jpg__003__Capacitor_Jumper.png,fpic_rf100,valid/images/pcb34rec1_jpg.rf.6e549c158d3c94d67fe7499432a006a6.jpg,pcb34rec1_jpg,Capacitor Jumper,137,79,26,15,85,49,component,,,
pcb34rec1_jpg__004__Capacitor_Jumper.png,fpic_rf100,valid/images/pcb34rec1_jpg.rf.6e549c158d3c94d67fe7499432a006a6.jpg,pcb34rec1_jpg,Capacitor Jumper,139,127,26,24,87,80,component,,,
pcb34rec1_jpg__005__Capacitor_Jumper.png,fpic_rf100,valid/images/pcb34rec1_jpg.rf.6e549c158d3c94d67fe7499432a006a6.jpg,pcb34rec1_jpg,Capacitor Jumper,127,135,24,25,79,84,component,,,
pcb34rec1_jpg__006__Capacitor_Jumper.png,fpic_rf100,valid/images/pcb34rec1_jpg.rf.6e549c158d3c94d67fe7499432a006a6.jpg,pcb34rec1_jpg,Capacitor Jumper,111,122,21,23,69,76,component,,,
pcb34rec1_jpg__008__Capacitor_Jumper.png,fpic_rf100,valid/images/pcb34rec1_jpg.rf.6e549c158d3c94d67fe7499432a006a6.jpg,pcb34rec1_jpg,Capacitor Jumper,86,81,16,15,54,51,component,,,
pcb34rec1_jpg__009__Capacitor_Jumper.png,fpic_rf100,valid/images/pcb34rec1_jpg.rf.6e549c158d3c94d67fe7499432a006a6.jpg,pcb34rec1_jpg,Capacitor Jumper,153,145,29,27,96,91,component,,,
pcb34rec1_jpg__012__Capacitor_Jumper.png,fpic_rf100,valid/images/pcb34rec1_jpg.rf.6e549c158d3c94d67fe7499432a006a6.jpg,pcb34rec1_jpg,Capacitor Jumper,161,154,30,29,101,96,component,,,
pcb34rec1_jpg__013__Capacitor_Jumper.png,fpic_rf100,valid/images/pcb34rec1_jpg.rf.6e549c158d3c94d67fe7499432a006a6.jpg,pcb34rec1_jpg,Capacitor Jumper,154,142,29,27,96,89,component,,,
pcb34rec1_jpg__014__Capacitor_Jumper.png,fpic_rf100,valid/images/pcb34rec1_jpg.rf.6e549c158d3c94d67fe7499432a006a6.jpg,pcb34rec1_jpg,Capacitor Jumper,164,144,31,27,102,90,component,,,
pcb34rec1_jpg__017__Capacitor_Jumper.png,fpic_rf100,valid/images/pcb34rec1_jpg.rf.6e549c158d3c94d67fe7499432a006a6.jpg,pcb34rec1_jpg,Capacitor Jumper,97,172,18,32,61,107,component,,,
pcb34rec1_jpg__020__Capacitor_Jumper.png,fpic_rf100,valid/images/pcb34rec1_jpg.rf.6e549c158d3c94d67fe7499432a006a6.jpg,pcb34rec1_jpg,Capacitor Jumper,89,82,17,15,55,51,component,,,
pcb34rec1_jpg__025__Resistor_Jumper.png,fpic_rf100,valid/images/pcb34rec1_jpg.rf.6e549c158d3c94d67fe7499432a006a6.jpg,pcb34rec1_jpg,Resistor Jumper,133,139,25,26,83,87,component,,,
pcb34rec1_jpg__026__Capacitor_Jumper.png,fpic_rf100,valid/images/pcb34rec1_jpg.rf.6e549c158d3c94d67fe7499432a006a6.jpg,pcb34rec1_jpg,Capacitor Jumper,436,251,83,47,277,157,component,,,
pcb34rec1_jpg__027__Capacitor_Jumper.png,fpic_rf100,valid/images/pcb34rec1_jpg.rf.6e549c158d3c94d67fe7499432a006a6.jpg,pcb34rec1_jpg,Capacitor Jumper,128,131,24,25,80,82,component,,,
pcb35rec1_jpg__245__Connector.png,fpic_rf100,train/images/pcb35rec1_jpg.rf.1a548c8be670edcbb2b7a83f8f658ef9.jpg,pcb35rec1_jpg,Connector,398,133,61,25,259,83,component,,,
pcb35rec1_jpg__246__Connector.png,fpic_rf100,train/images/pcb35rec1_jpg.rf.1a548c8be670edcbb2b7a83f8f658ef9.jpg,pcb35rec1_jpg,Connector,428,81,80,19,268,62,component,,,
pcb35rec1_jpg__247__Connector.png,fpic_rf100,train/images/pcb35rec1_jpg.rf.1a548c8be670edcbb2b7a83f8f658ef9.jpg,pcb35rec1_jpg,Connector,416,107,78,20,260,67,component,,,
pcb36rec1_jpg__005__Capacitor.png,fpic_rf100,train/images/pcb36rec1_jpg.rf.32a623290c3a2c654e415060455ac47e.jpg,pcb36rec1_jpg,Capacitor,88,149,16,28,55,93,component,,,
pcb36rec1_jpg__006__Connector.png,fpic_rf100,train/images/pcb36rec1_jpg.rf.32a623290c3a2c654e415060455ac47e.jpg,pcb36rec1_jpg,Connector,211,148,7,28,157,92,component,,,
pcb36rec1_jpg__007__Capacitor.png,fpic_rf100,train/images/pcb36rec1_jpg.rf.32a623290c3a2c654e415060455ac47e.jpg,pcb36rec1_jpg,Capacitor,95,161,22,30,72,101,component,,,
pcb36rec1_jpg__008__Capacitor.png,fpic_rf100,train/images/pcb36rec1_jpg.rf.32a623290c3a2c654e415060455ac47e.jpg,pcb36rec1_jpg,Capacitor,161,134,30,25,101,84,component,,,
pcb36rec1_jpg__009__Capacitor.png,fpic_rf100,train/images/pcb36rec1_jpg.rf.32a623290c3a2c654e415060455ac47e.jpg,pcb36rec1_jpg,Capacitor,102,145,19,27,64,91,component,,,
pcb36rec1_jpg__010__Capacitor.png,fpic_rf100,train/images/pcb36rec1_jpg.rf.32a623290c3a2c654e415060455ac47e.jpg,pcb36rec1_jpg,Capacitor,156,150,29,28,98,94,component,,,
pcb36rec1_jpg__011__Capacitor.png,fpic_rf100,train/images/pcb36rec1_jpg.rf.32a623290c3a2c654e415060455ac47e.jpg,pcb36rec1_jpg,Capacitor,90,160,17,30,56,100,component,,,
pcb36rec1_jpg__012__Capacitor.png,fpic_rf100,train/images/pcb36rec1_jpg.rf.32a623290c3a2c654e415060455ac47e.jpg,pcb36rec1_jpg,Capacitor,88,144,20,27,67,90,component,,,
pcb36rec1_jpg__013__Connector.png,fpic_rf100,train/images/pcb36rec1_jpg.rf.32a623290c3a2c654e415060455ac47e.jpg,pcb36rec1_jpg,Connector,144,149,4,28,108,93,component,,,
pcb36rec1_jpg__016__Capacitor.png,fpic_rf100,train/images/pcb36rec1_jpg.rf.32a623290c3a2c654e415060455ac47e.jpg,pcb36rec1_jpg,Capacitor,138,170,26,32,86,106,component,,,
pcb36rec1_jpg__019__Capacitor.png,fpic_rf100,train/images/pcb36rec1_jpg.rf.32a623290c3a2c654e415060455ac47e.jpg,pcb36rec1_jpg,Capacitor,66,176,15,33,50,110,component,,,
pcb36rec1_jpg__020__Capacitor.png,fpic_rf100,train/images/pcb36rec1_jpg.rf.32a623290c3a2c654e415060455ac47e.jpg,pcb36rec1_jpg,Capacitor,228,89,43,2,142,67,component,,,
pcb36rec1_jpg__021__Capacitor.png,fpic_rf100,train/images/pcb36rec1_jpg.rf.32a623290c3a2c654e415060455ac47e.jpg,pcb36rec1_jpg,Capacitor,79,129,15,24,49,81,component,,,
pcb36rec1_jpg__022__Capacitor.png,fpic_rf100,train/images/pcb36rec1_jpg.rf.32a623290c3a2c654e415060455ac47e.jpg,pcb36rec1_jpg,Capacitor,149,204,28,38,93,128,component,,,
pcb36rec1_jpg__023__Capacitor.png,fpic_rf100,train/images/pcb36rec1_jpg.rf.32a623290c3a2c654e415060455ac47e.jpg,pcb36rec1_jpg,Capacitor,617,298,116,56,385,186,component,,,
pcb36rec1_jpg__024__Connector.png,fpic_rf100,train/images/pcb36rec1_jpg.rf.32a623290c3a2c654e415060455ac47e.jpg,pcb36rec1_jpg,Connector,162,148,1,28,124,92,component,,,
pcb36rec1_jpg__025__Connector.png,fpic_rf100,train/images/pcb36rec1_jpg.rf.32a623290c3a2c654e415060455ac47e.jpg,pcb36rec1_jpg,Connector,178,148,0,28,137,92,component,,,
pcb36rec1_jpg__027__Connector.png,fpic_rf100,train/images/pcb36rec1_jpg.rf.32a623290c3a2c654e415060455ac47e.jpg,pcb36rec1_jpg,Connector,186,132,0,25,143,82,component,,,
pcb36rec1_jpg__028__Connector.png,fpic_rf100,train/images/pcb36rec1_jpg.rf.32a623290c3a2c654e415060455ac47e.jpg,pcb36rec1_jpg,Connector,169,150,5,28,126,94,component,,,
pcb36rec1_jpg__029__Capacitor.png,fpic_rf100,train/images/pcb36rec1_jpg.rf.32a623290c3a2c654e415060455ac47e.jpg,pcb36rec1_jpg,Capacitor,85,123,16,23,53,77,component,,,
pcb36rec1_jpg__032__Capacitor.png,fpic_rf100,train/images/pcb36rec1_jpg.rf.32a623290c3a2c654e415060455ac47e.jpg,pcb36rec1_jpg,Capacitor,84,170,18,32,60,106,component,,,
pcb36rec1_jpg__033__Resistor_Network.png,fpic_rf100,train/images/pcb36rec1_jpg.rf.32a623290c3a2c654e415060455ac47e.jpg,pcb36rec1_jpg,Resistor Network,76,144,14,27,48,90,component,,,
pcb36rec1_jpg__037__Capacitor.png,fpic_rf100,train/images/pcb36rec1_jpg.rf.32a623290c3a2c654e415060455ac47e.jpg,pcb36rec1_jpg,Capacitor,272,127,51,24,170,79,component,,,
pcb36rec1_jpg__039__Capacitor.png,fpic_rf100,train/images/pcb36rec1_jpg.rf.32a623290c3a2c654e415060455ac47e.jpg,pcb36rec1_jpg,Capacitor,95,118,18,22,59,74,component,,,
pcb36rec1_jpg__040__Resistor_Network.png,fpic_rf100,train/images/pcb36rec1_jpg.rf.32a623290c3a2c654e415060455ac47e.jpg,pcb36rec1_jpg,Resistor Network,219,85,41,16,137,53,component,,,
pcb37rec1_jpg__013__Capacitor.png,fpic_rf100,train/images/pcb37rec1_jpg.rf.4a0926867f534f59831bae1499f93032.jpg,pcb37rec1_jpg,Capacitor,79,90,15,17,49,56,component,,,
pcb37rec1_jpg__014__Capacitor.png,fpic_rf100,train/images/pcb37rec1_jpg.rf.4a0926867f534f59831bae1499f93032.jpg,pcb37rec1_jpg,Capacitor,84,101,16,19,52,63,component,,,
pcb37rec1_jpg__015__IC.png,fpic_rf100,train/images/pcb37rec1_jpg.rf.4a0926867f534f59831bae1499f93032.jpg,pcb37rec1_jpg,IC,132,113,25,21,82,71,component,,,
pcb37rec1_jpg__017__IC.png,fpic_rf100,train/images/pcb37rec1_jpg.rf.4a0926867f534f59831bae1499f93032.jpg,pcb37rec1_jpg,IC,92,108,17,20,58,68,component,,,
pcb37rec1_jpg__020__Capacitor.png,fpic_rf100,train/images/pcb37rec1_jpg.rf.4a0926867f534f59831bae1499f93032.jpg,pcb37rec1_jpg,Capacitor,85,76,16,14,53,48,component,,,
pcb37rec1_jpg__082__IC.png,fpic_rf100,train/images/pcb37rec1_jpg.rf.4a0926867f534f59831bae1499f93032.jpg,pcb37rec1_jpg,IC,490,480,92,90,306,300,component,,,
pcb37rec1_jpg__092__IC.png,fpic_rf100,train/images/pcb37rec1_jpg.rf.4a0926867f534f59831bae1499f93032.jpg,pcb37rec1_jpg,IC,336,335,63,63,210,209,component,,,
pcb37rec1_jpg__100__IC.png,fpic_rf100,train/images/pcb37rec1_jpg.rf.4a0926867f534f59831bae1499f93032.jpg,pcb37rec1_jpg,IC,161,122,30,23,101,76,component,,,
pcb38rec1_jpg__123__IC.png,fpic_rf100,train/images/pcb38rec1_jpg.rf.366e2a63b8c6ec65c44e60f053e10304.jpg,pcb38rec1_jpg,IC,81,100,15,19,51,62,component,,,
pcb38rec1_jpg__125__IC.png,fpic_rf100,train/images/pcb38rec1_jpg.rf.366e2a63b8c6ec65c44e60f053e10304.jpg,pcb38rec1_jpg,IC,108,150,20,28,68,94,component,,,
pcb38rec1_jpg__141__IC.png,fpic_rf100,train/images/pcb38rec1_jpg.rf.366e2a63b8c6ec65c44e60f053e10304.jpg,pcb38rec1_jpg,IC,133,118,25,22,83,74,component,,,
pcb38rec1_jpg__182__Connector.png,fpic_rf100,train/images/pcb38rec1_jpg.rf.366e2a63b8c6ec65c44e60f053e10304.jpg,pcb38rec1_jpg,Connector,367,107,69,23,229,77,component,,,
pcb38rec1_jpg__183__Connector.png,fpic_rf100,train/images/pcb38rec1_jpg.rf.366e2a63b8c6ec65c44e60f053e10304.jpg,pcb38rec1_jpg,Connector,444,133,83,25,278,83,component,,,
pcb38rec1_jpg__264__Connector.png,fpic_rf100,train/images/pcb38rec1_jpg.rf.366e2a63b8c6ec65c44e60f053e10304.jpg,pcb38rec1_jpg,Connector,148,191,28,36,92,119,component,,,
pcb38rec1_jpg__295__Connector.png,fpic_rf100,train/images/pcb38rec1_jpg.rf.366e2a63b8c6ec65c44e60f053e10304.jpg,pcb38rec1_jpg,Connector,180,316,34,59,112,198,component,,,
pcb39rec1_jpg__043__Capacitor.png,fpic_rf100,train/images/pcb39rec1_jpg.rf.1a54d77d306778c2162688e4cec17fef.jpg,pcb39rec1_jpg,Capacitor,84,90,16,17,52,56,component,,,
pcb39rec1_jpg__044__Capacitor.png,fpic_rf100,train/images/pcb39rec1_jpg.rf.1a54d77d306778c2162688e4cec17fef.jpg,pcb39rec1_jpg,Capacitor,90,102,17,19,56,64,component,,,
pcb39rec1_jpg__047__Capacitor.png,fpic_rf100,train/images/pcb39rec1_jpg.rf.1a54d77d306778c2162688e4cec17fef.jpg,pcb39rec1_jpg,Capacitor,88,88,17,17,55,55,component,,,
pcb39rec1_jpg__048__Capacitor.png,fpic_rf100,train/images/pcb39rec1_jpg.rf.1a54d77d306778c2162688e4cec17fef.jpg,pcb39rec1_jpg,Capacitor,118,127,22,24,74,79,component,,,
pcb39rec1_jpg__050__Capacitor.png,fpic_rf100,train/images/pcb39rec1_jpg.rf.1a54d77d306778c2162688e4cec17fef.jpg,pcb39rec1_jpg,Capacitor,96,96,18,18,60,60,component,,,
pcb39rec1_jpg__059__Capacitor.png,fpic_rf100,train/images/pcb39rec1_jpg.rf.1a54d77d306778c2162688e4cec17fef.jpg,pcb39rec1_jpg,Capacitor,96,96,18,18,60,60,component,,,
pcb39rec1_jpg__070__Capacitor.png,fpic_rf100,train/images/pcb39rec1_jpg.rf.1a54d77d306778c2162688e4cec17fef.jpg,pcb39rec1_jpg,Capacitor,86,88,16,16,54,55,component,,,
pcb39rec1_jpg__071__Capacitor.png,fpic_rf100,train/images/pcb39rec1_jpg.rf.1a54d77d306778c2162688e4cec17fef.jpg,pcb39rec1_jpg,Capacitor,100,100,19,19,62,62,component,,,
pcb39rec1_jpg__073__Capacitor.png,fpic_rf100,train/images/pcb39rec1_jpg.rf.1a54d77d306778c2162688e4cec17fef.jpg,pcb39rec1_jpg,Capacitor,84,86,16,16,52,54,component,,,
pcb39rec1_jpg__082__Capacitor.png,fpic_rf100,train/images/pcb39rec1_jpg.rf.1a54d77d306778c2162688e4cec17fef.jpg,pcb39rec1_jpg,Capacitor,86,85,16,16,54,53,component,,,
pcb39rec1_jpg__083__Capacitor.png,fpic_rf100,train/images/pcb39rec1_jpg.rf.1a54d77d306778c2162688e4cec17fef.jpg,pcb39rec1_jpg,Capacitor,127,118,24,22,79,74,component,,,
pcb39rec1_jpg__098__Capacitor.png,fpic_rf100,train/images/pcb39rec1_jpg.rf.1a54d77d306778c2162688e4cec17fef.jpg,pcb39rec1_jpg,Capacitor,92,95,17,18,58,59,component,,,
pcb39rec1_jpg__102__IC.png,fpic_rf100,train/images/pcb39rec1_jpg.rf.1a54d77d306778c2162688e4cec17fef.jpg,pcb39rec1_jpg,IC,491,496,92,93,307,310,component,,,
pcb39rec1_jpg__130__Capacitor.png,fpic_rf100,train/images/pcb39rec1_jpg.rf.1a54d77d306778c2162688e4cec17fef.jpg,pcb39rec1_jpg,Capacitor,86,85,16,16,54,53,component,,,
pcb39rec1_jpg__144__Capacitor.png,fpic_rf100,train/images/pcb39rec1_jpg.rf.1a54d77d306778c2162688e4cec17fef.jpg,pcb39rec1_jpg,Capacitor,90,88,17,17,56,55,component,,,
pcb39rec1_jpg__148__IC.png,fpic_rf100,train/images/pcb39rec1_jpg.rf.1a54d77d306778c2162688e4cec17fef.jpg,pcb39rec1_jpg,IC,84,84,16,16,52,52,component,,,
pcb39rec1_jpg__150__Capacitor.png,fpic_rf100,train/images/pcb39rec1_jpg.rf.1a54d77d306778c2162688e4cec17fef.jpg,pcb39rec1_jpg,Capacitor,95,90,18,17,59,56,component,,,
pcb39rec1_jpg__169__IC.png,fpic_rf100,train/images/pcb39rec1_jpg.rf.1a54d77d306778c2162688e4cec17fef.jpg,pcb39rec1_jpg,IC,122,108,23,20,76,68,component,,,
pcb3rec1_jpg__004__IC.png,fpic_rf100,train/images/pcb3rec1_jpg.rf.3df0de3d0fd5f5c54bc166b2f27ae0ed.jpg,pcb3rec1_jpg,IC,139,216,26,40,87,135,component,,,
pcb3rec1_jpg__006__IC.png,fpic_rf100,train/images/pcb3rec1_jpg.rf.3df0de3d0fd5f5c54bc166b2f27ae0ed.jpg,pcb3rec1_jpg,IC,136,236,26,44,85,148,component,,,
pcb3rec1_jpg__007__IC.png,fpic_rf100,train/images/pcb3rec1_jpg.rf.3df0de3d0fd5f5c54bc166b2f27ae0ed.jpg,pcb3rec1_jpg,IC,139,229,26,43,87,143,component,,,
pcb3rec1_jpg__008__IC.png,fpic_rf100,train/images/pcb3rec1_jpg.rf.3df0de3d0fd5f5c54bc166b2f27ae0ed.jpg,pcb3rec1_jpg,IC,127,236,24,44,79,148,component,,,
pcb3rec1_jpg__009__IC.png,fpic_rf100,train/images/pcb3rec1_jpg.rf.3df0de3d0fd5f5c54bc166b2f27ae0ed.jpg,pcb3rec1_jpg,IC,140,251,26,47,88,157,component,,,
pcb3rec1_jpg__010__IC.png,fpic_rf100,train/images/pcb3rec1_jpg.rf.3df0de3d0fd5f5c54bc166b2f27ae0ed.jpg,pcb3rec1_jpg,IC,143,245,27,46,89,153,component,,,
pcb3rec1_jpg__011__IC.png,fpic_rf100,train/images/pcb3rec1_jpg.rf.3df0de3d0fd5f5c54bc166b2f27ae0ed.jpg,pcb3rec1_jpg,IC,161,251,30,47,101,157,component,,,
pcb3rec1_jpg__012__IC.png,fpic_rf100,train/images/pcb3rec1_jpg.rf.3df0de3d0fd5f5c54bc166b2f27ae0ed.jpg,pcb3rec1_jpg,IC,132,245,25,46,82,153,component,,,
pcb3rec1_jpg__013__IC.png,fpic_rf100,train/images/pcb3rec1_jpg.rf.3df0de3d0fd5f5c54bc166b2f27ae0ed.jpg,pcb3rec1_jpg,IC,128,240,24,45,80,150,component,,,
pcb3rec1_jpg__014__Resistor_Network.png,fpic_rf100,train/images/pcb3rec1_jpg.rf.3df0de3d0fd5f5c54bc166b2f27ae0ed.jpg,pcb3rec1_jpg,Resistor Network,165,91,31,17,103,57,component,,,
pcb3rec1_jpg__018__IC.png,fpic_rf100,train/images/pcb3rec1_jpg.rf.3df0de3d0fd5f5c54bc166b2f27ae0ed.jpg,pcb3rec1_jpg,IC,458,453,86,85,286,283,component,,,
pcb3rec1_jpg__025__Resistor_Network.png,fpic_rf100,train/images/pcb3rec1_jpg.rf.3df0de3d0fd5f5c54bc166b2f27ae0ed.jpg,pcb3rec1_jpg,Resistor Network,155,100,29,19,97,62,component,,,
pcb3rec1_jpg__037__IC.png,fpic_rf100,train/images/pcb3rec1_jpg.rf.3df0de3d0fd5f5c54bc166b2f27ae0ed.jpg,pcb3rec1_jpg,IC,150,214,28,40,94,134,component,,,
pcb3rec1_jpg__049__Resistor_Network.png,fpic_rf100,train/images/pcb3rec1_jpg.rf.3df0de3d0fd5f5c54bc166b2f27ae0ed.jpg,pcb3rec1_jpg,Resistor Network,145,91,27,17,91,57,component,,,
pcb3rec1_jpg__052__IC.png,fpic_rf100,train/images/pcb3rec1_jpg.rf.3df0de3d0fd5f5c54bc166b2f27ae0ed.jpg,pcb3rec1_jpg,IC,256,241,48,45,160,151,component,,,
pcb3rec1_jpg__053__IC.png,fpic_rf100,train/images/pcb3rec1_jpg.rf.3df0de3d0fd5f5c54bc166b2f27ae0ed.jpg,pcb3rec1_jpg,IC,128,228,24,43,80,142,component,,,
pcb3rec1_jpg__058__IC.png,fpic_rf100,train/images/pcb3rec1_jpg.rf.3df0de3d0fd5f5c54bc166b2f27ae0ed.jpg,pcb3rec1_jpg,IC,192,166,36,31,120,104,component,,,
pcb3rec1_jpg__080__Resistor_Network.png,fpic_rf100,train/images/pcb3rec1_jpg.rf.3df0de3d0fd5f5c54bc166b2f27ae0ed.jpg,pcb3rec1_jpg,Resistor Network,164,96,31,18,102,60,component,,,
pcb3rec1_jpg__103__IC.png,fpic_rf100,train/images/pcb3rec1_jpg.rf.3df0de3d0fd5f5c54bc166b2f27ae0ed.jpg,pcb3rec1_jpg,IC,153,132,29,25,95,82,component,,,
pcb3rec1_jpg__104__IC.png,fpic_rf100,train/images/pcb3rec1_jpg.rf.3df0de3d0fd5f5c54bc166b2f27ae0ed.jpg,pcb3rec1_jpg,IC,155,123,29,23,97,77,component,,,
pcb3rec1_jpg__116__IC.png,fpic_rf100,train/images/pcb3rec1_jpg.rf.3df0de3d0fd5f5c54bc166b2f27ae0ed.jpg,pcb3rec1_jpg,IC,395,400,74,75,247,250,component,,,
pcb3rec1_jpg__119__IC.png,fpic_rf100,train/images/pcb3rec1_jpg.rf.3df0de3d0fd5f5c54bc166b2f27ae0ed.jpg,pcb3rec1_jpg,IC,148,123,28,23,92,77,component,,,
pcb3rec1_jpg__122__IC.png,fpic_rf100,train/images/pcb3rec1_jpg.rf.3df0de3d0fd5f5c54bc166b2f27ae0ed.jpg,pcb3rec1_jpg,IC,143,119,27,22,89,75,component,,,
pcb3rec1_jpg__123__IC.png,fpic_rf100,train/images/pcb3rec1_jpg.rf.3df0de3d0fd5f5c54bc166b2f27ae0ed.jpg,pcb3rec1_jpg,IC,145,116,27,22,91,72,component,,,
pcb3rec1_jpg__124__IC.png,fpic_rf100,train/images/pcb3rec1_jpg.rf.3df0de3d0fd5f5c54bc166b2f27ae0ed.jpg,pcb3rec1_jpg,IC,145,122,27,23,91,76,component,,,
pcb3rec1_jpg__134__Resistor_Network.png,fpic_rf100,train/images/pcb3rec1_jpg.rf.3df0de3d0fd5f5c54bc166b2f27ae0ed.jpg,pcb3rec1_jpg,Resistor Network,165,107,31,20,103,67,component,,,
pcb3rec1_jpg__135__Resistor_Network.png,fpic_rf100,train/images/pcb3rec1_jpg.rf.3df0de3d0fd5f5c54bc166b2f27ae0ed.jpg,pcb3rec1_jpg,Resistor Network,186,116,35,22,116,72,component,,,
pcb3rec1_jpg__136__IC.png,fpic_rf100,train/images/pcb3rec1_jpg.rf.3df0de3d0fd5f5c54bc166b2f27ae0ed.jpg,pcb3rec1_jpg,IC,152,358,29,67,96,224,component,,,
pcb3rec1_jpg__137__Resistor_Network.png,fpic_rf100,train/images/pcb3rec1_jpg.rf.3df0de3d0fd5f5c54bc166b2f27ae0ed.jpg,pcb3rec1_jpg,Resistor Network,161,100,30,19,101,62,component,,,
pcb3rec1_jpg__138__Resistor_Network.png,fpic_rf100,train/images/pcb3rec1_jpg.rf.3df0de3d0fd5f5c54bc166b2f27ae0ed.jpg,pcb3rec1_jpg,Resistor Network,165,108,31,20,103,68,component,,,
pcb3rec1_jpg__156__IC.png,fpic_rf100,train/images/pcb3rec1_jpg.rf.3df0de3d0fd5f5c54bc166b2f27ae0ed.jpg,pcb3rec1_jpg,IC,123,138,23,26,77,86,component,,,
pcb3rec1_jpg__194__IC.png,fpic_rf100,train/images/pcb3rec1_jpg.rf.3df0de3d0fd5f5c54bc166b2f27ae0ed.jpg,pcb3rec1_jpg,IC,423,438,79,83,265,275,component,,,
pcb3rec1_jpg__215__IC.png,fpic_rf100,train/images/pcb3rec1_jpg.rf.3df0de3d0fd5f5c54bc166b2f27ae0ed.jpg,pcb3rec1_jpg,IC,426,444,80,83,266,278,component,,,
pcb3rec1_jpg__229__IC.png,fpic_rf100,train/images/pcb3rec1_jpg.rf.3df0de3d0fd5f5c54bc166b2f27ae0ed.jpg,pcb3rec1_jpg,IC,117,260,22,49,73,162,component,,,
pcb3rec1_jpg__263__IC.png,fpic_rf100,train/images/pcb3rec1_jpg.rf.3df0de3d0fd5f5c54bc166b2f27ae0ed.jpg,pcb3rec1_jpg,IC,257,262,48,49,161,164,component,,,
pcb3rec1_jpg__284__IC.png,fpic_rf100,train/images/pcb3rec1_jpg.rf.3df0de3d0fd5f5c54bc166b2f27ae0ed.jpg,pcb3rec1_jpg,IC,102,129,19,24,64,81,component,,,
pcb3rec1_jpg__325__IC.png,fpic_rf100,train/images/pcb3rec1_jpg.rf.3df0de3d0fd5f5c54bc166b2f27ae0ed.jpg,pcb3rec1_jpg,IC,296,399,55,8,185,301,component,,,
pcb3rec1_jpg__326__Resistor_Network.png,fpic_rf100,train/images/pcb3rec1_jpg.rf.3df0de3d0fd5f5c54bc166b2f27ae0ed.jpg,pcb3rec1_jpg,Resistor Network,165,95,31,18,103,59,component,,,
pcb3rec1_jpg__357__Resistor_Network.png,fpic_rf100,train/images/pcb3rec1_jpg.rf.3df0de3d0fd5f5c54bc166b2f27ae0ed.jpg,pcb3rec1_jpg,Resistor Network,171,103,32,19,107,65,component,,,
pcb3rec1_jpg__371__IC.png,fpic_rf100,train/images/pcb3rec1_jpg.rf.3df0de3d0fd5f5c54bc166b2f27ae0ed.jpg,pcb3rec1_jpg,IC,394,394,74,74,246,246,component,,,
pcb3rec1_jpg__376__IC.png,fpic_rf100,train/images/pcb3rec1_jpg.rf.3df0de3d0fd5f5c54bc166b2f27ae0ed.jpg,pcb3rec1_jpg,IC,102,132,19,25,64,82,component,,,
pcb3rec1_jpg__378__Resistor_Network.png,fpic_rf100,train/images/pcb3rec1_jpg.rf.3df0de3d0fd5f5c54bc166b2f27ae0ed.jpg,pcb3rec1_jpg,Resistor Network,160,95,30,18,100,59,component,,,
pcb3rec1_jpg__386__IC.png,fpic_rf100,train/images/pcb3rec1_jpg.rf.3df0de3d0fd5f5c54bc166b2f27ae0ed.jpg,pcb3rec1_jpg,IC,417,266,78,50,261,166,component,,,
pcb3rec1_jpg__387__IC.png,fpic_rf100,train/images/pcb3rec1_jpg.rf.3df0de3d0fd5f5c54bc166b2f27ae0ed.jpg,pcb3rec1_jpg,IC,406,252,76,47,254,158,component,,,
pcb3rec1_jpg__389__IC.png,fpic_rf100,train/images/pcb3rec1_jpg.rf.3df0de3d0fd5f5c54bc166b2f27ae0ed.jpg,pcb3rec1_jpg,IC,133,218,25,41,83,136,component,,,
pcb3rec1_jpg__401__Resistor_Network.png,fpic_rf100,train/images/pcb3rec1_jpg.rf.3df0de3d0fd5f5c54bc166b2f27ae0ed.jpg,pcb3rec1_jpg,Resistor Network,169,108,32,20,105,68,component,,,
pcb3rec1_jpg__402__IC.png,fpic_rf100,train/images/pcb3rec1_jpg.rf.3df0de3d0fd5f5c54bc166b2f27ae0ed.jpg,pcb3rec1_jpg,IC,97,128,18,24,61,80,component,,,
pcb3rec1_jpg__403__IC.png,fpic_rf100,train/images/pcb3rec1_jpg.rf.3df0de3d0fd5f5c54bc166b2f27ae0ed.jpg,pcb3rec1_jpg,IC,79,127,15,24,49,79,component,,,
pcb3rec1_jpg__423__Resistor_Network.png,fpic_rf100,train/images/pcb3rec1_jpg.rf.3df0de3d0fd5f5c54bc166b2f27ae0ed.jpg,pcb3rec1_jpg,Resistor Network,159,102,30,19,99,64,component,,,
pcb3rec1_jpg__428__IC.png,fpic_rf100,train/images/pcb3rec1_jpg.rf.3df0de3d0fd5f5c54bc166b2f27ae0ed.jpg,pcb3rec1_jpg,IC,426,282,80,53,266,176,component,,,
pcb3rec1_jpg__430__IC.png,fpic_rf100,train/images/pcb3rec1_jpg.rf.3df0de3d0fd5f5c54bc166b2f27ae0ed.jpg,pcb3rec1_jpg,IC,139,246,26,46,87,154,component,,,
pcb3rec1_jpg__431__IC.png,fpic_rf100,train/images/pcb3rec1_jpg.rf.3df0de3d0fd5f5c54bc166b2f27ae0ed.jpg,pcb3rec1_jpg,IC,239,212,45,40,149,132,component,,,
pcb3rec1_jpg__432__IC.png,fpic_rf100,train/images/pcb3rec1_jpg.rf.3df0de3d0fd5f5c54bc166b2f27ae0ed.jpg,pcb3rec1_jpg,IC,415,255,78,48,259,159,component,,,
pcb3rec1_jpg__452__Resistor_Network.png,fpic_rf100,train/images/pcb3rec1_jpg.rf.3df0de3d0fd5f5c54bc166b2f27ae0ed.jpg,pcb3rec1_jpg,Resistor Network,169,101,32,19,105,63,component,,,
pcb3rec1_jpg__483__IC.png,fpic_rf100,train/images/pcb3rec1_jpg.rf.3df0de3d0fd5f5c54bc166b2f27ae0ed.jpg,pcb3rec1_jpg,IC,133,214,25,40,83,134,component,,,
pcb3rec1_jpg__484__IC.png,fpic_rf100,train/images/pcb3rec1_jpg.rf.3df0de3d0fd5f5c54bc166b2f27ae0ed.jpg,pcb3rec1_jpg,IC,138,232,26,43,86,145,component,,,
pcb3rec1_jpg__485__IC.png,fpic_rf100,train/images/pcb3rec1_jpg.rf.3df0de3d0fd5f5c54bc166b2f27ae0ed.jpg,pcb3rec1_jpg,IC,133,218,25,41,83,136,component,,,
pcb3rec1_jpg__487__Resistor_Network.png,fpic_rf100,train/images/pcb3rec1_jpg.rf.3df0de3d0fd5f5c54bc166b2f27ae0ed.jpg,pcb3rec1_jpg,Resistor Network,159,90,30,17,99,56,component,,,
pcb3rec1_jpg__490__IC.png,fpic_rf100,train/images/pcb3rec1_jpg.rf.3df0de3d0fd5f5c54bc166b2f27ae0ed.jpg,pcb3rec1_jpg,IC,113,135,21,25,71,85,component,,,
pcb3rec1_jpg__493__IC.png,fpic_rf100,train/images/pcb3rec1_jpg.rf.3df0de3d0fd5f5c54bc166b2f27ae0ed.jpg,pcb3rec1_jpg,IC,175,123,33,23,109,77,component,,,
pcb3rec1_jpg__497__IC.png,fpic_rf100,train/images/pcb3rec1_jpg.rf.3df0de3d0fd5f5c54bc166b2f27ae0ed.jpg,pcb3rec1_jpg,IC,166,232,31,44,104,145,component,,,
pcb3rec1_jpg__498__IC.png,fpic_rf100,train/images/pcb3rec1_jpg.rf.3df0de3d0fd5f5c54bc166b2f27ae0ed.jpg,pcb3rec1_jpg,IC,145,228,27,43,91,142,component,,,
pcb3rec1_jpg__519__Resistor_Network.png,fpic_rf100,train/images/pcb3rec1_jpg.rf.3df0de3d0fd5f5c54bc166b2f27ae0ed.jpg,pcb3rec1_jpg,Resistor Network,161,102,30,19,101,64,component,,,
pcb40rec1_jpg__000__Capacitor.png,fpic_rf100,train/images/pcb40rec1_jpg.rf.850d98129fc4a179f3f617f2023b8e42.jpg,pcb40rec1_jpg,Capacitor,176,132,33,25,110,82,component,,,
pcb40rec1_jpg__001__Capacitor.png,fpic_rf100,train/images/pcb40rec1_jpg.rf.850d98129fc4a179f3f617f2023b8e42.jpg,pcb40rec1_jpg,Capacitor,159,129,30,24,99,81,component,,,
pcb40rec1_jpg__002__Resistor_Network.png,fpic_rf100,train/images/pcb40rec1_jpg.rf.850d98129fc4a179f3f617f2023b8e42.jpg,pcb40rec1_jpg,Resistor Network,200,97,38,18,125,61,component,,,
pcb40rec1_jpg__003__Capacitor.png,fpic_rf100,train/images/pcb40rec1_jpg.rf.850d98129fc4a179f3f617f2023b8e42.jpg,pcb40rec1_jpg,Capacitor,239,218,45,41,149,136,component,,,
pcb40rec1_jpg__004__Capacitor.png,fpic_rf100,train/images/pcb40rec1_jpg.rf.850d98129fc4a179f3f617f2023b8e42.jpg,pcb40rec1_jpg,Capacitor,150,212,28,40,94,132,component,,,
pcb40rec1_jpg__005__Capacitor.png,fpic_rf100,train/images/pcb40rec1_jpg.rf.850d98129fc4a179f3f617f2023b8e42.jpg,pcb40rec1_jpg,Capacitor,180,188,34,35,112,118,component,,,
pcb40rec1_jpg__006__Connector.png,fpic_rf100,train/images/pcb40rec1_jpg.rf.850d98129fc4a179f3f617f2023b8e42.jpg,pcb40rec1_jpg,Connector,436,147,82,12,272,104,component,,,
pcb40rec1_jpg__007__Resistor_Network.png,fpic_rf100,train/images/pcb40rec1_jpg.rf.850d98129fc4a179f3f617f2023b8e42.jpg,pcb40rec1_jpg,Resistor Network,272,105,51,23,170,76,component,,,
pcb40rec1_jpg__008__Capacitor.png,fpic_rf100,train/images/pcb40rec1_jpg.rf.850d98129fc4a179f3f617f2023b8e42.jpg,pcb40rec1_jpg,Capacitor,147,187,34,35,112,117,component,,,
pcb40rec1_jpg__011__Capacitor.png,fpic_rf100,train/images/pcb40rec1_jpg.rf.850d98129fc4a179f3f617f2023b8e42.jpg,pcb40rec1_jpg,Capacitor,191,202,36,38,119,126,component,,,
pcb40rec1_jpg__012__Connector.png,fpic_rf100,train/images/pcb40rec1_jpg.rf.850d98129fc4a179f3f617f2023b8e42.jpg,pcb40rec1_jpg,Connector,341,203,74,38,247,127,component,,,
pcb40rec1_jpg__014__Capacitor.png,fpic_rf100,train/images/pcb40rec1_jpg.rf.850d98129fc4a179f3f617f2023b8e42.jpg,pcb40rec1_jpg,Capacitor,239,234,45,44,149,146,component,,,
pcb40rec1_jpg__015__Capacitor.png,fpic_rf100,train/images/pcb40rec1_jpg.rf.850d98129fc4a179f3f617f2023b8e42.jpg,pcb40rec1_jpg,Capacitor,223,246,42,46,139,154,component,,,
pcb40rec1_jpg__016__Capacitor.png,fpic_rf100,train/images/pcb40rec1_jpg.rf.850d98129fc4a179f3f617f2023b8e42.jpg,pcb40rec1_jpg,Capacitor,96,96,18,18,60,60,component,,,
pcb40rec1_jpg__017__Resistor_Network.png,fpic_rf100,train/images/pcb40rec1_jpg.rf.850d98129fc4a179f3f617f2023b8e42.jpg,pcb40rec1_jpg,Resistor Network,230,103,43,19,144,65,component,,,
pcb40rec1_jpg__018__Resistor_Network.png,fpic_rf100,train/images/pcb40rec1_jpg.rf.850d98129fc4a179f3f617f2023b8e42.jpg,pcb40rec1_jpg,Resistor Network,234,86,44,16,146,54,component,,,
pcb40rec1_jpg__019__Capacitor.png,fpic_rf100,train/images/pcb40rec1_jpg.rf.850d98129fc4a179f3f617f2023b8e42.jpg,pcb40rec1_jpg,Capacitor,107,144,17,27,69,90,component,,,
pcb40rec1_jpg__020__IC.png,fpic_rf100,train/images/pcb40rec1_jpg.rf.850d98129fc4a179f3f617f2023b8e42.jpg,pcb40rec1_jpg,IC,288,187,54,35,180,117,component,,,
pcb40rec1_jpg__021__Capacitor.png,fpic_rf100,train/images/pcb40rec1_jpg.rf.850d98129fc4a179f3f617f2023b8e42.jpg,pcb40rec1_jpg,Capacitor,111,112,21,21,69,70,component,,,
pcb40rec1_jpg__022__Capacitor.png,fpic_rf100,train/images/pcb40rec1_jpg.rf.850d98129fc4a179f3f617f2023b8e42.jpg,pcb40rec1_jpg,Capacitor,86,91,16,17,54,57,component,,,
pcb40rec1_jpg__023__Capacitor.png,fpic_rf100,train/images/pcb40rec1_jpg.rf.850d98129fc4a179f3f617f2023b8e42.jpg,pcb40rec1_jpg,Capacitor,422,677,79,127,264,423,component,,,
pcb40rec1_jpg__024__Capacitor.png,fpic_rf100,train/images/pcb40rec1_jpg.rf.850d98129fc4a179f3f617f2023b8e42.jpg,pcb40rec1_jpg,Capacitor,160,235,30,44,100,147,component,,,
pcb40rec1_jpg__025__Resistor_Network.png,fpic_rf100,train/images/pcb40rec1_jpg.rf.850d98129fc4a179f3f617f2023b8e42.jpg,pcb40rec1_jpg,Resistor Network,113,113,21,21,71,71,component,,,
pcb40rec1_jpg__026__Capacitor.png,fpic_rf100,train/images/pcb40rec1_jpg.rf.850d98129fc4a179f3f617f2023b8e42.jpg,pcb40rec1_jpg,Capacitor,95,96,18,18,59,60,component,,,
pcb40rec1_jpg__027__IC.png,fpic_rf100,train/images/pcb40rec1_jpg.rf.850d98129fc4a179f3f617f2023b8e42.jpg,pcb40rec1_jpg,IC,159,139,30,26,99,87,component,,,
pcb40rec1_jpg__028__Capacitor.png,fpic_rf100,train/images/pcb40rec1_jpg.rf.850d98129fc4a179f3f617f2023b8e42.jpg,pcb40rec1_jpg,Capacitor,88,91,16,17,55,57,component,,,
pcb40rec1_jpg__029__Capacitor.png,fpic_rf100,train/images/pcb40rec1_jpg.rf.850d98129fc4a179f3f617f2023b8e42.jpg,pcb40rec1_jpg,Capacitor,118,175,22,33,74,109,component,,,
pcb41rec1_jpg__008__Capacitor_Jumper.png,fpic_rf100,train/images/pcb41rec1_jpg.rf.3c66e4bbe5af44106f329d3ba9ace71f.jpg,pcb41rec1_jpg,Capacitor Jumper,107,103,20,19,67,64,component,,,
pcb41rec1_jpg__017__Capacitor_Jumper.png,fpic_rf100,train/images/pcb41rec1_jpg.rf.3c66e4bbe5af44106f329d3ba9ace71f.jpg,pcb41rec1_jpg,Capacitor Jumper,167,101,31,19,104,63,component,,,
pcb41rec1_jpg__038__Capacitor_Jumper.png,fpic_rf100,train/images/pcb41rec1_jpg.rf.3c66e4bbe5af44106f329d3ba9ace71f.jpg,pcb41rec1_jpg,Capacitor Jumper,117,95,22,18,73,60,component,,,
pcb41rec1_jpg__039__Capacitor_Jumper.png,fpic_rf100,train/images/pcb41rec1_jpg.rf.3c66e4bbe5af44106f329d3ba9ace71f.jpg,pcb41rec1_jpg,Capacitor Jumper,154,175,29,33,96,109,component,,,
pcb41rec1_jpg__041__IC.png,fpic_rf100,train/images/pcb41rec1_jpg.rf.3c66e4bbe5af44106f329d3ba9ace71f.jpg,pcb41rec1_jpg,IC,96,96,18,18,60,60,component,,,
pcb41rec1_jpg__053__Capacitor_Jumper.png,fpic_rf100,train/images/pcb41rec1_jpg.rf.3c66e4bbe5af44106f329d3ba9ace71f.jpg,pcb41rec1_jpg,Capacitor Jumper,169,96,32,18,105,60,component,,,
pcb41rec1_jpg__063__Capacitor_Jumper.png,fpic_rf100,train/images/pcb41rec1_jpg.rf.3c66e4bbe5af44106f329d3ba9ace71f.jpg,pcb41rec1_jpg,Capacitor Jumper,167,121,31,23,105,75,component,,,
pcb41rec1_jpg__065__IC.png,fpic_rf100,train/images/pcb41rec1_jpg.rf.3c66e4bbe5af44106f329d3ba9ace71f.jpg,pcb41rec1_jpg,IC,105,93,20,17,65,58,component,,,
pcb41rec1_jpg__096__IC.png,fpic_rf100,train/images/pcb41rec1_jpg.rf.3c66e4bbe5af44106f329d3ba9ace71f.jpg,pcb41rec1_jpg,IC,81,132,15,25,50,83,component,,,
pcb41rec1_jpg__099__Connector.png,fpic_rf100,train/images/pcb41rec1_jpg.rf.3c66e4bbe5af44106f329d3ba9ace71f.jpg,pcb41rec1_jpg,Connector,199,95,37,18,125,60,component,,,
pcb41rec1_jpg__111__Connector.png,fpic_rf100,train/images/pcb41rec1_jpg.rf.3c66e4bbe5af44106f329d3ba9ace71f.jpg,pcb41rec1_jpg,Connector,301,110,56,21,188,69,component,,,
pcb41rec1_jpg__112__Capacitor_Jumper.png,fpic_rf100,train/images/pcb41rec1_jpg.rf.3c66e4bbe5af44106f329d3ba9ace71f.jpg,pcb41rec1_jpg,Capacitor Jumper,107,119,20,22,67,75,component,,,
pcb41rec1_jpg__135__Capacitor_Jumper.png,fpic_rf100,train/images/pcb41rec1_jpg.rf.3c66e4bbe5af44106f329d3ba9ace71f.jpg,pcb41rec1_jpg,Capacitor Jumper,96,87,18,16,60,55,component,,,
pcb41rec1_jpg__136__Capacitor_Jumper.png,fpic_rf100,train/images/pcb41rec1_jpg.rf.3c66e4bbe5af44106f329d3ba9ace71f.jpg,pcb41rec1_jpg,Capacitor Jumper,112,172,21,32,70,107,component,,,
pcb41rec1_jpg__137__IC.png,fpic_rf100,train/images/pcb41rec1_jpg.rf.3c66e4bbe5af44106f329d3ba9ace71f.jpg,pcb41rec1_jpg,IC,107,140,20,26,67,87,component,,,
pcb41rec1_jpg__138__IC.png,fpic_rf100,train/images/pcb41rec1_jpg.rf.3c66e4bbe5af44106f329d3ba9ace71f.jpg,pcb41rec1_jpg,IC,154,80,29,15,96,50,component,,,
pcb41rec1_jpg__139__Capacitor_Jumper.png,fpic_rf100,train/images/pcb41rec1_jpg.rf.3c66e4bbe5af44106f329d3ba9ace71f.jpg,pcb41rec1_jpg,Capacitor Jumper,121,127,23,24,75,79,component,,,
pcb41rec1_jpg__147__Connector.png,fpic_rf100,train/images/pcb41rec1_jpg.rf.3c66e4bbe5af44106f329d3ba9ace71f.jpg,pcb41rec1_jpg,Connector,230,123,43,23,144,77,component,,,
pcb41rec1_jpg__148__Connector.png,fpic_rf100,train/images/pcb41rec1_jpg.rf.3c66e4bbe5af44106f329d3ba9ace71f.jpg,pcb41rec1_jpg,Connector,398,150,75,28,249,94,component,,,
pcb41rec1_jpg__149__Capacitor_Jumper.png,fpic_rf100,train/images/pcb41rec1_jpg.rf.3c66e4bbe5af44106f329d3ba9ace71f.jpg,pcb41rec1_jpg,Capacitor Jumper,484,112,91,21,303,70,component,,,
pcb41rec1_jpg__164__IC.png,fpic_rf100,train/images/pcb41rec1_jpg.rf.3c66e4bbe5af44106f329d3ba9ace71f.jpg,pcb41rec1_jpg,IC,91,112,17,21,57,70,component,,,
pcb41rec1_jpg__168__Capacitor_Jumper.png,fpic_rf100,train/images/pcb41rec1_jpg.rf.3c66e4bbe5af44106f329d3ba9ace71f.jpg,pcb41rec1_jpg,Capacitor Jumper,110,116,21,22,69,72,component,,,
pcb41rec1_jpg__169__Capacitor_Jumper.png,fpic_rf100,train/images/pcb41rec1_jpg.rf.3c66e4bbe5af44106f329d3ba9ace71f.jpg,pcb41rec1_jpg,Capacitor Jumper,126,91,24,17,78,57,component,,,
pcb41rec1_jpg__174__Connector.png,fpic_rf100,train/images/pcb41rec1_jpg.rf.3c66e4bbe5af44106f329d3ba9ace71f.jpg,pcb41rec1_jpg,Connector,148,194,28,36,93,121,component,,,
pcb41rec1_jpg__175__IC.png,fpic_rf100,train/images/pcb41rec1_jpg.rf.3c66e4bbe5af44106f329d3ba9ace71f.jpg,pcb41rec1_jpg,IC,85,90,16,17,53,56,component,,,
pcb41rec1_jpg__178__IC.png,fpic_rf100,train/images/pcb41rec1_jpg.rf.3c66e4bbe5af44106f329d3ba9ace71f.jpg,pcb41rec1_jpg,IC,354,343,66,64,221,215,component,,,
pcb41rec1_jpg__183__IC.png,fpic_rf100,train/images/pcb41rec1_jpg.rf.3c66e4bbe5af44106f329d3ba9ace71f.jpg,pcb41rec1_jpg,IC,87,84,16,16,55,52,component,,,
pcb41rec1_jpg__185__Capacitor_Jumper.png,fpic_rf100,train/images/pcb41rec1_jpg.rf.3c66e4bbe5af44106f329d3ba9ace71f.jpg,pcb41rec1_jpg,Capacitor Jumper,143,85,27,16,90,53,component,,,
pcb41rec1_jpg__208__Connector.png,fpic_rf100,train/images/pcb41rec1_jpg.rf.3c66e4bbe5af44106f329d3ba9ace71f.jpg,pcb41rec1_jpg,Connector,124,425,23,80,78,265,component,,,
pcb41rec1_jpg__220__IC.png,fpic_rf100,train/images/pcb41rec1_jpg.rf.3c66e4bbe5af44106f329d3ba9ace71f.jpg,pcb41rec1_jpg,IC,192,316,36,59,120,198,component,,,
pcb41rec1_jpg__227__IC.png,fpic_rf100,train/images/pcb41rec1_jpg.rf.3c66e4bbe5af44106f329d3ba9ace71f.jpg,pcb41rec1_jpg,IC,252,175,47,33,158,109,component,,,
pcb41rec1_jpg__228__IC.png,fpic_rf100,train/images/pcb41rec1_jpg.rf.3c66e4bbe5af44106f329d3ba9ace71f.jpg,pcb41rec1_jpg,IC,464,453,87,85,290,283,component,,,
pcb41rec1_jpg__229__Capacitor_Jumper.png,fpic_rf100,train/images/pcb41rec1_jpg.rf.3c66e4bbe5af44106f329d3ba9ace71f.jpg,pcb41rec1_jpg,Capacitor Jumper,116,105,22,20,73,65,component,,,
pcb41rec1_jpg__232__IC.png,fpic_rf100,train/images/pcb41rec1_jpg.rf.3c66e4bbe5af44106f329d3ba9ace71f.jpg,pcb41rec1_jpg,IC,123,119,23,22,77,75,component,,,
pcb41rec1_jpg__234__Capacitor_Jumper.png,fpic_rf100,train/images/pcb41rec1_jpg.rf.3c66e4bbe5af44106f329d3ba9ace71f.jpg,pcb41rec1_jpg,Capacitor Jumper,101,105,19,20,63,66,component,,,
pcb41rec1_jpg__245__Capacitor_Jumper.png,fpic_rf100,train/images/pcb41rec1_jpg.rf.3c66e4bbe5af44106f329d3ba9ace71f.jpg,pcb41rec1_jpg,Capacitor Jumper,127,84,24,16,79,52,component,,,
pcb41rec1_jpg__255__Capacitor_Jumper.png,fpic_rf100,train/images/pcb41rec1_jpg.rf.3c66e4bbe5af44106f329d3ba9ace71f.jpg,pcb41rec1_jpg,Capacitor Jumper,132,85,25,16,83,53,component,,,
pcb41rec1_jpg__256__IC.png,fpic_rf100,train/images/pcb41rec1_jpg.rf.3c66e4bbe5af44106f329d3ba9ace71f.jpg,pcb41rec1_jpg,IC,126,113,24,21,79,70,component,,,
pcb41rec1_jpg__263__Capacitor_Jumper.png,fpic_rf100,train/images/pcb41rec1_jpg.rf.3c66e4bbe5af44106f329d3ba9ace71f.jpg,pcb41rec1_jpg,Capacitor Jumper,116,90,22,17,73,56,component,,,
pcb41rec1_jpg__266__Capacitor_Jumper.png,fpic_rf100,train/images/pcb41rec1_jpg.rf.3c66e4bbe5af44106f329d3ba9ace71f.jpg,pcb41rec1_jpg,Capacitor Jumper,113,97,21,18,71,61,component,,,
pcb41rec1_jpg__268__Capacitor_Jumper.png,fpic_rf100,train/images/pcb41rec1_jpg.rf.3c66e4bbe5af44106f329d3ba9ace71f.jpg,pcb41rec1_jpg,Capacitor Jumper,90,89,17,17,56,55,component,,,
pcb41rec1_jpg__269__Capacitor_Jumper.png,fpic_rf100,train/images/pcb41rec1_jpg.rf.3c66e4bbe5af44106f329d3ba9ace71f.jpg,pcb41rec1_jpg,Capacitor Jumper,170,105,32,20,106,65,component,,,
pcb41rec1_jpg__272__Capacitor_Jumper.png,fpic_rf100,train/images/pcb41rec1_jpg.rf.3c66e4bbe5af44106f329d3ba9ace71f.jpg,pcb41rec1_jpg,Capacitor Jumper,107,107,20,20,67,67,component,,,
pcb41rec1_jpg__275__Capacitor_Jumper.png,fpic_rf100,train/images/pcb41rec1_jpg.rf.3c66e4bbe5af44106f329d3ba9ace71f.jpg,pcb41rec1_jpg,Capacitor Jumper,109,101,20,19,68,63,component,,,
pcb41rec1_jpg__277__Capacitor_Jumper.png,fpic_rf100,train/images/pcb41rec1_jpg.rf.3c66e4bbe5af44106f329d3ba9ace71f.jpg,pcb41rec1_jpg,Capacitor Jumper,116,97,22,18,72,61,component,,,
pcb41rec1_jpg__283__Capacitor_Jumper.png,fpic_rf100,train/images/pcb41rec1_jpg.rf.3c66e4bbe5af44106f329d3ba9ace71f.jpg,pcb41rec1_jpg,Capacitor Jumper,106,87,20,16,66,54,component,,,
pcb41rec1_jpg__302__IC.png,fpic_rf100,train/images/pcb41rec1_jpg.rf.3c66e4bbe5af44106f329d3ba9ace71f.jpg,pcb41rec1_jpg,IC,161,262,30,49,101,164,component,,,
pcb41rec1_jpg__309__Capacitor_Jumper.png,fpic_rf100,train/images/pcb41rec1_jpg.rf.3c66e4bbe5af44106f329d3ba9ace71f.jpg,pcb41rec1_jpg,Capacitor Jumper,107,79,20,15,67,50,component,,,
pcb41rec1_jpg__311__Capacitor_Jumper.png,fpic_rf100,train/images/pcb41rec1_jpg.rf.3c66e4bbe5af44106f329d3ba9ace71f.jpg,pcb41rec1_jpg,Capacitor Jumper,97,87,18,16,61,55,component,,,
pcb41rec1_jpg__317__Capacitor_Jumper.png,fpic_rf100,train/images/pcb41rec1_jpg.rf.3c66e4bbe5af44106f329d3ba9ace71f.jpg,pcb41rec1_jpg,Capacitor Jumper,95,85,18,16,59,53,component,,,
pcb41rec1_jpg__330__IC.png,fpic_rf100,train/images/pcb41rec1_jpg.rf.3c66e4bbe5af44106f329d3ba9ace71f.jpg,pcb41rec1_jpg,IC,246,262,46,49,154,164,component,,,
pcb41rec1_jpg__331__Capacitor_Jumper.png,fpic_rf100,train/images/pcb41rec1_jpg.rf.3c66e4bbe5af44106f329d3ba9ace71f.jpg,pcb41rec1_jpg,Capacitor Jumper,123,124,23,23,77,78,component,,,
pcb41rec1_jpg__337__Capacitor_Jumper.png,fpic_rf100,train/images/pcb41rec1_jpg.rf.3c66e4bbe5af44106f329d3ba9ace71f.jpg,pcb41rec1_jpg,Capacitor Jumper,124,103,23,19,78,64,component,,,
pcb42rec1_jpg__012__Transistor.png,fpic_rf100,valid/images/pcb42rec1_jpg.rf.1e31ade77d0ba993f052f944760bfa4e.jpg,pcb42rec1_jpg,Transistor,108,154,20,29,68,96,component,,,
pcb42rec1_jpg__018__Connector.png,fpic_rf100,valid/images/pcb42rec1_jpg.rf.1e31ade77d0ba993f052f944760bfa4e.jpg,pcb42rec1_jpg,Connector,124,316,23,59,78,198,component,,,
pcb42rec1_jpg__038__IC.png,fpic_rf100,valid/images/pcb42rec1_jpg.rf.1e31ade77d0ba993f052f944760bfa4e.jpg,pcb42rec1_jpg,IC,134,245,25,46,84,153,component,,,
pcb42rec1_jpg__043__Connector.png,fpic_rf100,valid/images/pcb42rec1_jpg.rf.1e31ade77d0ba993f052f944760bfa4e.jpg,pcb42rec1_jpg,Connector,124,196,23,37,78,122,component,,,
pcb42rec1_jpg__054__Connector.png,fpic_rf100,valid/images/pcb42rec1_jpg.rf.1e31ade77d0ba993f052f944760bfa4e.jpg,pcb42rec1_jpg,Connector,78,186,16,35,55,116,component,,,
pcb42rec1_jpg__081__Connector.png,fpic_rf100,valid/images/pcb42rec1_jpg.rf.1e31ade77d0ba993f052f944760bfa4e.jpg,pcb42rec1_jpg,Connector,74,187,17,35,57,117,component,,,
pcb42rec1_jpg__083__Capacitor.png,fpic_rf100,valid/images/pcb42rec1_jpg.rf.1e31ade77d0ba993f052f944760bfa4e.jpg,pcb42rec1_jpg,Capacitor,111,102,21,19,69,64,component,,,
pcb42rec1_jpg__095__IC.png,fpic_rf100,valid/images/pcb42rec1_jpg.rf.1e31ade77d0ba993f052f944760bfa4e.jpg,pcb42rec1_jpg,IC,113,149,21,28,71,93,component,,,
pcb42rec1_jpg__096__Connector.png,fpic_rf100,valid/images/pcb42rec1_jpg.rf.1e31ade77d0ba993f052f944760bfa4e.jpg,pcb42rec1_jpg,Connector,78,193,17,36,57,121,component,,,
pcb42rec1_jpg__098__Connector.png,fpic_rf100,valid/images/pcb42rec1_jpg.rf.1e31ade77d0ba993f052f944760bfa4e.jpg,pcb42rec1_jpg,Connector,261,208,49,39,163,130,component,,,
pcb42rec1_jpg__099__Connector.png,fpic_rf100,valid/images/pcb42rec1_jpg.rf.1e31ade77d0ba993f052f944760bfa4e.jpg,pcb42rec1_jpg,Connector,544,218,102,50,340,165,component,,,
pcb42rec1_jpg__100__Capacitor.png,fpic_rf100,valid/images/pcb42rec1_jpg.rf.1e31ade77d0ba993f052f944760bfa4e.jpg,pcb42rec1_jpg,Capacitor,106,104,20,19,66,65,component,,,
pcb42rec1_jpg__101__Capacitor.png,fpic_rf100,valid/images/pcb42rec1_jpg.rf.1e31ade77d0ba993f052f944760bfa4e.jpg,pcb42rec1_jpg,Capacitor,95,106,18,20,59,66,component,,,
pcb42rec1_jpg__102__Capacitor.png,fpic_rf100,valid/images/pcb42rec1_jpg.rf.1e31ade77d0ba993f052f944760bfa4e.jpg,pcb42rec1_jpg,Capacitor,92,106,17,20,58,66,component,,,
pcb42rec1_jpg__103__Capacitor.png,fpic_rf100,valid/images/pcb42rec1_jpg.rf.1e31ade77d0ba993f052f944760bfa4e.jpg,pcb42rec1_jpg,Capacitor,91,84,17,16,57,52,component,,,
pcb42rec1_jpg__110__Capacitor.png,fpic_rf100,valid/images/pcb42rec1_jpg.rf.1e31ade77d0ba993f052f944760bfa4e.jpg,pcb42rec1_jpg,Capacitor,107,90,20,17,67,56,component,,,
pcb42rec1_jpg__120__Capacitor.png,fpic_rf100,valid/images/pcb42rec1_jpg.rf.1e31ade77d0ba993f052f944760bfa4e.jpg,pcb42rec1_jpg,Capacitor,111,90,21,17,69,56,component,,,
pcb42rec1_jpg__167__Connector.png,fpic_rf100,valid/images/pcb42rec1_jpg.rf.1e31ade77d0ba993f052f944760bfa4e.jpg,pcb42rec1_jpg,Connector,210,866,8,91,155,596,component,,,
pcb42rec1_jpg__168__Connector.png,fpic_rf100,valid/images/pcb42rec1_jpg.rf.1e31ade77d0ba993f052f944760bfa4e.jpg,pcb42rec1_jpg,Connector,198,810,37,130,124,523,component,,,
pcb42rec1_jpg__171__Connector.png,fpic_rf100,valid/images/pcb42rec1_jpg.rf.1e31ade77d0ba993f052f944760bfa4e.jpg,pcb42rec1_jpg,Connector,388,103,73,0,242,79,component,,,
pcb42rec1_jpg__172__Connector.png,fpic_rf100,valid/images/pcb42rec1_jpg.rf.1e31ade77d0ba993f052f944760bfa4e.jpg,pcb42rec1_jpg,Connector,267,855,50,114,167,570,component,,,
pcb42rec1_jpg__175__Connector.png,fpic_rf100,valid/images/pcb42rec1_jpg.rf.1e31ade77d0ba993f052f944760bfa4e.jpg,pcb42rec1_jpg,Connector,488,98,92,6,305,71,component,,,
pcb42rec1_jpg__180__Connector.png,fpic_rf100,valid/images/pcb42rec1_jpg.rf.1e31ade77d0ba993f052f944760bfa4e.jpg,pcb42rec1_jpg,Connector,216,740,41,139,135,462,component,,,
pcb42rec1_jpg__332__IC.png,fpic_rf100,valid/images/pcb42rec1_jpg.rf.1e31ade77d0ba993f052f944760bfa4e.jpg,pcb42rec1_jpg,IC,223,232,42,44,139,145,component,,,
pcb42rec1_jpg__362__IC.png,fpic_rf100,valid/images/pcb42rec1_jpg.rf.1e31ade77d0ba993f052f944760bfa4e.jpg,pcb42rec1_jpg,IC,112,112,21,21,70,70,component,,,
pcb43rec1_jpg__039__IC.png,fpic_rf100,train/images/pcb43rec1_jpg.rf.6e58a9da1b323d0b4ea98cfde7bb231c.jpg,pcb43rec1_jpg,IC,330,314,62,59,206,196,component,,,
pcb43rec1_jpg__113__IC.png,fpic_rf100,train/images/pcb43rec1_jpg.rf.6e58a9da1b323d0b4ea98cfde7bb231c.jpg,pcb43rec1_jpg,IC,298,154,56,29,186,96,component,,,
pcb43rec1_jpg__270__IC.png,fpic_rf100,train/images/pcb43rec1_jpg.rf.6e58a9da1b323d0b4ea98cfde7bb231c.jpg,pcb43rec1_jpg,IC,145,90,27,17,91,56,component,,,
pcb43rec1_jpg__275__IC.png,fpic_rf100,train/images/pcb43rec1_jpg.rf.6e58a9da1b323d0b4ea98cfde7bb231c.jpg,pcb43rec1_jpg,IC,308,91,58,17,192,57,component,,,
pcb43rec1_jpg__344__IC.png,fpic_rf100,train/images/pcb43rec1_jpg.rf.6e58a9da1b323d0b4ea98cfde7bb231c.jpg,pcb43rec1_jpg,IC,199,279,37,52,124,175,component,,,
pcb44rec1_jpg__000__Connector.png,fpic_rf100,test/images/pcb44rec1_jpg.rf.a632864f9de470ff3041142b595d2312.jpg,pcb44rec1_jpg,Connector,214,181,40,34,134,113,component,,,
pcb44rec1_jpg__001__Connector.png,fpic_rf100,test/images/pcb44rec1_jpg.rf.a632864f9de470ff3041142b595d2312.jpg,pcb44rec1_jpg,Connector,92,220,21,41,71,138,component,,,
pcb44rec1_jpg__002__Connector.png,fpic_rf100,test/images/pcb44rec1_jpg.rf.a632864f9de470ff3041142b595d2312.jpg,pcb44rec1_jpg,Connector,112,308,21,40,70,206,component,,,
pcb44rec1_jpg__030__Connector.png,fpic_rf100,test/images/pcb44rec1_jpg.rf.a632864f9de470ff3041142b595d2312.jpg,pcb44rec1_jpg,Connector,129,187,28,35,94,117,component,,,
pcb44rec1_jpg__050__IC.png,fpic_rf100,test/images/pcb44rec1_jpg.rf.a632864f9de470ff3041142b595d2312.jpg,pcb44rec1_jpg,IC,146,107,27,20,91,67,component,,,
pcb44rec1_jpg__066__IC.png,fpic_rf100,test/images/pcb44rec1_jpg.rf.a632864f9de470ff3041142b595d2312.jpg,pcb44rec1_jpg,IC,154,107,29,20,96,67,component,,,
pcb44rec1_jpg__071__IC.png,fpic_rf100,test/images/pcb44rec1_jpg.rf.a632864f9de470ff3041142b595d2312.jpg,pcb44rec1_jpg,IC,78,100,15,19,48,63,component,,,
pcb44rec1_jpg__073__Connector.png,fpic_rf100,test/images/pcb44rec1_jpg.rf.a632864f9de470ff3041142b595d2312.jpg,pcb44rec1_jpg,Connector,756,943,1,0,580,839,component,,,
pcb44rec1_jpg__079__IC.png,fpic_rf100,test/images/pcb44rec1_jpg.rf.a632864f9de470ff3041142b595d2312.jpg,pcb44rec1_jpg,IC,167,310,31,58,105,194,component,,,
pcb44rec1_jpg__123__IC.png,fpic_rf100,test/images/pcb44rec1_jpg.rf.a632864f9de470ff3041142b595d2312.jpg,pcb44rec1_jpg,IC,365,352,68,66,228,220,component,,,
pcb44rec1_jpg__127__IC.png,fpic_rf100,test/images/pcb44rec1_jpg.rf.a632864f9de470ff3041142b595d2312.jpg,pcb44rec1_jpg,IC,112,103,21,19,70,65,component,,,
pcb44rec1_jpg__129__IC.png,fpic_rf100,test/images/pcb44rec1_jpg.rf.a632864f9de470ff3041142b595d2312.jpg,pcb44rec1_jpg,IC,105,106,20,20,65,66,component,,,
pcb44rec1_jpg__150__IC.png,fpic_rf100,test/images/pcb44rec1_jpg.rf.a632864f9de470ff3041142b595d2312.jpg,pcb44rec1_jpg,IC,77,105,14,20,48,65,component,,,
pcb44rec1_jpg__189__IC.png,fpic_rf100,test/images/pcb44rec1_jpg.rf.a632864f9de470ff3041142b595d2312.jpg,pcb44rec1_jpg,IC,100,102,19,19,63,64,component,,,
pcb44rec1_jpg__199__IC.png,fpic_rf100,test/images/pcb44rec1_jpg.rf.a632864f9de470ff3041142b595d2312.jpg,pcb44rec1_jpg,IC,111,82,21,15,69,51,component,,,
pcb44rec1_jpg__215__Connector.png,fpic_rf100,test/images/pcb44rec1_jpg.rf.a632864f9de470ff3041142b595d2312.jpg,pcb44rec1_jpg,Connector,565,193,106,0,353,149,component,,,
pcb44rec1_jpg__218__Connector.png,fpic_rf100,test/images/pcb44rec1_jpg.rf.a632864f9de470ff3041142b595d2312.jpg,pcb44rec1_jpg,Connector,425,176,80,12,266,126,component,,,
pcb44rec1_jpg__241__Connector.png,fpic_rf100,test/images/pcb44rec1_jpg.rf.a632864f9de470ff3041142b595d2312.jpg,pcb44rec1_jpg,Connector,500,221,94,0,312,170,component,,,
pcb44rec1_jpg__253__IC.png,fpic_rf100,test/images/pcb44rec1_jpg.rf.a632864f9de470ff3041142b595d2312.jpg,pcb44rec1_jpg,IC,161,107,30,20,101,67,component,,,
pcb44rec1_jpg__258__IC.png,fpic_rf100,test/images/pcb44rec1_jpg.rf.a632864f9de470ff3041142b595d2312.jpg,pcb44rec1_jpg,IC,354,127,66,28,221,93,component,,,
pcb44rec1_jpg__261__Connector.png,fpic_rf100,test/images/pcb44rec1_jpg.rf.a632864f9de470ff3041142b595d2312.jpg,pcb44rec1_jpg,Connector,434,90,81,19,272,65,component,,,
pcb44rec1_jpg__264__Connector.png,fpic_rf100,test/images/pcb44rec1_jpg.rf.a632864f9de470ff3041142b595d2312.jpg,pcb44rec1_jpg,Connector,109,231,20,12,68,168,component,,,
pcb45rec1_jpg__037__IC.png,fpic_rf100,test/images/pcb45rec1_jpg.rf.5c771316031b2f2125ddaf1ec4bd1186.jpg,pcb45rec1_jpg,IC,80,122,15,23,50,76,component,,,
pcb45rec1_jpg__079__IC.png,fpic_rf100,test/images/pcb45rec1_jpg.rf.5c771316031b2f2125ddaf1ec4bd1186.jpg,pcb45rec1_jpg,IC,332,327,62,61,208,205,component,,,
pcb45rec1_jpg__089__IC.png,fpic_rf100,test/images/pcb45rec1_jpg.rf.5c771316031b2f2125ddaf1ec4bd1186.jpg,pcb45rec1_jpg,IC,129,246,24,46,81,154,component,,,
pcb45rec1_jpg__094__Connector.png,fpic_rf100,test/images/pcb45rec1_jpg.rf.5c771316031b2f2125ddaf1ec4bd1186.jpg,pcb45rec1_jpg,Connector,78,136,18,25,59,85,component,,,
pcb45rec1_jpg__097__IC.png,fpic_rf100,test/images/pcb45rec1_jpg.rf.5c771316031b2f2125ddaf1ec4bd1186.jpg,pcb45rec1_jpg,IC,76,112,14,21,48,70,component,,,
pcb45rec1_jpg__161__IC.png,fpic_rf100,test/images/pcb45rec1_jpg.rf.5c771316031b2f2125ddaf1ec4bd1186.jpg,pcb45rec1_jpg,IC,117,90,22,17,73,56,component,,,
pcb45rec1_jpg__186__IC.png,fpic_rf100,test/images/pcb45rec1_jpg.rf.5c771316031b2f2125ddaf1ec4bd1186.jpg,pcb45rec1_jpg,IC,145,139,27,26,91,87,component,,,
pcb45rec1_jpg__199__IC.png,fpic_rf100,test/images/pcb45rec1_jpg.rf.5c771316031b2f2125ddaf1ec4bd1186.jpg,pcb45rec1_jpg,IC,248,244,46,46,155,152,component,,,
pcb45rec1_jpg__213__IC.png,fpic_rf100,test/images/pcb45rec1_jpg.rf.5c771316031b2f2125ddaf1ec4bd1186.jpg,pcb45rec1_jpg,IC,117,90,22,17,73,56,component,,,
pcb46rec1_jpg__010__IC.png,fpic_rf100,valid/images/pcb46rec1_jpg.rf.962452b83c781ab4e6f26413d81f2d3a.jpg,pcb46rec1_jpg,IC,94,95,18,18,59,59,component,,,
pcb46rec1_jpg__128__Connector.png,fpic_rf100,valid/images/pcb46rec1_jpg.rf.962452b83c781ab4e6f26413d81f2d3a.jpg,pcb46rec1_jpg,Connector,111,501,21,94,69,313,component,,,
pcb46rec1_jpg__144__IC.png,fpic_rf100,valid/images/pcb46rec1_jpg.rf.962452b83c781ab4e6f26413d81f2d3a.jpg,pcb46rec1_jpg,IC,343,325,64,61,215,203,component,,,
pcb46rec1_jpg__185__Connector.png,fpic_rf100,valid/images/pcb46rec1_jpg.rf.962452b83c781ab4e6f26413d81f2d3a.jpg,pcb46rec1_jpg,Connector,145,80,27,15,91,50,component,,,
pcb46rec1_jpg__187__Connector.png,fpic_rf100,valid/images/pcb46rec1_jpg.rf.962452b83c781ab4e6f26413d81f2d3a.jpg,pcb46rec1_jpg,Connector,496,107,93,20,310,67,component,,,
pcb46rec1_jpg__220__IC.png,fpic_rf100,valid/images/pcb46rec1_jpg.rf.962452b83c781ab4e6f26413d81f2d3a.jpg,pcb46rec1_jpg,IC,108,128,20,24,67,80,component,,,
pcb46rec1_jpg__374__IC.png,fpic_rf100,valid/images/pcb46rec1_jpg.rf.962452b83c781ab4e6f26413d81f2d3a.jpg,pcb46rec1_jpg,IC,107,94,20,18,67,59,component,,,
pcb46rec1_jpg__394__Connector.png,fpic_rf100,valid/images/pcb46rec1_jpg.rf.962452b83c781ab4e6f26413d81f2d3a.jpg,pcb46rec1_jpg,Connector,235,89,44,17,147,56,component,,,
pcb46rec1_jpg__395__Connector.png,fpic_rf100,valid/images/pcb46rec1_jpg.rf.962452b83c781ab4e6f26413d81f2d3a.jpg,pcb46rec1_jpg,Connector,135,87,25,16,84,55,component,,,
pcb46rec1_jpg__398__IC.png,fpic_rf100,valid/images/pcb46rec1_jpg.rf.962452b83c781ab4e6f26413d81f2d3a.jpg,pcb46rec1_jpg,IC,142,81,27,15,89,51,component,,,
pcb46rec1_jpg__478__IC.png,fpic_rf100,valid/images/pcb46rec1_jpg.rf.962452b83c781ab4e6f26413d81f2d3a.jpg,pcb46rec1_jpg,IC,156,97,29,18,97,61,component,,,
pcb47rec1_jpg__054__IC.png,fpic_rf100,train/images/pcb47rec1_jpg.rf.79f5423811193451160c53b430ca0751.jpg,pcb47rec1_jpg,IC,289,294,54,55,181,184,component,,,
pcb47rec1_jpg__099__IC.png,fpic_rf100,train/images/pcb47rec1_jpg.rf.79f5423811193451160c53b430ca0751.jpg,pcb47rec1_jpg,IC,176,176,33,33,110,110,component,,,
pcb47rec1_jpg__103__IC.png,fpic_rf100,train/images/pcb47rec1_jpg.rf.79f5423811193451160c53b430ca0751.jpg,pcb47rec1_jpg,IC,164,88,31,20,102,67,component,,,
pcb47rec1_jpg__123__IC.png,fpic_rf100,train/images/pcb47rec1_jpg.rf.79f5423811193451160c53b430ca0751.jpg,pcb47rec1_jpg,IC,405,341,76,64,253,213,component,,,
pcb47rec1_jpg__125__IC.png,fpic_rf100,train/images/pcb47rec1_jpg.rf.79f5423811193451160c53b430ca0751.jpg,pcb47rec1_jpg,IC,188,268,35,50,118,168,component,,,
pcb47rec1_jpg__130__IC.png,fpic_rf100,train/images/pcb47rec1_jpg.rf.79f5423811193451160c53b430ca0751.jpg,pcb47rec1_jpg,IC,401,399,75,75,251,249,component,,,
pcb47rec1_jpg__144__IC.png,fpic_rf100,train/images/pcb47rec1_jpg.rf.79f5423811193451160c53b430ca0751.jpg,pcb47rec1_jpg,IC,94,196,0,37,72,122,component,,,
pcb48rec1_jpg__001__Connector.png,fpic_rf100,valid/images/pcb48rec1_jpg.rf.3ad9f37065817f9c22211ef32ada6c9a.jpg,pcb48rec1_jpg,Connector,85,122,16,23,53,76,component,,,
pcb48rec1_jpg__003__Connector.png,fpic_rf100,valid/images/pcb48rec1_jpg.rf.3ad9f37065817f9c22211ef32ada6c9a.jpg,pcb48rec1_jpg,Connector,353,106,66,20,221,66,component,,,
pcb48rec1_jpg__006__Connector.png,fpic_rf100,valid/images/pcb48rec1_jpg.rf.3ad9f37065817f9c22211ef32ada6c9a.jpg,pcb48rec1_jpg,Connector,372,100,70,19,232,62,component,,,
pcb48rec1_jpg__009__Connector.png,fpic_rf100,valid/images/pcb48rec1_jpg.rf.3ad9f37065817f9c22211ef32ada6c9a.jpg,pcb48rec1_jpg,Connector,353,96,66,18,221,60,component,,,
pcb48rec1_jpg__018__Capacitor.png,fpic_rf100,valid/images/pcb48rec1_jpg.rf.3ad9f37065817f9c22211ef32ada6c9a.jpg,pcb48rec1_jpg,Capacitor,104,118,19,22,65,74,component,,,
pcb48rec1_jpg__019__Capacitor.png,fpic_rf100,valid/images/pcb48rec1_jpg.rf.3ad9f37065817f9c22211ef32ada6c9a.jpg,pcb48rec1_jpg,Capacitor,107,113,20,21,67,71,component,,,
pcb48rec1_jpg__021__IC.png,fpic_rf100,valid/images/pcb48rec1_jpg.rf.3ad9f37065817f9c22211ef32ada6c9a.jpg,pcb48rec1_jpg,IC,92,79,17,15,58,49,component,,,
pcb48rec1_jpg__038__Connector.png,fpic_rf100,valid/images/pcb48rec1_jpg.rf.3ad9f37065817f9c22211ef32ada6c9a.jpg,pcb48rec1_jpg,Connector,87,298,20,56,67,186,component,,,
pcb48rec1_jpg__039__Connector.png,fpic_rf100,valid/images/pcb48rec1_jpg.rf.3ad9f37065817f9c22211ef32ada6c9a.jpg,pcb48rec1_jpg,Connector,86,288,16,54,54,180,component,,,
pcb48rec1_jpg__043__IC.png,fpic_rf100,valid/images/pcb48rec1_jpg.rf.3ad9f37065817f9c22211ef32ada6c9a.jpg,pcb48rec1_jpg,IC,79,80,15,15,49,50,component,,,
pcb48rec1_jpg__045__IC.png,fpic_rf100,valid/images/pcb48rec1_jpg.rf.3ad9f37065817f9c22211ef32ada6c9a.jpg,pcb48rec1_jpg,IC,80,84,15,16,50,52,component,,,
pcb48rec1_jpg__046__IC.png,fpic_rf100,valid/images/pcb48rec1_jpg.rf.3ad9f37065817f9c22211ef32ada6c9a.jpg,pcb48rec1_jpg,IC,76,76,14,14,48,48,component,,,
pcb48rec1_jpg__047__IC.png,fpic_rf100,valid/images/pcb48rec1_jpg.rf.3ad9f37065817f9c22211ef32ada6c9a.jpg,pcb48rec1_jpg,IC,80,76,15,14,50,48,component,,,
pcb48rec1_jpg__048__IC.png,fpic_rf100,valid/images/pcb48rec1_jpg.rf.3ad9f37065817f9c22211ef32ada6c9a.jpg,pcb48rec1_jpg,IC,76,84,14,16,48,52,component,,,
pcb48rec1_jpg__060__IC.png,fpic_rf100,valid/images/pcb48rec1_jpg.rf.3ad9f37065817f9c22211ef32ada6c9a.jpg,pcb48rec1_jpg,IC,95,76,18,14,59,48,component,,,
pcb48rec1_jpg__105__IC.png,fpic_rf100,valid/images/pcb48rec1_jpg.rf.3ad9f37065817f9c22211ef32ada6c9a.jpg,pcb48rec1_jpg,IC,122,191,23,36,76,119,component,,,
pcb48rec1_jpg__106__IC.png,fpic_rf100,valid/images/pcb48rec1_jpg.rf.3ad9f37065817f9c22211ef32ada6c9a.jpg,pcb48rec1_jpg,IC,122,193,23,36,76,121,component,,,
pcb48rec1_jpg__110__IC.png,fpic_rf100,valid/images/pcb48rec1_jpg.rf.3ad9f37065817f9c22211ef32ada6c9a.jpg,pcb48rec1_jpg,IC,337,336,63,63,211,210,component,,,
pcb48rec1_jpg__122__Capacitor.png,fpic_rf100,valid/images/pcb48rec1_jpg.rf.3ad9f37065817f9c22211ef32ada6c9a.jpg,pcb48rec1_jpg,Capacitor,90,76,17,14,56,48,component,,,
pcb48rec1_jpg__131__IC.png,fpic_rf100,valid/images/pcb48rec1_jpg.rf.3ad9f37065817f9c22211ef32ada6c9a.jpg,pcb48rec1_jpg,IC,85,79,16,15,53,49,component,,,
pcb48rec1_jpg__134__IC.png,fpic_rf100,valid/images/pcb48rec1_jpg.rf.3ad9f37065817f9c22211ef32ada6c9a.jpg,pcb48rec1_jpg,IC,145,96,27,18,91,60,component,,,
pcb48rec1_jpg__141__IC.png,fpic_rf100,valid/images/pcb48rec1_jpg.rf.3ad9f37065817f9c22211ef32ada6c9a.jpg,pcb48rec1_jpg,IC,208,129,39,24,130,81,component,,,
pcb48rec1_jpg__143__Connector.png,fpic_rf100,valid/images/pcb48rec1_jpg.rf.3ad9f37065817f9c22211ef32ada6c9a.jpg,pcb48rec1_jpg,Connector,80,122,15,14,50,83,component,,,
pcb48rec1_jpg__144__Connector.png,fpic_rf100,valid/images/pcb48rec1_jpg.rf.3ad9f37065817f9c22211ef32ada6c9a.jpg,pcb48rec1_jpg,Connector,100,207,23,39,77,129,component,,,
pcb48rec1_jpg__174__IC.png,fpic_rf100,valid/images/pcb48rec1_jpg.rf.3ad9f37065817f9c22211ef32ada6c9a.jpg,pcb48rec1_jpg,IC,117,139,22,26,73,87,component,,,
pcb48rec1_jpg__181__Connector.png,fpic_rf100,valid/images/pcb48rec1_jpg.rf.3ad9f37065817f9c22211ef32ada6c9a.jpg,pcb48rec1_jpg,Connector,296,91,55,17,185,57,component,,,
pcb4rec1_jpg__000__Capacitor.png,fpic_rf100,train/images/pcb4rec1_jpg.rf.5a8e953f05992139214b0b0466f5afdf.jpg,pcb4rec1_jpg,Capacitor,333,399,75,75,250,249,component,,,
pcb4rec1_jpg__001__Capacitor.png,fpic_rf100,train/images/pcb4rec1_jpg.rf.5a8e953f05992139214b0b0466f5afdf.jpg,pcb4rec1_jpg,Capacitor,176,160,33,30,110,100,component,,,
pcb4rec1_jpg__003__Capacitor.png,fpic_rf100,train/images/pcb4rec1_jpg.rf.5a8e953f05992139214b0b0466f5afdf.jpg,pcb4rec1_jpg,Capacitor,80,96,15,0,50,74,component,,,
pcb4rec1_jpg__004__Capacitor.png,fpic_rf100,train/images/pcb4rec1_jpg.rf.5a8e953f05992139214b0b0466f5afdf.jpg,pcb4rec1_jpg,Capacitor,156,160,29,30,98,100,component,,,
pcb4rec1_jpg__005__Capacitor.png,fpic_rf100,train/images/pcb4rec1_jpg.rf.5a8e953f05992139214b0b0466f5afdf.jpg,pcb4rec1_jpg,Capacitor,175,149,33,28,109,93,component,,,
pcb4rec1_jpg__007__Capacitor.png,fpic_rf100,train/images/pcb4rec1_jpg.rf.5a8e953f05992139214b0b0466f5afdf.jpg,pcb4rec1_jpg,Capacitor,112,107,21,20,70,67,component,,,
pcb4rec1_jpg__009__Capacitor.png,fpic_rf100,train/images/pcb4rec1_jpg.rf.5a8e953f05992139214b0b0466f5afdf.jpg,pcb4rec1_jpg,Capacitor,91,92,17,17,57,58,component,,,
pcb4rec1_jpg__010__Capacitor.png,fpic_rf100,train/images/pcb4rec1_jpg.rf.5a8e953f05992139214b0b0466f5afdf.jpg,pcb4rec1_jpg,Capacitor,97,224,18,42,61,140,component,,,
pcb4rec1_jpg__011__Capacitor.png,fpic_rf100,train/images/pcb4rec1_jpg.rf.5a8e953f05992139214b0b0466f5afdf.jpg,pcb4rec1_jpg,Capacitor,155,152,29,29,97,95,component,,,
pcb4rec1_jpg__012__Capacitor.png,fpic_rf100,train/images/pcb4rec1_jpg.rf.5a8e953f05992139214b0b0466f5afdf.jpg,pcb4rec1_jpg,Capacitor,155,145,29,27,97,91,component,,,
pcb4rec1_jpg__014__Capacitor.png,fpic_rf100,train/images/pcb4rec1_jpg.rf.5a8e953f05992139214b0b0466f5afdf.jpg,pcb4rec1_jpg,Capacitor,118,90,22,17,74,56,component,,,
pcb4rec1_jpg__015__Capacitor.png,fpic_rf100,train/images/pcb4rec1_jpg.rf.5a8e953f05992139214b0b0466f5afdf.jpg,pcb4rec1_jpg,Capacitor,341,370,70,75,234,249,component,,,
pcb4rec1_jpg__018__Resistor_Network.png,fpic_rf100,train/images/pcb4rec1_jpg.rf.5a8e953f05992139214b0b0466f5afdf.jpg,pcb4rec1_jpg,Resistor Network,86,88,16,16,54,55,component,,,
pcb4rec1_jpg__020__Capacitor.png,fpic_rf100,train/images/pcb4rec1_jpg.rf.5a8e953f05992139214b0b0466f5afdf.jpg,pcb4rec1_jpg,Capacitor,107,92,20,17,67,58,component,,,
pcb4rec1_jpg__021__Capacitor.png,fpic_rf100,train/images/pcb4rec1_jpg.rf.5a8e953f05992139214b0b0466f5afdf.jpg,pcb4rec1_jpg,Capacitor,108,86,20,16,68,54,component,,,
pcb4rec1_jpg__026__Capacitor.png,fpic_rf100,train/images/pcb4rec1_jpg.rf.5a8e953f05992139214b0b0466f5afdf.jpg,pcb4rec1_jpg,Capacitor,96,81,18,15,60,51,component,,,
pcb4rec1_jpg__028__Capacitor.png,fpic_rf100,train/images/pcb4rec1_jpg.rf.5a8e953f05992139214b0b0466f5afdf.jpg,pcb4rec1_jpg,Capacitor,97,95,18,18,61,59,component,,,
pcb4rec1_jpg__029__Capacitor.png,fpic_rf100,train/images/pcb4rec1_jpg.rf.5a8e953f05992139214b0b0466f5afdf.jpg,pcb4rec1_jpg,Capacitor,79,106,15,20,49,66,component,,,
pcb50rec1_jpg__000__Capacitor_Jumper.png,fpic_rf100,train/images/pcb50rec1_jpg.rf.088cb8f90a0cf27450a8ec6259392e4a.jpg,pcb50rec1_jpg,Capacitor Jumper,203,283,38,53,127,177,component,,,
pcb50rec1_jpg__001__Transistor.png,fpic_rf100,train/images/pcb50rec1_jpg.rf.088cb8f90a0cf27450a8ec6259392e4a.jpg,pcb50rec1_jpg,Transistor,267,330,50,62,167,206,component,,,
pcb50rec1_jpg__006__IC.png,fpic_rf100,train/images/pcb50rec1_jpg.rf.088cb8f90a0cf27450a8ec6259392e4a.jpg,pcb50rec1_jpg,IC,335,289,63,54,209,181,component,,,
pcb50rec1_jpg__007__Capacitor_Jumper.png,fpic_rf100,train/images/pcb50rec1_jpg.rf.088cb8f90a0cf27450a8ec6259392e4a.jpg,pcb50rec1_jpg,Capacitor Jumper,475,490,89,92,297,306,component,,,
pcb50rec1_jpg__008__Capacitor_Jumper.png,fpic_rf100,train/images/pcb50rec1_jpg.rf.088cb8f90a0cf27450a8ec6259392e4a.jpg,pcb50rec1_jpg,Capacitor Jumper,505,507,95,95,315,317,component,,,
pcb50rec1_jpg__009__IC.png,fpic_rf100,train/images/pcb50rec1_jpg.rf.088cb8f90a0cf27450a8ec6259392e4a.jpg,pcb50rec1_jpg,IC,337,269,63,50,211,168,component,,,
pcb50rec1_jpg__012__IC.png,fpic_rf100,train/images/pcb50rec1_jpg.rf.088cb8f90a0cf27450a8ec6259392e4a.jpg,pcb50rec1_jpg,IC,106,79,20,15,67,49,component,,,
pcb50rec1_jpg__014__Capacitor_Jumper.png,fpic_rf100,train/images/pcb50rec1_jpg.rf.088cb8f90a0cf27450a8ec6259392e4a.jpg,pcb50rec1_jpg,Capacitor Jumper,127,119,24,22,79,75,component,,,
pcb50rec1_jpg__016__Capacitor_Jumper.png,fpic_rf100,train/images/pcb50rec1_jpg.rf.088cb8f90a0cf27450a8ec6259392e4a.jpg,pcb50rec1_jpg,Capacitor Jumper,121,116,23,22,76,73,component,,,
pcb50rec1_jpg__021__Connector.png,fpic_rf100,train/images/pcb50rec1_jpg.rf.088cb8f90a0cf27450a8ec6259392e4a.jpg,pcb50rec1_jpg,Connector,265,81,50,15,165,51,component,,,
pcb50rec1_jpg__022__Connector.png,fpic_rf100,train/images/pcb50rec1_jpg.rf.088cb8f90a0cf27450a8ec6259392e4a.jpg,pcb50rec1_jpg,Connector,267,87,50,16,167,55,component,,,
pcb50rec1_jpg__023__Connector.png,fpic_rf100,train/images/pcb50rec1_jpg.rf.088cb8f90a0cf27450a8ec6259392e4a.jpg,pcb50rec1_jpg,Connector,265,96,50,19,165,63,component,,,
pcb50rec1_jpg__024__Connector.png,fpic_rf100,train/images/pcb50rec1_jpg.rf.088cb8f90a0cf27450a8ec6259392e4a.jpg,pcb50rec1_jpg,Connector,272,96,51,19,170,64,component,,,
pcb50rec1_jpg__025__Capacitor_Jumper.png,fpic_rf100,train/images/pcb50rec1_jpg.rf.088cb8f90a0cf27450a8ec6259392e4a.jpg,pcb50rec1_jpg,Capacitor Jumper,202,207,38,39,126,130,component,,,
pcb50rec1_jpg__026__Connector.png,fpic_rf100,train/images/pcb50rec1_jpg.rf.088cb8f90a0cf27450a8ec6259392e4a.jpg,pcb50rec1_jpg,Connector,94,213,18,40,59,133,component,,,
pcb50rec1_jpg__027__Connector.png,fpic_rf100,train/images/pcb50rec1_jpg.rf.088cb8f90a0cf27450a8ec6259392e4a.jpg,pcb50rec1_jpg,Connector,84,212,16,40,53,132,component,,,
pcb50rec1_jpg__032__IC.png,fpic_rf100,train/images/pcb50rec1_jpg.rf.088cb8f90a0cf27450a8ec6259392e4a.jpg,pcb50rec1_jpg,IC,144,196,27,37,90,122,component,,,
pcb50rec1_jpg__034__Capacitor_Jumper.png,fpic_rf100,train/images/pcb50rec1_jpg.rf.088cb8f90a0cf27450a8ec6259392e4a.jpg,pcb50rec1_jpg,Capacitor Jumper,89,84,17,16,55,52,component,,,
pcb50rec1_jpg__035__Capacitor_Jumper.png,fpic_rf100,train/images/pcb50rec1_jpg.rf.088cb8f90a0cf27450a8ec6259392e4a.jpg,pcb50rec1_jpg,Capacitor Jumper,175,133,33,25,109,83,component,,,
pcb50rec1_jpg__037__Connector.png,fpic_rf100,train/images/pcb50rec1_jpg.rf.088cb8f90a0cf27450a8ec6259392e4a.jpg,pcb50rec1_jpg,Connector,93,336,17,62,58,211,component,,,
pcb50rec1_jpg__038__IC.png,fpic_rf100,train/images/pcb50rec1_jpg.rf.088cb8f90a0cf27450a8ec6259392e4a.jpg,pcb50rec1_jpg,IC,138,196,26,37,86,123,component,,,
pcb50rec1_jpg__049__Capacitor_Jumper.png,fpic_rf100,train/images/pcb50rec1_jpg.rf.088cb8f90a0cf27450a8ec6259392e4a.jpg,pcb50rec1_jpg,Capacitor Jumper,112,100,21,19,70,62,component,,,
pcb50rec1_jpg__068__Capacitor_Jumper.png,fpic_rf100,train/images/pcb50rec1_jpg.rf.088cb8f90a0cf27450a8ec6259392e4a.jpg,pcb50rec1_jpg,Capacitor Jumper,182,149,34,28,114,93,component,,,
pcb50rec1_jpg__086__Transistor.png,fpic_rf100,train/images/pcb50rec1_jpg.rf.088cb8f90a0cf27450a8ec6259392e4a.jpg,pcb50rec1_jpg,Transistor,169,148,32,28,105,92,component,,,
pcb50rec1_jpg__087__Capacitor_Jumper.png,fpic_rf100,train/images/pcb50rec1_jpg.rf.088cb8f90a0cf27450a8ec6259392e4a.jpg,pcb50rec1_jpg,Capacitor Jumper,145,151,27,28,91,95,component,,,
pcb50rec1_jpg__091__IC.png,fpic_rf100,train/images/pcb50rec1_jpg.rf.088cb8f90a0cf27450a8ec6259392e4a.jpg,pcb50rec1_jpg,IC,139,155,26,29,87,97,component,,,
pcb50rec1_jpg__092__IC.png,fpic_rf100,train/images/pcb50rec1_jpg.rf.088cb8f90a0cf27450a8ec6259392e4a.jpg,pcb50rec1_jpg,IC,144,149,27,28,90,93,component,,,
pcb50rec1_jpg__093__IC.png,fpic_rf100,train/images/pcb50rec1_jpg.rf.088cb8f90a0cf27450a8ec6259392e4a.jpg,pcb50rec1_jpg,IC,135,137,25,26,84,85,component,,,
pcb50rec1_jpg__094__IC.png,fpic_rf100,train/images/pcb50rec1_jpg.rf.088cb8f90a0cf27450a8ec6259392e4a.jpg,pcb50rec1_jpg,IC,143,151,27,28,89,95,component,,,
pcb50rec1_jpg__095__Capacitor_Jumper.png,fpic_rf100,train/images/pcb50rec1_jpg.rf.088cb8f90a0cf27450a8ec6259392e4a.jpg,pcb50rec1_jpg,Capacitor Jumper,154,133,29,25,96,83,component,,,
pcb50rec1_jpg__098__Resistor_Jumper.png,fpic_rf100,train/images/pcb50rec1_jpg.rf.088cb8f90a0cf27450a8ec6259392e4a.jpg,pcb50rec1_jpg,Resistor Jumper,82,199,15,37,52,125,component,,,
pcb50rec1_jpg__104__Connector.png,fpic_rf100,train/images/pcb50rec1_jpg.rf.088cb8f90a0cf27450a8ec6259392e4a.jpg,pcb50rec1_jpg,Connector,148,92,28,17,92,57,component,,,
pcb50rec1_jpg__114__Capacitor_Jumper.png,fpic_rf100,train/images/pcb50rec1_jpg.rf.088cb8f90a0cf27450a8ec6259392e4a.jpg,pcb50rec1_jpg,Capacitor Jumper,240,207,24,39,166,129,component,,,
pcb50rec1_jpg__115__Capacitor_Jumper.png,fpic_rf100,train/images/pcb50rec1_jpg.rf.088cb8f90a0cf27450a8ec6259392e4a.jpg,pcb50rec1_jpg,Capacitor Jumper,143,112,27,21,89,70,component,,,
pcb50rec1_jpg__116__Capacitor_Jumper.png,fpic_rf100,train/images/pcb50rec1_jpg.rf.088cb8f90a0cf27450a8ec6259392e4a.jpg,pcb50rec1_jpg,Capacitor Jumper,90,154,17,29,56,96,component,,,
pcb50rec1_jpg__117__Capacitor_Jumper.png,fpic_rf100,train/images/pcb50rec1_jpg.rf.088cb8f90a0cf27450a8ec6259392e4a.jpg,pcb50rec1_jpg,Capacitor Jumper,114,172,21,32,71,108,component,,,
pcb50rec1_jpg__118__Capacitor_Jumper.png,fpic_rf100,train/images/pcb50rec1_jpg.rf.088cb8f90a0cf27450a8ec6259392e4a.jpg,pcb50rec1_jpg,Capacitor Jumper,93,171,17,32,58,107,component,,,
pcb50rec1_jpg__119__Connector.png,fpic_rf100,train/images/pcb50rec1_jpg.rf.088cb8f90a0cf27450a8ec6259392e4a.jpg,pcb50rec1_jpg,Connector,86,171,16,32,54,107,component,,,
pcb50rec1_jpg__120__Capacitor_Jumper.png,fpic_rf100,train/images/pcb50rec1_jpg.rf.088cb8f90a0cf27450a8ec6259392e4a.jpg,pcb50rec1_jpg,Capacitor Jumper,103,177,19,33,65,111,component,,,
pcb50rec1_jpg__121__Capacitor_Jumper.png,fpic_rf100,train/images/pcb50rec1_jpg.rf.088cb8f90a0cf27450a8ec6259392e4a.jpg,pcb50rec1_jpg,Capacitor Jumper,187,122,35,23,117,76,component,,,
pcb50rec1_jpg__122__Connector.png,fpic_rf100,train/images/pcb50rec1_jpg.rf.088cb8f90a0cf27450a8ec6259392e4a.jpg,pcb50rec1_jpg,Connector,90,142,17,27,56,88,component,,,
pcb50rec1_jpg__132__Capacitor_Jumper.png,fpic_rf100,train/images/pcb50rec1_jpg.rf.088cb8f90a0cf27450a8ec6259392e4a.jpg,pcb50rec1_jpg,Capacitor Jumper,97,95,18,18,60,59,component,,,
pcb50rec1_jpg__133__Capacitor_Jumper.png,fpic_rf100,train/images/pcb50rec1_jpg.rf.088cb8f90a0cf27450a8ec6259392e4a.jpg,pcb50rec1_jpg,Capacitor Jumper,313,320,61,60,205,200,component,,,
pcb50rec1_jpg__134__Connector.png,fpic_rf100,train/images/pcb50rec1_jpg.rf.088cb8f90a0cf27450a8ec6259392e4a.jpg,pcb50rec1_jpg,Connector,84,142,16,27,52,89,component,,,
pcb50rec1_jpg__135__Capacitor_Jumper.png,fpic_rf100,train/images/pcb50rec1_jpg.rf.088cb8f90a0cf27450a8ec6259392e4a.jpg,pcb50rec1_jpg,Capacitor Jumper,151,155,28,29,95,97,component,,,
pcb50rec1_jpg__136__Capacitor_Jumper.png,fpic_rf100,train/images/pcb50rec1_jpg.rf.088cb8f90a0cf27450a8ec6259392e4a.jpg,pcb50rec1_jpg,Capacitor Jumper,118,92,22,17,74,58,component,,,
pcb50rec1_jpg__138__IC.png,fpic_rf100,train/images/pcb50rec1_jpg.rf.088cb8f90a0cf27450a8ec6259392e4a.jpg,pcb50rec1_jpg,IC,132,141,25,26,82,88,component,,,
pcb50rec1_jpg__140__Capacitor_Jumper.png,fpic_rf100,train/images/pcb50rec1_jpg.rf.088cb8f90a0cf27450a8ec6259392e4a.jpg,pcb50rec1_jpg,Capacitor Jumper,145,139,27,26,91,87,component,,,
pcb50rec1_jpg__141__Capacitor_Jumper.png,fpic_rf100,train/images/pcb50rec1_jpg.rf.088cb8f90a0cf27450a8ec6259392e4a.jpg,pcb50rec1_jpg,Capacitor Jumper,96,125,18,23,60,78,component,,,
pcb50rec1_jpg__142__Capacitor_Jumper.png,fpic_rf100,train/images/pcb50rec1_jpg.rf.088cb8f90a0cf27450a8ec6259392e4a.jpg,pcb50rec1_jpg,Capacitor Jumper,164,158,31,30,102,99,component,,,
pcb50rec1_jpg__144__Capacitor_Jumper.png,fpic_rf100,train/images/pcb50rec1_jpg.rf.088cb8f90a0cf27450a8ec6259392e4a.jpg,pcb50rec1_jpg,Capacitor Jumper,113,129,21,24,70,81,component,,,
pcb50rec1_jpg__145__Connector.png,fpic_rf100,train/images/pcb50rec1_jpg.rf.088cb8f90a0cf27450a8ec6259392e4a.jpg,pcb50rec1_jpg,Connector,132,94,25,18,82,59,component,,,
pcb50rec1_jpg__152__Capacitor_Jumper.png,fpic_rf100,train/images/pcb50rec1_jpg.rf.088cb8f90a0cf27450a8ec6259392e4a.jpg,pcb50rec1_jpg,Capacitor Jumper,105,93,20,17,66,58,component,,,
pcb50rec1_jpg__153__Resistor_Jumper.png,fpic_rf100,train/images/pcb50rec1_jpg.rf.088cb8f90a0cf27450a8ec6259392e4a.jpg,pcb50rec1_jpg,Resistor Jumper,81,247,15,46,51,154,component,,,
pcb51rec1_jpg__000__Connector.png,fpic_rf100,train/images/pcb51rec1_jpg.rf.29eaa54663180e874714181c35974b86.jpg,pcb51rec1_jpg,Connector,140,98,26,7,88,70,component,,,
pcb51rec1_jpg__001__Capacitor.png,fpic_rf100,train/images/pcb51rec1_jpg.rf.29eaa54663180e874714181c35974b86.jpg,pcb51rec1_jpg,Capacitor,149,148,28,28,93,92,component,,,
pcb51rec1_jpg__002__Capacitor.png,fpic_rf100,train/images/pcb51rec1_jpg.rf.29eaa54663180e874714181c35974b86.jpg,pcb51rec1_jpg,Capacitor,102,144,19,27,64,90,component,,,
pcb51rec1_jpg__007__Capacitor.png,fpic_rf100,train/images/pcb51rec1_jpg.rf.29eaa54663180e874714181c35974b86.jpg,pcb51rec1_jpg,Capacitor,166,79,31,15,104,49,component,,,
pcb51rec1_jpg__010__Capacitor.png,fpic_rf100,train/images/pcb51rec1_jpg.rf.29eaa54663180e874714181c35974b86.jpg,pcb51rec1_jpg,Capacitor,95,90,18,17,59,56,component,,,
pcb51rec1_jpg__012__Capacitor.png,fpic_rf100,train/images/pcb51rec1_jpg.rf.29eaa54663180e874714181c35974b86.jpg,pcb51rec1_jpg,Capacitor,81,128,15,24,51,80,component,,,
pcb51rec1_jpg__013__Connector.png,fpic_rf100,train/images/pcb51rec1_jpg.rf.29eaa54663180e874714181c35974b86.jpg,pcb51rec1_jpg,Connector,140,106,26,20,88,66,component,,,
pcb51rec1_jpg__014__Capacitor.png,fpic_rf100,train/images/pcb51rec1_jpg.rf.29eaa54663180e874714181c35974b86.jpg,pcb51rec1_jpg,Capacitor,120,116,22,22,75,72,component,,,
pcb51rec1_jpg__015__IC.png,fpic_rf100,train/images/pcb51rec1_jpg.rf.29eaa54663180e874714181c35974b86.jpg,pcb51rec1_jpg,IC,78,293,0,55,60,183,component,,,
pcb51rec1_jpg__017__Transistor.png,fpic_rf100,train/images/pcb51rec1_jpg.rf.29eaa54663180e874714181c35974b86.jpg,pcb51rec1_jpg,Transistor,280,497,52,76,175,324,component,,,
pcb51rec1_jpg__018__IC.png,fpic_rf100,train/images/pcb51rec1_jpg.rf.29eaa54663180e874714181c35974b86.jpg,pcb51rec1_jpg,IC,724,252,136,47,452,158,component,,,
pcb51rec1_jpg__020__Capacitor.png,fpic_rf100,train/images/pcb51rec1_jpg.rf.29eaa54663180e874714181c35974b86.jpg,pcb51rec1_jpg,Capacitor,152,100,29,19,95,62,component,,,
pcb51rec1_jpg__021__Capacitor.png,fpic_rf100,train/images/pcb51rec1_jpg.rf.29eaa54663180e874714181c35974b86.jpg,pcb51rec1_jpg,Capacitor,145,129,27,24,91,81,component,,,
pcb51rec1_jpg__022__Capacitor.png,fpic_rf100,train/images/pcb51rec1_jpg.rf.29eaa54663180e874714181c35974b86.jpg,pcb51rec1_jpg,Capacitor,168,127,31,24,105,79,component,,,
pcb51rec1_jpg__023__Capacitor.png,fpic_rf100,train/images/pcb51rec1_jpg.rf.29eaa54663180e874714181c35974b86.jpg,pcb51rec1_jpg,Capacitor,149,129,28,24,93,81,component,,,
pcb51rec1_jpg__025__Capacitor.png,fpic_rf100,train/images/pcb51rec1_jpg.rf.29eaa54663180e874714181c35974b86.jpg,pcb51rec1_jpg,Capacitor,160,111,30,21,100,69,component,,,
pcb51rec1_jpg__026__Connector.png,fpic_rf100,train/images/pcb51rec1_jpg.rf.29eaa54663180e874714181c35974b86.jpg,pcb51rec1_jpg,Connector,490,140,92,26,306,88,component,,,
pcb51rec1_jpg__027__Capacitor.png,fpic_rf100,train/images/pcb51rec1_jpg.rf.29eaa54663180e874714181c35974b86.jpg,pcb51rec1_jpg,Capacitor,122,176,23,33,76,110,component,,,
pcb51rec1_jpg__028__IC.png,fpic_rf100,train/images/pcb51rec1_jpg.rf.29eaa54663180e874714181c35974b86.jpg,pcb51rec1_jpg,IC,136,111,26,21,85,69,component,,,
pcb51rec1_jpg__029__IC.png,fpic_rf100,train/images/pcb51rec1_jpg.rf.29eaa54663180e874714181c35974b86.jpg,pcb51rec1_jpg,IC,134,106,25,20,84,66,component,,,
pcb51rec1_jpg__032__Capacitor.png,fpic_rf100,train/images/pcb51rec1_jpg.rf.29eaa54663180e874714181c35974b86.jpg,pcb51rec1_jpg,Capacitor,140,136,26,26,88,85,component,,,
pcb51rec1_jpg__033__Capacitor.png,fpic_rf100,train/images/pcb51rec1_jpg.rf.29eaa54663180e874714181c35974b86.jpg,pcb51rec1_jpg,Capacitor,164,81,31,15,102,51,component,,,
pcb51rec1_jpg__034__Capacitor.png,fpic_rf100,train/images/pcb51rec1_jpg.rf.29eaa54663180e874714181c35974b86.jpg,pcb51rec1_jpg,Capacitor,80,89,15,17,50,55,component,,,
pcb51rec1_jpg__035__IC.png,fpic_rf100,train/images/pcb51rec1_jpg.rf.29eaa54663180e874714181c35974b86.jpg,pcb51rec1_jpg,IC,679,252,103,47,443,158,component,,,
pcb51rec1_jpg__036__Capacitor.png,fpic_rf100,train/images/pcb51rec1_jpg.rf.29eaa54663180e874714181c35974b86.jpg,pcb51rec1_jpg,Capacitor,96,97,18,18,60,61,component,,,
pcb52rec1_jpg__062__Connector.png,fpic_rf100,train/images/pcb52rec1_jpg.rf.0088815c17ffdd52f4724c19edd4a7c1.jpg,pcb52rec1_jpg,Connector,705,209,132,47,441,157,component,,,
pcb52rec1_jpg__064__IC.png,fpic_rf100,train/images/pcb52rec1_jpg.rf.0088815c17ffdd52f4724c19edd4a7c1.jpg,pcb52rec1_jpg,IC,167,235,31,44,105,147,component,,,
pcb52rec1_jpg__069__Connector.png,fpic_rf100,train/images/pcb52rec1_jpg.rf.0088815c17ffdd52f4724c19edd4a7c1.jpg,pcb52rec1_jpg,Connector,111,187,21,35,69,117,component,,,
pcb52rec1_jpg__074__Connector.png,fpic_rf100,train/images/pcb52rec1_jpg.rf.0088815c17ffdd52f4724c19edd4a7c1.jpg,pcb52rec1_jpg,Connector,77,318,12,60,50,199,component,,,
pcb52rec1_jpg__087__IC.png,fpic_rf100,train/images/pcb52rec1_jpg.rf.0088815c17ffdd52f4724c19edd4a7c1.jpg,pcb52rec1_jpg,IC,135,203,25,38,85,127,component,,,
pcb52rec1_jpg__096__IC.png,fpic_rf100,train/images/pcb52rec1_jpg.rf.0088815c17ffdd52f4724c19edd4a7c1.jpg,pcb52rec1_jpg,IC,149,144,28,27,93,90,component,,,
pcb52rec1_jpg__098__Connector.png,fpic_rf100,train/images/pcb52rec1_jpg.rf.0088815c17ffdd52f4724c19edd4a7c1.jpg,pcb52rec1_jpg,Connector,108,475,25,89,83,297,component,,,
pcb52rec1_jpg__102__Transistor.png,fpic_rf100,train/images/pcb52rec1_jpg.rf.0088815c17ffdd52f4724c19edd4a7c1.jpg,pcb52rec1_jpg,Transistor,95,117,18,22,59,73,component,,,
pcb52rec1_jpg__103__Transistor.png,fpic_rf100,train/images/pcb52rec1_jpg.rf.0088815c17ffdd52f4724c19edd4a7c1.jpg,pcb52rec1_jpg,Transistor,122,97,23,18,76,61,component,,,
pcb52rec1_jpg__104__IC.png,fpic_rf100,train/images/pcb52rec1_jpg.rf.0088815c17ffdd52f4724c19edd4a7c1.jpg,pcb52rec1_jpg,IC,211,117,40,22,132,73,component,,,
pcb52rec1_jpg__124__IC.png,fpic_rf100,train/images/pcb52rec1_jpg.rf.0088815c17ffdd52f4724c19edd4a7c1.jpg,pcb52rec1_jpg,IC,145,94,27,18,91,59,component,,,
pcb52rec1_jpg__152__IC.png,fpic_rf100,train/images/pcb52rec1_jpg.rf.0088815c17ffdd52f4724c19edd4a7c1.jpg,pcb52rec1_jpg,IC,428,416,80,78,268,260,component,,,
pcb52rec1_jpg__154__IC.png,fpic_rf100,train/images/pcb52rec1_jpg.rf.0088815c17ffdd52f4724c19edd4a7c1.jpg,pcb52rec1_jpg,IC,148,110,28,21,92,69,component,,,
pcb52rec1_jpg__165__IC.png,fpic_rf100,train/images/pcb52rec1_jpg.rf.0088815c17ffdd52f4724c19edd4a7c1.jpg,pcb52rec1_jpg,IC,165,249,31,47,103,156,component,,,
pcb52rec1_jpg__177__Connector.png,fpic_rf100,train/images/pcb52rec1_jpg.rf.0088815c17ffdd52f4724c19edd4a7c1.jpg,pcb52rec1_jpg,Connector,496,1008,1,189,381,630,component,,,
pcb52rec1_jpg__208__IC.png,fpic_rf100,train/images/pcb52rec1_jpg.rf.0088815c17ffdd52f4724c19edd4a7c1.jpg,pcb52rec1_jpg,IC,229,149,43,28,143,93,component,,,
pcb52rec1_jpg__216__IC.png,fpic_rf100,train/images/pcb52rec1_jpg.rf.0088815c17ffdd52f4724c19edd4a7c1.jpg,pcb52rec1_jpg,IC,176,240,33,45,110,150,component,,,
pcb53rec1_jpg__040__Connector.png,fpic_rf100,train/images/pcb53rec1_jpg.rf.1bc58f5fa8827eeaa6a2c507259cd3f1.jpg,pcb53rec1_jpg,Connector,83,356,19,67,63,222,component,,,
pcb53rec1_jpg__064__IC.png,fpic_rf100,train/images/pcb53rec1_jpg.rf.1bc58f5fa8827eeaa6a2c507259cd3f1.jpg,pcb53rec1_jpg,IC,160,95,30,18,100,59,component,,,
pcb53rec1_jpg__069__IC.png,fpic_rf100,train/images/pcb53rec1_jpg.rf.1bc58f5fa8827eeaa6a2c507259cd3f1.jpg,pcb53rec1_jpg,IC,156,101,29,19,98,63,component,,,
pcb53rec1_jpg__073__IC.png,fpic_rf100,train/images/pcb53rec1_jpg.rf.1bc58f5fa8827eeaa6a2c507259cd3f1.jpg,pcb53rec1_jpg,IC,129,154,24,29,81,96,component,,,
pcb53rec1_jpg__076__IC.png,fpic_rf100,train/images/pcb53rec1_jpg.rf.1bc58f5fa8827eeaa6a2c507259cd3f1.jpg,pcb53rec1_jpg,IC,100,154,19,29,62,96,component,,,
pcb53rec1_jpg__098__IC.png,fpic_rf100,train/images/pcb53rec1_jpg.rf.1bc58f5fa8827eeaa6a2c507259cd3f1.jpg,pcb53rec1_jpg,IC,614,458,115,86,384,286,component,,,
pcb53rec1_jpg__103__IC.png,fpic_rf100,train/images/pcb53rec1_jpg.rf.1bc58f5fa8827eeaa6a2c507259cd3f1.jpg,pcb53rec1_jpg,IC,100,133,19,25,62,83,component,,,
pcb53rec1_jpg__122__IC.png,fpic_rf100,train/images/pcb53rec1_jpg.rf.1bc58f5fa8827eeaa6a2c507259cd3f1.jpg,pcb53rec1_jpg,IC,91,134,17,25,57,84,component,,,
pcb53rec1_jpg__127__IC.png,fpic_rf100,train/images/pcb53rec1_jpg.rf.1bc58f5fa8827eeaa6a2c507259cd3f1.jpg,pcb53rec1_jpg,IC,155,92,29,17,97,58,component,,,
pcb53rec1_jpg__136__IC.png,fpic_rf100,train/images/pcb53rec1_jpg.rf.1bc58f5fa8827eeaa6a2c507259cd3f1.jpg,pcb53rec1_jpg,IC,91,150,17,28,57,94,component,,,
pcb53rec1_jpg__148__IC.png,fpic_rf100,train/images/pcb53rec1_jpg.rf.1bc58f5fa8827eeaa6a2c507259cd3f1.jpg,pcb53rec1_jpg,IC,240,234,45,44,150,146,component,,,
pcb53rec1_jpg__151__Connector.png,fpic_rf100,train/images/pcb53rec1_jpg.rf.1bc58f5fa8827eeaa6a2c507259cd3f1.jpg,pcb53rec1_jpg,Connector,92,260,17,49,58,162,component,,,
pcb53rec1_jpg__152__IC.png,fpic_rf100,train/images/pcb53rec1_jpg.rf.1bc58f5fa8827eeaa6a2c507259cd3f1.jpg,pcb53rec1_jpg,IC,79,107,15,20,49,67,component,,,
pcb53rec1_jpg__158__IC.png,fpic_rf100,train/images/pcb53rec1_jpg.rf.1bc58f5fa8827eeaa6a2c507259cd3f1.jpg,pcb53rec1_jpg,IC,91,161,17,30,57,101,component,,,
pcb53rec1_jpg__186__IC.png,fpic_rf100,train/images/pcb53rec1_jpg.rf.1bc58f5fa8827eeaa6a2c507259cd3f1.jpg,pcb53rec1_jpg,IC,111,95,21,18,69,59,component,,,
pcb53rec1_jpg__203__Connector.png,fpic_rf100,train/images/pcb53rec1_jpg.rf.1bc58f5fa8827eeaa6a2c507259cd3f1.jpg,pcb53rec1_jpg,Connector,208,112,39,26,130,86,component,,,
pcb53rec1_jpg__204__Connector.png,fpic_rf100,train/images/pcb53rec1_jpg.rf.1bc58f5fa8827eeaa6a2c507259cd3f1.jpg,pcb53rec1_jpg,Connector,235,96,44,22,147,74,component,,,
pcb53rec1_jpg__209__Connector.png,fpic_rf100,train/images/pcb53rec1_jpg.rf.1bc58f5fa8827eeaa6a2c507259cd3f1.jpg,pcb53rec1_jpg,Connector,401,91,75,18,251,59,component,,,
pcb54rec1_jpg__000__Capacitor_Jumper.png,fpic_rf100,valid/images/pcb54rec1_jpg.rf.7d03447844bfbfccba26f27a7aa01f08.jpg,pcb54rec1_jpg,Capacitor Jumper,103,79,19,15,64,49,component,,,
pcb54rec1_jpg__001__Capacitor_Jumper.png,fpic_rf100,valid/images/pcb54rec1_jpg.rf.7d03447844bfbfccba26f27a7aa01f08.jpg,pcb54rec1_jpg,Capacitor Jumper,90,93,17,17,56,58,component,,,
pcb54rec1_jpg__002__Capacitor_Jumper.png,fpic_rf100,valid/images/pcb54rec1_jpg.rf.7d03447844bfbfccba26f27a7aa01f08.jpg,pcb54rec1_jpg,Capacitor Jumper,113,110,21,21,71,69,component,,,
pcb54rec1_jpg__003__Capacitor_Jumper.png,fpic_rf100,valid/images/pcb54rec1_jpg.rf.7d03447844bfbfccba26f27a7aa01f08.jpg,pcb54rec1_jpg,Capacitor Jumper,119,95,22,18,75,59,component,,,
pcb54rec1_jpg__006__Capacitor_Jumper.png,fpic_rf100,valid/images/pcb54rec1_jpg.rf.7d03447844bfbfccba26f27a7aa01f08.jpg,pcb54rec1_jpg,Capacitor Jumper,133,94,25,18,83,59,component,,,
pcb54rec1_jpg__007__IC.png,fpic_rf100,valid/images/pcb54rec1_jpg.rf.7d03447844bfbfccba26f27a7aa01f08.jpg,pcb54rec1_jpg,IC,333,234,62,44,208,146,component,,,
pcb54rec1_jpg__008__Capacitor_Jumper.png,fpic_rf100,valid/images/pcb54rec1_jpg.rf.7d03447844bfbfccba26f27a7aa01f08.jpg,pcb54rec1_jpg,Capacitor Jumper,187,124,35,23,117,78,component,,,
pcb54rec1_jpg__009__Capacitor_Jumper.png,fpic_rf100,valid/images/pcb54rec1_jpg.rf.7d03447844bfbfccba26f27a7aa01f08.jpg,pcb54rec1_jpg,Capacitor Jumper,102,105,19,20,64,65,component,,,
pcb54rec1_jpg__011__Capacitor_Jumper.png,fpic_rf100,valid/images/pcb54rec1_jpg.rf.7d03447844bfbfccba26f27a7aa01f08.jpg,pcb54rec1_jpg,Capacitor Jumper,124,112,23,21,78,70,component,,,
pcb54rec1_jpg__012__Capacitor_Jumper.png,fpic_rf100,valid/images/pcb54rec1_jpg.rf.7d03447844bfbfccba26f27a7aa01f08.jpg,pcb54rec1_jpg,Capacitor Jumper,105,133,20,25,65,83,component,,,
pcb54rec1_jpg__013__Capacitor_Jumper.png,fpic_rf100,valid/images/pcb54rec1_jpg.rf.7d03447844bfbfccba26f27a7aa01f08.jpg,pcb54rec1_jpg,Capacitor Jumper,102,135,19,25,64,84,component,,,
pcb54rec1_jpg__015__Capacitor_Jumper.png,fpic_rf100,valid/images/pcb54rec1_jpg.rf.7d03447844bfbfccba26f27a7aa01f08.jpg,pcb54rec1_jpg,Capacitor Jumper,91,96,17,18,57,60,component,,,
pcb54rec1_jpg__016__Capacitor_Jumper.png,fpic_rf100,valid/images/pcb54rec1_jpg.rf.7d03447844bfbfccba26f27a7aa01f08.jpg,pcb54rec1_jpg,Capacitor Jumper,111,127,21,24,70,79,component,,,
pcb54rec1_jpg__017__Capacitor_Jumper.png,fpic_rf100,valid/images/pcb54rec1_jpg.rf.7d03447844bfbfccba26f27a7aa01f08.jpg,pcb54rec1_jpg,Capacitor Jumper,170,112,32,21,106,70,component,,,
pcb54rec1_jpg__018__Capacitor_Jumper.png,fpic_rf100,valid/images/pcb54rec1_jpg.rf.7d03447844bfbfccba26f27a7aa01f08.jpg,pcb54rec1_jpg,Capacitor Jumper,111,89,21,17,69,55,component,,,
pcb54rec1_jpg__019__Capacitor_Jumper.png,fpic_rf100,valid/images/pcb54rec1_jpg.rf.7d03447844bfbfccba26f27a7aa01f08.jpg,pcb54rec1_jpg,Capacitor Jumper,146,100,27,19,91,63,component,,,
pcb54rec1_jpg__020__Capacitor_Jumper.png,fpic_rf100,valid/images/pcb54rec1_jpg.rf.7d03447844bfbfccba26f27a7aa01f08.jpg,pcb54rec1_jpg,Capacitor Jumper,96,108,18,20,60,68,component,,,
pcb54rec1_jpg__021__Capacitor_Jumper.png,fpic_rf100,valid/images/pcb54rec1_jpg.rf.7d03447844bfbfccba26f27a7aa01f08.jpg,pcb54rec1_jpg,Capacitor Jumper,154,106,29,20,96,66,component,,,
pcb54rec1_jpg__022__Capacitor_Jumper.png,fpic_rf100,valid/images/pcb54rec1_jpg.rf.7d03447844bfbfccba26f27a7aa01f08.jpg,pcb54rec1_jpg,Capacitor Jumper,119,81,22,15,75,51,component,,,
pcb54rec1_jpg__023__Capacitor_Jumper.png,fpic_rf100,valid/images/pcb54rec1_jpg.rf.7d03447844bfbfccba26f27a7aa01f08.jpg,pcb54rec1_jpg,Capacitor Jumper,151,95,28,18,94,60,component,,,
pcb54rec1_jpg__024__IC.png,fpic_rf100,valid/images/pcb54rec1_jpg.rf.7d03447844bfbfccba26f27a7aa01f08.jpg,pcb54rec1_jpg,IC,342,322,64,60,214,202,component,,,
pcb54rec1_jpg__027__Capacitor_Jumper.png,fpic_rf100,valid/images/pcb54rec1_jpg.rf.7d03447844bfbfccba26f27a7aa01f08.jpg,pcb54rec1_jpg,Capacitor Jumper,148,96,28,18,92,60,component,,,
pcb54rec1_jpg__030__Capacitor_Jumper.png,fpic_rf100,valid/images/pcb54rec1_jpg.rf.7d03447844bfbfccba26f27a7aa01f08.jpg,pcb54rec1_jpg,Capacitor Jumper,81,90,15,17,51,56,component,,,
pcb54rec1_jpg__031__Capacitor_Jumper.png,fpic_rf100,valid/images/pcb54rec1_jpg.rf.7d03447844bfbfccba26f27a7aa01f08.jpg,pcb54rec1_jpg,Capacitor Jumper,89,109,17,20,56,68,component,,,
pcb54rec1_jpg__032__Capacitor_Jumper.png,fpic_rf100,valid/images/pcb54rec1_jpg.rf.7d03447844bfbfccba26f27a7aa01f08.jpg,pcb54rec1_jpg,Capacitor Jumper,140,81,26,15,88,51,component,,,
pcb54rec1_jpg__033__Capacitor_Jumper.png,fpic_rf100,valid/images/pcb54rec1_jpg.rf.7d03447844bfbfccba26f27a7aa01f08.jpg,pcb54rec1_jpg,Capacitor Jumper,157,105,29,20,98,66,component,,,
pcb54rec1_jpg__034__Capacitor_Jumper.png,fpic_rf100,valid/images/pcb54rec1_jpg.rf.7d03447844bfbfccba26f27a7aa01f08.jpg,pcb54rec1_jpg,Capacitor Jumper,145,81,27,15,91,51,component,,,
pcb54rec1_jpg__035__Capacitor_Jumper.png,fpic_rf100,valid/images/pcb54rec1_jpg.rf.7d03447844bfbfccba26f27a7aa01f08.jpg,pcb54rec1_jpg,Capacitor Jumper,114,110,21,21,72,68,component,,,
pcb54rec1_jpg__036__Capacitor_Jumper.png,fpic_rf100,valid/images/pcb54rec1_jpg.rf.7d03447844bfbfccba26f27a7aa01f08.jpg,pcb54rec1_jpg,Capacitor Jumper,183,142,34,27,114,89,component,,,
pcb54rec1_jpg__038__Capacitor_Jumper.png,fpic_rf100,valid/images/pcb54rec1_jpg.rf.7d03447844bfbfccba26f27a7aa01f08.jpg,pcb54rec1_jpg,Capacitor Jumper,204,124,38,23,128,78,component,,,
pcb54rec1_jpg__039__Capacitor_Jumper.png,fpic_rf100,valid/images/pcb54rec1_jpg.rf.7d03447844bfbfccba26f27a7aa01f08.jpg,pcb54rec1_jpg,Capacitor Jumper,161,121,30,23,101,75,component,,,
pcb54rec1_jpg__040__Capacitor_Jumper.png,fpic_rf100,valid/images/pcb54rec1_jpg.rf.7d03447844bfbfccba26f27a7aa01f08.jpg,pcb54rec1_jpg,Capacitor Jumper,115,95,22,18,72,59,component,,,
pcb54rec1_jpg__043__Capacitor_Jumper.png,fpic_rf100,valid/images/pcb54rec1_jpg.rf.7d03447844bfbfccba26f27a7aa01f08.jpg,pcb54rec1_jpg,Capacitor Jumper,108,106,20,20,67,66,component,,,
pcb54rec1_jpg__044__Capacitor_Jumper.png,fpic_rf100,valid/images/pcb54rec1_jpg.rf.7d03447844bfbfccba26f27a7aa01f08.jpg,pcb54rec1_jpg,Capacitor Jumper,109,99,20,19,68,62,component,,,
pcb54rec1_jpg__045__Capacitor_Jumper.png,fpic_rf100,valid/images/pcb54rec1_jpg.rf.7d03447844bfbfccba26f27a7aa01f08.jpg,pcb54rec1_jpg,Capacitor Jumper,122,107,23,20,76,67,component,,,
pcb54rec1_jpg__047__Capacitor_Jumper.png,fpic_rf100,valid/images/pcb54rec1_jpg.rf.7d03447844bfbfccba26f27a7aa01f08.jpg,pcb54rec1_jpg,Capacitor Jumper,132,121,25,23,82,75,component,,,
pcb54rec1_jpg__059__Capacitor_Jumper.png,fpic_rf100,valid/images/pcb54rec1_jpg.rf.7d03447844bfbfccba26f27a7aa01f08.jpg,pcb54rec1_jpg,Capacitor Jumper,96,109,18,20,60,68,component,,,
pcb54rec1_jpg__069__IC.png,fpic_rf100,valid/images/pcb54rec1_jpg.rf.7d03447844bfbfccba26f27a7aa01f08.jpg,pcb54rec1_jpg,IC,112,163,21,31,70,102,component,,,
pcb54rec1_jpg__081__Capacitor_Jumper.png,fpic_rf100,valid/images/pcb54rec1_jpg.rf.7d03447844bfbfccba26f27a7aa01f08.jpg,pcb54rec1_jpg,Capacitor Jumper,89,87,17,16,56,54,component,,,
pcb54rec1_jpg__082__IC.png,fpic_rf100,valid/images/pcb54rec1_jpg.rf.7d03447844bfbfccba26f27a7aa01f08.jpg,pcb54rec1_jpg,IC,164,108,31,20,103,68,component,,,
pcb54rec1_jpg__086__Capacitor_Jumper.png,fpic_rf100,valid/images/pcb54rec1_jpg.rf.7d03447844bfbfccba26f27a7aa01f08.jpg,pcb54rec1_jpg,Capacitor Jumper,107,86,20,16,67,54,component,,,
pcb54rec1_jpg__087__Connector.png,fpic_rf100,valid/images/pcb54rec1_jpg.rf.7d03447844bfbfccba26f27a7aa01f08.jpg,pcb54rec1_jpg,Connector,148,343,34,64,114,215,component,,,
pcb54rec1_jpg__088__IC.png,fpic_rf100,valid/images/pcb54rec1_jpg.rf.7d03447844bfbfccba26f27a7aa01f08.jpg,pcb54rec1_jpg,IC,409,250,77,47,256,156,component,,,
pcb54rec1_jpg__089__IC.png,fpic_rf100,valid/images/pcb54rec1_jpg.rf.7d03447844bfbfccba26f27a7aa01f08.jpg,pcb54rec1_jpg,IC,177,151,33,28,111,94,component,,,
pcb54rec1_jpg__090__Capacitor_Jumper.png,fpic_rf100,valid/images/pcb54rec1_jpg.rf.7d03447844bfbfccba26f27a7aa01f08.jpg,pcb54rec1_jpg,Capacitor Jumper,87,87,16,16,55,55,component,,,
pcb54rec1_jpg__091__IC.png,fpic_rf100,valid/images/pcb54rec1_jpg.rf.7d03447844bfbfccba26f27a7aa01f08.jpg,pcb54rec1_jpg,IC,106,106,20,20,66,66,component,,,
pcb54rec1_jpg__092__IC.png,fpic_rf100,valid/images/pcb54rec1_jpg.rf.7d03447844bfbfccba26f27a7aa01f08.jpg,pcb54rec1_jpg,IC,84,89,16,17,52,56,component,,,
pcb54rec1_jpg__093__Capacitor_Jumper.png,fpic_rf100,valid/images/pcb54rec1_jpg.rf.7d03447844bfbfccba26f27a7aa01f08.jpg,pcb54rec1_jpg,Capacitor Jumper,82,102,15,19,51,64,component,,,
pcb54rec1_jpg__094__Capacitor_Jumper.png,fpic_rf100,valid/images/pcb54rec1_jpg.rf.7d03447844bfbfccba26f27a7aa01f08.jpg,pcb54rec1_jpg,Capacitor Jumper,103,93,19,17,65,58,component,,,
pcb54rec1_jpg__095__Capacitor_Jumper.png,fpic_rf100,valid/images/pcb54rec1_jpg.rf.7d03447844bfbfccba26f27a7aa01f08.jpg,pcb54rec1_jpg,Capacitor Jumper,98,86,18,16,61,54,component,,,
pcb54rec1_jpg__096__Capacitor_Jumper.png,fpic_rf100,valid/images/pcb54rec1_jpg.rf.7d03447844bfbfccba26f27a7aa01f08.jpg,pcb54rec1_jpg,Capacitor Jumper,140,80,26,15,87,50,component,,,
pcb54rec1_jpg__097__IC.png,fpic_rf100,valid/images/pcb54rec1_jpg.rf.7d03447844bfbfccba26f27a7aa01f08.jpg,pcb54rec1_jpg,IC,170,124,32,23,106,78,component,,,
pcb54rec1_jpg__098__Capacitor_Jumper.png,fpic_rf100,valid/images/pcb54rec1_jpg.rf.7d03447844bfbfccba26f27a7aa01f08.jpg,pcb54rec1_jpg,Capacitor Jumper,128,125,24,23,80,78,component,,,
pcb54rec1_jpg__099__Capacitor_Jumper.png,fpic_rf100,valid/images/pcb54rec1_jpg.rf.7d03447844bfbfccba26f27a7aa01f08.jpg,pcb54rec1_jpg,Capacitor Jumper,122,100,23,19,76,62,component,,,
pcb54rec1_jpg__100__Capacitor_Jumper.png,fpic_rf100,valid/images/pcb54rec1_jpg.rf.7d03447844bfbfccba26f27a7aa01f08.jpg,pcb54rec1_jpg,Capacitor Jumper,121,145,23,27,76,91,component,,,
pcb54rec1_jpg__101__Capacitor_Jumper.png,fpic_rf100,valid/images/pcb54rec1_jpg.rf.7d03447844bfbfccba26f27a7aa01f08.jpg,pcb54rec1_jpg,Capacitor Jumper,100,106,19,20,62,66,component,,,
pcb54rec1_jpg__102__Capacitor_Jumper.png,fpic_rf100,valid/images/pcb54rec1_jpg.rf.7d03447844bfbfccba26f27a7aa01f08.jpg,pcb54rec1_jpg,Capacitor Jumper,131,92,25,17,82,58,component,,,
pcb54rec1_jpg__104__Capacitor_Jumper.png,fpic_rf100,valid/images/pcb54rec1_jpg.rf.7d03447844bfbfccba26f27a7aa01f08.jpg,pcb54rec1_jpg,Capacitor Jumper,135,112,25,21,85,70,component,,,
pcb54rec1_jpg__107__Capacitor_Jumper.png,fpic_rf100,valid/images/pcb54rec1_jpg.rf.7d03447844bfbfccba26f27a7aa01f08.jpg,pcb54rec1_jpg,Capacitor Jumper,202,109,38,20,126,68,component,,,
pcb54rec1_jpg__108__Capacitor_Jumper.png,fpic_rf100,valid/images/pcb54rec1_jpg.rf.7d03447844bfbfccba26f27a7aa01f08.jpg,pcb54rec1_jpg,Capacitor Jumper,111,86,21,16,69,54,component,,,
pcb54rec1_jpg__109__IC.png,fpic_rf100,valid/images/pcb54rec1_jpg.rf.7d03447844bfbfccba26f27a7aa01f08.jpg,pcb54rec1_jpg,IC,268,240,50,45,167,150,component,,,
pcb54rec1_jpg__110__IC.png,fpic_rf100,valid/images/pcb54rec1_jpg.rf.7d03447844bfbfccba26f27a7aa01f08.jpg,pcb54rec1_jpg,IC,247,212,46,40,154,132,component,,,
pcb54rec1_jpg__111__Capacitor_Jumper.png,fpic_rf100,valid/images/pcb54rec1_jpg.rf.7d03447844bfbfccba26f27a7aa01f08.jpg,pcb54rec1_jpg,Capacitor Jumper,142,121,27,23,89,75,component,,,
pcb54rec1_jpg__112__Capacitor_Jumper.png,fpic_rf100,valid/images/pcb54rec1_jpg.rf.7d03447844bfbfccba26f27a7aa01f08.jpg,pcb54rec1_jpg,Capacitor Jumper,123,89,23,17,77,55,component,,,
pcb54rec1_jpg__113__Capacitor_Jumper.png,fpic_rf100,valid/images/pcb54rec1_jpg.rf.7d03447844bfbfccba26f27a7aa01f08.jpg,pcb54rec1_jpg,Capacitor Jumper,78,89,15,17,49,56,component,,,
pcb54rec1_jpg__115__Capacitor_Jumper.png,fpic_rf100,valid/images/pcb54rec1_jpg.rf.7d03447844bfbfccba26f27a7aa01f08.jpg,pcb54rec1_jpg,Capacitor Jumper,80,83,15,16,50,52,component,,,
pcb54rec1_jpg__122__Connector.png,fpic_rf100,valid/images/pcb54rec1_jpg.rf.7d03447844bfbfccba26f27a7aa01f08.jpg,pcb54rec1_jpg,Connector,179,636,41,119,138,398,component,,,
pcb54rec1_jpg__123__Capacitor_Jumper.png,fpic_rf100,valid/images/pcb54rec1_jpg.rf.7d03447844bfbfccba26f27a7aa01f08.jpg,pcb54rec1_jpg,Capacitor Jumper,98,89,18,17,61,55,component,,,
pcb54rec1_jpg__124__IC.png,fpic_rf100,valid/images/pcb54rec1_jpg.rf.7d03447844bfbfccba26f27a7aa01f08.jpg,pcb54rec1_jpg,IC,251,128,47,24,157,80,component,,,
pcb54rec1_jpg__125__Capacitor_Jumper.png,fpic_rf100,valid/images/pcb54rec1_jpg.rf.7d03447844bfbfccba26f27a7aa01f08.jpg,pcb54rec1_jpg,Capacitor Jumper,130,93,24,17,81,58,component,,,
pcb55rec1_jpg__050__IC.png,fpic_rf100,valid/images/pcb55rec1_jpg.rf.51e92145a910735a8b6cc760d9c1d92c.jpg,pcb55rec1_jpg,IC,158,149,30,28,99,93,component,,,
pcb55rec1_jpg__122__Connector.png,fpic_rf100,valid/images/pcb55rec1_jpg.rf.51e92145a910735a8b6cc760d9c1d92c.jpg,pcb55rec1_jpg,Connector,453,90,85,2,283,68,component,,,
pcb55rec1_jpg__123__IC.png,fpic_rf100,valid/images/pcb55rec1_jpg.rf.51e92145a910735a8b6cc760d9c1d92c.jpg,pcb55rec1_jpg,IC,395,383,74,72,247,240,component,,,
pcb55rec1_jpg__127__IC.png,fpic_rf100,valid/images/pcb55rec1_jpg.rf.51e92145a910735a8b6cc760d9c1d92c.jpg,pcb55rec1_jpg,IC,245,263,46,49,153,165,component,,,
pcb55rec1_jpg__143__Connector.png,fpic_rf100,valid/images/pcb55rec1_jpg.rf.51e92145a910735a8b6cc760d9c1d92c.jpg,pcb55rec1_jpg,Connector,459,92,86,14,287,60,component,,,
pcb55rec1_jpg__151__Connector.png,fpic_rf100,valid/images/pcb55rec1_jpg.rf.51e92145a910735a8b6cc760d9c1d92c.jpg,pcb55rec1_jpg,Connector,487,113,91,2,305,85,component,,,
pcb55rec1_jpg__175__IC.png,fpic_rf100,valid/images/pcb55rec1_jpg.rf.51e92145a910735a8b6cc760d9c1d92c.jpg,pcb55rec1_jpg,IC,192,128,36,24,120,80,component,,,
pcb55rec1_jpg__256__IC.png,fpic_rf100,valid/images/pcb55rec1_jpg.rf.51e92145a910735a8b6cc760d9c1d92c.jpg,pcb55rec1_jpg,IC,144,140,27,26,90,88,component,,,
pcb56rec1_jpg__116__IC.png,fpic_rf100,train/images/pcb56rec1_jpg.rf.71fa555d220cd59fae18bc0352e436fa.jpg,pcb56rec1_jpg,IC,260,345,49,65,162,215,component,,,
pcb56rec1_jpg__141__Connector.png,fpic_rf100,train/images/pcb56rec1_jpg.rf.71fa555d220cd59fae18bc0352e436fa.jpg,pcb56rec1_jpg,Connector,103,199,24,37,79,125,component,,,
pcb56rec1_jpg__156__Capacitor_Jumper.png,fpic_rf100,train/images/pcb56rec1_jpg.rf.71fa555d220cd59fae18bc0352e436fa.jpg,pcb56rec1_jpg,Capacitor Jumper,86,79,16,15,54,49,component,,,
pcb56rec1_jpg__166__Connector.png,fpic_rf100,train/images/pcb56rec1_jpg.rf.71fa555d220cd59fae18bc0352e436fa.jpg,pcb56rec1_jpg,Connector,82,198,16,37,52,124,component,,,
pcb56rec1_jpg__198__IC.png,fpic_rf100,train/images/pcb56rec1_jpg.rf.71fa555d220cd59fae18bc0352e436fa.jpg,pcb56rec1_jpg,IC,234,236,44,44,146,148,component,,,
pcb57rec1_jpg__106__Capacitor.png,fpic_rf100,test/images/pcb57rec1_jpg.rf.0a9e50ffe00a1281c28ae6732a45c1de.jpg,pcb57rec1_jpg,Capacitor,106,95,20,18,66,59,component,,,
pcb57rec1_jpg__107__Capacitor.png,fpic_rf100,test/images/pcb57rec1_jpg.rf.0a9e50ffe00a1281c28ae6732a45c1de.jpg,pcb57rec1_jpg,Capacitor,84,79,16,15,52,49,component,,,
pcb57rec1_jpg__116__Capacitor.png,fpic_rf100,test/images/pcb57rec1_jpg.rf.0a9e50ffe00a1281c28ae6732a45c1de.jpg,pcb57rec1_jpg,Capacitor,81,92,16,17,53,58,component,,,
pcb59rec1_jpg__001__Capacitor.png,fpic_rf100,train/images/pcb59rec1_jpg.rf.1556160021d44ae823cffe744f13e415.jpg,pcb59rec1_jpg,Capacitor,128,133,24,25,80,83,component,,,
pcb59rec1_jpg__002__Capacitor.png,fpic_rf100,train/images/pcb59rec1_jpg.rf.1556160021d44ae823cffe744f13e415.jpg,pcb59rec1_jpg,Capacitor,128,107,24,20,80,67,component,,,
pcb59rec1_jpg__003__Capacitor.png,fpic_rf100,train/images/pcb59rec1_jpg.rf.1556160021d44ae823cffe744f13e415.jpg,pcb59rec1_jpg,Capacitor,81,139,15,26,51,87,component,,,
pcb59rec1_jpg__010__iC.png,fpic_rf100,train/images/pcb59rec1_jpg.rf.1556160021d44ae823cffe744f13e415.jpg,pcb59rec1_jpg,iC,123,159,23,30,77,99,component,,,
pcb59rec1_jpg__026__Capacitor.png,fpic_rf100,train/images/pcb59rec1_jpg.rf.1556160021d44ae823cffe744f13e415.jpg,pcb59rec1_jpg,Capacitor,143,97,27,18,89,61,component,,,
pcb59rec1_jpg__034__IC.png,fpic_rf100,train/images/pcb59rec1_jpg.rf.1556160021d44ae823cffe744f13e415.jpg,pcb59rec1_jpg,IC,214,203,40,38,134,127,component,,,
pcb59rec1_jpg__037__Capacitor.png,fpic_rf100,train/images/pcb59rec1_jpg.rf.1556160021d44ae823cffe744f13e415.jpg,pcb59rec1_jpg,Capacitor,117,100,22,19,73,62,component,,,
pcb59rec1_jpg__042__Capacitor.png,fpic_rf100,train/images/pcb59rec1_jpg.rf.1556160021d44ae823cffe744f13e415.jpg,pcb59rec1_jpg,Capacitor,134,129,25,24,84,81,component,,,
pcb59rec1_jpg__045__iC.png,fpic_rf100,train/images/pcb59rec1_jpg.rf.1556160021d44ae823cffe744f13e415.jpg,pcb59rec1_jpg,iC,90,122,17,23,56,76,component,,,
pcb59rec1_jpg__051__iC.png,fpic_rf100,train/images/pcb59rec1_jpg.rf.1556160021d44ae823cffe744f13e415.jpg,pcb59rec1_jpg,iC,105,113,20,21,65,71,component,,,
pcb59rec1_jpg__078__Transistor.png,fpic_rf100,train/images/pcb59rec1_jpg.rf.1556160021d44ae823cffe744f13e415.jpg,pcb59rec1_jpg,Transistor,171,77,32,0,107,59,component,,,
pcb5rec1_jpg__000__IC.png,fpic_rf100,train/images/pcb5rec1_jpg.rf.2ee10094918fc37ff3a038b24d810f1c.jpg,pcb5rec1_jpg,IC,442,199,83,37,276,125,component,,,
pcb5rec1_jpg__001__Capacitor_Jumper.png,fpic_rf100,train/images/pcb5rec1_jpg.rf.2ee10094918fc37ff3a038b24d810f1c.jpg,pcb5rec1_jpg,Capacitor Jumper,129,117,24,22,80,73,component,,,
pcb5rec1_jpg__004__Capacitor_Jumper.png,fpic_rf100,train/images/pcb5rec1_jpg.rf.2ee10094918fc37ff3a038b24d810f1c.jpg,pcb5rec1_jpg,Capacitor Jumper,113,138,21,26,70,86,component,,,
pcb5rec1_jpg__006__Capacitor_Jumper.png,fpic_rf100,train/images/pcb5rec1_jpg.rf.2ee10094918fc37ff3a038b24d810f1c.jpg,pcb5rec1_jpg,Capacitor Jumper,127,139,24,26,79,87,component,,,
pcb5rec1_jpg__007__Capacitor_Jumper.png,fpic_rf100,train/images/pcb5rec1_jpg.rf.2ee10094918fc37ff3a038b24d810f1c.jpg,pcb5rec1_jpg,Capacitor Jumper,131,113,25,21,82,71,component,,,
pcb5rec1_jpg__008__Capacitor_Jumper.png,fpic_rf100,train/images/pcb5rec1_jpg.rf.2ee10094918fc37ff3a038b24d810f1c.jpg,pcb5rec1_jpg,Capacitor Jumper,134,112,25,21,84,70,component,,,
pcb5rec1_jpg__009__Capacitor_Jumper.png,fpic_rf100,train/images/pcb5rec1_jpg.rf.2ee10094918fc37ff3a038b24d810f1c.jpg,pcb5rec1_jpg,Capacitor Jumper,146,159,27,30,91,99,component,,,
pcb5rec1_jpg__010__Capacitor_Jumper.png,fpic_rf100,train/images/pcb5rec1_jpg.rf.2ee10094918fc37ff3a038b24d810f1c.jpg,pcb5rec1_jpg,Capacitor Jumper,140,161,26,30,87,101,component,,,
pcb5rec1_jpg__011__Capacitor_Jumper.png,fpic_rf100,train/images/pcb5rec1_jpg.rf.2ee10094918fc37ff3a038b24d810f1c.jpg,pcb5rec1_jpg,Capacitor Jumper,143,118,27,22,89,74,component,,,
pcb5rec1_jpg__012__Capacitor_Jumper.png,fpic_rf100,train/images/pcb5rec1_jpg.rf.2ee10094918fc37ff3a038b24d810f1c.jpg,pcb5rec1_jpg,Capacitor Jumper,122,127,23,24,76,79,component,,,
pcb5rec1_jpg__014__Capacitor_Jumper.png,fpic_rf100,train/images/pcb5rec1_jpg.rf.2ee10094918fc37ff3a038b24d810f1c.jpg,pcb5rec1_jpg,Capacitor Jumper,138,202,26,38,86,126,component,,,
pcb5rec1_jpg__016__Capacitor_Jumper.png,fpic_rf100,train/images/pcb5rec1_jpg.rf.2ee10094918fc37ff3a038b24d810f1c.jpg,pcb5rec1_jpg,Capacitor Jumper,129,208,24,39,81,130,component,,,
pcb5rec1_jpg__017__IC.png,fpic_rf100,train/images/pcb5rec1_jpg.rf.2ee10094918fc37ff3a038b24d810f1c.jpg,pcb5rec1_jpg,IC,303,113,57,21,189,71,component,,,
pcb5rec1_jpg__019__Capacitor_Jumper.png,fpic_rf100,train/images/pcb5rec1_jpg.rf.2ee10094918fc37ff3a038b24d810f1c.jpg,pcb5rec1_jpg,Capacitor Jumper,144,170,27,32,90,106,component,,,
pcb5rec1_jpg__020__Capacitor_Jumper.png,fpic_rf100,train/images/pcb5rec1_jpg.rf.2ee10094918fc37ff3a038b24d810f1c.jpg,pcb5rec1_jpg,Capacitor Jumper,156,185,29,35,98,115,component,,,
pcb5rec1_jpg__021__Capacitor_Jumper.png,fpic_rf100,train/images/pcb5rec1_jpg.rf.2ee10094918fc37ff3a038b24d810f1c.jpg,pcb5rec1_jpg,Capacitor Jumper,143,148,27,28,89,93,component,,,
pcb5rec1_jpg__023__Capacitor_Jumper.png,fpic_rf100,train/images/pcb5rec1_jpg.rf.2ee10094918fc37ff3a038b24d810f1c.jpg,pcb5rec1_jpg,Capacitor Jumper,107,79,20,15,67,49,component,,,
pcb5rec1_jpg__025__Capacitor_Jumper.png,fpic_rf100,train/images/pcb5rec1_jpg.rf.2ee10094918fc37ff3a038b24d810f1c.jpg,pcb5rec1_jpg,Capacitor Jumper,117,129,22,24,73,81,component,,,
pcb5rec1_jpg__026__Capacitor_Jumper.png,fpic_rf100,train/images/pcb5rec1_jpg.rf.2ee10094918fc37ff3a038b24d810f1c.jpg,pcb5rec1_jpg,Capacitor Jumper,132,137,25,26,82,85,component,,,
pcb5rec1_jpg__028__Capacitor_Jumper.png,fpic_rf100,train/images/pcb5rec1_jpg.rf.2ee10094918fc37ff3a038b24d810f1c.jpg,pcb5rec1_jpg,Capacitor Jumper,150,118,28,22,94,74,component,,,
pcb5rec1_jpg__029__Capacitor_Jumper.png,fpic_rf100,train/images/pcb5rec1_jpg.rf.2ee10094918fc37ff3a038b24d810f1c.jpg,pcb5rec1_jpg,Capacitor Jumper,86,89,16,17,54,55,component,,,
pcb5rec1_jpg__030__IC.png,fpic_rf100,train/images/pcb5rec1_jpg.rf.2ee10094918fc37ff3a038b24d810f1c.jpg,pcb5rec1_jpg,IC,417,111,78,21,261,69,component,,,
pcb5rec1_jpg__034__IC.png,fpic_rf100,train/images/pcb5rec1_jpg.rf.2ee10094918fc37ff3a038b24d810f1c.jpg,pcb5rec1_jpg,IC,362,138,68,26,226,86,component,,,
pcb5rec1_jpg__036__Capacitor_Jumper.png,fpic_rf100,train/images/pcb5rec1_jpg.rf.2ee10094918fc37ff3a038b24d810f1c.jpg,pcb5rec1_jpg,Capacitor Jumper,121,158,23,30,75,98,component,,,
pcb5rec1_jpg__037__Capacitor_Jumper.png,fpic_rf100,train/images/pcb5rec1_jpg.rf.2ee10094918fc37ff3a038b24d810f1c.jpg,pcb5rec1_jpg,Capacitor Jumper,133,127,25,24,83,79,component,,,
pcb5rec1_jpg__038__Capacitor_Jumper.png,fpic_rf100,train/images/pcb5rec1_jpg.rf.2ee10094918fc37ff3a038b24d810f1c.jpg,pcb5rec1_jpg,Capacitor Jumper,203,106,38,20,127,66,component,,,
pcb5rec1_jpg__039__Capacitor_Jumper.png,fpic_rf100,train/images/pcb5rec1_jpg.rf.2ee10094918fc37ff3a038b24d810f1c.jpg,pcb5rec1_jpg,Capacitor Jumper,116,118,22,22,72,74,component,,,
pcb5rec1_jpg__040__Capacitor_Jumper.png,fpic_rf100,train/images/pcb5rec1_jpg.rf.2ee10094918fc37ff3a038b24d810f1c.jpg,pcb5rec1_jpg,Capacitor Jumper,102,83,19,16,64,52,component,,,
pcb5rec1_jpg__041__Capacitor_Jumper.png,fpic_rf100,train/images/pcb5rec1_jpg.rf.2ee10094918fc37ff3a038b24d810f1c.jpg,pcb5rec1_jpg,Capacitor Jumper,113,140,21,26,71,88,component,,,
pcb5rec1_jpg__042__Capacitor_Jumper.png,fpic_rf100,train/images/pcb5rec1_jpg.rf.2ee10094918fc37ff3a038b24d810f1c.jpg,pcb5rec1_jpg,Capacitor Jumper,159,122,30,23,99,76,component,,,
pcb5rec1_jpg__043__Capacitor_Jumper.png,fpic_rf100,train/images/pcb5rec1_jpg.rf.2ee10094918fc37ff3a038b24d810f1c.jpg,pcb5rec1_jpg,Capacitor Jumper,202,96,38,18,126,60,component,,,
pcb5rec1_jpg__045__Capacitor_Jumper.png,fpic_rf100,train/images/pcb5rec1_jpg.rf.2ee10094918fc37ff3a038b24d810f1c.jpg,pcb5rec1_jpg,Capacitor Jumper,210,151,39,28,131,95,component,,,
pcb5rec1_jpg__052__Transistor.png,fpic_rf100,train/images/pcb5rec1_jpg.rf.2ee10094918fc37ff3a038b24d810f1c.jpg,pcb5rec1_jpg,Transistor,233,306,44,57,146,191,component,,,
pcb5rec1_jpg__053__Capacitor_Jumper.png,fpic_rf100,train/images/pcb5rec1_jpg.rf.2ee10094918fc37ff3a038b24d810f1c.jpg,pcb5rec1_jpg,Capacitor Jumper,156,150,29,28,98,94,component,,,
pcb5rec1_jpg__054__Capacitor_Jumper.png,fpic_rf100,train/images/pcb5rec1_jpg.rf.2ee10094918fc37ff3a038b24d810f1c.jpg,pcb5rec1_jpg,Capacitor Jumper,180,181,34,34,112,113,component,,,
pcb5rec1_jpg__055__Capacitor_Jumper.png,fpic_rf100,train/images/pcb5rec1_jpg.rf.2ee10094918fc37ff3a038b24d810f1c.jpg,pcb5rec1_jpg,Capacitor Jumper,127,157,24,29,79,98,component,,,
pcb5rec1_jpg__056__Capacitor_Jumper.png,fpic_rf100,train/images/pcb5rec1_jpg.rf.2ee10094918fc37ff3a038b24d810f1c.jpg,pcb5rec1_jpg,Capacitor Jumper,217,141,41,26,135,88,component,,,
pcb5rec1_jpg__057__Capacitor_Jumper.png,fpic_rf100,train/images/pcb5rec1_jpg.rf.2ee10094918fc37ff3a038b24d810f1c.jpg,pcb5rec1_jpg,Capacitor Jumper,123,132,23,25,77,82,component,,,
pcb5rec1_jpg__059__Capacitor_Jumper.png,fpic_rf100,train/images/pcb5rec1_jpg.rf.2ee10094918fc37ff3a038b24d810f1c.jpg,pcb5rec1_jpg,Capacitor Jumper,148,124,28,23,93,77,component,,,
pcb5rec1_jpg__060__Capacitor_Jumper.png,fpic_rf100,train/images/pcb5rec1_jpg.rf.2ee10094918fc37ff3a038b24d810f1c.jpg,pcb5rec1_jpg,Capacitor Jumper,140,154,26,29,88,96,component,,,
pcb5rec1_jpg__063__Capacitor_Jumper.png,fpic_rf100,train/images/pcb5rec1_jpg.rf.2ee10094918fc37ff3a038b24d810f1c.jpg,pcb5rec1_jpg,Capacitor Jumper,103,180,19,34,65,112,component,,,
pcb5rec1_jpg__064__Capacitor_Jumper.png,fpic_rf100,train/images/pcb5rec1_jpg.rf.2ee10094918fc37ff3a038b24d810f1c.jpg,pcb5rec1_jpg,Capacitor Jumper,119,178,22,33,74,111,component,,,
pcb5rec1_jpg__065__Capacitor_Jumper.png,fpic_rf100,train/images/pcb5rec1_jpg.rf.2ee10094918fc37ff3a038b24d810f1c.jpg,pcb5rec1_jpg,Capacitor Jumper,121,154,23,29,75,96,component,,,
pcb5rec1_jpg__066__Capacitor_Jumper.png,fpic_rf100,train/images/pcb5rec1_jpg.rf.2ee10094918fc37ff3a038b24d810f1c.jpg,pcb5rec1_jpg,Capacitor Jumper,276,279,52,52,172,175,component,,,
pcb5rec1_jpg__070__Capacitor_Jumper.png,fpic_rf100,train/images/pcb5rec1_jpg.rf.2ee10094918fc37ff3a038b24d810f1c.jpg,pcb5rec1_jpg,Capacitor Jumper,171,140,32,26,107,88,component,,,
pcb5rec1_jpg__071__Capacitor_Jumper.png,fpic_rf100,train/images/pcb5rec1_jpg.rf.2ee10094918fc37ff3a038b24d810f1c.jpg,pcb5rec1_jpg,Capacitor Jumper,111,112,21,21,69,70,component,,,
pcb5rec1_jpg__072__Capacitor_Jumper.png,fpic_rf100,train/images/pcb5rec1_jpg.rf.2ee10094918fc37ff3a038b24d810f1c.jpg,pcb5rec1_jpg,Capacitor Jumper,199,151,37,28,125,95,component,,,
pcb5rec1_jpg__073__Capacitor_Jumper.png,fpic_rf100,train/images/pcb5rec1_jpg.rf.2ee10094918fc37ff3a038b24d810f1c.jpg,pcb5rec1_jpg,Capacitor Jumper,121,96,23,18,75,60,component,,,
pcb5rec1_jpg__074__Capacitor_Jumper.png,fpic_rf100,train/images/pcb5rec1_jpg.rf.2ee10094918fc37ff3a038b24d810f1c.jpg,pcb5rec1_jpg,Capacitor Jumper,134,116,25,22,84,72,component,,,
pcb5rec1_jpg__075__Capacitor_Jumper.png,fpic_rf100,train/images/pcb5rec1_jpg.rf.2ee10094918fc37ff3a038b24d810f1c.jpg,pcb5rec1_jpg,Capacitor Jumper,89,112,17,21,55,70,component,,,
pcb5rec1_jpg__076__Capacitor_Jumper.png,fpic_rf100,train/images/pcb5rec1_jpg.rf.2ee10094918fc37ff3a038b24d810f1c.jpg,pcb5rec1_jpg,Capacitor Jumper,118,111,22,21,74,70,component,,,
pcb5rec1_jpg__077__Capacitor_Jumper.png,fpic_rf100,train/images/pcb5rec1_jpg.rf.2ee10094918fc37ff3a038b24d810f1c.jpg,pcb5rec1_jpg,Capacitor Jumper,102,185,19,35,64,115,component,,,
pcb5rec1_jpg__078__Capacitor_Jumper.png,fpic_rf100,train/images/pcb5rec1_jpg.rf.2ee10094918fc37ff3a038b24d810f1c.jpg,pcb5rec1_jpg,Capacitor Jumper,97,100,18,19,61,62,component,,,
pcb5rec1_jpg__080__Capacitor_Jumper.png,fpic_rf100,train/images/pcb5rec1_jpg.rf.2ee10094918fc37ff3a038b24d810f1c.jpg,pcb5rec1_jpg,Capacitor Jumper,112,126,21,24,70,79,component,,,
pcb5rec1_jpg__085__Capacitor_Jumper.png,fpic_rf100,train/images/pcb5rec1_jpg.rf.2ee10094918fc37ff3a038b24d810f1c.jpg,pcb5rec1_jpg,Capacitor Jumper,144,128,27,24,90,80,component,,,
pcb62rec1_jpg__122__Connector.png,fpic_rf100,valid/images/pcb62rec1_jpg.rf.225f0204b18e3d120c64d8f324d1ee4b.jpg,pcb62rec1_jpg,Connector,484,143,91,27,303,89,component,,,
pcb62rec1_jpg__130__IC.png,fpic_rf100,valid/images/pcb62rec1_jpg.rf.225f0204b18e3d120c64d8f324d1ee4b.jpg,pcb62rec1_jpg,IC,95,78,18,15,59,49,component,,,
pcb62rec1_jpg__166__IC.png,fpic_rf100,valid/images/pcb62rec1_jpg.rf.225f0204b18e3d120c64d8f324d1ee4b.jpg,pcb62rec1_jpg,IC,343,244,64,46,214,152,component,,,
pcb62rec1_jpg__190__IC.png,fpic_rf100,valid/images/pcb62rec1_jpg.rf.225f0204b18e3d120c64d8f324d1ee4b.jpg,pcb62rec1_jpg,IC,160,102,30,19,100,64,component,,,
pcb62rec1_jpg__212__IC.png,fpic_rf100,valid/images/pcb62rec1_jpg.rf.225f0204b18e3d120c64d8f324d1ee4b.jpg,pcb62rec1_jpg,IC,166,102,31,19,104,64,component,,,
pcb62rec1_jpg__232__Connector.png,fpic_rf100,valid/images/pcb62rec1_jpg.rf.225f0204b18e3d120c64d8f324d1ee4b.jpg,pcb62rec1_jpg,Connector,492,116,92,27,308,89,component,,,
pcb63rec1_jpg__025__IC.png,fpic_rf100,train/images/pcb63rec1_jpg.rf.997847b44ee22b6bbced4061d038ab12.jpg,pcb63rec1_jpg,IC,203,198,38,37,127,124,component,,,
pcb66rec1_jpg__037__Connector.png,fpic_rf100,train/images/pcb66rec1_jpg.rf.2a4d6d3052dd1a67d6fc65d3d2fa7c71.jpg,pcb66rec1_jpg,Connector,124,358,23,67,78,224,component,,,
pcb66rec1_jpg__050__Connector.png,fpic_rf100,train/images/pcb66rec1_jpg.rf.2a4d6d3052dd1a67d6fc65d3d2fa7c71.jpg,pcb66rec1_jpg,Connector,443,152,83,28,277,95,component,,,
pcb66rec1_jpg__147__IC.png,fpic_rf100,train/images/pcb66rec1_jpg.rf.2a4d6d3052dd1a67d6fc65d3d2fa7c71.jpg,pcb66rec1_jpg,IC,299,296,56,56,187,185,component,,,
pcb66rec1_jpg__148__Connector.png,fpic_rf100,train/images/pcb66rec1_jpg.rf.2a4d6d3052dd1a67d6fc65d3d2fa7c71.jpg,pcb66rec1_jpg,Connector,117,364,22,68,73,228,component,,,
pcb66rec1_jpg__166__Connector.png,fpic_rf100,train/images/pcb66rec1_jpg.rf.2a4d6d3052dd1a67d6fc65d3d2fa7c71.jpg,pcb66rec1_jpg,Connector,175,85,33,16,109,53,component,,,
pcb67rec1_jpg__056__IC.png,fpic_rf100,train/images/pcb67rec1_jpg.rf.17df5fde9c5a489aea5575d0bdb26a38.jpg,pcb67rec1_jpg,IC,200,191,37,38,125,125,component,,,
pcb68rec1_jpg__054__IC.png,fpic_rf100,train/images/pcb68rec1_jpg.rf.0d6b3f5d5a18257776cc6f37a4b19ead.jpg,pcb68rec1_jpg,IC,160,165,30,31,100,103,component,,,
pcb6rec1_jpg__001__IC.png,fpic_rf100,test/images/pcb6rec1_jpg.rf.41824ff2e795ccacb5a3f9222281a4df.jpg,pcb6rec1_jpg,IC,133,283,25,53,83,177,component,,,
pcb6rec1_jpg__005__IC.png,fpic_rf100,test/images/pcb6rec1_jpg.rf.41824ff2e795ccacb5a3f9222281a4df.jpg,pcb6rec1_jpg,IC,533,252,100,47,333,158,component,,,
pcb6rec1_jpg__006__IC.png,fpic_rf100,test/images/pcb6rec1_jpg.rf.41824ff2e795ccacb5a3f9222281a4df.jpg,pcb6rec1_jpg,IC,138,289,26,54,86,181,component,,,
pcb6rec1_jpg__007__IC.png,fpic_rf100,test/images/pcb6rec1_jpg.rf.41824ff2e795ccacb5a3f9222281a4df.jpg,pcb6rec1_jpg,IC,139,288,26,54,87,180,component,,,
pcb6rec1_jpg__010__IC.png,fpic_rf100,test/images/pcb6rec1_jpg.rf.41824ff2e795ccacb5a3f9222281a4df.jpg,pcb6rec1_jpg,IC,129,273,24,51,81,171,component,,,
pcb6rec1_jpg__011__IC.png,fpic_rf100,test/images/pcb6rec1_jpg.rf.41824ff2e795ccacb5a3f9222281a4df.jpg,pcb6rec1_jpg,IC,129,276,24,52,81,172,component,,,
pcb6rec1_jpg__012__IC.png,fpic_rf100,test/images/pcb6rec1_jpg.rf.41824ff2e795ccacb5a3f9222281a4df.jpg,pcb6rec1_jpg,IC,129,277,24,52,81,173,component,,,
pcb6rec1_jpg__026__IC.png,fpic_rf100,test/images/pcb6rec1_jpg.rf.41824ff2e795ccacb5a3f9222281a4df.jpg,pcb6rec1_jpg,IC,159,284,30,53,99,178,component,,,
pcb6rec1_jpg__028__IC.png,fpic_rf100,test/images/pcb6rec1_jpg.rf.41824ff2e795ccacb5a3f9222281a4df.jpg,pcb6rec1_jpg,IC,127,288,24,54,79,180,component,,,
pcb6rec1_jpg__029__IC.png,fpic_rf100,test/images/pcb6rec1_jpg.rf.41824ff2e795ccacb5a3f9222281a4df.jpg,pcb6rec1_jpg,IC,182,341,34,64,114,213,component,,,
pcb6rec1_jpg__030__IC.png,fpic_rf100,test/images/pcb6rec1_jpg.rf.41824ff2e795ccacb5a3f9222281a4df.jpg,pcb6rec1_jpg,IC,145,268,27,50,91,168,component,,,
pcb6rec1_jpg__043__IC.png,fpic_rf100,test/images/pcb6rec1_jpg.rf.41824ff2e795ccacb5a3f9222281a4df.jpg,pcb6rec1_jpg,IC,271,736,51,138,169,460,component,,,
pcb6rec1_jpg__046__Connector.png,fpic_rf100,test/images/pcb6rec1_jpg.rf.41824ff2e795ccacb5a3f9222281a4df.jpg,pcb6rec1_jpg,Connector,119,316,22,59,75,198,component,,,
pcb6rec1_jpg__062__Connector.png,fpic_rf100,test/images/pcb6rec1_jpg.rf.41824ff2e795ccacb5a3f9222281a4df.jpg,pcb6rec1_jpg,Connector,138,326,26,61,86,204,component,,,
pcb6rec1_jpg__063__IC.png,fpic_rf100,test/images/pcb6rec1_jpg.rf.41824ff2e795ccacb5a3f9222281a4df.jpg,pcb6rec1_jpg,IC,245,458,46,86,153,286,component,,,
pcb6rec1_jpg__077__IC.png,fpic_rf100,test/images/pcb6rec1_jpg.rf.41824ff2e795ccacb5a3f9222281a4df.jpg,pcb6rec1_jpg,IC,177,272,33,51,111,170,component,,,
pcb6rec1_jpg__078__IC.png,fpic_rf100,test/images/pcb6rec1_jpg.rf.41824ff2e795ccacb5a3f9222281a4df.jpg,pcb6rec1_jpg,IC,145,293,27,55,91,183,component,,,
pcb6rec1_jpg__080__IC.png,fpic_rf100,test/images/pcb6rec1_jpg.rf.41824ff2e795ccacb5a3f9222281a4df.jpg,pcb6rec1_jpg,IC,143,139,27,26,89,87,component,,,
pcb70rec1_jpg__194__IC.png,fpic_rf100,train/images/pcb70rec1_jpg.rf.4eb0826b812723ba9dad8f5c634755b9.jpg,pcb70rec1_jpg,IC,138,144,26,27,86,90,component,,,
pcb71rec1_jpg__061__IC.png,fpic_rf100,train/images/pcb71rec1_jpg.rf.c7730ddb34dcd702a3175edabb7a2f81.jpg,pcb71rec1_jpg,IC,107,84,20,16,67,52,component,,,
pcb71rec1_jpg__087__IC.png,fpic_rf100,train/images/pcb71rec1_jpg.rf.c7730ddb34dcd702a3175edabb7a2f81.jpg,pcb71rec1_jpg,IC,143,140,27,26,89,88,component,,,
pcb72rec1_jpg__072__IC.png,fpic_rf100,train/images/pcb72rec1_jpg.rf.22854e458436876d29e05abfafc260a7.jpg,pcb72rec1_jpg,IC,196,196,37,37,122,122,component,,,
pcb74rec1_jpg__055__IC.png,fpic_rf100,train/images/pcb74rec1_jpg.rf.25eb1d29fa7b657e688f31dd35059417.jpg,pcb74rec1_jpg,IC,182,180,34,34,114,112,component,,,
pcb75rec1_jpg__142__IC.png,fpic_rf100,train/images/pcb75rec1_jpg.rf.0514a9fd61165604b40bb4e1852398e3.jpg,pcb75rec1_jpg,IC,171,169,32,32,107,105,component,,,
pcb76rec1_jpg__021__IC.png,fpic_rf100,train/images/pcb76rec1_jpg.rf.01958705475b2726f99c3723e41a9b3c.jpg,pcb76rec1_jpg,IC,188,193,35,34,118,122,component,,,
pcb7rec1_jpg__002__IC.png,fpic_rf100,train/images/pcb7rec1_jpg.rf.63e2d73378d98809252f01da41a84a01.jpg,pcb7rec1_jpg,IC,388,372,73,70,242,232,component,,,
pcb7rec1_jpg__003__IC.png,fpic_rf100,train/images/pcb7rec1_jpg.rf.63e2d73378d98809252f01da41a84a01.jpg,pcb7rec1_jpg,IC,373,367,70,69,233,229,component,,,
pcb7rec1_jpg__004__IC.png,fpic_rf100,train/images/pcb7rec1_jpg.rf.63e2d73378d98809252f01da41a84a01.jpg,pcb7rec1_jpg,IC,159,168,30,32,99,105,component,,,
pcb7rec1_jpg__005__IC.png,fpic_rf100,train/images/pcb7rec1_jpg.rf.63e2d73378d98809252f01da41a84a01.jpg,pcb7rec1_jpg,IC,368,367,69,69,230,229,component,,,
pcb7rec1_jpg__006__IC.png,fpic_rf100,train/images/pcb7rec1_jpg.rf.63e2d73378d98809252f01da41a84a01.jpg,pcb7rec1_jpg,IC,369,376,69,70,231,235,component,,,
pcb7rec1_jpg__008__IC.png,fpic_rf100,train/images/pcb7rec1_jpg.rf.63e2d73378d98809252f01da41a84a01.jpg,pcb7rec1_jpg,IC,240,175,45,33,150,109,component,,,
pcb7rec1_jpg__009__IC.png,fpic_rf100,train/images/pcb7rec1_jpg.rf.63e2d73378d98809252f01da41a84a01.jpg,pcb7rec1_jpg,IC,235,181,44,34,147,113,component,,,
pcb7rec1_jpg__010__IC.png,fpic_rf100,train/images/pcb7rec1_jpg.rf.63e2d73378d98809252f01da41a84a01.jpg,pcb7rec1_jpg,IC,85,91,16,17,53,57,component,,,
pcb7rec1_jpg__011__IC.png,fpic_rf100,train/images/pcb7rec1_jpg.rf.63e2d73378d98809252f01da41a84a01.jpg,pcb7rec1_jpg,IC,226,340,0,64,174,212,component,,,
pcb7rec1_jpg__012__IC.png,fpic_rf100,train/images/pcb7rec1_jpg.rf.63e2d73378d98809252f01da41a84a01.jpg,pcb7rec1_jpg,IC,104,123,20,23,65,77,component,,,
pcb7rec1_jpg__013__IC.png,fpic_rf100,train/images/pcb7rec1_jpg.rf.63e2d73378d98809252f01da41a84a01.jpg,pcb7rec1_jpg,IC,107,118,20,22,67,74,component,,,
pcb7rec1_jpg__014__IC.png,fpic_rf100,train/images/pcb7rec1_jpg.rf.63e2d73378d98809252f01da41a84a01.jpg,pcb7rec1_jpg,IC,236,180,44,34,148,112,component,,,
pcb7rec1_jpg__015__IC.png,fpic_rf100,train/images/pcb7rec1_jpg.rf.63e2d73378d98809252f01da41a84a01.jpg,pcb7rec1_jpg,IC,240,177,45,33,150,111,component,,,
pcb7rec1_jpg__016__IC.png,fpic_rf100,train/images/pcb7rec1_jpg.rf.63e2d73378d98809252f01da41a84a01.jpg,pcb7rec1_jpg,IC,108,120,20,22,68,75,component,,,
pcb7rec1_jpg__017__IC.png,fpic_rf100,train/images/pcb7rec1_jpg.rf.63e2d73378d98809252f01da41a84a01.jpg,pcb7rec1_jpg,IC,95,112,18,21,59,70,component,,,
pcb7rec1_jpg__018__IC.png,fpic_rf100,train/images/pcb7rec1_jpg.rf.63e2d73378d98809252f01da41a84a01.jpg,pcb7rec1_jpg,IC,159,165,30,31,99,103,component,,,
pcb7rec1_jpg__019__IC.png,fpic_rf100,train/images/pcb7rec1_jpg.rf.63e2d73378d98809252f01da41a84a01.jpg,pcb7rec1_jpg,IC,108,132,20,25,68,82,component,,,
pcb7rec1_jpg__020__IC.png,fpic_rf100,train/images/pcb7rec1_jpg.rf.63e2d73378d98809252f01da41a84a01.jpg,pcb7rec1_jpg,IC,160,161,30,30,100,101,component,,,
pcb7rec1_jpg__021__IC.png,fpic_rf100,train/images/pcb7rec1_jpg.rf.63e2d73378d98809252f01da41a84a01.jpg,pcb7rec1_jpg,IC,156,170,29,32,98,106,component,,,
pcb7rec1_jpg__022__IC.png,fpic_rf100,train/images/pcb7rec1_jpg.rf.63e2d73378d98809252f01da41a84a01.jpg,pcb7rec1_jpg,IC,156,165,29,31,98,103,component,,,
pcb7rec1_jpg__023__IC.png,fpic_rf100,train/images/pcb7rec1_jpg.rf.63e2d73378d98809252f01da41a84a01.jpg,pcb7rec1_jpg,IC,116,122,22,23,72,76,component,,,
pcb7rec1_jpg__024__IC.png,fpic_rf100,train/images/pcb7rec1_jpg.rf.63e2d73378d98809252f01da41a84a01.jpg,pcb7rec1_jpg,IC,111,111,21,21,69,69,component,,,
pcb7rec1_jpg__025__IC.png,fpic_rf100,train/images/pcb7rec1_jpg.rf.63e2d73378d98809252f01da41a84a01.jpg,pcb7rec1_jpg,IC,97,107,18,20,61,67,component,,,
pcb7rec1_jpg__026__IC.png,fpic_rf100,train/images/pcb7rec1_jpg.rf.63e2d73378d98809252f01da41a84a01.jpg,pcb7rec1_jpg,IC,108,112,20,21,68,70,component,,,
pcb7rec1_jpg__027__IC.png,fpic_rf100,train/images/pcb7rec1_jpg.rf.63e2d73378d98809252f01da41a84a01.jpg,pcb7rec1_jpg,IC,226,280,0,52,174,175,component,,,
pcb7rec1_jpg__028__IC.png,fpic_rf100,train/images/pcb7rec1_jpg.rf.63e2d73378d98809252f01da41a84a01.jpg,pcb7rec1_jpg,IC,438,426,82,80,274,266,component,,,
pcb7rec1_jpg__029__IC.png,fpic_rf100,train/images/pcb7rec1_jpg.rf.63e2d73378d98809252f01da41a84a01.jpg,pcb7rec1_jpg,IC,369,356,69,67,231,222,component,,,
pcb7rec1_jpg__030__IC.png,fpic_rf100,train/images/pcb7rec1_jpg.rf.63e2d73378d98809252f01da41a84a01.jpg,pcb7rec1_jpg,IC,372,356,70,67,232,222,component,,,
pcb7rec1_jpg__031__IC.png,fpic_rf100,train/images/pcb7rec1_jpg.rf.63e2d73378d98809252f01da41a84a01.jpg,pcb7rec1_jpg,IC,369,367,69,69,231,229,component,,,
pcb7rec1_jpg__032__IC.png,fpic_rf100,train/images/pcb7rec1_jpg.rf.63e2d73378d98809252f01da41a84a01.jpg,pcb7rec1_jpg,IC,378,363,71,68,236,227,component,,,
pcb7rec1_jpg__033__IC.png,fpic_rf100,train/images/pcb7rec1_jpg.rf.63e2d73378d98809252f01da41a84a01.jpg,pcb7rec1_jpg,IC,363,368,68,69,227,230,component,,,
pcb7rec1_jpg__034__IC.png,fpic_rf100,train/images/pcb7rec1_jpg.rf.63e2d73378d98809252f01da41a84a01.jpg,pcb7rec1_jpg,IC,208,266,0,50,160,166,component,,,
pcb7rec1_jpg__035__IC.png,fpic_rf100,train/images/pcb7rec1_jpg.rf.63e2d73378d98809252f01da41a84a01.jpg,pcb7rec1_jpg,IC,97,122,18,23,61,76,component,,,
pcb7rec1_jpg__036__IC.png,fpic_rf100,train/images/pcb7rec1_jpg.rf.63e2d73378d98809252f01da41a84a01.jpg,pcb7rec1_jpg,IC,102,116,19,22,64,72,component,,,
pcb7rec1_jpg__037__IC.png,fpic_rf100,train/images/pcb7rec1_jpg.rf.63e2d73378d98809252f01da41a84a01.jpg,pcb7rec1_jpg,IC,116,132,22,25,72,82,component,,,
pcb7rec1_jpg__038__IC.png,fpic_rf100,train/images/pcb7rec1_jpg.rf.63e2d73378d98809252f01da41a84a01.jpg,pcb7rec1_jpg,IC,101,122,19,23,63,76,component,,,
pcb7rec1_jpg__039__IC.png,fpic_rf100,train/images/pcb7rec1_jpg.rf.63e2d73378d98809252f01da41a84a01.jpg,pcb7rec1_jpg,IC,106,123,20,23,66,77,component,,,
pcb7rec1_jpg__040__IC.png,fpic_rf100,train/images/pcb7rec1_jpg.rf.63e2d73378d98809252f01da41a84a01.jpg,pcb7rec1_jpg,IC,96,117,18,22,60,73,component,,,
pcb7rec1_jpg__041__IC.png,fpic_rf100,train/images/pcb7rec1_jpg.rf.63e2d73378d98809252f01da41a84a01.jpg,pcb7rec1_jpg,IC,108,122,20,23,68,76,component,,,
pcb7rec1_jpg__043__IC.png,fpic_rf100,train/images/pcb7rec1_jpg.rf.63e2d73378d98809252f01da41a84a01.jpg,pcb7rec1_jpg,IC,159,171,30,32,99,107,component,,,
pcb7rec1_jpg__044__IC.png,fpic_rf100,train/images/pcb7rec1_jpg.rf.63e2d73378d98809252f01da41a84a01.jpg,pcb7rec1_jpg,IC,154,159,29,30,96,99,component,,,
pcb7rec1_jpg__045__IC.png,fpic_rf100,train/images/pcb7rec1_jpg.rf.63e2d73378d98809252f01da41a84a01.jpg,pcb7rec1_jpg,IC,166,171,31,32,104,107,component,,,
pcb7rec1_jpg__046__IC.png,fpic_rf100,train/images/pcb7rec1_jpg.rf.63e2d73378d98809252f01da41a84a01.jpg,pcb7rec1_jpg,IC,154,166,29,31,96,104,component,,,
pcb7rec1_jpg__047__IC.png,fpic_rf100,train/images/pcb7rec1_jpg.rf.63e2d73378d98809252f01da41a84a01.jpg,pcb7rec1_jpg,IC,136,160,25,30,85,100,component,,,
pcb7rec1_jpg__048__IC.png,fpic_rf100,train/images/pcb7rec1_jpg.rf.63e2d73378d98809252f01da41a84a01.jpg,pcb7rec1_jpg,IC,141,159,6,30,104,99,component,,,
pcb7rec1_jpg__049__IC.png,fpic_rf100,train/images/pcb7rec1_jpg.rf.63e2d73378d98809252f01da41a84a01.jpg,pcb7rec1_jpg,IC,102,108,19,20,64,68,component,,,
pcb7rec1_jpg__050__IC.png,fpic_rf100,train/images/pcb7rec1_jpg.rf.63e2d73378d98809252f01da41a84a01.jpg,pcb7rec1_jpg,IC,102,101,19,19,64,63,component,,,
pcb7rec1_jpg__051__IC.png,fpic_rf100,train/images/pcb7rec1_jpg.rf.63e2d73378d98809252f01da41a84a01.jpg,pcb7rec1_jpg,IC,116,112,22,21,72,70,component,,,
pcb7rec1_jpg__052__IC.png,fpic_rf100,train/images/pcb7rec1_jpg.rf.63e2d73378d98809252f01da41a84a01.jpg,pcb7rec1_jpg,IC,92,107,17,20,58,67,component,,,
pcb7rec1_jpg__053__IC.png,fpic_rf100,train/images/pcb7rec1_jpg.rf.63e2d73378d98809252f01da41a84a01.jpg,pcb7rec1_jpg,IC,106,113,20,21,66,71,component,,,
pcb7rec1_jpg__055__IC.png,fpic_rf100,train/images/pcb7rec1_jpg.rf.63e2d73378d98809252f01da41a84a01.jpg,pcb7rec1_jpg,IC,229,251,43,47,143,157,component,,,
pcb7rec1_jpg__056__IC.png,fpic_rf100,train/images/pcb7rec1_jpg.rf.63e2d73378d98809252f01da41a84a01.jpg,pcb7rec1_jpg,IC,245,245,46,46,153,153,component,,,
pcb7rec1_jpg__057__Resistor_Network.png,fpic_rf100,train/images/pcb7rec1_jpg.rf.63e2d73378d98809252f01da41a84a01.jpg,pcb7rec1_jpg,Resistor Network,108,175,20,33,68,109,component,,,
pcb7rec1_jpg__058__IC.png,fpic_rf100,train/images/pcb7rec1_jpg.rf.63e2d73378d98809252f01da41a84a01.jpg,pcb7rec1_jpg,IC,383,161,72,37,239,123,component,,,
pcb7rec1_jpg__059__IC.png,fpic_rf100,train/images/pcb7rec1_jpg.rf.63e2d73378d98809252f01da41a84a01.jpg,pcb7rec1_jpg,IC,380,214,71,49,238,164,component,,,
pcb7rec1_jpg__060__IC.png,fpic_rf100,train/images/pcb7rec1_jpg.rf.63e2d73378d98809252f01da41a84a01.jpg,pcb7rec1_jpg,IC,373,268,70,62,233,205,component,,,
pcb7rec1_jpg__061__IC.png,fpic_rf100,train/images/pcb7rec1_jpg.rf.63e2d73378d98809252f01da41a84a01.jpg,pcb7rec1_jpg,IC,365,373,71,70,237,233,component,,,
pcb7rec1_jpg__062__IC.png,fpic_rf100,train/images/pcb7rec1_jpg.rf.63e2d73378d98809252f01da41a84a01.jpg,pcb7rec1_jpg,IC,385,321,72,71,241,237,component,,,
pcb7rec1_jpg__063__IC.png,fpic_rf100,train/images/pcb7rec1_jpg.rf.63e2d73378d98809252f01da41a84a01.jpg,pcb7rec1_jpg,IC,378,360,71,70,236,234,component,,,
pcb7rec1_jpg__064__IC.png,fpic_rf100,train/images/pcb7rec1_jpg.rf.63e2d73378d98809252f01da41a84a01.jpg,pcb7rec1_jpg,IC,97,123,18,23,61,77,component,,,
pcb7rec1_jpg__065__IC.png,fpic_rf100,train/images/pcb7rec1_jpg.rf.63e2d73378d98809252f01da41a84a01.jpg,pcb7rec1_jpg,IC,364,360,68,68,228,225,component,,,
pcb7rec1_jpg__066__Capacitor.png,fpic_rf100,train/images/pcb7rec1_jpg.rf.63e2d73378d98809252f01da41a84a01.jpg,pcb7rec1_jpg,Capacitor,80,143,15,27,50,89,component,,,
pcb7rec1_jpg__068__IC.png,fpic_rf100,train/images/pcb7rec1_jpg.rf.63e2d73378d98809252f01da41a84a01.jpg,pcb7rec1_jpg,IC,372,359,70,61,232,229,component,,,
pcb7rec1_jpg__069__IC.png,fpic_rf100,train/images/pcb7rec1_jpg.rf.63e2d73378d98809252f01da41a84a01.jpg,pcb7rec1_jpg,IC,372,319,70,15,232,234,component,,,
pcb7rec1_jpg__071__IC.png,fpic_rf100,train/images/pcb7rec1_jpg.rf.63e2d73378d98809252f01da41a84a01.jpg,pcb7rec1_jpg,IC,380,273,71,0,238,210,component,,,
pcb7rec1_jpg__073__IC.png,fpic_rf100,train/images/pcb7rec1_jpg.rf.63e2d73378d98809252f01da41a84a01.jpg,pcb7rec1_jpg,IC,91,89,17,8,57,62,component,,,
pcb7rec1_jpg__074__IC.png,fpic_rf100,train/images/pcb7rec1_jpg.rf.63e2d73378d98809252f01da41a84a01.jpg,pcb7rec1_jpg,IC,264,170,49,6,165,126,component,,,
pcb7rec1_jpg__075__IC.png,fpic_rf100,train/images/pcb7rec1_jpg.rf.63e2d73378d98809252f01da41a84a01.jpg,pcb7rec1_jpg,IC,91,92,17,17,57,58,component,,,
pcb7rec1_jpg__076__IC.png,fpic_rf100,train/images/pcb7rec1_jpg.rf.63e2d73378d98809252f01da41a84a01.jpg,pcb7rec1_jpg,IC,106,122,20,23,66,76,component,,,
pcb7rec1_jpg__077__IC.png,fpic_rf100,train/images/pcb7rec1_jpg.rf.63e2d73378d98809252f01da41a84a01.jpg,pcb7rec1_jpg,IC,108,120,20,23,68,75,component,,,
pcb7rec1_jpg__078__IC.png,fpic_rf100,train/images/pcb7rec1_jpg.rf.63e2d73378d98809252f01da41a84a01.jpg,pcb7rec1_jpg,IC,108,120,20,22,68,75,component,,,
pcb7rec1_jpg__079__IC.png,fpic_rf100,train/images/pcb7rec1_jpg.rf.63e2d73378d98809252f01da41a84a01.jpg,pcb7rec1_jpg,IC,113,118,21,22,71,74,component,,,
pcb7rec1_jpg__080__IC.png,fpic_rf100,train/images/pcb7rec1_jpg.rf.63e2d73378d98809252f01da41a84a01.jpg,pcb7rec1_jpg,IC,111,117,21,22,69,73,component,,,
pcb7rec1_jpg__081__IC.png,fpic_rf100,train/images/pcb7rec1_jpg.rf.63e2d73378d98809252f01da41a84a01.jpg,pcb7rec1_jpg,IC,268,203,50,38,168,127,component,,,
pcb7rec1_jpg__082__IC.png,fpic_rf100,train/images/pcb7rec1_jpg.rf.63e2d73378d98809252f01da41a84a01.jpg,pcb7rec1_jpg,IC,152,156,29,29,95,98,component,,,
pcb7rec1_jpg__083__IC.png,fpic_rf100,train/images/pcb7rec1_jpg.rf.63e2d73378d98809252f01da41a84a01.jpg,pcb7rec1_jpg,IC,156,161,29,30,98,101,component,,,
pcb7rec1_jpg__084__IC.png,fpic_rf100,train/images/pcb7rec1_jpg.rf.63e2d73378d98809252f01da41a84a01.jpg,pcb7rec1_jpg,IC,165,170,31,32,103,106,component,,,
pcb7rec1_jpg__085__IC.png,fpic_rf100,train/images/pcb7rec1_jpg.rf.63e2d73378d98809252f01da41a84a01.jpg,pcb7rec1_jpg,IC,273,239,51,45,171,149,component,,,
pcb7rec1_jpg__086__IC.png,fpic_rf100,train/images/pcb7rec1_jpg.rf.63e2d73378d98809252f01da41a84a01.jpg,pcb7rec1_jpg,IC,164,164,31,31,102,102,component,,,
pcb7rec1_jpg__087__IC.png,fpic_rf100,train/images/pcb7rec1_jpg.rf.63e2d73378d98809252f01da41a84a01.jpg,pcb7rec1_jpg,IC,149,172,28,32,93,108,component,,,
pcb7rec1_jpg__088__IC.png,fpic_rf100,train/images/pcb7rec1_jpg.rf.63e2d73378d98809252f01da41a84a01.jpg,pcb7rec1_jpg,IC,104,118,19,22,65,74,component,,,
pcb7rec1_jpg__089__IC.png,fpic_rf100,train/images/pcb7rec1_jpg.rf.63e2d73378d98809252f01da41a84a01.jpg,pcb7rec1_jpg,IC,97,100,18,19,61,62,component,,,
pcb7rec1_jpg__090__IC.png,fpic_rf100,train/images/pcb7rec1_jpg.rf.63e2d73378d98809252f01da41a84a01.jpg,pcb7rec1_jpg,IC,102,108,19,20,64,68,component,,,
pcb7rec1_jpg__091__IC.png,fpic_rf100,train/images/pcb7rec1_jpg.rf.63e2d73378d98809252f01da41a84a01.jpg,pcb7rec1_jpg,IC,124,116,23,22,78,72,component,,,
pcb7rec1_jpg__092__IC.png,fpic_rf100,train/images/pcb7rec1_jpg.rf.63e2d73378d98809252f01da41a84a01.jpg,pcb7rec1_jpg,IC,113,118,21,22,71,74,component,,,
pcb7rec1_jpg__093__IC.png,fpic_rf100,train/images/pcb7rec1_jpg.rf.63e2d73378d98809252f01da41a84a01.jpg,pcb7rec1_jpg,IC,123,159,23,30,77,99,component,,,
pcb7rec1_jpg__094__IC.png,fpic_rf100,train/images/pcb7rec1_jpg.rf.63e2d73378d98809252f01da41a84a01.jpg,pcb7rec1_jpg,IC,267,209,50,39,167,131,component,,,
pcb7rec1_jpg__095__IC.png,fpic_rf100,train/images/pcb7rec1_jpg.rf.63e2d73378d98809252f01da41a84a01.jpg,pcb7rec1_jpg,IC,166,152,31,29,104,95,component,,,
pcb7rec1_jpg__096__IC.png,fpic_rf100,train/images/pcb7rec1_jpg.rf.63e2d73378d98809252f01da41a84a01.jpg,pcb7rec1_jpg,IC,107,145,20,27,67,91,component,,,
pcb7rec1_jpg__097__IC.png,fpic_rf100,train/images/pcb7rec1_jpg.rf.63e2d73378d98809252f01da41a84a01.jpg,pcb7rec1_jpg,IC,128,143,24,27,80,89,component,,,
pcb7rec1_jpg__098__IC.png,fpic_rf100,train/images/pcb7rec1_jpg.rf.63e2d73378d98809252f01da41a84a01.jpg,pcb7rec1_jpg,IC,373,368,70,69,233,230,component,,,
pcb7rec1_jpg__099__IC.png,fpic_rf100,train/images/pcb7rec1_jpg.rf.63e2d73378d98809252f01da41a84a01.jpg,pcb7rec1_jpg,IC,368,360,69,67,230,225,component,,,
pcb7rec1_jpg__100__IC.png,fpic_rf100,train/images/pcb7rec1_jpg.rf.63e2d73378d98809252f01da41a84a01.jpg,pcb7rec1_jpg,IC,377,363,71,68,235,227,component,,,
pcb7rec1_jpg__101__IC.png,fpic_rf100,train/images/pcb7rec1_jpg.rf.63e2d73378d98809252f01da41a84a01.jpg,pcb7rec1_jpg,IC,357,352,67,66,223,220,component,,,
pcb7rec1_jpg__102__IC.png,fpic_rf100,train/images/pcb7rec1_jpg.rf.63e2d73378d98809252f01da41a84a01.jpg,pcb7rec1_jpg,IC,362,358,68,67,226,224,component,,,
pcb7rec1_jpg__103__IC.png,fpic_rf100,train/images/pcb7rec1_jpg.rf.63e2d73378d98809252f01da41a84a01.jpg,pcb7rec1_jpg,IC,107,108,20,20,67,68,component,,,
pcb7rec1_jpg__104__IC.png,fpic_rf100,train/images/pcb7rec1_jpg.rf.63e2d73378d98809252f01da41a84a01.jpg,pcb7rec1_jpg,IC,264,232,50,44,165,145,component,,,
pcb7rec1_jpg__105__IC.png,fpic_rf100,train/images/pcb7rec1_jpg.rf.63e2d73378d98809252f01da41a84a01.jpg,pcb7rec1_jpg,IC,378,369,71,69,236,231,component,,,
pcb7rec1_jpg__106__IC.png,fpic_rf100,train/images/pcb7rec1_jpg.rf.63e2d73378d98809252f01da41a84a01.jpg,pcb7rec1_jpg,IC,116,118,22,22,72,74,component,,,
pcb7rec1_jpg__107__IC.png,fpic_rf100,train/images/pcb7rec1_jpg.rf.63e2d73378d98809252f01da41a84a01.jpg,pcb7rec1_jpg,IC,117,120,22,23,73,75,component,,,
pcb7rec1_jpg__108__IC.png,fpic_rf100,train/images/pcb7rec1_jpg.rf.63e2d73378d98809252f01da41a84a01.jpg,pcb7rec1_jpg,IC,102,120,19,22,64,75,component,,,
pcb7rec1_jpg__109__IC.png,fpic_rf100,train/images/pcb7rec1_jpg.rf.63e2d73378d98809252f01da41a84a01.jpg,pcb7rec1_jpg,IC,112,138,21,26,70,86,component,,,
pcb7rec1_jpg__110__IC.png,fpic_rf100,train/images/pcb7rec1_jpg.rf.63e2d73378d98809252f01da41a84a01.jpg,pcb7rec1_jpg,IC,112,112,21,21,70,70,component,,,
pcb7rec1_jpg__111__IC.png,fpic_rf100,train/images/pcb7rec1_jpg.rf.63e2d73378d98809252f01da41a84a01.jpg,pcb7rec1_jpg,IC,116,123,22,23,72,77,component,,,
pcb7rec1_jpg__112__IC.png,fpic_rf100,train/images/pcb7rec1_jpg.rf.63e2d73378d98809252f01da41a84a01.jpg,pcb7rec1_jpg,IC,106,113,20,21,66,71,component,,,
pcb7rec1_jpg__113__IC.png,fpic_rf100,train/images/pcb7rec1_jpg.rf.63e2d73378d98809252f01da41a84a01.jpg,pcb7rec1_jpg,IC,166,172,31,32,104,108,component,,,
pcb7rec1_jpg__114__IC.png,fpic_rf100,train/images/pcb7rec1_jpg.rf.63e2d73378d98809252f01da41a84a01.jpg,pcb7rec1_jpg,IC,152,154,29,29,95,96,component,,,
pcb7rec1_jpg__115__IC.png,fpic_rf100,train/images/pcb7rec1_jpg.rf.63e2d73378d98809252f01da41a84a01.jpg,pcb7rec1_jpg,IC,150,165,28,31,94,103,component,,,
pcb7rec1_jpg__116__IC.png,fpic_rf100,train/images/pcb7rec1_jpg.rf.63e2d73378d98809252f01da41a84a01.jpg,pcb7rec1_jpg,IC,166,176,31,33,104,110,component,,,
pcb7rec1_jpg__117__IC.png,fpic_rf100,train/images/pcb7rec1_jpg.rf.63e2d73378d98809252f01da41a84a01.jpg,pcb7rec1_jpg,IC,150,148,28,28,94,92,component,,,
pcb7rec1_jpg__118__IC.png,fpic_rf100,train/images/pcb7rec1_jpg.rf.63e2d73378d98809252f01da41a84a01.jpg,pcb7rec1_jpg,IC,111,113,21,21,69,71,component,,,
pcb7rec1_jpg__119__IC.png,fpic_rf100,train/images/pcb7rec1_jpg.rf.63e2d73378d98809252f01da41a84a01.jpg,pcb7rec1_jpg,IC,104,111,19,21,65,69,component,,,
pcb7rec1_jpg__120__IC.png,fpic_rf100,train/images/pcb7rec1_jpg.rf.63e2d73378d98809252f01da41a84a01.jpg,pcb7rec1_jpg,IC,102,108,19,20,64,68,component,,,
pcb7rec1_jpg__121__IC.png,fpic_rf100,train/images/pcb7rec1_jpg.rf.63e2d73378d98809252f01da41a84a01.jpg,pcb7rec1_jpg,IC,107,113,20,21,67,71,component,,,
pcb7rec1_jpg__122__IC.png,fpic_rf100,train/images/pcb7rec1_jpg.rf.63e2d73378d98809252f01da41a84a01.jpg,pcb7rec1_jpg,IC,106,96,20,18,66,60,component,,,
pcb7rec1_jpg__123__IC.png,fpic_rf100,train/images/pcb7rec1_jpg.rf.63e2d73378d98809252f01da41a84a01.jpg,pcb7rec1_jpg,IC,182,154,34,29,114,96,component,,,
pcb7rec1_jpg__124__IC.png,fpic_rf100,train/images/pcb7rec1_jpg.rf.63e2d73378d98809252f01da41a84a01.jpg,pcb7rec1_jpg,IC,164,143,31,27,102,89,component,,,
pcb7rec1_jpg__125__IC.png,fpic_rf100,train/images/pcb7rec1_jpg.rf.63e2d73378d98809252f01da41a84a01.jpg,pcb7rec1_jpg,IC,167,144,31,27,105,90,component,,,
pcb7rec1_jpg__126__IC.png,fpic_rf100,train/images/pcb7rec1_jpg.rf.63e2d73378d98809252f01da41a84a01.jpg,pcb7rec1_jpg,IC,113,144,17,27,74,90,component,,,
pcb7rec1_jpg__127__IC.png,fpic_rf100,train/images/pcb7rec1_jpg.rf.63e2d73378d98809252f01da41a84a01.jpg,pcb7rec1_jpg,IC,166,139,31,26,104,87,component,,,
pcb81rec1_jpg__005__Connector.png,fpic_rf100,train/images/pcb81rec1_jpg.rf.8df44c7a2e5a8ff11cd30b14cd91f70b.jpg,pcb81rec1_jpg,Connector,240,932,45,175,150,582,component,,,
pcb81rec1_jpg__006__Connector.png,fpic_rf100,train/images/pcb81rec1_jpg.rf.8df44c7a2e5a8ff11cd30b14cd91f70b.jpg,pcb81rec1_jpg,Connector,245,922,46,173,153,576,component,,,
pcb81rec1_jpg__007__Connector.png,fpic_rf100,train/images/pcb81rec1_jpg.rf.8df44c7a2e5a8ff11cd30b14cd91f70b.jpg,pcb81rec1_jpg,Connector,167,936,38,176,128,585,component,,,
pcb81rec1_jpg__008__Connector.png,fpic_rf100,train/images/pcb81rec1_jpg.rf.8df44c7a2e5a8ff11cd30b14cd91f70b.jpg,pcb81rec1_jpg,Connector,225,924,42,173,141,578,component,,,
pcb81rec1_jpg__009__Connector.png,fpic_rf100,train/images/pcb81rec1_jpg.rf.8df44c7a2e5a8ff11cd30b14cd91f70b.jpg,pcb81rec1_jpg,Connector,244,940,46,176,152,588,component,,,
pcb81rec1_jpg__010__Connector.png,fpic_rf100,train/images/pcb81rec1_jpg.rf.8df44c7a2e5a8ff11cd30b14cd91f70b.jpg,pcb81rec1_jpg,Connector,225,929,42,174,141,581,component,,,
pcb81rec1_jpg__044__IC.png,fpic_rf100,train/images/pcb81rec1_jpg.rf.8df44c7a2e5a8ff11cd30b14cd91f70b.jpg,pcb81rec1_jpg,IC,116,76,22,14,72,48,component,,,
pcb81rec1_jpg__052__Transistor.png,fpic_rf100,train/images/pcb81rec1_jpg.rf.8df44c7a2e5a8ff11cd30b14cd91f70b.jpg,pcb81rec1_jpg,Transistor,148,209,28,39,92,131,component,,,
pcb81rec1_jpg__054__Transistor.png,fpic_rf100,train/images/pcb81rec1_jpg.rf.8df44c7a2e5a8ff11cd30b14cd91f70b.jpg,pcb81rec1_jpg,Transistor,149,214,28,40,93,134,component,,,
pcb81rec1_jpg__062__IC.png,fpic_rf100,train/images/pcb81rec1_jpg.rf.8df44c7a2e5a8ff11cd30b14cd91f70b.jpg,pcb81rec1_jpg,IC,112,92,21,17,70,58,component,,,
pcb81rec1_jpg__065__Transistor.png,fpic_rf100,train/images/pcb81rec1_jpg.rf.8df44c7a2e5a8ff11cd30b14cd91f70b.jpg,pcb81rec1_jpg,Transistor,148,207,28,39,92,129,component,,,
pcb81rec1_jpg__067__Transistor.png,fpic_rf100,train/images/pcb81rec1_jpg.rf.8df44c7a2e5a8ff11cd30b14cd91f70b.jpg,pcb81rec1_jpg,Transistor,149,209,28,39,93,131,component,,,
pcb81rec1_jpg__086__IC.png,fpic_rf100,train/images/pcb81rec1_jpg.rf.8df44c7a2e5a8ff11cd30b14cd91f70b.jpg,pcb81rec1_jpg,IC,143,156,27,29,89,98,component,,,
pcb81rec1_jpg__099__IC.png,fpic_rf100,train/images/pcb81rec1_jpg.rf.8df44c7a2e5a8ff11cd30b14cd91f70b.jpg,pcb81rec1_jpg,IC,145,159,27,30,91,99,component,,,
pcb81rec1_jpg__116__IC.png,fpic_rf100,train/images/pcb81rec1_jpg.rf.8df44c7a2e5a8ff11cd30b14cd91f70b.jpg,pcb81rec1_jpg,IC,97,112,18,21,61,70,component,,,
pcb81rec1_jpg__121__IC.png,fpic_rf100,train/images/pcb81rec1_jpg.rf.8df44c7a2e5a8ff11cd30b14cd91f70b.jpg,pcb81rec1_jpg,IC,95,104,18,20,59,65,component,,,
pcb81rec1_jpg__125__IC.png,fpic_rf100,train/images/pcb81rec1_jpg.rf.8df44c7a2e5a8ff11cd30b14cd91f70b.jpg,pcb81rec1_jpg,IC,225,283,42,53,141,177,component,,,
pcb81rec1_jpg__129__IC.png,fpic_rf100,train/images/pcb81rec1_jpg.rf.8df44c7a2e5a8ff11cd30b14cd91f70b.jpg,pcb81rec1_jpg,IC,128,132,24,25,80,82,component,,,
pcb81rec1_jpg__194__Connector.png,fpic_rf100,train/images/pcb81rec1_jpg.rf.8df44c7a2e5a8ff11cd30b14cd91f70b.jpg,pcb81rec1_jpg,Connector,187,560,35,88,117,363,component,,,
pcb81rec1_jpg__195__Connector.png,fpic_rf100,train/images/pcb81rec1_jpg.rf.8df44c7a2e5a8ff11cd30b14cd91f70b.jpg,pcb81rec1_jpg,Connector,119,583,27,103,91,369,component,,,
pcb81rec1_jpg__262__IC.png,fpic_rf100,train/images/pcb81rec1_jpg.rf.8df44c7a2e5a8ff11cd30b14cd91f70b.jpg,pcb81rec1_jpg,IC,149,187,28,35,93,117,component,,,
pcb81rec1_jpg__275__IC.png,fpic_rf100,train/images/pcb81rec1_jpg.rf.8df44c7a2e5a8ff11cd30b14cd91f70b.jpg,pcb81rec1_jpg,IC,160,214,30,40,100,134,component,,,
pcb81rec1_jpg__340__Connector.png,fpic_rf100,train/images/pcb81rec1_jpg.rf.8df44c7a2e5a8ff11cd30b14cd91f70b.jpg,pcb81rec1_jpg,Connector,248,1066,46,200,155,666,component,,,
pcb83rec1_jpg__001__Capacitor_Jumper.png,fpic_rf100,train/images/pcb83rec1_jpg.rf.175899d8601e975d08a894c44bfa1fcf.jpg,pcb83rec1_jpg,Capacitor Jumper,81,84,15,16,51,52,component,,,
pcb83rec1_jpg__005__Capacitor_Jumper.png,fpic_rf100,train/images/pcb83rec1_jpg.rf.175899d8601e975d08a894c44bfa1fcf.jpg,pcb83rec1_jpg,Capacitor Jumper,226,167,42,31,141,104,component,,,
pcb83rec1_jpg__018__Capacitor_Jumper.png,fpic_rf100,train/images/pcb83rec1_jpg.rf.175899d8601e975d08a894c44bfa1fcf.jpg,pcb83rec1_jpg,Capacitor Jumper,96,148,18,28,60,92,component,,,
pcb83rec1_jpg__027__iC.png,fpic_rf100,train/images/pcb83rec1_jpg.rf.175899d8601e975d08a894c44bfa1fcf.jpg,pcb83rec1_jpg,iC,305,128,57,24,191,80,component,,,
pcb83rec1_jpg__029__IC.png,fpic_rf100,train/images/pcb83rec1_jpg.rf.175899d8601e975d08a894c44bfa1fcf.jpg,pcb83rec1_jpg,IC,250,148,47,28,156,92,component,,,
pcb83rec1_jpg__033__Capacitor_Jumper.png,fpic_rf100,train/images/pcb83rec1_jpg.rf.175899d8601e975d08a894c44bfa1fcf.jpg,pcb83rec1_jpg,Capacitor Jumper,83,92,16,17,52,57,component,,,
pcb83rec1_jpg__034__IC.png,fpic_rf100,train/images/pcb83rec1_jpg.rf.175899d8601e975d08a894c44bfa1fcf.jpg,pcb83rec1_jpg,IC,315,146,59,27,197,92,component,,,
pcb83rec1_jpg__036__IC.png,fpic_rf100,train/images/pcb83rec1_jpg.rf.175899d8601e975d08a894c44bfa1fcf.jpg,pcb83rec1_jpg,IC,278,175,52,33,174,109,component,,,
pcb83rec1_jpg__038__IC.png,fpic_rf100,train/images/pcb83rec1_jpg.rf.175899d8601e975d08a894c44bfa1fcf.jpg,pcb83rec1_jpg,IC,306,167,57,31,192,105,component,,,
pcb83rec1_jpg__039__IC.png,fpic_rf100,train/images/pcb83rec1_jpg.rf.175899d8601e975d08a894c44bfa1fcf.jpg,pcb83rec1_jpg,IC,311,144,58,27,195,90,component,,,
pcb83rec1_jpg__040__IC.png,fpic_rf100,train/images/pcb83rec1_jpg.rf.175899d8601e975d08a894c44bfa1fcf.jpg,pcb83rec1_jpg,IC,466,151,87,28,291,95,component,,,
pcb83rec1_jpg__041__IC.png,fpic_rf100,train/images/pcb83rec1_jpg.rf.175899d8601e975d08a894c44bfa1fcf.jpg,pcb83rec1_jpg,IC,250,144,47,27,156,90,component,,,
pcb83rec1_jpg__042__IC.png,fpic_rf100,train/images/pcb83rec1_jpg.rf.175899d8601e975d08a894c44bfa1fcf.jpg,pcb83rec1_jpg,IC,281,132,53,25,175,82,component,,,
pcb83rec1_jpg__043__IC.png,fpic_rf100,train/images/pcb83rec1_jpg.rf.175899d8601e975d08a894c44bfa1fcf.jpg,pcb83rec1_jpg,IC,554,267,104,50,346,167,component,,,
pcb83rec1_jpg__045__IC.png,fpic_rf100,train/images/pcb83rec1_jpg.rf.175899d8601e975d08a894c44bfa1fcf.jpg,pcb83rec1_jpg,IC,323,175,61,33,202,109,component,,,
pcb83rec1_jpg__046__IC.png,fpic_rf100,train/images/pcb83rec1_jpg.rf.175899d8601e975d08a894c44bfa1fcf.jpg,pcb83rec1_jpg,IC,340,176,64,33,213,110,component,,,
pcb83rec1_jpg__047__iC.png,fpic_rf100,train/images/pcb83rec1_jpg.rf.175899d8601e975d08a894c44bfa1fcf.jpg,pcb83rec1_jpg,iC,292,153,55,29,182,96,component,,,
pcb83rec1_jpg__048__IC.png,fpic_rf100,train/images/pcb83rec1_jpg.rf.175899d8601e975d08a894c44bfa1fcf.jpg,pcb83rec1_jpg,IC,268,141,50,26,168,88,component,,,
pcb83rec1_jpg__049__IC.png,fpic_rf100,train/images/pcb83rec1_jpg.rf.175899d8601e975d08a894c44bfa1fcf.jpg,pcb83rec1_jpg,IC,324,187,61,35,202,117,component,,,
pcb83rec1_jpg__050__IC.png,fpic_rf100,train/images/pcb83rec1_jpg.rf.175899d8601e975d08a894c44bfa1fcf.jpg,pcb83rec1_jpg,IC,292,144,55,27,183,90,component,,,
pcb83rec1_jpg__051__IC.png,fpic_rf100,train/images/pcb83rec1_jpg.rf.175899d8601e975d08a894c44bfa1fcf.jpg,pcb83rec1_jpg,IC,278,140,52,26,174,88,component,,,
pcb84rec1_jpg__062__IC.png,fpic_rf100,train/images/pcb84rec1_jpg.rf.2b195e2125cb3cc44d1c6f98d9f423e2.jpg,pcb84rec1_jpg,IC,191,260,36,49,119,162,component,,,
pcb84rec1_jpg__096__IC.png,fpic_rf100,train/images/pcb84rec1_jpg.rf.2b195e2125cb3cc44d1c6f98d9f423e2.jpg,pcb84rec1_jpg,IC,154,111,29,21,96,69,component,,,
pcb84rec1_jpg__099__Connector.png,fpic_rf100,train/images/pcb84rec1_jpg.rf.2b195e2125cb3cc44d1c6f98d9f423e2.jpg,pcb84rec1_jpg,Connector,248,65,46,0,155,50,component,,,
pcb84rec1_jpg__138__IC.png,fpic_rf100,train/images/pcb84rec1_jpg.rf.2b195e2125cb3cc44d1c6f98d9f423e2.jpg,pcb84rec1_jpg,IC,277,356,52,67,173,222,component,,,
pcb84rec1_jpg__145__IC.png,fpic_rf100,train/images/pcb84rec1_jpg.rf.2b195e2125cb3cc44d1c6f98d9f423e2.jpg,pcb84rec1_jpg,IC,122,111,23,21,76,69,component,,,
pcb84rec1_jpg__174__IC.png,fpic_rf100,train/images/pcb84rec1_jpg.rf.2b195e2125cb3cc44d1c6f98d9f423e2.jpg,pcb84rec1_jpg,IC,159,124,30,23,99,78,component,,,
pcb84rec1_jpg__201__Resistor_Network.png,fpic_rf100,train/images/pcb84rec1_jpg.rf.2b195e2125cb3cc44d1c6f98d9f423e2.jpg,pcb84rec1_jpg,Resistor Network,120,118,23,22,75,74,component,,,
pcb86rec1_jpg__002__Connector.png,fpic_rf100,valid/images/pcb86rec1_jpg.rf.daa33672a591204b0011fad3a1658a81.jpg,pcb86rec1_jpg,Connector,95,316,18,59,59,198,component,,,
pcb86rec1_jpg__003__IC.png,fpic_rf100,valid/images/pcb86rec1_jpg.rf.daa33672a591204b0011fad3a1658a81.jpg,pcb86rec1_jpg,IC,214,218,40,41,134,136,component,,,
pcb86rec1_jpg__004__IC.png,fpic_rf100,valid/images/pcb86rec1_jpg.rf.daa33672a591204b0011fad3a1658a81.jpg,pcb86rec1_jpg,IC,517,519,97,97,323,324,component,,,
pcb86rec1_jpg__006__IC.png,fpic_rf100,valid/images/pcb86rec1_jpg.rf.daa33672a591204b0011fad3a1658a81.jpg,pcb86rec1_jpg,IC,78,115,15,22,48,72,component,,,
pcb86rec1_jpg__030__IC.png,fpic_rf100,valid/images/pcb86rec1_jpg.rf.daa33672a591204b0011fad3a1658a81.jpg,pcb86rec1_jpg,IC,107,124,20,23,67,78,component,,,
pcb86rec1_jpg__047__Transistor.png,fpic_rf100,valid/images/pcb86rec1_jpg.rf.daa33672a591204b0011fad3a1658a81.jpg,pcb86rec1_jpg,Transistor,133,103,25,19,83,65,component,,,
pcb86rec1_jpg__059__Connector.png,fpic_rf100,valid/images/pcb86rec1_jpg.rf.daa33672a591204b0011fad3a1658a81.jpg,pcb86rec1_jpg,Connector,92,259,17,49,58,162,component,,,
pcb86rec1_jpg__133__Transistor.png,fpic_rf100,valid/images/pcb86rec1_jpg.rf.daa33672a591204b0011fad3a1658a81.jpg,pcb86rec1_jpg,Transistor,100,130,19,24,62,82,component,,,
pcb86rec1_jpg__136__IC.png,fpic_rf100,valid/images/pcb86rec1_jpg.rf.daa33672a591204b0011fad3a1658a81.jpg,pcb86rec1_jpg,IC,240,244,45,46,150,152,component,,,
pcb86rec1_jpg__190__Connector.png,fpic_rf100,valid/images/pcb86rec1_jpg.rf.daa33672a591204b0011fad3a1658a81.jpg,pcb86rec1_jpg,Connector,258,115,48,24,162,81,component,,,
pcb86rec1_jpg__191__Connector.png,fpic_rf100,valid/images/pcb86rec1_jpg.rf.daa33672a591204b0011fad3a1658a81.jpg,pcb86rec1_jpg,Connector,258,104,48,23,161,76,component,,,
pcb86rec1_jpg__216__Transistor.png,fpic_rf100,valid/images/pcb86rec1_jpg.rf.daa33672a591204b0011fad3a1658a81.jpg,pcb86rec1_jpg,Transistor,116,93,22,17,73,58,component,,,
pcb86rec1_jpg__222__Connector.png,fpic_rf100,valid/images/pcb86rec1_jpg.rf.daa33672a591204b0011fad3a1658a81.jpg,pcb86rec1_jpg,Connector,129,115,24,14,81,77,component,,,
pcb86rec1_jpg__225__Connector.png,fpic_rf100,valid/images/pcb86rec1_jpg.rf.daa33672a591204b0011fad3a1658a81.jpg,pcb86rec1_jpg,Connector,385,115,72,16,241,76,component,,,
pcb86rec1_jpg__233__Transistor.png,fpic_rf100,valid/images/pcb86rec1_jpg.rf.daa33672a591204b0011fad3a1658a81.jpg,pcb86rec1_jpg,Transistor,90,124,17,23,56,78,component,,,
pcb86rec1_jpg__244__Transistor.png,fpic_rf100,valid/images/pcb86rec1_jpg.rf.daa33672a591204b0011fad3a1658a81.jpg,pcb86rec1_jpg,Transistor,100,150,19,28,62,94,component,,,
pcb86rec1_jpg__247__IC.png,fpic_rf100,valid/images/pcb86rec1_jpg.rf.daa33672a591204b0011fad3a1658a81.jpg,pcb86rec1_jpg,IC,325,253,61,47,203,158,component,,,
pcb86rec1_jpg__249__IC.png,fpic_rf100,valid/images/pcb86rec1_jpg.rf.daa33672a591204b0011fad3a1658a81.jpg,pcb86rec1_jpg,IC,256,258,48,48,160,162,component,,,
pcb86rec1_jpg__257__Connector.png,fpic_rf100,valid/images/pcb86rec1_jpg.rf.daa33672a591204b0011fad3a1658a81.jpg,pcb86rec1_jpg,Connector,117,143,22,27,73,89,component,,,
pcb86rec1_jpg__260__Connector.png,fpic_rf100,valid/images/pcb86rec1_jpg.rf.daa33672a591204b0011fad3a1658a81.jpg,pcb86rec1_jpg,Connector,166,532,31,100,104,333,component,,,
pcb87rec1_jpg__014__IC.png,fpic_rf100,valid/images/pcb87rec1_jpg.rf.442004896ad12d9f8fd4c46e04805f88.jpg,pcb87rec1_jpg,IC,168,97,32,18,105,61,component,,,
pcb87rec1_jpg__025__IC.png,fpic_rf100,valid/images/pcb87rec1_jpg.rf.442004896ad12d9f8fd4c46e04805f88.jpg,pcb87rec1_jpg,IC,95,122,18,23,59,76,component,,,
pcb87rec1_jpg__040__Connector.png,fpic_rf100,valid/images/pcb87rec1_jpg.rf.442004896ad12d9f8fd4c46e04805f88.jpg,pcb87rec1_jpg,Connector,145,437,27,82,91,273,component,,,
pcb87rec1_jpg__043__IC.png,fpic_rf100,valid/images/pcb87rec1_jpg.rf.442004896ad12d9f8fd4c46e04805f88.jpg,pcb87rec1_jpg,IC,246,241,46,45,154,151,component,,,
pcb87rec1_jpg__120__Connector.png,fpic_rf100,valid/images/pcb87rec1_jpg.rf.442004896ad12d9f8fd4c46e04805f88.jpg,pcb87rec1_jpg,Connector,150,443,28,83,94,277,component,,,
pcb87rec1_jpg__166__Connector.png,fpic_rf100,valid/images/pcb87rec1_jpg.rf.442004896ad12d9f8fd4c46e04805f88.jpg,pcb87rec1_jpg,Connector,132,870,30,193,101,642,component,,,
pcb87rec1_jpg__169__Connector.png,fpic_rf100,valid/images/pcb87rec1_jpg.rf.442004896ad12d9f8fd4c46e04805f88.jpg,pcb87rec1_jpg,Connector,246,202,26,38,169,126,component,,,
pcb87rec1_jpg__184__Connector.png,fpic_rf100,valid/images/pcb87rec1_jpg.rf.442004896ad12d9f8fd4c46e04805f88.jpg,pcb87rec1_jpg,Connector,123,116,23,22,77,72,component,,,
pcb87rec1_jpg__192__IC.png,fpic_rf100,valid/images/pcb87rec1_jpg.rf.442004896ad12d9f8fd4c46e04805f88.jpg,pcb87rec1_jpg,IC,118,92,22,17,74,58,component,,,
pcb87rec1_jpg__201__Connector.png,fpic_rf100,valid/images/pcb87rec1_jpg.rf.442004896ad12d9f8fd4c46e04805f88.jpg,pcb87rec1_jpg,Connector,239,175,45,33,149,109,component,,,
pcb87rec1_jpg__210__Connector.png,fpic_rf100,valid/images/pcb87rec1_jpg.rf.442004896ad12d9f8fd4c46e04805f88.jpg,pcb87rec1_jpg,Connector,181,208,34,39,113,130,component,,,
pcb87rec1_jpg__215__Connector.png,fpic_rf100,valid/images/pcb87rec1_jpg.rf.442004896ad12d9f8fd4c46e04805f88.jpg,pcb87rec1_jpg,Connector,244,139,15,26,176,87,component,,,
pcb87rec1_jpg__228__IC.png,fpic_rf100,valid/images/pcb87rec1_jpg.rf.442004896ad12d9f8fd4c46e04805f88.jpg,pcb87rec1_jpg,IC,111,95,21,18,69,59,component,,,
pcb87rec1_jpg__233__Connector.png,fpic_rf100,valid/images/pcb87rec1_jpg.rf.442004896ad12d9f8fd4c46e04805f88.jpg,pcb87rec1_jpg,Connector,174,524,23,98,116,328,component,,,
pcb87rec1_jpg__238__IC.png,fpic_rf100,valid/images/pcb87rec1_jpg.rf.442004896ad12d9f8fd4c46e04805f88.jpg,pcb87rec1_jpg,IC,106,97,20,18,66,61,component,,,
pcb87rec1_jpg__239__IC.png,fpic_rf100,valid/images/pcb87rec1_jpg.rf.442004896ad12d9f8fd4c46e04805f88.jpg,pcb87rec1_jpg,IC,209,198,39,37,131,124,component,,,
pcb87rec1_jpg__243__Connector.png,fpic_rf100,valid/images/pcb87rec1_jpg.rf.442004896ad12d9f8fd4c46e04805f88.jpg,pcb87rec1_jpg,Connector,239,182,45,34,149,114,component,,,
pcb88rec1_jpg__000__Connector.png,fpic_rf100,train/images/pcb88rec1_jpg.rf.3853cf5e86f4b9941daabba5b84ca200.jpg,pcb88rec1_jpg,Connector,73,179,8,34,50,112,component,,,
pcb88rec1_jpg__003__IC.png,fpic_rf100,train/images/pcb88rec1_jpg.rf.3853cf5e86f4b9941daabba5b84ca200.jpg,pcb88rec1_jpg,IC,95,112,18,21,59,70,component,,,
pcb88rec1_jpg__005__Connector.png,fpic_rf100,train/images/pcb88rec1_jpg.rf.3853cf5e86f4b9941daabba5b84ca200.jpg,pcb88rec1_jpg,Connector,92,528,17,99,58,330,component,,,
pcb88rec1_jpg__006__Connector.png,fpic_rf100,train/images/pcb88rec1_jpg.rf.3853cf5e86f4b9941daabba5b84ca200.jpg,pcb88rec1_jpg,Connector,228,77,43,14,143,48,component,,,
pcb88rec1_jpg__015__IC.png,fpic_rf100,train/images/pcb88rec1_jpg.rf.3853cf5e86f4b9941daabba5b84ca200.jpg,pcb88rec1_jpg,IC,107,77,20,14,67,48,component,,,
pcb88rec1_jpg__027__IC.png,fpic_rf100,train/images/pcb88rec1_jpg.rf.3853cf5e86f4b9941daabba5b84ca200.jpg,pcb88rec1_jpg,IC,158,124,30,23,99,78,component,,,
pcb88rec1_jpg__037__IC.png,fpic_rf100,train/images/pcb88rec1_jpg.rf.3853cf5e86f4b9941daabba5b84ca200.jpg,pcb88rec1_jpg,IC,102,96,19,18,64,60,component,,,
pcb88rec1_jpg__043__IC.png,fpic_rf100,train/images/pcb88rec1_jpg.rf.3853cf5e86f4b9941daabba5b84ca200.jpg,pcb88rec1_jpg,IC,191,224,36,42,120,140,component,,,
pcb88rec1_jpg__044__IC.png,fpic_rf100,train/images/pcb88rec1_jpg.rf.3853cf5e86f4b9941daabba5b84ca200.jpg,pcb88rec1_jpg,IC,234,237,44,44,146,148,component,,,
pcb88rec1_jpg__051__IC.png,fpic_rf100,train/images/pcb88rec1_jpg.rf.3853cf5e86f4b9941daabba5b84ca200.jpg,pcb88rec1_jpg,IC,254,243,48,46,159,152,component,,,
pcb88rec1_jpg__054__IC.png,fpic_rf100,train/images/pcb88rec1_jpg.rf.3853cf5e86f4b9941daabba5b84ca200.jpg,pcb88rec1_jpg,IC,291,179,55,34,182,112,component,,,
pcb88rec1_jpg__065__IC.png,fpic_rf100,train/images/pcb88rec1_jpg.rf.3853cf5e86f4b9941daabba5b84ca200.jpg,pcb88rec1_jpg,IC,179,311,34,58,112,195,component,,,
pcb88rec1_jpg__072__IC.png,fpic_rf100,train/images/pcb88rec1_jpg.rf.3853cf5e86f4b9941daabba5b84ca200.jpg,pcb88rec1_jpg,IC,437,440,82,82,273,275,component,,,
pcb89rec1_jpg__014__Connector.png,fpic_rf100,train/images/pcb89rec1_jpg.rf.0b600c80cdf9e2b84e4a2fc52a4f9629.jpg,pcb89rec1_jpg,Connector,154,1199,29,225,96,749,component,,,
pcb89rec1_jpg__015__Connector.png,fpic_rf100,train/images/pcb89rec1_jpg.rf.0b600c80cdf9e2b84e4a2fc52a4f9629.jpg,pcb89rec1_jpg,Connector,135,1225,25,230,84,765,component,,,
pcb89rec1_jpg__022__Transistor.png,fpic_rf100,train/images/pcb89rec1_jpg.rf.0b600c80cdf9e2b84e4a2fc52a4f9629.jpg,pcb89rec1_jpg,Transistor,151,169,19,32,101,105,component,,,
pcb89rec1_jpg__028__IC.png,fpic_rf100,train/images/pcb89rec1_jpg.rf.0b600c80cdf9e2b84e4a2fc52a4f9629.jpg,pcb89rec1_jpg,IC,165,263,31,49,103,165,component,,,
pcb89rec1_jpg__036__IC.png,fpic_rf100,train/images/pcb89rec1_jpg.rf.0b600c80cdf9e2b84e4a2fc52a4f9629.jpg,pcb89rec1_jpg,IC,80,108,15,20,50,68,component,,,
pcb89rec1_jpg__041__Connector.png,fpic_rf100,train/images/pcb89rec1_jpg.rf.0b600c80cdf9e2b84e4a2fc52a4f9629.jpg,pcb89rec1_jpg,Connector,112,324,21,61,70,202,component,,,
pcb89rec1_jpg__050__Capacitor_Jumper.png,fpic_rf100,train/images/pcb89rec1_jpg.rf.0b600c80cdf9e2b84e4a2fc52a4f9629.jpg,pcb89rec1_jpg,Capacitor Jumper,112,96,21,18,70,60,component,,,
pcb89rec1_jpg__054__IC.png,fpic_rf100,train/images/pcb89rec1_jpg.rf.0b600c80cdf9e2b84e4a2fc52a4f9629.jpg,pcb89rec1_jpg,IC,242,239,45,45,151,149,component,,,
pcb89rec1_jpg__056__Transistor.png,fpic_rf100,train/images/pcb89rec1_jpg.rf.0b600c80cdf9e2b84e4a2fc52a4f9629.jpg,pcb89rec1_jpg,Transistor,108,160,20,30,67,100,component,,,
pcb89rec1_jpg__057__Transistor.png,fpic_rf100,train/images/pcb89rec1_jpg.rf.0b600c80cdf9e2b84e4a2fc52a4f9629.jpg,pcb89rec1_jpg,Transistor,158,108,30,20,98,68,component,,,
pcb89rec1_jpg__059__IC.png,fpic_rf100,train/images/pcb89rec1_jpg.rf.0b600c80cdf9e2b84e4a2fc52a4f9629.jpg,pcb89rec1_jpg,IC,345,270,65,51,215,169,component,,,
pcb89rec1_jpg__062__Transistor.png,fpic_rf100,train/images/pcb89rec1_jpg.rf.0b600c80cdf9e2b84e4a2fc52a4f9629.jpg,pcb89rec1_jpg,Transistor,97,164,18,31,61,102,component,,,
pcb89rec1_jpg__070__Connector.png,fpic_rf100,train/images/pcb89rec1_jpg.rf.0b600c80cdf9e2b84e4a2fc52a4f9629.jpg,pcb89rec1_jpg,Connector,748,166,140,31,468,104,component,,,
pcb89rec1_jpg__093__IC.png,fpic_rf100,train/images/pcb89rec1_jpg.rf.0b600c80cdf9e2b84e4a2fc52a4f9629.jpg,pcb89rec1_jpg,IC,153,156,29,29,95,98,component,,,
pcb89rec1_jpg__098__Connector.png,fpic_rf100,train/images/pcb89rec1_jpg.rf.0b600c80cdf9e2b84e4a2fc52a4f9629.jpg,pcb89rec1_jpg,Connector,228,346,43,67,142,223,component,,,
pcb89rec1_jpg__099__Connector.png,fpic_rf100,train/images/pcb89rec1_jpg.rf.0b600c80cdf9e2b84e4a2fc52a4f9629.jpg,pcb89rec1_jpg,Connector,254,376,48,78,159,260,component,,,
pcb89rec1_jpg__103__Connector.png,fpic_rf100,train/images/pcb89rec1_jpg.rf.0b600c80cdf9e2b84e4a2fc52a4f9629.jpg,pcb89rec1_jpg,Connector,786,383,147,85,491,282,component,,,
pcb89rec1_jpg__104__Connector.png,fpic_rf100,train/images/pcb89rec1_jpg.rf.0b600c80cdf9e2b84e4a2fc52a4f9629.jpg,pcb89rec1_jpg,Connector,211,399,40,92,132,306,component,,,
pcb89rec1_jpg__107__Connector.png,fpic_rf100,train/images/pcb89rec1_jpg.rf.0b600c80cdf9e2b84e4a2fc52a4f9629.jpg,pcb89rec1_jpg,Connector,831,151,156,28,519,95,component,,,
pcb89rec1_jpg__113__Connector.png,fpic_rf100,train/images/pcb89rec1_jpg.rf.0b600c80cdf9e2b84e4a2fc52a4f9629.jpg,pcb89rec1_jpg,Connector,86,153,16,29,53,95,component,,,
pcb89rec1_jpg__124__Transistor.png,fpic_rf100,train/images/pcb89rec1_jpg.rf.0b600c80cdf9e2b84e4a2fc52a4f9629.jpg,pcb89rec1_jpg,Transistor,159,105,30,20,99,66,component,,,
pcb89rec1_jpg__125__Transistor.png,fpic_rf100,train/images/pcb89rec1_jpg.rf.0b600c80cdf9e2b84e4a2fc52a4f9629.jpg,pcb89rec1_jpg,Transistor,160,106,30,20,100,66,component,,,
pcb89rec1_jpg__127__Transistor.png,fpic_rf100,train/images/pcb89rec1_jpg.rf.0b600c80cdf9e2b84e4a2fc52a4f9629.jpg,pcb89rec1_jpg,Transistor,165,106,31,20,103,66,component,,,
pcb89rec1_jpg__139__Transistor.png,fpic_rf100,train/images/pcb89rec1_jpg.rf.0b600c80cdf9e2b84e4a2fc52a4f9629.jpg,pcb89rec1_jpg,Transistor,177,107,33,20,111,67,component,,,
pcb89rec1_jpg__146__IC.png,fpic_rf100,train/images/pcb89rec1_jpg.rf.0b600c80cdf9e2b84e4a2fc52a4f9629.jpg,pcb89rec1_jpg,IC,98,132,18,25,61,82,component,,,
pcb89rec1_jpg__149__IC.png,fpic_rf100,train/images/pcb89rec1_jpg.rf.0b600c80cdf9e2b84e4a2fc52a4f9629.jpg,pcb89rec1_jpg,IC,189,238,37,45,124,149,component,,,
pcb89rec1_jpg__151__IC.png,fpic_rf100,train/images/pcb89rec1_jpg.rf.0b600c80cdf9e2b84e4a2fc52a4f9629.jpg,pcb89rec1_jpg,IC,127,110,24,21,79,69,component,,,
pcb89rec1_jpg__161__IC.png,fpic_rf100,train/images/pcb89rec1_jpg.rf.0b600c80cdf9e2b84e4a2fc52a4f9629.jpg,pcb89rec1_jpg,IC,107,81,20,15,67,51,component,,,
pcb89rec1_jpg__165__Transistor.png,fpic_rf100,train/images/pcb89rec1_jpg.rf.0b600c80cdf9e2b84e4a2fc52a4f9629.jpg,pcb89rec1_jpg,Transistor,106,161,20,30,66,101,component,,,
pcb89rec1_jpg__167__IC.png,fpic_rf100,train/images/pcb89rec1_jpg.rf.0b600c80cdf9e2b84e4a2fc52a4f9629.jpg,pcb89rec1_jpg,IC,107,80,20,15,67,50,component,,,
pcb89rec1_jpg__168__IC.png,fpic_rf100,train/images/pcb89rec1_jpg.rf.0b600c80cdf9e2b84e4a2fc52a4f9629.jpg,pcb89rec1_jpg,IC,96,123,18,23,60,77,component,,,
pcb89rec1_jpg__186__Connector.png,fpic_rf100,train/images/pcb89rec1_jpg.rf.0b600c80cdf9e2b84e4a2fc52a4f9629.jpg,pcb89rec1_jpg,Connector,1942,160,6,30,1489,100,component,,,
pcb89rec1_jpg__190__Connector.png,fpic_rf100,train/images/pcb89rec1_jpg.rf.0b600c80cdf9e2b84e4a2fc52a4f9629.jpg,pcb89rec1_jpg,Connector,1923,118,20,22,1464,74,component,,,
pcb89rec1_jpg__223__IC.png,fpic_rf100,train/images/pcb89rec1_jpg.rf.0b600c80cdf9e2b84e4a2fc52a4f9629.jpg,pcb89rec1_jpg,IC,112,140,21,26,70,88,component,,,
pcb89rec1_jpg__232__IC.png,fpic_rf100,train/images/pcb89rec1_jpg.rf.0b600c80cdf9e2b84e4a2fc52a4f9629.jpg,pcb89rec1_jpg,IC,112,113,15,21,74,71,component,,,
pcb89rec1_jpg__247__Capacitor_Jumper.png,fpic_rf100,train/images/pcb89rec1_jpg.rf.0b600c80cdf9e2b84e4a2fc52a4f9629.jpg,pcb89rec1_jpg,Capacitor Jumper,127,138,24,26,79,86,component,,,
pcb89rec1_jpg__252__Connector.png,fpic_rf100,train/images/pcb89rec1_jpg.rf.0b600c80cdf9e2b84e4a2fc52a4f9629.jpg,pcb89rec1_jpg,Connector,725,158,136,30,453,99,component,,,
pcb89rec1_jpg__253__Connector.png,fpic_rf100,train/images/pcb89rec1_jpg.rf.0b600c80cdf9e2b84e4a2fc52a4f9629.jpg,pcb89rec1_jpg,Connector,828,160,155,30,518,100,component,,,
pcb8rec1_jpg__007__Connector.png,fpic_rf100,train/images/pcb8rec1_jpg.rf.3f4df8f23292eeb535800b1b84b35672.jpg,pcb8rec1_jpg,Connector,538,315,101,43,336,209,component,,,
pcb8rec1_jpg__008__IC.png,fpic_rf100,train/images/pcb8rec1_jpg.rf.3f4df8f23292eeb535800b1b84b35672.jpg,pcb8rec1_jpg,IC,340,344,64,64,212,215,component,,,
pcb8rec1_jpg__015__IC.png,fpic_rf100,train/images/pcb8rec1_jpg.rf.3f4df8f23292eeb535800b1b84b35672.jpg,pcb8rec1_jpg,IC,470,470,88,88,294,294,component,,,
pcb8rec1_jpg__038__Connector.png,fpic_rf100,train/images/pcb8rec1_jpg.rf.3f4df8f23292eeb535800b1b84b35672.jpg,pcb8rec1_jpg,Connector,394,331,74,62,246,207,component,,,
pcb8rec1_jpg__041__IC.png,fpic_rf100,train/images/pcb8rec1_jpg.rf.3f4df8f23292eeb535800b1b84b35672.jpg,pcb8rec1_jpg,IC,100,104,19,19,62,65,component,,,
pcb8rec1_jpg__069__Connector.png,fpic_rf100,train/images/pcb8rec1_jpg.rf.3f4df8f23292eeb535800b1b84b35672.jpg,pcb8rec1_jpg,Connector,474,263,89,0,296,202,component,,,
pcb8rec1_jpg__074__IC.png,fpic_rf100,train/images/pcb8rec1_jpg.rf.3f4df8f23292eeb535800b1b84b35672.jpg,pcb8rec1_jpg,IC,192,184,36,35,120,115,component,,,
pcb8rec1_jpg__083__Connector.png,fpic_rf100,train/images/pcb8rec1_jpg.rf.3f4df8f23292eeb535800b1b84b35672.jpg,pcb8rec1_jpg,Connector,229,298,43,31,143,205,component,,,
pcb8rec1_jpg__084__Connector.png,fpic_rf100,train/images/pcb8rec1_jpg.rf.3f4df8f23292eeb535800b1b84b35672.jpg,pcb8rec1_jpg,Connector,66,335,15,63,50,209,component,,,
pcb8rec1_jpg__085__Capacitor.png,fpic_rf100,train/images/pcb8rec1_jpg.rf.3f4df8f23292eeb535800b1b84b35672.jpg,pcb8rec1_jpg,Capacitor,136,81,25,15,85,51,component,,,
pcb8rec1_jpg__086__Capacitor.png,fpic_rf100,train/images/pcb8rec1_jpg.rf.3f4df8f23292eeb535800b1b84b35672.jpg,pcb8rec1_jpg,Capacitor,76,123,14,23,48,77,component,,,
pcb8rec1_jpg__087__Capacitor.png,fpic_rf100,train/images/pcb8rec1_jpg.rf.3f4df8f23292eeb535800b1b84b35672.jpg,pcb8rec1_jpg,Capacitor,76,122,14,23,48,76,component,,,
pcb8rec1_jpg__088__Capacitor.png,fpic_rf100,train/images/pcb8rec1_jpg.rf.3f4df8f23292eeb535800b1b84b35672.jpg,pcb8rec1_jpg,Capacitor,76,120,14,23,48,75,component,,,
pcb8rec1_jpg__089__Capacitor.png,fpic_rf100,train/images/pcb8rec1_jpg.rf.3f4df8f23292eeb535800b1b84b35672.jpg,pcb8rec1_jpg,Capacitor,79,122,15,23,49,76,component,,,
pcb8rec1_jpg__090__Capacitor.png,fpic_rf100,train/images/pcb8rec1_jpg.rf.3f4df8f23292eeb535800b1b84b35672.jpg,pcb8rec1_jpg,Capacitor,133,79,25,15,83,50,component,,,
pcb8rec1_jpg__092__Capacitor.png,fpic_rf100,train/images/pcb8rec1_jpg.rf.3f4df8f23292eeb535800b1b84b35672.jpg,pcb8rec1_jpg,Capacitor,76,71,14,16,48,54,component,,,
pcb8rec1_jpg__093__Capacitor.png,fpic_rf100,train/images/pcb8rec1_jpg.rf.3f4df8f23292eeb535800b1b84b35672.jpg,pcb8rec1_jpg,Capacitor,80,92,15,21,50,70,component,,,
pcb8rec1_jpg__095__IC.png,fpic_rf100,train/images/pcb8rec1_jpg.rf.3f4df8f23292eeb535800b1b84b35672.jpg,pcb8rec1_jpg,IC,156,83,29,19,98,63,component,,,
pcb8rec1_jpg__096__IC.png,fpic_rf100,train/images/pcb8rec1_jpg.rf.3f4df8f23292eeb535800b1b84b35672.jpg,pcb8rec1_jpg,IC,159,108,30,22,99,74,component,,,
pcb8rec1_jpg__103__Connector.png,fpic_rf100,train/images/pcb8rec1_jpg.rf.3f4df8f23292eeb535800b1b84b35672.jpg,pcb8rec1_jpg,Connector,399,102,75,19,249,64,component,,,
pcb8rec1_jpg__140__IC.png,fpic_rf100,train/images/pcb8rec1_jpg.rf.3f4df8f23292eeb535800b1b84b35672.jpg,pcb8rec1_jpg,IC,128,108,24,20,80,68,component,,,
pcb8rec1_jpg__158__IC.png,fpic_rf100,train/images/pcb8rec1_jpg.rf.3f4df8f23292eeb535800b1b84b35672.jpg,pcb8rec1_jpg,IC,148,112,28,21,92,70,component,,,
pcb8rec1_jpg__176__IC.png,fpic_rf100,train/images/pcb8rec1_jpg.rf.3f4df8f23292eeb535800b1b84b35672.jpg,pcb8rec1_jpg,IC,80,91,15,17,50,57,component,,,
pcb8rec1_jpg__190__IC.png,fpic_rf100,train/images/pcb8rec1_jpg.rf.3f4df8f23292eeb535800b1b84b35672.jpg,pcb8rec1_jpg,IC,124,104,23,20,78,65,component,,,
pcb8rec1_jpg__198__IC.png,fpic_rf100,train/images/pcb8rec1_jpg.rf.3f4df8f23292eeb535800b1b84b35672.jpg,pcb8rec1_jpg,IC,257,209,48,39,161,131,component,,,
pcb8rec1_jpg__203__IC.png,fpic_rf100,train/images/pcb8rec1_jpg.rf.3f4df8f23292eeb535800b1b84b35672.jpg,pcb8rec1_jpg,IC,66,85,15,16,50,53,component,,,
pcb8rec1_jpg__204__IC.png,fpic_rf100,train/images/pcb8rec1_jpg.rf.3f4df8f23292eeb535800b1b84b35672.jpg,pcb8rec1_jpg,IC,140,113,26,21,88,71,component,,,
pcb8rec1_jpg__212__Capacitor.png,fpic_rf100,train/images/pcb8rec1_jpg.rf.3f4df8f23292eeb535800b1b84b35672.jpg,pcb8rec1_jpg,Capacitor,124,76,23,14,78,48,component,,,
pcb8rec1_jpg__273__IC.png,fpic_rf100,train/images/pcb8rec1_jpg.rf.3f4df8f23292eeb535800b1b84b35672.jpg,pcb8rec1_jpg,IC,360,296,68,55,225,185,component,,,
pcb8rec1_jpg__275__IC.png,fpic_rf100,train/images/pcb8rec1_jpg.rf.3f4df8f23292eeb535800b1b84b35672.jpg,pcb8rec1_jpg,IC,127,104,24,20,79,65,component,,,
pcb8rec1_jpg__293__IC.png,fpic_rf100,train/images/pcb8rec1_jpg.rf.3f4df8f23292eeb535800b1b84b35672.jpg,pcb8rec1_jpg,IC,123,107,23,20,77,67,component,,,
pcb8rec1_jpg__295__IC.png,fpic_rf100,train/images/pcb8rec1_jpg.rf.3f4df8f23292eeb535800b1b84b35672.jpg,pcb8rec1_jpg,IC,268,326,50,61,168,204,component,,,
pcb8rec1_jpg__297__IC.png,fpic_rf100,train/images/pcb8rec1_jpg.rf.3f4df8f23292eeb535800b1b84b35672.jpg,pcb8rec1_jpg,IC,580,572,109,107,362,358,component,,,
pcb8rec1_jpg__300__IC.png,fpic_rf100,train/images/pcb8rec1_jpg.rf.3f4df8f23292eeb535800b1b84b35672.jpg,pcb8rec1_jpg,IC,204,287,38,54,128,179,component,,,
pcb8rec1_jpg__352__Connector.png,fpic_rf100,train/images/pcb8rec1_jpg.rf.3f4df8f23292eeb535800b1b84b35672.jpg,pcb8rec1_jpg,Connector,75,343,17,64,57,215,component,,,
pcb8rec1_jpg__365__IC.png,fpic_rf100,train/images/pcb8rec1_jpg.rf.3f4df8f23292eeb535800b1b84b35672.jpg,pcb8rec1_jpg,IC,133,107,25,20,83,67,component,,,
pcb8rec1_jpg__366__IC.png,fpic_rf100,train/images/pcb8rec1_jpg.rf.3f4df8f23292eeb535800b1b84b35672.jpg,pcb8rec1_jpg,IC,144,113,27,21,90,71,component,,,
pcb8rec1_jpg__387__IC.png,fpic_rf100,train/images/pcb8rec1_jpg.rf.3f4df8f23292eeb535800b1b84b35672.jpg,pcb8rec1_jpg,IC,102,101,19,19,64,63,component,,,
pcb90rec1_jpg__007__Capacitor.png,fpic_rf100,train/images/pcb90rec1_jpg.rf.4745b2f0f3c17be0bf47026206275a44.jpg,pcb90rec1_jpg,Capacitor,523,512,98,96,327,320,component,,,
pcb90rec1_jpg__023__Connector.png,fpic_rf100,train/images/pcb90rec1_jpg.rf.4745b2f0f3c17be0bf47026206275a44.jpg,pcb90rec1_jpg,Connector,202,524,46,98,153,328,component,,,
pcb90rec1_jpg__104__IC.png,fpic_rf100,train/images/pcb90rec1_jpg.rf.4745b2f0f3c17be0bf47026206275a44.jpg,pcb90rec1_jpg,IC,101,118,19,22,63,74,component,,,
pcb90rec1_jpg__105__IC.png,fpic_rf100,train/images/pcb90rec1_jpg.rf.4745b2f0f3c17be0bf47026206275a44.jpg,pcb90rec1_jpg,IC,102,112,19,21,64,70,component,,,
pcb90rec1_jpg__136__Connector.png,fpic_rf100,train/images/pcb90rec1_jpg.rf.4745b2f0f3c17be0bf47026206275a44.jpg,pcb90rec1_jpg,Connector,922,284,173,53,576,178,component,,,
pcb90rec1_jpg__142__IC.png,fpic_rf100,train/images/pcb90rec1_jpg.rf.4745b2f0f3c17be0bf47026206275a44.jpg,pcb90rec1_jpg,IC,283,326,53,61,177,204,component,,,
pcb90rec1_jpg__145__Capacitor.png,fpic_rf100,train/images/pcb90rec1_jpg.rf.4745b2f0f3c17be0bf47026206275a44.jpg,pcb90rec1_jpg,Capacitor,118,113,22,21,74,71,component,,,
pcb90rec1_jpg__160__IC.png,fpic_rf100,train/images/pcb90rec1_jpg.rf.4745b2f0f3c17be0bf47026206275a44.jpg,pcb90rec1_jpg,IC,148,102,28,19,92,64,component,,,
pcb90rec1_jpg__172__Capacitor.png,fpic_rf100,train/images/pcb90rec1_jpg.rf.4745b2f0f3c17be0bf47026206275a44.jpg,pcb90rec1_jpg,Capacitor,95,86,18,16,59,54,component,,,
pcb90rec1_jpg__173__Connector.png,fpic_rf100,train/images/pcb90rec1_jpg.rf.4745b2f0f3c17be0bf47026206275a44.jpg,pcb90rec1_jpg,Connector,928,298,174,56,580,186,component,,,
pcb90rec1_jpg__174__IC.png,fpic_rf100,train/images/pcb90rec1_jpg.rf.4745b2f0f3c17be0bf47026206275a44.jpg,pcb90rec1_jpg,IC,399,388,75,73,249,242,component,,,
pcb90rec1_jpg__199__Connector.png,fpic_rf100,train/images/pcb90rec1_jpg.rf.4745b2f0f3c17be0bf47026206275a44.jpg,pcb90rec1_jpg,Connector,943,320,177,60,589,200,component,,,
pcb90rec1_jpg__203__IC.png,fpic_rf100,train/images/pcb90rec1_jpg.rf.4745b2f0f3c17be0bf47026206275a44.jpg,pcb90rec1_jpg,IC,129,111,24,21,81,69,component,,,
pcb90rec1_jpg__217__Capacitor.png,fpic_rf100,train/images/pcb90rec1_jpg.rf.4745b2f0f3c17be0bf47026206275a44.jpg,pcb90rec1_jpg,Capacitor,132,106,25,20,82,66,component,,,
pcb90rec1_jpg__231__Connector.png,fpic_rf100,train/images/pcb90rec1_jpg.rf.4745b2f0f3c17be0bf47026206275a44.jpg,pcb90rec1_jpg,Connector,944,310,177,58,590,194,component,,,
pcb90rec1_jpg__278__IC.png,fpic_rf100,train/images/pcb90rec1_jpg.rf.4745b2f0f3c17be0bf47026206275a44.jpg,pcb90rec1_jpg,IC,261,221,49,51,163,169,component,,,
pcb90rec1_jpg__284__IC.png,fpic_rf100,train/images/pcb90rec1_jpg.rf.4745b2f0f3c17be0bf47026206275a44.jpg,pcb90rec1_jpg,IC,326,272,61,51,204,170,component,,,
pcb90rec1_jpg__288__Connector.png,fpic_rf100,train/images/pcb90rec1_jpg.rf.4745b2f0f3c17be0bf47026206275a44.jpg,pcb90rec1_jpg,Connector,924,284,173,60,578,201,component,,,
pcb90rec1_jpg__325__Connector.png,fpic_rf100,train/images/pcb90rec1_jpg.rf.4745b2f0f3c17be0bf47026206275a44.jpg,pcb90rec1_jpg,Connector,933,118,175,27,583,90,component,,,
pcb90rec1_jpg__341__IC.png,fpic_rf100,train/images/pcb90rec1_jpg.rf.4745b2f0f3c17be0bf47026206275a44.jpg,pcb90rec1_jpg,IC,117,132,22,25,73,82,component,,,
pcb90rec1_jpg__354__Transistor.png,fpic_rf100,train/images/pcb90rec1_jpg.rf.4745b2f0f3c17be0bf47026206275a44.jpg,pcb90rec1_jpg,Transistor,166,180,31,34,104,112,component,,,
pcb90rec1_jpg__355__Connector.png,fpic_rf100,train/images/pcb90rec1_jpg.rf.4745b2f0f3c17be0bf47026206275a44.jpg,pcb90rec1_jpg,Connector,516,1292,97,0,322,994,component,,,
pcb90rec1_jpg__356__Connector.png,fpic_rf100,train/images/pcb90rec1_jpg.rf.4745b2f0f3c17be0bf47026206275a44.jpg,pcb90rec1_jpg,Connector,516,1364,97,0,322,1049,component,,,
pcb90rec1_jpg__357__Connector.png,fpic_rf100,train/images/pcb90rec1_jpg.rf.4745b2f0f3c17be0bf47026206275a44.jpg,pcb90rec1_jpg,Connector,465,1366,87,0,291,1051,component,,,
pcb90rec1_jpg__359__Transistor.png,fpic_rf100,train/images/pcb90rec1_jpg.rf.4745b2f0f3c17be0bf47026206275a44.jpg,pcb90rec1_jpg,Transistor,111,154,21,29,69,96,component,,,
pcb90rec1_jpg__360__Transistor.png,fpic_rf100,train/images/pcb90rec1_jpg.rf.4745b2f0f3c17be0bf47026206275a44.jpg,pcb90rec1_jpg,Transistor,150,95,28,4,94,70,component,,,
pcb91rec1_jpg__012__IC.png,fpic_rf100,train/images/pcb91rec1_jpg.rf.590e40b4cdd7d952f269e9b27ba1931f.jpg,pcb91rec1_jpg,IC,86,100,16,19,54,62,component,,,
pcb91rec1_jpg__013__IC.png,fpic_rf100,train/images/pcb91rec1_jpg.rf.590e40b4cdd7d952f269e9b27ba1931f.jpg,pcb91rec1_jpg,IC,84,91,16,17,52,57,component,,,
pcb91rec1_jpg__015__IC.png,fpic_rf100,train/images/pcb91rec1_jpg.rf.590e40b4cdd7d952f269e9b27ba1931f.jpg,pcb91rec1_jpg,IC,204,202,38,38,128,126,component,,,
pcb91rec1_jpg__022__IC.png,fpic_rf100,train/images/pcb91rec1_jpg.rf.590e40b4cdd7d952f269e9b27ba1931f.jpg,pcb91rec1_jpg,IC,161,197,30,37,101,123,component,,,
pcb91rec1_jpg__023__Connector.png,fpic_rf100,train/images/pcb91rec1_jpg.rf.590e40b4cdd7d952f269e9b27ba1931f.jpg,pcb91rec1_jpg,Connector,651,204,122,0,407,157,component,,,
pcb91rec1_jpg__025__IC.png,fpic_rf100,train/images/pcb91rec1_jpg.rf.590e40b4cdd7d952f269e9b27ba1931f.jpg,pcb91rec1_jpg,IC,241,287,45,54,151,179,component,,,
pcb91rec1_jpg__049__Connector.png,fpic_rf100,train/images/pcb91rec1_jpg.rf.590e40b4cdd7d952f269e9b27ba1931f.jpg,pcb91rec1_jpg,Connector,512,320,96,0,320,246,component,,,
pcb91rec1_jpg__066__IC.png,fpic_rf100,train/images/pcb91rec1_jpg.rf.590e40b4cdd7d952f269e9b27ba1931f.jpg,pcb91rec1_jpg,IC,341,273,64,61,213,203,component,,,
pcb91rec1_jpg__083__IC.png,fpic_rf100,train/images/pcb91rec1_jpg.rf.590e40b4cdd7d952f269e9b27ba1931f.jpg,pcb91rec1_jpg,IC,161,193,30,36,101,121,component,,,
pcb91rec1_jpg__093__IC.png,fpic_rf100,train/images/pcb91rec1_jpg.rf.590e40b4cdd7d952f269e9b27ba1931f.jpg,pcb91rec1_jpg,IC,122,113,23,21,76,71,component,,,
pcb91rec1_jpg__097__IC.png,fpic_rf100,train/images/pcb91rec1_jpg.rf.590e40b4cdd7d952f269e9b27ba1931f.jpg,pcb91rec1_jpg,IC,204,202,38,38,128,126,component,,,
pcb91rec1_jpg__099__Connector.png,fpic_rf100,train/images/pcb91rec1_jpg.rf.590e40b4cdd7d952f269e9b27ba1931f.jpg,pcb91rec1_jpg,Connector,484,176,91,33,302,110,component,,,
pcb91rec1_jpg__102__Connector.png,fpic_rf100,train/images/pcb91rec1_jpg.rf.590e40b4cdd7d952f269e9b27ba1931f.jpg,pcb91rec1_jpg,Connector,292,932,55,175,182,582,component,,,
pcb91rec1_jpg__103__Connector.png,fpic_rf100,train/images/pcb91rec1_jpg.rf.590e40b4cdd7d952f269e9b27ba1931f.jpg,pcb91rec1_jpg,Connector,278,923,52,173,174,577,component,,,
pcb91rec1_jpg__104__Connector.png,fpic_rf100,train/images/pcb91rec1_jpg.rf.590e40b4cdd7d952f269e9b27ba1931f.jpg,pcb91rec1_jpg,Connector,248,912,11,171,182,570,component,,,
pcb91rec1_jpg__105__Connector.png,fpic_rf100,train/images/pcb91rec1_jpg.rf.590e40b4cdd7d952f269e9b27ba1931f.jpg,pcb91rec1_jpg,Connector,289,918,54,172,181,574,component,,,
pcb91rec1_jpg__106__Connector.png,fpic_rf100,train/images/pcb91rec1_jpg.rf.590e40b4cdd7d952f269e9b27ba1931f.jpg,pcb91rec1_jpg,Connector,299,934,56,175,187,584,component,,,
pcb91rec1_jpg__113__IC.png,fpic_rf100,train/images/pcb91rec1_jpg.rf.590e40b4cdd7d952f269e9b27ba1931f.jpg,pcb91rec1_jpg,IC,98,118,4,22,72,74,component,,,
pcb92rec1_jpg__000__IC.png,fpic_rf100,train/images/pcb92rec1_jpg.rf.423575537b439a3bcd86223cf1fef506.jpg,pcb92rec1_jpg,IC,112,118,21,22,70,74,component,,,
pcb92rec1_jpg__001__IC.png,fpic_rf100,train/images/pcb92rec1_jpg.rf.423575537b439a3bcd86223cf1fef506.jpg,pcb92rec1_jpg,IC,113,117,21,22,71,73,component,,,
pcb92rec1_jpg__002__IC.png,fpic_rf100,train/images/pcb92rec1_jpg.rf.423575537b439a3bcd86223cf1fef506.jpg,pcb92rec1_jpg,IC,127,117,24,22,79,73,component,,,
pcb92rec1_jpg__003__IC.png,fpic_rf100,train/images/pcb92rec1_jpg.rf.423575537b439a3bcd86223cf1fef506.jpg,pcb92rec1_jpg,IC,106,118,20,22,66,74,component,,,
pcb92rec1_jpg__004__IC.png,fpic_rf100,train/images/pcb92rec1_jpg.rf.423575537b439a3bcd86223cf1fef506.jpg,pcb92rec1_jpg,IC,113,118,21,22,71,74,component,,,
pcb92rec1_jpg__005__IC.png,fpic_rf100,train/images/pcb92rec1_jpg.rf.423575537b439a3bcd86223cf1fef506.jpg,pcb92rec1_jpg,IC,76,87,14,16,48,55,component,,,
pcb92rec1_jpg__007__IC.png,fpic_rf100,train/images/pcb92rec1_jpg.rf.423575537b439a3bcd86223cf1fef506.jpg,pcb92rec1_jpg,IC,81,112,15,21,51,70,component,,,
pcb92rec1_jpg__008__IC.png,fpic_rf100,train/images/pcb92rec1_jpg.rf.423575537b439a3bcd86223cf1fef506.jpg,pcb92rec1_jpg,IC,91,111,17,21,57,69,component,,,
pcb92rec1_jpg__009__IC.png,fpic_rf100,train/images/pcb92rec1_jpg.rf.423575537b439a3bcd86223cf1fef506.jpg,pcb92rec1_jpg,IC,106,107,20,20,66,67,component,,,
pcb92rec1_jpg__010__IC.png,fpic_rf100,train/images/pcb92rec1_jpg.rf.423575537b439a3bcd86223cf1fef506.jpg,pcb92rec1_jpg,IC,111,111,21,21,69,69,component,,,
pcb92rec1_jpg__011__IC.png,fpic_rf100,train/images/pcb92rec1_jpg.rf.423575537b439a3bcd86223cf1fef506.jpg,pcb92rec1_jpg,IC,155,123,29,23,97,77,component,,,
pcb92rec1_jpg__015__IC.png,fpic_rf100,train/images/pcb92rec1_jpg.rf.423575537b439a3bcd86223cf1fef506.jpg,pcb92rec1_jpg,IC,160,106,30,20,100,66,component,,,
pcb92rec1_jpg__019__IC.png,fpic_rf100,train/images/pcb92rec1_jpg.rf.423575537b439a3bcd86223cf1fef506.jpg,pcb92rec1_jpg,IC,215,176,40,33,135,110,component,,,
pcb92rec1_jpg__031__IC.png,fpic_rf100,train/images/pcb92rec1_jpg.rf.423575537b439a3bcd86223cf1fef506.jpg,pcb92rec1_jpg,IC,96,120,18,23,60,75,component,,,
pcb92rec1_jpg__032__IC.png,fpic_rf100,train/images/pcb92rec1_jpg.rf.423575537b439a3bcd86223cf1fef506.jpg,pcb92rec1_jpg,IC,85,107,16,20,53,67,component,,,
pcb92rec1_jpg__036__IC.png,fpic_rf100,train/images/pcb92rec1_jpg.rf.423575537b439a3bcd86223cf1fef506.jpg,pcb92rec1_jpg,IC,86,102,16,19,54,64,component,,,
pcb92rec1_jpg__037__IC.png,fpic_rf100,train/images/pcb92rec1_jpg.rf.423575537b439a3bcd86223cf1fef506.jpg,pcb92rec1_jpg,IC,105,112,20,21,65,70,component,,,
pcb92rec1_jpg__038__IC.png,fpic_rf100,train/images/pcb92rec1_jpg.rf.423575537b439a3bcd86223cf1fef506.jpg,pcb92rec1_jpg,IC,81,100,15,19,51,62,component,,,
pcb92rec1_jpg__039__IC.png,fpic_rf100,train/images/pcb92rec1_jpg.rf.423575537b439a3bcd86223cf1fef506.jpg,pcb92rec1_jpg,IC,90,111,17,21,56,69,component,,,
pcb92rec1_jpg__043__Transistor.png,fpic_rf100,train/images/pcb92rec1_jpg.rf.423575537b439a3bcd86223cf1fef506.jpg,pcb92rec1_jpg,Transistor,117,148,22,28,73,92,component,,,
pcb92rec1_jpg__045__IC.png,fpic_rf100,train/images/pcb92rec1_jpg.rf.423575537b439a3bcd86223cf1fef506.jpg,pcb92rec1_jpg,IC,86,102,16,19,54,64,component,,,
pcb92rec1_jpg__060__IC.png,fpic_rf100,train/images/pcb92rec1_jpg.rf.423575537b439a3bcd86223cf1fef506.jpg,pcb92rec1_jpg,IC,101,88,19,16,63,55,component,,,
pcb92rec1_jpg__061__IC.png,fpic_rf100,train/images/pcb92rec1_jpg.rf.423575537b439a3bcd86223cf1fef506.jpg,pcb92rec1_jpg,IC,104,85,20,16,65,53,component,,,
pcb92rec1_jpg__062__IC.png,fpic_rf100,train/images/pcb92rec1_jpg.rf.423575537b439a3bcd86223cf1fef506.jpg,pcb92rec1_jpg,IC,86,107,16,20,54,67,component,,,
pcb92rec1_jpg__063__IC.png,fpic_rf100,train/images/pcb92rec1_jpg.rf.423575537b439a3bcd86223cf1fef506.jpg,pcb92rec1_jpg,IC,100,86,19,16,62,54,component,,,
pcb92rec1_jpg__064__IC.png,fpic_rf100,train/images/pcb92rec1_jpg.rf.423575537b439a3bcd86223cf1fef506.jpg,pcb92rec1_jpg,IC,180,216,34,41,112,135,component,,,
pcb92rec1_jpg__067__IC.png,fpic_rf100,train/images/pcb92rec1_jpg.rf.423575537b439a3bcd86223cf1fef506.jpg,pcb92rec1_jpg,IC,91,112,17,21,57,70,component,,,
pcb92rec1_jpg__081__IC.png,fpic_rf100,train/images/pcb92rec1_jpg.rf.423575537b439a3bcd86223cf1fef506.jpg,pcb92rec1_jpg,IC,80,104,15,19,50,65,component,,,
pcb92rec1_jpg__082__IC.png,fpic_rf100,train/images/pcb92rec1_jpg.rf.423575537b439a3bcd86223cf1fef506.jpg,pcb92rec1_jpg,IC,116,118,22,22,72,74,component,,,
pcb92rec1_jpg__119__IC.png,fpic_rf100,train/images/pcb92rec1_jpg.rf.423575537b439a3bcd86223cf1fef506.jpg,pcb92rec1_jpg,IC,112,111,21,21,70,69,component,,,
pcb92rec1_jpg__120__IC.png,fpic_rf100,train/images/pcb92rec1_jpg.rf.423575537b439a3bcd86223cf1fef506.jpg,pcb92rec1_jpg,IC,124,145,23,27,78,91,component,,,
pcb92rec1_jpg__126__IC.png,fpic_rf100,train/images/pcb92rec1_jpg.rf.423575537b439a3bcd86223cf1fef506.jpg,pcb92rec1_jpg,IC,139,118,26,22,87,74,component,,,
pcb92rec1_jpg__127__IC.png,fpic_rf100,train/images/pcb92rec1_jpg.rf.423575537b439a3bcd86223cf1fef506.jpg,pcb92rec1_jpg,IC,143,116,27,22,89,72,component,,,
pcb92rec1_jpg__130__IC.png,fpic_rf100,train/images/pcb92rec1_jpg.rf.423575537b439a3bcd86223cf1fef506.jpg,pcb92rec1_jpg,IC,105,103,20,19,65,65,component,,,
pcb92rec1_jpg__131__IC.png,fpic_rf100,train/images/pcb92rec1_jpg.rf.423575537b439a3bcd86223cf1fef506.jpg,pcb92rec1_jpg,IC,95,111,18,21,59,69,component,,,
pcb92rec1_jpg__140__IC.png,fpic_rf100,train/images/pcb92rec1_jpg.rf.423575537b439a3bcd86223cf1fef506.jpg,pcb92rec1_jpg,IC,101,116,19,22,63,72,component,,,
pcb92rec1_jpg__141__IC.png,fpic_rf100,train/images/pcb92rec1_jpg.rf.423575537b439a3bcd86223cf1fef506.jpg,pcb92rec1_jpg,IC,112,116,21,22,70,72,component,,,
pcb92rec1_jpg__142__IC.png,fpic_rf100,train/images/pcb92rec1_jpg.rf.423575537b439a3bcd86223cf1fef506.jpg,pcb92rec1_jpg,IC,107,108,20,20,67,68,component,,,
pcb92rec1_jpg__144__IC.png,fpic_rf100,train/images/pcb92rec1_jpg.rf.423575537b439a3bcd86223cf1fef506.jpg,pcb92rec1_jpg,IC,95,102,18,19,59,64,component,,,
pcb92rec1_jpg__145__IC.png,fpic_rf100,train/images/pcb92rec1_jpg.rf.423575537b439a3bcd86223cf1fef506.jpg,pcb92rec1_jpg,IC,113,113,21,21,71,71,component,,,
pcb92rec1_jpg__146__IC.png,fpic_rf100,train/images/pcb92rec1_jpg.rf.423575537b439a3bcd86223cf1fef506.jpg,pcb92rec1_jpg,IC,111,118,21,22,69,74,component,,,
pcb92rec1_jpg__147__IC.png,fpic_rf100,train/images/pcb92rec1_jpg.rf.423575537b439a3bcd86223cf1fef506.jpg,pcb92rec1_jpg,IC,79,108,15,20,49,68,component,,,
pcb92rec1_jpg__150__IC.png,fpic_rf100,train/images/pcb92rec1_jpg.rf.423575537b439a3bcd86223cf1fef506.jpg,pcb92rec1_jpg,IC,152,112,28,21,95,70,component,,,
pcb92rec1_jpg__151__IC.png,fpic_rf100,train/images/pcb92rec1_jpg.rf.423575537b439a3bcd86223cf1fef506.jpg,pcb92rec1_jpg,IC,95,116,18,22,59,72,component,,,
pcb92rec1_jpg__152__IC.png,fpic_rf100,train/images/pcb92rec1_jpg.rf.423575537b439a3bcd86223cf1fef506.jpg,pcb92rec1_jpg,IC,187,184,35,34,117,115,component,,,
pcb92rec1_jpg__153__IC.png,fpic_rf100,train/images/pcb92rec1_jpg.rf.423575537b439a3bcd86223cf1fef506.jpg,pcb92rec1_jpg,IC,182,182,34,34,114,114,component,,,
pcb92rec1_jpg__166__IC.png,fpic_rf100,train/images/pcb92rec1_jpg.rf.423575537b439a3bcd86223cf1fef506.jpg,pcb92rec1_jpg,IC,106,113,20,21,66,71,component,,,
pcb92rec1_jpg__167__IC.png,fpic_rf100,train/images/pcb92rec1_jpg.rf.423575537b439a3bcd86223cf1fef506.jpg,pcb92rec1_jpg,IC,160,116,30,22,100,72,component,,,
pcb93rec1_jpg__009__IC.png,fpic_rf100,train/images/pcb93rec1_jpg.rf.25198e306e584e3c7856ddf0daae9b94.jpg,pcb93rec1_jpg,IC,165,212,31,40,103,132,component,,,
pcb93rec1_jpg__036__Transistor.png,fpic_rf100,train/images/pcb93rec1_jpg.rf.25198e306e584e3c7856ddf0daae9b94.jpg,pcb93rec1_jpg,Transistor,159,118,30,22,99,74,component,,,
pcb93rec1_jpg__067__Transistor.png,fpic_rf100,train/images/pcb93rec1_jpg.rf.25198e306e584e3c7856ddf0daae9b94.jpg,pcb93rec1_jpg,Transistor,111,154,21,29,69,96,component,,,
pcb93rec1_jpg__079__Transistor.png,fpic_rf100,train/images/pcb93rec1_jpg.rf.25198e306e584e3c7856ddf0daae9b94.jpg,pcb93rec1_jpg,Transistor,170,120,32,22,106,75,component,,,
pcb93rec1_jpg__191__IC.png,fpic_rf100,train/images/pcb93rec1_jpg.rf.25198e306e584e3c7856ddf0daae9b94.jpg,pcb93rec1_jpg,IC,230,155,43,29,144,97,component,,,
pcb93rec1_jpg__193__IC.png,fpic_rf100,train/images/pcb93rec1_jpg.rf.25198e306e584e3c7856ddf0daae9b94.jpg,pcb93rec1_jpg,IC,166,156,28,29,106,98,component,,,
pcb93rec1_jpg__199__Connector.png,fpic_rf100,train/images/pcb93rec1_jpg.rf.25198e306e584e3c7856ddf0daae9b94.jpg,pcb93rec1_jpg,Connector,1016,271,190,51,635,169,component,,,
pcb93rec1_jpg__249__IC.png,fpic_rf100,train/images/pcb93rec1_jpg.rf.25198e306e584e3c7856ddf0daae9b94.jpg,pcb93rec1_jpg,IC,337,336,63,63,211,210,component,,,
pcb93rec1_jpg__262__Transistor.png,fpic_rf100,train/images/pcb93rec1_jpg.rf.25198e306e584e3c7856ddf0daae9b94.jpg,pcb93rec1_jpg,Transistor,84,87,16,16,52,55,component,,,
pcb93rec1_jpg__263__Connector.png,fpic_rf100,train/images/pcb93rec1_jpg.rf.25198e306e584e3c7856ddf0daae9b94.jpg,pcb93rec1_jpg,Connector,1007,276,189,52,629,172,component,,,
pcb93rec1_jpg__291__IC.png,fpic_rf100,train/images/pcb93rec1_jpg.rf.25198e306e584e3c7856ddf0daae9b94.jpg,pcb93rec1_jpg,IC,273,373,26,70,190,233,component,,,
pcb93rec1_jpg__294__IC.png,fpic_rf100,train/images/pcb93rec1_jpg.rf.25198e306e584e3c7856ddf0daae9b94.jpg,pcb93rec1_jpg,IC,112,88,21,16,70,55,component,,,
pcb93rec1_jpg__322__Connector.png,fpic_rf100,train/images/pcb93rec1_jpg.rf.25198e306e584e3c7856ddf0daae9b94.jpg,pcb93rec1_jpg,Connector,970,278,182,52,606,174,component,,,
pcb93rec1_jpg__329__Transistor.png,fpic_rf100,train/images/pcb93rec1_jpg.rf.25198e306e584e3c7856ddf0daae9b94.jpg,pcb93rec1_jpg,Transistor,76,88,14,16,48,55,component,,,
pcb93rec1_jpg__365__IC.png,fpic_rf100,train/images/pcb93rec1_jpg.rf.25198e306e584e3c7856ddf0daae9b94.jpg,pcb93rec1_jpg,IC,133,113,25,21,83,71,component,,,
pcb93rec1_jpg__376__Transistor.png,fpic_rf100,train/images/pcb93rec1_jpg.rf.25198e306e584e3c7856ddf0daae9b94.jpg,pcb93rec1_jpg,Transistor,88,80,17,15,55,50,component,,,
pcb93rec1_jpg__383__Transistor.png,fpic_rf100,train/images/pcb93rec1_jpg.rf.25198e306e584e3c7856ddf0daae9b94.jpg,pcb93rec1_jpg,Transistor,86,92,16,17,54,58,component,,,
pcb93rec1_jpg__406__IC.png,fpic_rf100,train/images/pcb93rec1_jpg.rf.25198e306e584e3c7856ddf0daae9b94.jpg,pcb93rec1_jpg,IC,110,129,25,24,84,81,component,,,
pcb93rec1_jpg__416__IC.png,fpic_rf100,train/images/pcb93rec1_jpg.rf.25198e306e584e3c7856ddf0daae9b94.jpg,pcb93rec1_jpg,IC,228,155,43,29,142,97,component,,,
pcb93rec1_jpg__463__IC.png,fpic_rf100,train/images/pcb93rec1_jpg.rf.25198e306e584e3c7856ddf0daae9b94.jpg,pcb93rec1_jpg,IC,130,117,25,22,83,73,component,,,
pcb93rec1_jpg__465__Connector.png,fpic_rf100,train/images/pcb93rec1_jpg.rf.25198e306e584e3c7856ddf0daae9b94.jpg,pcb93rec1_jpg,Connector,122,104,23,19,76,65,component,,,
pcb93rec1_jpg__504__IC.png,fpic_rf100,train/images/pcb93rec1_jpg.rf.25198e306e584e3c7856ddf0daae9b94.jpg,pcb93rec1_jpg,IC,129,116,24,22,81,72,component,,,
pcb93rec1_jpg__509__Connector.png,fpic_rf100,train/images/pcb93rec1_jpg.rf.25198e306e584e3c7856ddf0daae9b94.jpg,pcb93rec1_jpg,Connector,378,1555,71,241,236,1011,component,,,
pcb93rec1_jpg__519__Connector.png,fpic_rf100,train/images/pcb93rec1_jpg.rf.25198e306e584e3c7856ddf0daae9b94.jpg,pcb93rec1_jpg,Connector,385,1612,72,267,241,1035,component,,,
pcb93rec1_jpg__544__IC.png,fpic_rf100,train/images/pcb93rec1_jpg.rf.25198e306e584e3c7856ddf0daae9b94.jpg,pcb93rec1_jpg,IC,124,86,23,16,78,54,component,,,
pcb94rec1_jpg__001__Transistor.png,fpic_rf100,train/images/pcb94rec1_jpg.rf.608cb076e16a3c0e8d76407b7186c2c6.jpg,pcb94rec1_jpg,Transistor,234,161,44,30,146,101,component,,,
pcb94rec1_jpg__029__Transistor.png,fpic_rf100,train/images/pcb94rec1_jpg.rf.608cb076e16a3c0e8d76407b7186c2c6.jpg,pcb94rec1_jpg,Transistor,151,245,28,46,95,153,component,,,
pcb94rec1_jpg__030__Transistor.png,fpic_rf100,train/images/pcb94rec1_jpg.rf.608cb076e16a3c0e8d76407b7186c2c6.jpg,pcb94rec1_jpg,Transistor,149,247,28,46,93,155,component,,,
pcb94rec1_jpg__057__IC.png,fpic_rf100,train/images/pcb94rec1_jpg.rf.608cb076e16a3c0e8d76407b7186c2c6.jpg,pcb94rec1_jpg,IC,121,83,23,16,75,52,component,,,
pcb94rec1_jpg__061__IC.png,fpic_rf100,train/images/pcb94rec1_jpg.rf.608cb076e16a3c0e8d76407b7186c2c6.jpg,pcb94rec1_jpg,IC,230,176,43,33,144,110,component,,,
pcb94rec1_jpg__117__IC.png,fpic_rf100,train/images/pcb94rec1_jpg.rf.608cb076e16a3c0e8d76407b7186c2c6.jpg,pcb94rec1_jpg,IC,135,137,25,26,85,85,component,,,
pcb94rec1_jpg__191__Transistor.png,fpic_rf100,train/images/pcb94rec1_jpg.rf.608cb076e16a3c0e8d76407b7186c2c6.jpg,pcb94rec1_jpg,Transistor,301,235,56,44,188,147,component,,,
pcb94rec1_jpg__223__Transistor.png,fpic_rf100,train/images/pcb94rec1_jpg.rf.608cb076e16a3c0e8d76407b7186c2c6.jpg,pcb94rec1_jpg,Transistor,170,106,32,20,106,66,component,,,
pcb94rec1_jpg__232__Transistor.png,fpic_rf100,train/images/pcb94rec1_jpg.rf.608cb076e16a3c0e8d76407b7186c2c6.jpg,pcb94rec1_jpg,Transistor,170,107,32,20,106,67,component,,,
pcb94rec1_jpg__233__IC.png,fpic_rf100,train/images/pcb94rec1_jpg.rf.608cb076e16a3c0e8d76407b7186c2c6.jpg,pcb94rec1_jpg,IC,126,138,24,26,78,87,component,,,
pcb94rec1_jpg__251__IC.png,fpic_rf100,train/images/pcb94rec1_jpg.rf.608cb076e16a3c0e8d76407b7186c2c6.jpg,pcb94rec1_jpg,IC,114,80,21,15,72,50,component,,,
pcb94rec1_jpg__260__IC.png,fpic_rf100,train/images/pcb94rec1_jpg.rf.608cb076e16a3c0e8d76407b7186c2c6.jpg,pcb94rec1_jpg,IC,112,79,21,15,70,49,component,,,
pcb94rec1_jpg__270__Connector.png,fpic_rf100,train/images/pcb94rec1_jpg.rf.608cb076e16a3c0e8d76407b7186c2c6.jpg,pcb94rec1_jpg,Connector,153,145,29,27,95,91,component,,,
pcb94rec1_jpg__294__IC.png,fpic_rf100,train/images/pcb94rec1_jpg.rf.608cb076e16a3c0e8d76407b7186c2c6.jpg,pcb94rec1_jpg,IC,173,98,32,18,108,61,component,,,
pcb94rec1_jpg__306__IC.png,fpic_rf100,train/images/pcb94rec1_jpg.rf.608cb076e16a3c0e8d76407b7186c2c6.jpg,pcb94rec1_jpg,IC,124,102,23,19,78,64,component,,,
pcb94rec1_jpg__326__Connector.png,fpic_rf100,train/images/pcb94rec1_jpg.rf.608cb076e16a3c0e8d76407b7186c2c6.jpg,pcb94rec1_jpg,Connector,663,146,124,29,415,96,component,,,
pcb94rec1_jpg__339__IC.png,fpic_rf100,train/images/pcb94rec1_jpg.rf.608cb076e16a3c0e8d76407b7186c2c6.jpg,pcb94rec1_jpg,IC,100,144,19,27,62,90,component,,,
pcb94rec1_jpg__365__IC.png,fpic_rf100,train/images/pcb94rec1_jpg.rf.608cb076e16a3c0e8d76407b7186c2c6.jpg,pcb94rec1_jpg,IC,102,142,19,27,64,89,component,,,
pcb94rec1_jpg__373__IC.png,fpic_rf100,train/images/pcb94rec1_jpg.rf.608cb076e16a3c0e8d76407b7186c2c6.jpg,pcb94rec1_jpg,IC,103,138,19,26,65,86,component,,,
pcb94rec1_jpg__381__IC.png,fpic_rf100,train/images/pcb94rec1_jpg.rf.608cb076e16a3c0e8d76407b7186c2c6.jpg,pcb94rec1_jpg,IC,180,186,34,35,113,116,component,,,
pcb95rec1_jpg__001__Connector.png,fpic_rf100,valid/images/pcb95rec1_jpg.rf.2f74746477279526c2a95a9eb23c955e.jpg,pcb95rec1_jpg,Connector,97,741,9,139,68,463,component,,,
pcb95rec1_jpg__006__Connector.png,fpic_rf100,valid/images/pcb95rec1_jpg.rf.2f74746477279526c2a95a9eb23c955e.jpg,pcb95rec1_jpg,Connector,124,740,23,139,78,462,component,,,
pcb95rec1_jpg__031__Connector.png,fpic_rf100,valid/images/pcb95rec1_jpg.rf.2f74746477279526c2a95a9eb23c955e.jpg,pcb95rec1_jpg,Connector,333,204,63,38,210,128,component,,,
pcb95rec1_jpg__038__Transistor.png,fpic_rf100,valid/images/pcb95rec1_jpg.rf.2f74746477279526c2a95a9eb23c955e.jpg,pcb95rec1_jpg,Transistor,108,176,20,33,68,110,component,,,
pcb95rec1_jpg__039__Transistor.png,fpic_rf100,valid/images/pcb95rec1_jpg.rf.2f74746477279526c2a95a9eb23c955e.jpg,pcb95rec1_jpg,Transistor,111,164,21,31,69,102,component,,,
pcb95rec1_jpg__041__Capacitor.png,fpic_rf100,valid/images/pcb95rec1_jpg.rf.2f74746477279526c2a95a9eb23c955e.jpg,pcb95rec1_jpg,Capacitor,104,111,19,21,65,69,component,,,
pcb95rec1_jpg__057__Capacitor.png,fpic_rf100,valid/images/pcb95rec1_jpg.rf.2f74746477279526c2a95a9eb23c955e.jpg,pcb95rec1_jpg,Capacitor,104,133,19,25,65,83,component,,,
pcb95rec1_jpg__063__Capacitor.png,fpic_rf100,valid/images/pcb95rec1_jpg.rf.2f74746477279526c2a95a9eb23c955e.jpg,pcb95rec1_jpg,Capacitor,139,128,26,24,87,80,component,,,
pcb95rec1_jpg__067__Connector.png,fpic_rf100,valid/images/pcb95rec1_jpg.rf.2f74746477279526c2a95a9eb23c955e.jpg,pcb95rec1_jpg,Connector,374,272,73,51,243,170,component,,,
pcb95rec1_jpg__078__Capacitor.png,fpic_rf100,valid/images/pcb95rec1_jpg.rf.2f74746477279526c2a95a9eb23c955e.jpg,pcb95rec1_jpg,Capacitor,132,150,25,28,82,94,component,,,
pcb95rec1_jpg__083__Capacitor.png,fpic_rf100,valid/images/pcb95rec1_jpg.rf.2f74746477279526c2a95a9eb23c955e.jpg,pcb95rec1_jpg,Capacitor,129,134,24,25,81,84,component,,,
pcb95rec1_jpg__087__Capacitor.png,fpic_rf100,valid/images/pcb95rec1_jpg.rf.2f74746477279526c2a95a9eb23c955e.jpg,pcb95rec1_jpg,Capacitor,111,97,21,18,69,61,component,,,
pcb95rec1_jpg__098__Connector.png,fpic_rf100,valid/images/pcb95rec1_jpg.rf.2f74746477279526c2a95a9eb23c955e.jpg,pcb95rec1_jpg,Connector,120,596,22,112,75,372,component,,,
pcb95rec1_jpg__099__Capacitor.png,fpic_rf100,valid/images/pcb95rec1_jpg.rf.2f74746477279526c2a95a9eb23c955e.jpg,pcb95rec1_jpg,Capacitor,107,107,20,20,67,67,component,,,
pcb95rec1_jpg__103__Connector.png,fpic_rf100,valid/images/pcb95rec1_jpg.rf.2f74746477279526c2a95a9eb23c955e.jpg,pcb95rec1_jpg,Connector,91,668,0,125,70,418,component,,,
pcb95rec1_jpg__115__Capacitor.png,fpic_rf100,valid/images/pcb95rec1_jpg.rf.2f74746477279526c2a95a9eb23c955e.jpg,pcb95rec1_jpg,Capacitor,102,106,19,20,64,66,component,,,
pcb95rec1_jpg__128__IC.png,fpic_rf100,valid/images/pcb95rec1_jpg.rf.2f74746477279526c2a95a9eb23c955e.jpg,pcb95rec1_jpg,IC,95,95,18,18,59,59,component,,,
pcb95rec1_jpg__133__Capacitor.png,fpic_rf100,valid/images/pcb95rec1_jpg.rf.2f74746477279526c2a95a9eb23c955e.jpg,pcb95rec1_jpg,Capacitor,123,102,23,19,77,64,component,,,
pcb95rec1_jpg__138__Connector.png,fpic_rf100,valid/images/pcb95rec1_jpg.rf.2f74746477279526c2a95a9eb23c955e.jpg,pcb95rec1_jpg,Connector,306,724,68,136,228,452,component,,,
pcb95rec1_jpg__151__Capacitor.png,fpic_rf100,valid/images/pcb95rec1_jpg.rf.2f74746477279526c2a95a9eb23c955e.jpg,pcb95rec1_jpg,Capacitor,108,113,20,21,68,71,component,,,
pcb95rec1_jpg__178__Capacitor.png,fpic_rf100,valid/images/pcb95rec1_jpg.rf.2f74746477279526c2a95a9eb23c955e.jpg,pcb95rec1_jpg,Capacitor,136,134,26,25,85,84,component,,,
pcb95rec1_jpg__182__Capacitor.png,fpic_rf100,valid/images/pcb95rec1_jpg.rf.2f74746477279526c2a95a9eb23c955e.jpg,pcb95rec1_jpg,Capacitor,124,112,23,21,78,70,component,,,
pcb95rec1_jpg__197__Capacitor.png,fpic_rf100,valid/images/pcb95rec1_jpg.rf.2f74746477279526c2a95a9eb23c955e.jpg,pcb95rec1_jpg,Capacitor,123,120,23,22,77,75,component,,,
pcb95rec1_jpg__198__IC.png,fpic_rf100,valid/images/pcb95rec1_jpg.rf.2f74746477279526c2a95a9eb23c955e.jpg,pcb95rec1_jpg,IC,209,296,39,56,131,185,component,,,
pcb95rec1_jpg__201__Capacitor.png,fpic_rf100,valid/images/pcb95rec1_jpg.rf.2f74746477279526c2a95a9eb23c955e.jpg,pcb95rec1_jpg,Capacitor,143,140,27,26,89,88,component,,,
pcb95rec1_jpg__208__IC.png,fpic_rf100,valid/images/pcb95rec1_jpg.rf.2f74746477279526c2a95a9eb23c955e.jpg,pcb95rec1_jpg,IC,104,101,19,19,65,63,component,,,
pcb95rec1_jpg__211__Capacitor.png,fpic_rf100,valid/images/pcb95rec1_jpg.rf.2f74746477279526c2a95a9eb23c955e.jpg,pcb95rec1_jpg,Capacitor,138,152,26,28,86,95,component,,,
pcb95rec1_jpg__219__Connector.png,fpic_rf100,valid/images/pcb95rec1_jpg.rf.2f74746477279526c2a95a9eb23c955e.jpg,pcb95rec1_jpg,Connector,330,184,62,38,206,126,component,,,
pcb95rec1_jpg__228__Connector.png,fpic_rf100,valid/images/pcb95rec1_jpg.rf.2f74746477279526c2a95a9eb23c955e.jpg,pcb95rec1_jpg,Connector,140,252,22,47,91,158,component,,,
pcb95rec1_jpg__230__Capacitor.png,fpic_rf100,valid/images/pcb95rec1_jpg.rf.2f74746477279526c2a95a9eb23c955e.jpg,pcb95rec1_jpg,Capacitor,128,148,24,28,80,92,component,,,
pcb95rec1_jpg__239__Capacitor.png,fpic_rf100,valid/images/pcb95rec1_jpg.rf.2f74746477279526c2a95a9eb23c955e.jpg,pcb95rec1_jpg,Capacitor,113,116,21,22,71,72,component,,,
pcb95rec1_jpg__247__IC.png,fpic_rf100,valid/images/pcb95rec1_jpg.rf.2f74746477279526c2a95a9eb23c955e.jpg,pcb95rec1_jpg,IC,369,314,69,59,231,196,component,,,
pcb95rec1_jpg__254__Capacitor.png,fpic_rf100,valid/images/pcb95rec1_jpg.rf.2f74746477279526c2a95a9eb23c955e.jpg,pcb95rec1_jpg,Capacitor,133,107,25,20,83,67,component,,,
pcb95rec1_jpg__255__IC.png,fpic_rf100,valid/images/pcb95rec1_jpg.rf.2f74746477279526c2a95a9eb23c955e.jpg,pcb95rec1_jpg,IC,256,180,48,34,160,112,component,,,
pcb95rec1_jpg__262__Capacitor.png,fpic_rf100,valid/images/pcb95rec1_jpg.rf.2f74746477279526c2a95a9eb23c955e.jpg,pcb95rec1_jpg,Capacitor,101,95,19,18,63,59,component,,,
pcb95rec1_jpg__266__Capacitor.png,fpic_rf100,valid/images/pcb95rec1_jpg.rf.2f74746477279526c2a95a9eb23c955e.jpg,pcb95rec1_jpg,Capacitor,123,107,23,20,77,67,component,,,
pcb95rec1_jpg__273__Capacitor.png,fpic_rf100,valid/images/pcb95rec1_jpg.rf.2f74746477279526c2a95a9eb23c955e.jpg,pcb95rec1_jpg,Capacitor,96,108,18,20,60,68,component,,,
pcb95rec1_jpg__283__Capacitor.png,fpic_rf100,valid/images/pcb95rec1_jpg.rf.2f74746477279526c2a95a9eb23c955e.jpg,pcb95rec1_jpg,Capacitor,88,120,16,22,55,75,component,,,
pcb95rec1_jpg__284__IC.png,fpic_rf100,valid/images/pcb95rec1_jpg.rf.2f74746477279526c2a95a9eb23c955e.jpg,pcb95rec1_jpg,IC,133,112,25,21,83,70,component,,,
pcb95rec1_jpg__286__Capacitor.png,fpic_rf100,valid/images/pcb95rec1_jpg.rf.2f74746477279526c2a95a9eb23c955e.jpg,pcb95rec1_jpg,Capacitor,113,112,21,21,71,70,component,,,
pcb95rec1_jpg__292__IC.png,fpic_rf100,valid/images/pcb95rec1_jpg.rf.2f74746477279526c2a95a9eb23c955e.jpg,pcb95rec1_jpg,IC,246,172,46,32,154,108,component,,,
pcb95rec1_jpg__293__Capacitor.png,fpic_rf100,valid/images/pcb95rec1_jpg.rf.2f74746477279526c2a95a9eb23c955e.jpg,pcb95rec1_jpg,Capacitor,95,84,18,16,59,52,component,,,
pcb95rec1_jpg__294__Capacitor.png,fpic_rf100,valid/images/pcb95rec1_jpg.rf.2f74746477279526c2a95a9eb23c955e.jpg,pcb95rec1_jpg,Capacitor,117,106,22,20,73,66,component,,,
pcb95rec1_jpg__295__Capacitor.png,fpic_rf100,valid/images/pcb95rec1_jpg.rf.2f74746477279526c2a95a9eb23c955e.jpg,pcb95rec1_jpg,Capacitor,117,136,22,26,73,85,component,,,
pcb95rec1_jpg__308__Capacitor.png,fpic_rf100,valid/images/pcb95rec1_jpg.rf.2f74746477279526c2a95a9eb23c955e.jpg,pcb95rec1_jpg,Capacitor,97,88,18,17,61,55,component,,,
pcb95rec1_jpg__312__Connector.png,fpic_rf100,valid/images/pcb95rec1_jpg.rf.2f74746477279526c2a95a9eb23c955e.jpg,pcb95rec1_jpg,Connector,304,156,61,29,205,98,component,,,
pcb95rec1_jpg__320__Connector.png,fpic_rf100,valid/images/pcb95rec1_jpg.rf.2f74746477279526c2a95a9eb23c955e.jpg,pcb95rec1_jpg,Connector,117,199,22,4,73,150,component,,,
pcb95rec1_jpg__321__IC.png,fpic_rf100,valid/images/pcb95rec1_jpg.rf.2f74746477279526c2a95a9eb23c955e.jpg,pcb95rec1_jpg,IC,204,143,38,27,128,89,component,,,
pcb95rec1_jpg__327__Capacitor.png,fpic_rf100,valid/images/pcb95rec1_jpg.rf.2f74746477279526c2a95a9eb23c955e.jpg,pcb95rec1_jpg,Capacitor,100,95,19,18,62,59,component,,,
pcb95rec1_jpg__334__Capacitor.png,fpic_rf100,valid/images/pcb95rec1_jpg.rf.2f74746477279526c2a95a9eb23c955e.jpg,pcb95rec1_jpg,Capacitor,81,80,15,15,51,50,component,,,
pcb95rec1_jpg__339__Connector.png,fpic_rf100,valid/images/pcb95rec1_jpg.rf.2f74746477279526c2a95a9eb23c955e.jpg,pcb95rec1_jpg,Connector,328,184,74,35,248,115,component,,,
pcb97rec1_jpg__013__IC.png,fpic_rf100,valid/images/pcb97rec1_jpg.rf.6c33525eec84c9875af7b4fcc5ad6c61.jpg,pcb97rec1_jpg,IC,434,448,81,84,271,280,component,,,
pcb97rec1_jpg__049__IC.png,fpic_rf100,valid/images/pcb97rec1_jpg.rf.6c33525eec84c9875af7b4fcc5ad6c61.jpg,pcb97rec1_jpg,IC,316,172,59,32,198,108,component,,,
pcb97rec1_jpg__051__IC.png,fpic_rf100,valid/images/pcb97rec1_jpg.rf.6c33525eec84c9875af7b4fcc5ad6c61.jpg,pcb97rec1_jpg,IC,165,184,31,34,103,115,component,,,
pcb97rec1_jpg__052__iC.png,fpic_rf100,valid/images/pcb97rec1_jpg.rf.6c33525eec84c9875af7b4fcc5ad6c61.jpg,pcb97rec1_jpg,iC,383,365,72,68,239,228,component,,,
pcb97rec1_jpg__062__Connector.png,fpic_rf100,valid/images/pcb97rec1_jpg.rf.6c33525eec84c9875af7b4fcc5ad6c61.jpg,pcb97rec1_jpg,Connector,113,404,21,76,71,253,component,,,
pcb97rec1_jpg__063__Connector.png,fpic_rf100,valid/images/pcb97rec1_jpg.rf.6c33525eec84c9875af7b4fcc5ad6c61.jpg,pcb97rec1_jpg,Connector,133,439,25,82,83,275,component,,,
pcb97rec1_jpg__066__IC.png,fpic_rf100,valid/images/pcb97rec1_jpg.rf.6c33525eec84c9875af7b4fcc5ad6c61.jpg,pcb97rec1_jpg,IC,137,116,26,22,86,72,component,,,
pcb97rec1_jpg__085__IC.png,fpic_rf100,valid/images/pcb97rec1_jpg.rf.6c33525eec84c9875af7b4fcc5ad6c61.jpg,pcb97rec1_jpg,IC,108,144,20,27,68,90,component,,,
pcb97rec1_jpg__170__Connector.png,fpic_rf100,valid/images/pcb97rec1_jpg.rf.6c33525eec84c9875af7b4fcc5ad6c61.jpg,pcb97rec1_jpg,Connector,142,1027,27,193,89,642,component,,,
pcb97rec1_jpg__171__Connector.png,fpic_rf100,valid/images/pcb97rec1_jpg.rf.6c33525eec84c9875af7b4fcc5ad6c61.jpg,pcb97rec1_jpg,Connector,126,997,24,187,79,623,component,,,
pcb97rec1_jpg__211__IC.png,fpic_rf100,valid/images/pcb97rec1_jpg.rf.6c33525eec84c9875af7b4fcc5ad6c61.jpg,pcb97rec1_jpg,IC,91,77,17,14,57,48,component,,,
pcb97rec1_jpg__220__IC.png,fpic_rf100,valid/images/pcb97rec1_jpg.rf.6c33525eec84c9875af7b4fcc5ad6c61.jpg,pcb97rec1_jpg,IC,201,264,38,50,126,165,component,,,
pcb97rec1_jpg__223__IC.png,fpic_rf100,valid/images/pcb97rec1_jpg.rf.6c33525eec84c9875af7b4fcc5ad6c61.jpg,pcb97rec1_jpg,IC,140,160,26,30,88,100,component,,,
pcb97rec1_jpg__232__IC.png,fpic_rf100,valid/images/pcb97rec1_jpg.rf.6c33525eec84c9875af7b4fcc5ad6c61.jpg,pcb97rec1_jpg,IC,153,148,29,28,96,92,component,,,
pcb98rec1_jpg__009__Capacitor_Jumper.png,fpic_rf100,train/images/pcb98rec1_jpg.rf.08f2a49807d3dd805fa4554eac121f8d.jpg,pcb98rec1_jpg,Capacitor Jumper,118,138,22,26,74,86,component,,,
pcb98rec1_jpg__012__Capacitor_Jumper.png,fpic_rf100,train/images/pcb98rec1_jpg.rf.08f2a49807d3dd805fa4554eac121f8d.jpg,pcb98rec1_jpg,Capacitor Jumper,133,118,25,22,83,74,component,,,
pcb98rec1_jpg__014__Capacitor_Jumper.png,fpic_rf100,train/images/pcb98rec1_jpg.rf.08f2a49807d3dd805fa4554eac121f8d.jpg,pcb98rec1_jpg,Capacitor Jumper,145,132,27,25,91,82,component,,,
pcb98rec1_jpg__098__IC.png,fpic_rf100,train/images/pcb98rec1_jpg.rf.08f2a49807d3dd805fa4554eac121f8d.jpg,pcb98rec1_jpg,IC,259,260,49,49,162,162,component,,,
pcb98rec1_jpg__101__Capacitor_Jumper.png,fpic_rf100,train/images/pcb98rec1_jpg.rf.08f2a49807d3dd805fa4554eac121f8d.jpg,pcb98rec1_jpg,Capacitor Jumper,118,129,22,24,74,80,component,,,
pcb98rec1_jpg__107__Capacitor_Jumper.png,fpic_rf100,train/images/pcb98rec1_jpg.rf.08f2a49807d3dd805fa4554eac121f8d.jpg,pcb98rec1_jpg,Capacitor Jumper,135,132,25,25,84,83,component,,,
pcb98rec1_jpg__112__Capacitor_Jumper.png,fpic_rf100,train/images/pcb98rec1_jpg.rf.08f2a49807d3dd805fa4554eac121f8d.jpg,pcb98rec1_jpg,Capacitor Jumper,138,132,26,25,86,82,component,,,
pcb98rec1_jpg__114__Capacitor_Jumper.png,fpic_rf100,train/images/pcb98rec1_jpg.rf.08f2a49807d3dd805fa4554eac121f8d.jpg,pcb98rec1_jpg,Capacitor Jumper,138,117,26,22,86,73,component,,,
pcb98rec1_jpg__122__IC.png,fpic_rf100,train/images/pcb98rec1_jpg.rf.08f2a49807d3dd805fa4554eac121f8d.jpg,pcb98rec1_jpg,IC,79,81,15,15,49,51,component,,,
pcb98rec1_jpg__130__Capacitor_Jumper.png,fpic_rf100,train/images/pcb98rec1_jpg.rf.08f2a49807d3dd805fa4554eac121f8d.jpg,pcb98rec1_jpg,Capacitor Jumper,111,140,21,26,69,88,component,,,
pcb98rec1_jpg__131__Capacitor_Jumper.png,fpic_rf100,train/images/pcb98rec1_jpg.rf.08f2a49807d3dd805fa4554eac121f8d.jpg,pcb98rec1_jpg,Capacitor Jumper,107,109,20,20,67,68,component,,,
pcb98rec1_jpg__132__Capacitor_Jumper.png,fpic_rf100,train/images/pcb98rec1_jpg.rf.08f2a49807d3dd805fa4554eac121f8d.jpg,pcb98rec1_jpg,Capacitor Jumper,128,116,24,22,80,72,component,,,
pcb98rec1_jpg__145__Capacitor_Jumper.png,fpic_rf100,train/images/pcb98rec1_jpg.rf.08f2a49807d3dd805fa4554eac121f8d.jpg,pcb98rec1_jpg,Capacitor Jumper,100,103,19,19,62,65,component,,,
pcb98rec1_jpg__204__Capacitor_Jumper.png,fpic_rf100,train/images/pcb98rec1_jpg.rf.08f2a49807d3dd805fa4554eac121f8d.jpg,pcb98rec1_jpg,Capacitor Jumper,101,91,19,17,63,57,component,,,
pcb98rec1_jpg__219__Capacitor_Jumper.png,fpic_rf100,train/images/pcb98rec1_jpg.rf.08f2a49807d3dd805fa4554eac121f8d.jpg,pcb98rec1_jpg,Capacitor Jumper,91,82,17,15,57,51,component,,,
pcb98rec1_jpg__232__Capacitor_Jumper.png,fpic_rf100,train/images/pcb98rec1_jpg.rf.08f2a49807d3dd805fa4554eac121f8d.jpg,pcb98rec1_jpg,Capacitor Jumper,102,86,19,16,64,54,component,,,
pcb98rec1_jpg__248__Capacitor_Jumper.png,fpic_rf100,train/images/pcb98rec1_jpg.rf.08f2a49807d3dd805fa4554eac121f8d.jpg,pcb98rec1_jpg,Capacitor Jumper,132,117,25,22,82,73,component,,,
pcb98rec1_jpg__292__Capacitor_Jumper.png,fpic_rf100,train/images/pcb98rec1_jpg.rf.08f2a49807d3dd805fa4554eac121f8d.jpg,pcb98rec1_jpg,Capacitor Jumper,127,114,24,21,79,71,component,,,
pcb98rec1_jpg__296__Capacitor_Jumper.png,fpic_rf100,train/images/pcb98rec1_jpg.rf.08f2a49807d3dd805fa4554eac121f8d.jpg,pcb98rec1_jpg,Capacitor Jumper,118,111,22,21,74,70,component,,,
pcb98rec1_jpg__298__Capacitor_Jumper.png,fpic_rf100,train/images/pcb98rec1_jpg.rf.08f2a49807d3dd805fa4554eac121f8d.jpg,pcb98rec1_jpg,Capacitor Jumper,127,101,24,19,79,63,component,,,
pcb98rec1_jpg__308__IC.png,fpic_rf100,train/images/pcb98rec1_jpg.rf.08f2a49807d3dd805fa4554eac121f8d.jpg,pcb98rec1_jpg,IC,106,196,20,37,66,122,component,,,
pcb98rec1_jpg__349__Transistor.png,fpic_rf100,train/images/pcb98rec1_jpg.rf.08f2a49807d3dd805fa4554eac121f8d.jpg,pcb98rec1_jpg,Transistor,79,84,15,16,49,52,component,,,
pcb98rec1_jpg__379__IC.png,fpic_rf100,train/images/pcb98rec1_jpg.rf.08f2a49807d3dd805fa4554eac121f8d.jpg,pcb98rec1_jpg,IC,356,208,67,39,222,130,component,,,
pcb98rec1_jpg__420__Capacitor_Jumper.png,fpic_rf100,train/images/pcb98rec1_jpg.rf.08f2a49807d3dd805fa4554eac121f8d.jpg,pcb98rec1_jpg,Capacitor Jumper,129,149,24,28,81,93,component,,,
pcb98rec1_jpg__437__Capacitor_Jumper.png,fpic_rf100,train/images/pcb98rec1_jpg.rf.08f2a49807d3dd805fa4554eac121f8d.jpg,pcb98rec1_jpg,Capacitor Jumper,119,111,22,21,75,69,component,,,
pcb98rec1_jpg__456__Capacitor_Jumper.png,fpic_rf100,train/images/pcb98rec1_jpg.rf.08f2a49807d3dd805fa4554eac121f8d.jpg,pcb98rec1_jpg,Capacitor Jumper,122,158,23,30,76,99,component,,,
pcb98rec1_jpg__479__Capacitor_Jumper.png,fpic_rf100,train/images/pcb98rec1_jpg.rf.08f2a49807d3dd805fa4554eac121f8d.jpg,pcb98rec1_jpg,Capacitor Jumper,121,146,23,27,75,91,component,,,
pcb98rec1_jpg__483__Capacitor_Jumper.png,fpic_rf100,train/images/pcb98rec1_jpg.rf.08f2a49807d3dd805fa4554eac121f8d.jpg,pcb98rec1_jpg,Capacitor Jumper,139,156,26,29,87,97,component,,,
pcb98rec1_jpg__486__Transistor.png,fpic_rf100,train/images/pcb98rec1_jpg.rf.08f2a49807d3dd805fa4554eac121f8d.jpg,pcb98rec1_jpg,Transistor,100,102,19,19,62,64,component,,,
pcb98rec1_jpg__495__IC.png,fpic_rf100,train/images/pcb98rec1_jpg.rf.08f2a49807d3dd805fa4554eac121f8d.jpg,pcb98rec1_jpg,IC,84,186,16,35,53,116,component,,,
pcb98rec1_jpg__497__Transistor.png,fpic_rf100,train/images/pcb98rec1_jpg.rf.08f2a49807d3dd805fa4554eac121f8d.jpg,pcb98rec1_jpg,Transistor,95,114,18,21,59,71,component,,,
pcb98rec1_jpg__507__Capacitor_Jumper.png,fpic_rf100,train/images/pcb98rec1_jpg.rf.08f2a49807d3dd805fa4554eac121f8d.jpg,pcb98rec1_jpg,Capacitor Jumper,149,119,28,22,93,75,component,,,
pcb98rec1_jpg__518__Capacitor_Jumper.png,fpic_rf100,train/images/pcb98rec1_jpg.rf.08f2a49807d3dd805fa4554eac121f8d.jpg,pcb98rec1_jpg,Capacitor Jumper,124,127,23,24,77,79,component,,,
pcb98rec1_jpg__542__IC.png,fpic_rf100,train/images/pcb98rec1_jpg.rf.08f2a49807d3dd805fa4554eac121f8d.jpg,pcb98rec1_jpg,IC,177,276,33,52,111,172,component,,,
pcb98rec1_jpg__543__Transistor.png,fpic_rf100,train/images/pcb98rec1_jpg.rf.08f2a49807d3dd805fa4554eac121f8d.jpg,pcb98rec1_jpg,Transistor,87,116,16,22,54,73,component,,,
pcb98rec1_jpg__558__Transistor.png,fpic_rf100,train/images/pcb98rec1_jpg.rf.08f2a49807d3dd805fa4554eac121f8d.jpg,pcb98rec1_jpg,Transistor,92,97,17,18,58,61,component,,,
pcb98rec1_jpg__565__Capacitor_Jumper.png,fpic_rf100,train/images/pcb98rec1_jpg.rf.08f2a49807d3dd805fa4554eac121f8d.jpg,pcb98rec1_jpg,Capacitor Jumper,117,102,22,19,73,64,component,,,
pcb98rec1_jpg__604__Capacitor_Jumper.png,fpic_rf100,train/images/pcb98rec1_jpg.rf.08f2a49807d3dd805fa4554eac121f8d.jpg,pcb98rec1_jpg,Capacitor Jumper,127,150,24,28,79,94,component,,,
pcb98rec1_jpg__613__Connector.png,fpic_rf100,train/images/pcb98rec1_jpg.rf.08f2a49807d3dd805fa4554eac121f8d.jpg,pcb98rec1_jpg,Connector,113,1201,21,225,71,751,component,,,
pcb98rec1_jpg__614__Capacitor_Jumper.png,fpic_rf100,train/images/pcb98rec1_jpg.rf.08f2a49807d3dd805fa4554eac121f8d.jpg,pcb98rec1_jpg,Capacitor Jumper,154,133,29,25,96,83,component,,,
pcb98rec1_jpg__623__Connector.png,fpic_rf100,train/images/pcb98rec1_jpg.rf.08f2a49807d3dd805fa4554eac121f8d.jpg,pcb98rec1_jpg,Connector,192,1210,36,227,120,756,component,,,
pcb98rec1_jpg__625__Connector.png,fpic_rf100,train/images/pcb98rec1_jpg.rf.08f2a49807d3dd805fa4554eac121f8d.jpg,pcb98rec1_jpg,Connector,151,1220,28,229,95,762,component,,,
pcb98rec1_jpg__626__Connector.png,fpic_rf100,train/images/pcb98rec1_jpg.rf.08f2a49807d3dd805fa4554eac121f8d.jpg,pcb98rec1_jpg,Connector,153,1211,29,227,95,757,component,,,
pcb98rec1_jpg__627__Connector.png,fpic_rf100,train/images/pcb98rec1_jpg.rf.08f2a49807d3dd805fa4554eac121f8d.jpg,pcb98rec1_jpg,Connector,145,1220,27,229,90,762,component,,,
pcb98rec1_jpg__633__Capacitor_Jumper.png,fpic_rf100,train/images/pcb98rec1_jpg.rf.08f2a49807d3dd805fa4554eac121f8d.jpg,pcb98rec1_jpg,Capacitor Jumper,137,154,26,29,85,96,component,,,
pcb98rec1_jpg__640__Transistor.png,fpic_rf100,train/images/pcb98rec1_jpg.rf.08f2a49807d3dd805fa4554eac121f8d.jpg,pcb98rec1_jpg,Transistor,89,95,17,18,56,59,component,,,
pcb98rec1_jpg__642__Transistor.png,fpic_rf100,train/images/pcb98rec1_jpg.rf.08f2a49807d3dd805fa4554eac121f8d.jpg,pcb98rec1_jpg,Transistor,87,103,16,19,55,65,component,,,
pcb98rec1_jpg__647__Capacitor_Jumper.png,fpic_rf100,train/images/pcb98rec1_jpg.rf.08f2a49807d3dd805fa4554eac121f8d.jpg,pcb98rec1_jpg,Capacitor Jumper,114,134,21,25,72,84,component,,,
pcb98rec1_jpg__650__Capacitor_Jumper.png,fpic_rf100,train/images/pcb98rec1_jpg.rf.08f2a49807d3dd805fa4554eac121f8d.jpg,pcb98rec1_jpg,Capacitor Jumper,139,137,26,26,87,85,component,,,
pcb99rec1_jpg__014__Connector.png,fpic_rf100,train/images/pcb99rec1_jpg.rf.07d10b4431f90e5b6bb2eee6c8c84205.jpg,pcb99rec1_jpg,Connector,957,302,183,0,611,232,component,,,
pcb99rec1_jpg__034__Connector.png,fpic_rf100,train/images/pcb99rec1_jpg.rf.07d10b4431f90e5b6bb2eee6c8c84205.jpg,pcb99rec1_jpg,Connector,213,323,40,6,133,244,component,,,
pcb99rec1_jpg__066__IC.png,fpic_rf100,train/images/pcb99rec1_jpg.rf.07d10b4431f90e5b6bb2eee6c8c84205.jpg,pcb99rec1_jpg,IC,418,418,78,78,262,261,component,,,
pcb99rec1_jpg__070__Connector.png,fpic_rf100,train/images/pcb99rec1_jpg.rf.07d10b4431f90e5b6bb2eee6c8c84205.jpg,pcb99rec1_jpg,Connector,202,291,38,43,127,191,component,,,
pcb99rec1_jpg__073__Connector.png,fpic_rf100,train/images/pcb99rec1_jpg.rf.07d10b4431f90e5b6bb2eee6c8c84205.jpg,pcb99rec1_jpg,Connector,208,295,48,44,160,193,component,,,
pcb99rec1_jpg__119__IC.png,fpic_rf100,train/images/pcb99rec1_jpg.rf.07d10b4431f90e5b6bb2eee6c8c84205.jpg,pcb99rec1_jpg,IC,255,161,48,30,159,101,component,,,
pcb99rec1_jpg__131__IC.png,fpic_rf100,train/images/pcb99rec1_jpg.rf.07d10b4431f90e5b6bb2eee6c8c84205.jpg,pcb99rec1_jpg,IC,169,268,32,50,105,168,component,,,
pcb99rec1_jpg__136__IC.png,fpic_rf100,train/images/pcb99rec1_jpg.rf.07d10b4431f90e5b6bb2eee6c8c84205.jpg,pcb99rec1_jpg,IC,84,100,16,19,52,62,component,,,
pcb99rec1_jpg__137__Connector.png,fpic_rf100,train/images/pcb99rec1_jpg.rf.07d10b4431f90e5b6bb2eee6c8c84205.jpg,pcb99rec1_jpg,Connector,319,386,60,24,199,279,component,,,
pcb99rec1_jpg__176__IC.png,fpic_rf100,train/images/pcb99rec1_jpg.rf.07d10b4431f90e5b6bb2eee6c8c84205.jpg,pcb99rec1_jpg,IC,151,160,28,30,95,100,component,,,
pcb99rec1_jpg__215__IC.png,fpic_rf100,train/images/pcb99rec1_jpg.rf.07d10b4431f90e5b6bb2eee6c8c84205.jpg,pcb99rec1_jpg,IC,187,167,35,31,117,105,component,,,
pcb99rec1_jpg__223__iC.png,fpic_rf100,train/images/pcb99rec1_jpg.rf.07d10b4431f90e5b6bb2eee6c8c84205.jpg,pcb99rec1_jpg,iC,161,251,30,47,101,157,component,,,
pcb99rec1_jpg__224__IC.png,fpic_rf100,train/images/pcb99rec1_jpg.rf.07d10b4431f90e5b6bb2eee6c8c84205.jpg,pcb99rec1_jpg,IC,272,150,51,28,170,94,component,,,
pcb99rec1_jpg__228__IC.png,fpic_rf100,train/images/pcb99rec1_jpg.rf.07d10b4431f90e5b6bb2eee6c8c84205.jpg,pcb99rec1_jpg,IC,129,139,24,26,81,87,component,,,
pcb99rec1_jpg__230__IC.png,fpic_rf100,train/images/pcb99rec1_jpg.rf.07d10b4431f90e5b6bb2eee6c8c84205.jpg,pcb99rec1_jpg,IC,235,215,44,40,147,135,component,,,
pcb99rec1_jpg__238__IC.png,fpic_rf100,train/images/pcb99rec1_jpg.rf.07d10b4431f90e5b6bb2eee6c8c84205.jpg,pcb99rec1_jpg,IC,223,331,42,62,140,207,component,,,
pcb99rec1_jpg__293__IC.png,fpic_rf100,train/images/pcb99rec1_jpg.rf.07d10b4431f90e5b6bb2eee6c8c84205.jpg,pcb99rec1_jpg,IC,709,703,133,132,443,439,component,,,
pcb9rec1_jpg__000__Connector.png,fpic_rf100,train/images/pcb9rec1_jpg.rf.263e060c214d84a50117ae0dd886f187.jpg,pcb9rec1_jpg,Connector,1210,144,227,27,756,90,component,,,
pcb9rec1_jpg__001__Connector.png,fpic_rf100,train/images/pcb9rec1_jpg.rf.263e060c214d84a50117ae0dd886f187.jpg,pcb9rec1_jpg,Connector,123,247,23,18,77,176,component,,,
pcb9rec1_jpg__003__Connector.png,fpic_rf100,train/images/pcb9rec1_jpg.rf.263e060c214d84a50117ae0dd886f187.jpg,pcb9rec1_jpg,Connector,1204,150,226,28,752,94,component,,,
pcb9rec1_jpg__004__IC.png,fpic_rf100,train/images/pcb9rec1_jpg.rf.263e060c214d84a50117ae0dd886f187.jpg,pcb9rec1_jpg,IC,235,609,44,114,147,381,component,,,
pcb9rec1_jpg__006__IC.png,fpic_rf100,train/images/pcb9rec1_jpg.rf.263e060c214d84a50117ae0dd886f187.jpg,pcb9rec1_jpg,IC,356,278,70,33,234,188,component,,,
pcb9rec1_jpg__007__IC.png,fpic_rf100,train/images/pcb9rec1_jpg.rf.263e060c214d84a50117ae0dd886f187.jpg,pcb9rec1_jpg,IC,444,442,83,83,277,276,component,,,
pcb9rec1_jpg__008__IC.png,fpic_rf100,train/images/pcb9rec1_jpg.rf.263e060c214d84a50117ae0dd886f187.jpg,pcb9rec1_jpg,IC,212,754,32,141,138,471,component,,,
pcb9rec1_jpg__022__Connector.png,fpic_rf100,train/images/pcb9rec1_jpg.rf.263e060c214d84a50117ae0dd886f187.jpg,pcb9rec1_jpg,Connector,1209,144,227,27,756,90,component,,,
pcb9rec1_jpg__024__Connector.png,fpic_rf100,train/images/pcb9rec1_jpg.rf.263e060c214d84a50117ae0dd886f187.jpg,pcb9rec1_jpg,Connector,1642,128,308,24,1026,80,component,,,
pcb9rec1_jpg__025__Connector.png,fpic_rf100,train/images/pcb9rec1_jpg.rf.263e060c214d84a50117ae0dd886f187.jpg,pcb9rec1_jpg,Connector,1786,187,187,35,1230,117,component,,,
pcb9rec1_jpg__026__IC.png,fpic_rf100,train/images/pcb9rec1_jpg.rf.263e060c214d84a50117ae0dd886f187.jpg,pcb9rec1_jpg,IC,144,113,27,21,90,71,component,,,
pcb9rec1_jpg__027__IC.png,fpic_rf100,train/images/pcb9rec1_jpg.rf.263e060c214d84a50117ae0dd886f187.jpg,pcb9rec1_jpg,IC,405,97,76,18,253,61,component,,,
pcb9rec1_jpg__028__IC.png,fpic_rf100,train/images/pcb9rec1_jpg.rf.263e060c214d84a50117ae0dd886f187.jpg,pcb9rec1_jpg,IC,314,92,59,17,196,57,component,,,
pcb9rec1_jpg__029__IC.png,fpic_rf100,train/images/pcb9rec1_jpg.rf.263e060c214d84a50117ae0dd886f187.jpg,pcb9rec1_jpg,IC,321,102,60,19,201,64,component,,,
pcb9rec1_jpg__030__IC.png,fpic_rf100,train/images/pcb9rec1_jpg.rf.263e060c214d84a50117ae0dd886f187.jpg,pcb9rec1_jpg,IC,383,92,72,17,239,57,component,,,
pcb9rec1_jpg__031__IC.png,fpic_rf100,train/images/pcb9rec1_jpg.rf.263e060c214d84a50117ae0dd886f187.jpg,pcb9rec1_jpg,IC,124,110,23,21,78,69,component,,,
pcb9rec1_jpg__032__Connector.png,fpic_rf100,train/images/pcb9rec1_jpg.rf.263e060c214d84a50117ae0dd886f187.jpg,pcb9rec1_jpg,Connector,1783,170,191,32,1224,106,component,,,
pcb9rec1_jpg__033__IC.png,fpic_rf100,train/images/pcb9rec1_jpg.rf.263e060c214d84a50117ae0dd886f187.jpg,pcb9rec1_jpg,IC,485,219,91,43,303,143,component,,,
pcb9rec1_jpg__034__Connector.png,fpic_rf100,train/images/pcb9rec1_jpg.rf.263e060c214d84a50117ae0dd886f187.jpg,pcb9rec1_jpg,Connector,1786,133,194,31,1225,102,component,,,
pcb9rec1_jpg__035__Connector.png,fpic_rf100,train/images/pcb9rec1_jpg.rf.263e060c214d84a50117ae0dd886f187.jpg,pcb9rec1_jpg,Connector,107,470,20,19,67,347,component,,,
pcb9rec1_jpg__036__IC.png,fpic_rf100,train/images/pcb9rec1_jpg.rf.263e060c214d84a50117ae0dd886f187.jpg,pcb9rec1_jpg,IC,170,187,32,35,106,117,component,,,
pcb9rec1_jpg__037__Connector.png,fpic_rf100,train/images/pcb9rec1_jpg.rf.263e060c214d84a50117ae0dd886f187.jpg,pcb9rec1_jpg,Connector,1649,128,309,24,1031,80,component,,,
pcb9rec1_jpg__038__Connector.png,fpic_rf100,train/images/pcb9rec1_jpg.rf.263e060c214d84a50117ae0dd886f187.jpg,pcb9rec1_jpg,Connector,140,286,26,54,88,179,component,,,
pcb9rec1_jpg__039__Connector.png,fpic_rf100,train/images/pcb9rec1_jpg.rf.263e060c214d84a50117ae0dd886f187.jpg,pcb9rec1_jpg,Connector,1648,138,309,26,1030,86,component,,,
pcb9rec1_jpg__040__IC.png,fpic_rf100,train/images/pcb9rec1_jpg.rf.263e060c214d84a50117ae0dd886f187.jpg,pcb9rec1_jpg,IC,364,292,72,55,241,182,component,,,
pcb9rec1_jpg__041__IC.png,fpic_rf100,train/images/pcb9rec1_jpg.rf.263e060c214d84a50117ae0dd886f187.jpg,pcb9rec1_jpg,IC,173,183,32,34,108,115,component,,,
pcb9rec1_jpg__042__Connector.png,fpic_rf100,train/images/pcb9rec1_jpg.rf.263e060c214d84a50117ae0dd886f187.jpg,pcb9rec1_jpg,Connector,1948,128,358,24,1363,80,component,,,
pcb9rec1_jpg__044__Connector.png,fpic_rf100,train/images/pcb9rec1_jpg.rf.263e060c214d84a50117ae0dd886f187.jpg,pcb9rec1_jpg,Connector,734,146,138,27,458,92,component,,,
pcb9rec1_jpg__047__IC.png,fpic_rf100,train/images/pcb9rec1_jpg.rf.263e060c214d84a50117ae0dd886f187.jpg,pcb9rec1_jpg,IC,267,364,50,68,167,228,component,,,
pcb9rec1_jpg__048__Connector.png,fpic_rf100,train/images/pcb9rec1_jpg.rf.263e060c214d84a50117ae0dd886f187.jpg,pcb9rec1_jpg,Connector,825,134,155,25,515,84,component,,,
pcb9rec1_jpg__050__IC.png,fpic_rf100,train/images/pcb9rec1_jpg.rf.263e060c214d84a50117ae0dd886f187.jpg,pcb9rec1_jpg,IC,246,356,47,67,157,223,component,,,
pcb9rec1_jpg__051__IC.png,fpic_rf100,train/images/pcb9rec1_jpg.rf.263e060c214d84a50117ae0dd886f187.jpg,pcb9rec1_jpg,IC,252,356,47,67,158,222,component,,,
pcb9rec1_jpg__052__IC.png,fpic_rf100,train/images/pcb9rec1_jpg.rf.263e060c214d84a50117ae0dd886f187.jpg,pcb9rec1_jpg,IC,175,278,33,52,109,174,component,,,
pcb9rec1_jpg__053__IC.png,fpic_rf100,train/images/pcb9rec1_jpg.rf.263e060c214d84a50117ae0dd886f187.jpg,pcb9rec1_jpg,IC,134,260,25,49,84,162,component,,,
pcb9rec1_jpg__057__Connector.png,fpic_rf100,train/images/pcb9rec1_jpg.rf.263e060c214d84a50117ae0dd886f187.jpg,pcb9rec1_jpg,Connector,1649,128,309,24,1031,80,component,,,
pcb9rec1_jpg__058__Connector.png,fpic_rf100,train/images/pcb9rec1_jpg.rf.263e060c214d84a50117ae0dd886f187.jpg,pcb9rec1_jpg,Connector,828,140,155,26,517,88,component,,,
pcb9rec1_jpg__062__Connector.png,fpic_rf100,train/images/pcb9rec1_jpg.rf.263e060c214d84a50117ae0dd886f187.jpg,pcb9rec1_jpg,Connector,1200,149,225,28,750,93,component,,,
pcb9rec1_jpg__063__IC.png,fpic_rf100,train/images/pcb9rec1_jpg.rf.263e060c214d84a50117ae0dd886f187.jpg,pcb9rec1_jpg,IC,447,454,84,85,279,284,component,,,
pcb9rec1_jpg__067__IC.png,fpic_rf100,train/images/pcb9rec1_jpg.rf.263e060c214d84a50117ae0dd886f187.jpg,pcb9rec1_jpg,IC,140,101,26,19,87,63,component,,,
