schema_version,artifact_status,coordinate_space,designator,designator_source,label,center_x_px,center_y_px,x1_px,y1_px,x2_px,y2_px,rotation_deg,rotation_source,footprint,observation_count,frame_count,support_ratio,class_purity,center_mad_px,median_confidence,consensus_status,review_reasons,class_counts_json,frame_ids_json
aoi-pnp-consensus-pixels/1.0,AUTHORITATIVE_PIXEL_CONSENSUS,golden_board_pixels,J_AUTO_0001,synthetic_auto,connector,2938.401733,116.628743,2615.738525,17.055536,3261.064941,216.201950,,unknown_axis_aligned_detection,,1,30,0.033333,1.000000,0.000000,0.251984,NEEDS_REVIEW,low_support,"{""connector"": 1}","[""mpi_pcb_train_good_0937.jpg""]"
aoi-pnp-consensus-pixels/1.0,AUTHORITATIVE_PIXEL_CONSENSUS,golden_board_pixels,J_AUTO_0002,synthetic_auto,connector,3596.450195,140.049721,3323.364990,74.059837,3855.867432,205.923080,,unknown_axis_aligned_detection,,7,30,0.233333,1.000000,9.441772,0.304599,NEEDS_REVIEW,low_support,"{""connector"": 7}","[""mpi_pcb_train_good_0040.jpg"", ""mpi_pcb_train_good_0465.jpg"", ""mpi_pcb_train_good_0522.jpg"", ""mpi_pcb_train_good_1000.jpg"", ""mpi_pcb_train_good_1287.jpg"", ""mpi_pcb_train_good_1386.jpg"", ""mpi_pcb_train_good_1505.jpg""]"
aoi-pnp-consensus-pixels/1.0,AUTHORITATIVE_PIXEL_CONSENSUS,golden_board_pixels,J_AUTO_0003,synthetic_auto,connector,2935.280396,149.782448,2593.131592,82.537704,3277.429199,217.027191,,unknown_axis_aligned_detection,,1,30,0.033333,1.000000,0.000000,0.327003,NEEDS_REVIEW,low_support,"{""connector"": 1}","[""mpi_pcb_train_good_1505.jpg""]"
aoi-pnp-consensus-pixels/1.0,AUTHORITATIVE_PIXEL_CONSENSUS,golden_board_pixels,J_AUTO_0004,synthetic_auto,connector,2269.142883,163.171659,2068.833252,56.512524,2469.452515,269.830795,,unknown_axis_aligned_detection,,2,30,0.066667,1.000000,10.679618,0.399926,NEEDS_REVIEW,low_support,"{""connector"": 2}","[""mpi_pcb_train_good_0359.jpg"", ""mpi_pcb_train_good_1505.jpg""]"
aoi-pnp-consensus-pixels/1.0,AUTHORITATIVE_PIXEL_CONSENSUS,golden_board_pixels,R_AUTO_0001,synthetic_auto,resistor,1976.323212,257.182476,1949.312744,210.459648,2003.333679,303.905304,,unknown_axis_aligned_detection,,2,30,0.066667,1.000000,10.079694,0.279636,NEEDS_REVIEW,low_support,"{""resistor"": 2}","[""mpi_pcb_train_good_0040.jpg"", ""mpi_pcb_train_good_1060.jpg""]"
aoi-pnp-consensus-pixels/1.0,AUTHORITATIVE_PIXEL_CONSENSUS,golden_board_pixels,J_AUTO_0005,synthetic_auto,connector,1654.583130,310.316376,1392.388184,259.298859,1918.781860,356.746033,,unknown_axis_aligned_detection,,5,30,0.166667,1.000000,13.029709,0.307347,NEEDS_REVIEW,low_support,"{""connector"": 5}","[""mpi_pcb_train_good_0465.jpg"", ""mpi_pcb_train_good_0605.jpg"", ""mpi_pcb_train_good_0629.jpg"", ""mpi_pcb_train_good_1287.jpg"", ""mpi_pcb_train_good_1505.jpg""]"
aoi-pnp-consensus-pixels/1.0,AUTHORITATIVE_PIXEL_CONSENSUS,golden_board_pixels,R_AUTO_0002,synthetic_auto,resistor,3481.541870,410.728607,3458.270264,369.996002,3504.813477,451.461212,,unknown_axis_aligned_detection,,3,30,0.100000,0.666667,3.346999,0.255122,NEEDS_REVIEW,low_support;class_ambiguous,"{""capacitor"": 1, ""resistor"": 2}","[""mpi_pcb_train_good_0123.jpg"", ""mpi_pcb_train_good_0812.jpg"", ""mpi_pcb_train_good_1090.jpg""]"
aoi-pnp-consensus-pixels/1.0,AUTHORITATIVE_PIXEL_CONSENSUS,golden_board_pixels,U_AUTO_0001,synthetic_auto,ic,1643.148254,463.024200,1389.305786,380.907227,1892.667114,545.582153,,unknown_axis_aligned_detection,,7,30,0.233333,1.000000,9.004998,0.536405,NEEDS_REVIEW,low_support,"{""ic"": 7}","[""mpi_pcb_train_good_0605.jpg"", ""mpi_pcb_train_good_0676.jpg"", ""mpi_pcb_train_good_0781.jpg"", ""mpi_pcb_train_good_0893.jpg"", ""mpi_pcb_train_good_0937.jpg"", ""mpi_pcb_train_good_1090.jpg"", ""mpi_pcb_train_good_1287.jpg""]"
aoi-pnp-consensus-pixels/1.0,AUTHORITATIVE_PIXEL_CONSENSUS,golden_board_pixels,U_AUTO_0002,synthetic_auto,ic,2284.346558,463.352478,2033.452515,378.317490,2537.485718,542.306183,,unknown_axis_aligned_detection,,10,30,0.333333,1.000000,10.739220,0.485025,NEEDS_REVIEW,low_support,"{""ic"": 10}","[""mpi_pcb_train_good_0123.jpg"", ""mpi_pcb_train_good_0605.jpg"", ""mpi_pcb_train_good_0676.jpg"", ""mpi_pcb_train_good_0781.jpg"", ""mpi_pcb_train_good_0812.jpg"", ""mpi_pcb_train_good_0937.jpg"", ""mpi_pcb_train_good_1000.jpg"", ""mpi_pcb_train_good_1090.jpg"", ""mpi_pcb_train_good_1287.jpg"", ""mpi_pcb_train_good_1584.jpg""]"
aoi-pnp-consensus-pixels/1.0,AUTHORITATIVE_PIXEL_CONSENSUS,golden_board_pixels,U_AUTO_0003,synthetic_auto,ic,1013.585266,466.266754,759.966797,379.567505,1270.460449,546.426147,,unknown_axis_aligned_detection,,9,30,0.300000,1.000000,9.938934,0.563475,NEEDS_REVIEW,low_support,"{""ic"": 9}","[""mpi_pcb_train_good_0605.jpg"", ""mpi_pcb_train_good_0676.jpg"", ""mpi_pcb_train_good_0781.jpg"", ""mpi_pcb_train_good_0812.jpg"", ""mpi_pcb_train_good_0937.jpg"", ""mpi_pcb_train_good_1000.jpg"", ""mpi_pcb_train_good_1287.jpg"", ""mpi_pcb_train_good_1322.jpg"", ""mpi_pcb_train_good_1584.jpg""]"
aoi-pnp-consensus-pixels/1.0,AUTHORITATIVE_PIXEL_CONSENSUS,golden_board_pixels,J_AUTO_0006,synthetic_auto,connector,354.307974,473.762527,107.963997,404.969513,608.782349,542.555542,,unknown_axis_aligned_detection,,4,30,0.133333,1.000000,6.639119,0.295466,NEEDS_REVIEW,low_support,"{""connector"": 4}","[""mpi_pcb_train_good_0676.jpg"", ""mpi_pcb_train_good_0893.jpg"", ""mpi_pcb_train_good_1060.jpg"", ""mpi_pcb_train_good_1322.jpg""]"
aoi-pnp-consensus-pixels/1.0,AUTHORITATIVE_PIXEL_CONSENSUS,golden_board_pixels,U_AUTO_0004,synthetic_auto,ic,1005.118164,474.742126,744.201294,408.085754,1262.903198,542.371704,,unknown_axis_aligned_detection,,3,30,0.100000,1.000000,6.227600,0.591399,NEEDS_REVIEW,low_support,"{""ic"": 3}","[""mpi_pcb_train_good_0062.jpg"", ""mpi_pcb_train_good_1060.jpg"", ""mpi_pcb_train_good_1664.jpg""]"
aoi-pnp-consensus-pixels/1.0,AUTHORITATIVE_PIXEL_CONSENSUS,golden_board_pixels,C_AUTO_0001,synthetic_auto,capacitor,2606.534119,477.148026,2578.485474,431.686356,2634.582764,522.609695,,unknown_axis_aligned_detection,,2,30,0.066667,1.000000,9.672000,0.325293,NEEDS_REVIEW,low_support,"{""capacitor"": 2}","[""mpi_pcb_train_good_0040.jpg"", ""mpi_pcb_train_good_1090.jpg""]"
aoi-pnp-consensus-pixels/1.0,AUTHORITATIVE_PIXEL_CONSENSUS,golden_board_pixels,U_AUTO_0005,synthetic_auto,ic,2260.416565,478.677368,1999.211914,408.221039,2521.621216,549.133698,,unknown_axis_aligned_detection,,2,30,0.066667,1.000000,4.628285,0.696008,NEEDS_REVIEW,low_support,"{""ic"": 2}","[""mpi_pcb_train_good_0062.jpg"", ""mpi_pcb_train_good_1060.jpg""]"
aoi-pnp-consensus-pixels/1.0,AUTHORITATIVE_PIXEL_CONSENSUS,golden_board_pixels,U_AUTO_0006,synthetic_auto,ic,2294.620361,479.516266,2033.571167,398.178925,2558.257568,558.752136,,unknown_axis_aligned_detection,,15,30,0.500000,1.000000,8.346797,0.531453,NEEDS_REVIEW,low_support,"{""ic"": 15}","[""mpi_pcb_train_good_0040.jpg"", ""mpi_pcb_train_good_0309.jpg"", ""mpi_pcb_train_good_0359.jpg"", ""mpi_pcb_train_good_0465.jpg"", ""mpi_pcb_train_good_0522.jpg"", ""mpi_pcb_train_good_0629.jpg"", ""mpi_pcb_train_good_0893.jpg"", ""mpi_pcb_train_good_1163.jpg"", ""mpi_pcb_train_good_1195.jpg"", ""mpi_pcb_train_good_1322.jpg"", ""mpi_pcb_train_good_1386.jpg"", ""mpi_pcb_train_good_1418.jpg"", ""mpi_pcb_train_good_1505.jpg"", ""mpi_pcb_train_good_1553.jpg"", ""mpi_pcb_train_good_1664.jpg""]"
aoi-pnp-consensus-pixels/1.0,AUTHORITATIVE_PIXEL_CONSENSUS,golden_board_pixels,C_AUTO_0002,synthetic_auto,capacitor,1972.126801,479.926918,1943.627686,436.019608,2000.625916,523.834229,,unknown_axis_aligned_detection,,2,30,0.066667,1.000000,8.937691,0.270071,NEEDS_REVIEW,low_support,"{""capacitor"": 2}","[""mpi_pcb_train_good_0189.jpg"", ""mpi_pcb_train_good_1090.jpg""]"
aoi-pnp-consensus-pixels/1.0,AUTHORITATIVE_PIXEL_CONSENSUS,golden_board_pixels,U_AUTO_0007,synthetic_auto,ic,1662.809204,479.982956,1403.397400,401.661484,1921.106445,559.756500,,unknown_axis_aligned_detection,,20,30,0.666667,1.000000,11.895973,0.546472,NEEDS_REVIEW,low_support,"{""ic"": 20}","[""mpi_pcb_train_good_0062.jpg"", ""mpi_pcb_train_good_0189.jpg"", ""mpi_pcb_train_good_0309.jpg"", ""mpi_pcb_train_good_0359.jpg"", ""mpi_pcb_train_good_0418.jpg"", ""mpi_pcb_train_good_0465.jpg"", ""mpi_pcb_train_good_0522.jpg"", ""mpi_pcb_train_good_0629.jpg"", ""mpi_pcb_train_good_0812.jpg"", ""mpi_pcb_train_good_1000.jpg"", ""mpi_pcb_train_good_1060.jpg"", ""mpi_pcb_train_good_1163.jpg"", ""mpi_pcb_train_good_1195.jpg"", ""mpi_pcb_train_good_1322.jpg"", ""mpi_pcb_train_good_1386.jpg"", ""mpi_pcb_train_good_1418.jpg"", ""mpi_pcb_train_good_1505.jpg"", ""mpi_pcb_train_good_1553.jpg"", ""mpi_pcb_train_good_1584.jpg"", ""mpi_pcb_train_good_1664.jpg""]"
aoi-pnp-consensus-pixels/1.0,AUTHORITATIVE_PIXEL_CONSENSUS,golden_board_pixels,J_AUTO_0007,synthetic_auto,connector,382.168343,483.589302,135.711288,408.623779,627.500305,559.257660,,unknown_axis_aligned_detection,,10,30,0.333333,1.000000,15.193501,0.309290,NEEDS_REVIEW,low_support,"{""connector"": 10}","[""mpi_pcb_train_good_0040.jpg"", ""mpi_pcb_train_good_0359.jpg"", ""mpi_pcb_train_good_0465.jpg"", ""mpi_pcb_train_good_0522.jpg"", ""mpi_pcb_train_good_0605.jpg"", ""mpi_pcb_train_good_0629.jpg"", ""mpi_pcb_train_good_1163.jpg"", ""mpi_pcb_train_good_1195.jpg"", ""mpi_pcb_train_good_1418.jpg"", ""mpi_pcb_train_good_1505.jpg""]"
aoi-pnp-consensus-pixels/1.0,AUTHORITATIVE_PIXEL_CONSENSUS,golden_board_pixels,R_AUTO_0003,synthetic_auto,resistor,670.398956,483.661118,644.866272,419.812042,699.847473,535.466858,,unknown_axis_aligned_detection,,9,30,0.300000,1.000000,9.927157,0.269704,NEEDS_REVIEW,low_support,"{""resistor"": 9}","[""mpi_pcb_train_good_0418.jpg"", ""mpi_pcb_train_good_0522.jpg"", ""mpi_pcb_train_good_0629.jpg"", ""mpi_pcb_train_good_0812.jpg"", ""mpi_pcb_train_good_1000.jpg"", ""mpi_pcb_train_good_1090.jpg"", ""mpi_pcb_train_good_1163.jpg"", ""mpi_pcb_train_good_1195.jpg"", ""mpi_pcb_train_good_1505.jpg""]"
aoi-pnp-consensus-pixels/1.0,AUTHORITATIVE_PIXEL_CONSENSUS,golden_board_pixels,U_AUTO_0008,synthetic_auto,ic,1037.972321,484.740616,773.136719,408.763550,1298.322998,563.138855,,unknown_axis_aligned_detection,,11,30,0.366667,1.000000,9.124650,0.616884,NEEDS_REVIEW,low_support,"{""ic"": 11}","[""mpi_pcb_train_good_0040.jpg"", ""mpi_pcb_train_good_0309.jpg"", ""mpi_pcb_train_good_0359.jpg"", ""mpi_pcb_train_good_0465.jpg"", ""mpi_pcb_train_good_0522.jpg"", ""mpi_pcb_train_good_0629.jpg"", ""mpi_pcb_train_good_0893.jpg"", ""mpi_pcb_train_good_1163.jpg"", ""mpi_pcb_train_good_1195.jpg"", ""mpi_pcb_train_good_1386.jpg"", ""mpi_pcb_train_good_1418.jpg""]"
aoi-pnp-consensus-pixels/1.0,AUTHORITATIVE_PIXEL_CONSENSUS,golden_board_pixels,J_AUTO_0008,synthetic_auto,connector,344.205265,486.111160,88.620674,411.118988,599.789856,561.103333,,unknown_axis_aligned_detection,,1,30,0.033333,1.000000,0.000000,0.326710,NEEDS_REVIEW,low_support,"{""connector"": 1}","[""mpi_pcb_train_good_0062.jpg""]"
aoi-pnp-consensus-pixels/1.0,AUTHORITATIVE_PIXEL_CONSENSUS,golden_board_pixels,J_AUTO_0009,synthetic_auto,connector,2990.653259,489.623230,2749.858887,421.201904,3229.617310,558.044556,,unknown_axis_aligned_detection,,6,30,0.200000,1.000000,9.990865,0.278541,NEEDS_REVIEW,low_support,"{""connector"": 6}","[""mpi_pcb_train_good_0040.jpg"", ""mpi_pcb_train_good_0359.jpg"", ""mpi_pcb_train_good_1060.jpg"", ""mpi_pcb_train_good_1163.jpg"", ""mpi_pcb_train_good_1322.jpg"", ""mpi_pcb_train_good_1418.jpg""]"
aoi-pnp-consensus-pixels/1.0,AUTHORITATIVE_PIXEL_CONSENSUS,golden_board_pixels,C_AUTO_0003,synthetic_auto,capacitor,1349.053528,496.546005,1320.705505,455.685455,1377.401550,537.406555,,unknown_axis_aligned_detection,,2,30,0.066667,1.000000,7.212586,0.281322,NEEDS_REVIEW,low_support,"{""capacitor"": 2}","[""mpi_pcb_train_good_0040.jpg"", ""mpi_pcb_train_good_0123.jpg""]"
aoi-pnp-consensus-pixels/1.0,AUTHORITATIVE_PIXEL_CONSENSUS,golden_board_pixels,J_AUTO_0010,synthetic_auto,connector,386.011627,511.315674,135.103027,443.609741,636.920227,579.021606,,unknown_axis_aligned_detection,,1,30,0.033333,1.000000,0.000000,0.254305,NEEDS_REVIEW,low_support,"{""connector"": 1}","[""mpi_pcb_train_good_0309.jpg""]"
aoi-pnp-consensus-pixels/1.0,AUTHORITATIVE_PIXEL_CONSENSUS,golden_board_pixels,U_AUTO_0009,synthetic_auto,ic,3925.548767,545.783432,3823.670532,284.181610,4027.427002,807.385254,,unknown_axis_aligned_detection,,2,30,0.066667,1.000000,4.398387,0.338699,NEEDS_REVIEW,low_support,"{""ic"": 2}","[""mpi_pcb_train_good_0676.jpg"", ""mpi_pcb_train_good_1287.jpg""]"
aoi-pnp-consensus-pixels/1.0,AUTHORITATIVE_PIXEL_CONSENSUS,golden_board_pixels,J_AUTO_0011,synthetic_auto,connector,3867.435303,558.275482,3747.799072,305.603149,3987.071533,810.947815,,unknown_axis_aligned_detection,,1,30,0.033333,1.000000,0.000000,0.293926,NEEDS_REVIEW,low_support,"{""connector"": 1}","[""mpi_pcb_train_good_1505.jpg""]"
aoi-pnp-consensus-pixels/1.0,AUTHORITATIVE_PIXEL_CONSENSUS,golden_board_pixels,C_AUTO_0004,synthetic_auto,capacitor,3226.610596,593.480194,3213.127441,573.157593,3240.093750,613.802795,,unknown_axis_aligned_detection,,1,30,0.033333,1.000000,0.000000,0.350095,NEEDS_REVIEW,low_support,"{""capacitor"": 1}","[""mpi_pcb_train_good_0937.jpg""]"
aoi-pnp-consensus-pixels/1.0,AUTHORITATIVE_PIXEL_CONSENSUS,golden_board_pixels,C_AUTO_0005,synthetic_auto,capacitor,1342.318451,594.818726,1326.842224,577.618134,1357.794678,612.019318,,unknown_axis_aligned_detection,,2,30,0.066667,1.000000,5.943292,0.375095,NEEDS_REVIEW,low_support,"{""capacitor"": 2}","[""mpi_pcb_train_good_0937.jpg"", ""mpi_pcb_train_good_1000.jpg""]"
aoi-pnp-consensus-pixels/1.0,AUTHORITATIVE_PIXEL_CONSENSUS,golden_board_pixels,C_AUTO_0006,synthetic_auto,capacitor,1337.192627,636.130798,1320.927856,619.729919,1353.457397,652.531677,,unknown_axis_aligned_detection,,1,30,0.033333,1.000000,0.000000,0.274695,NEEDS_REVIEW,low_support,"{""capacitor"": 1}","[""mpi_pcb_train_good_0781.jpg""]"
aoi-pnp-consensus-pixels/1.0,AUTHORITATIVE_PIXEL_CONSENSUS,golden_board_pixels,C_AUTO_0007,synthetic_auto,capacitor,2599.186768,638.038239,2583.447754,617.355225,2614.925781,658.721252,,unknown_axis_aligned_detection,,3,30,0.100000,1.000000,6.260925,0.316012,NEEDS_REVIEW,low_support,"{""capacitor"": 3}","[""mpi_pcb_train_good_0781.jpg"", ""mpi_pcb_train_good_0937.jpg"", ""mpi_pcb_train_good_1000.jpg""]"
aoi-pnp-consensus-pixels/1.0,AUTHORITATIVE_PIXEL_CONSENSUS,golden_board_pixels,C_AUTO_0008,synthetic_auto,capacitor,1976.300537,644.928741,1957.720093,626.677551,1994.880981,663.179932,,unknown_axis_aligned_detection,,1,30,0.033333,1.000000,0.000000,0.279813,NEEDS_REVIEW,low_support,"{""capacitor"": 1}","[""mpi_pcb_train_good_1000.jpg""]"
aoi-pnp-consensus-pixels/1.0,AUTHORITATIVE_PIXEL_CONSENSUS,golden_board_pixels,U_AUTO_0010,synthetic_auto,ic,1651.459290,734.740509,1383.841064,662.386292,1919.077515,807.094727,,unknown_axis_aligned_detection,,1,30,0.033333,1.000000,0.000000,0.675291,NEEDS_REVIEW,low_support,"{""ic"": 1}","[""mpi_pcb_train_good_1090.jpg""]"
aoi-pnp-consensus-pixels/1.0,AUTHORITATIVE_PIXEL_CONSENSUS,golden_board_pixels,D_AUTO_0001,synthetic_auto,diode,3458.878540,741.571167,3428.612305,679.328491,3489.144775,803.813843,,unknown_axis_aligned_detection,,1,30,0.033333,1.000000,0.000000,0.266044,NEEDS_REVIEW,low_support,"{""diode"": 1}","[""mpi_pcb_train_good_0676.jpg""]"
aoi-pnp-consensus-pixels/1.0,AUTHORITATIVE_PIXEL_CONSENSUS,golden_board_pixels,U_AUTO_0011,synthetic_auto,ic,1635.443695,742.273895,1374.066101,664.226257,1893.492188,823.741882,,unknown_axis_aligned_detection,,4,30,0.133333,1.000000,7.781973,0.621986,NEEDS_REVIEW,low_support,"{""ic"": 4}","[""mpi_pcb_train_good_0676.jpg"", ""mpi_pcb_train_good_0781.jpg"", ""mpi_pcb_train_good_0937.jpg"", ""mpi_pcb_train_good_1060.jpg""]"
aoi-pnp-consensus-pixels/1.0,AUTHORITATIVE_PIXEL_CONSENSUS,golden_board_pixels,U_AUTO_0012,synthetic_auto,ic,1002.617493,744.869644,740.922485,665.591949,1264.514404,831.236359,,unknown_axis_aligned_detection,,6,30,0.200000,1.000000,9.379868,0.650646,NEEDS_REVIEW,low_support,"{""ic"": 6}","[""mpi_pcb_train_good_0245.jpg"", ""mpi_pcb_train_good_0676.jpg"", ""mpi_pcb_train_good_0781.jpg"", ""mpi_pcb_train_good_0937.jpg"", ""mpi_pcb_train_good_1090.jpg"", ""mpi_pcb_train_good_1287.jpg""]"
aoi-pnp-consensus-pixels/1.0,AUTHORITATIVE_PIXEL_CONSENSUS,golden_board_pixels,C_AUTO_0009,synthetic_auto,capacitor,650.182831,749.779449,618.676147,700.858215,681.689514,798.700684,,unknown_axis_aligned_detection,,1,30,0.033333,1.000000,0.000000,0.291932,NEEDS_REVIEW,low_support,"{""capacitor"": 1}","[""mpi_pcb_train_good_1090.jpg""]"
aoi-pnp-consensus-pixels/1.0,AUTHORITATIVE_PIXEL_CONSENSUS,golden_board_pixels,U_AUTO_0013,synthetic_auto,ic,2974.115234,752.570526,2720.489746,675.299652,3233.460938,830.564484,,unknown_axis_aligned_detection,,18,30,0.600000,1.000000,8.075611,0.751258,NEEDS_REVIEW,low_support,"{""ic"": 18}","[""mpi_pcb_train_good_0123.jpg"", ""mpi_pcb_train_good_0189.jpg"", ""mpi_pcb_train_good_0418.jpg"", ""mpi_pcb_train_good_0522.jpg"", ""mpi_pcb_train_good_0629.jpg"", ""mpi_pcb_train_good_0676.jpg"", ""mpi_pcb_train_good_0781.jpg"", ""mpi_pcb_train_good_0812.jpg"", ""mpi_pcb_train_good_0893.jpg"", ""mpi_pcb_train_good_1000.jpg"", ""mpi_pcb_train_good_1090.jpg"", ""mpi_pcb_train_good_1163.jpg"", ""mpi_pcb_train_good_1195.jpg"", ""mpi_pcb_train_good_1287.jpg"", ""mpi_pcb_train_good_1322.jpg"", ""mpi_pcb_train_good_1386.jpg"", ""mpi_pcb_train_good_1505.jpg"", ""mpi_pcb_train_good_1664.jpg""]"
aoi-pnp-consensus-pixels/1.0,AUTHORITATIVE_PIXEL_CONSENSUS,golden_board_pixels,U_AUTO_0014,synthetic_auto,ic,1668.912109,753.068604,1410.497375,676.849335,1928.935059,830.183868,,unknown_axis_aligned_detection,,10,30,0.333333,1.000000,5.843657,0.766209,NEEDS_REVIEW,low_support,"{""ic"": 10}","[""mpi_pcb_train_good_0189.jpg"", ""mpi_pcb_train_good_0418.jpg"", ""mpi_pcb_train_good_0522.jpg"", ""mpi_pcb_train_good_0629.jpg"", ""mpi_pcb_train_good_0893.jpg"", ""mpi_pcb_train_good_1163.jpg"", ""mpi_pcb_train_good_1195.jpg"", ""mpi_pcb_train_good_1322.jpg"", ""mpi_pcb_train_good_1386.jpg"", ""mpi_pcb_train_good_1418.jpg""]"
aoi-pnp-consensus-pixels/1.0,AUTHORITATIVE_PIXEL_CONSENSUS,golden_board_pixels,C_AUTO_0010,synthetic_auto,capacitor,3542.653992,753.191666,3517.880127,710.389771,3569.252319,797.325806,,unknown_axis_aligned_detection,,4,30,0.133333,1.000000,9.018760,0.285698,NEEDS_REVIEW,low_support,"{""capacitor"": 4}","[""mpi_pcb_train_good_0522.jpg"", ""mpi_pcb_train_good_0605.jpg"", ""mpi_pcb_train_good_1386.jpg"", ""mpi_pcb_train_good_1418.jpg""]"
aoi-pnp-consensus-pixels/1.0,AUTHORITATIVE_PIXEL_CONSENSUS,golden_board_pixels,U_AUTO_0015,synthetic_auto,ic,330.946501,753.373123,71.360989,678.519531,589.681793,831.238922,,unknown_axis_aligned_detection,,8,30,0.266667,1.000000,7.240668,0.524811,NEEDS_REVIEW,low_support,"{""ic"": 8}","[""mpi_pcb_train_good_0245.jpg"", ""mpi_pcb_train_good_0781.jpg"", ""mpi_pcb_train_good_0893.jpg"", ""mpi_pcb_train_good_0937.jpg"", ""mpi_pcb_train_good_1060.jpg"", ""mpi_pcb_train_good_1163.jpg"", ""mpi_pcb_train_good_1322.jpg"", ""mpi_pcb_train_good_1664.jpg""]"
aoi-pnp-consensus-pixels/1.0,AUTHORITATIVE_PIXEL_CONSENSUS,golden_board_pixels,U_AUTO_0016,synthetic_auto,ic,2283.302887,754.898682,2025.441345,674.964508,2543.068115,835.667908,,unknown_axis_aligned_detection,,28,30,0.933333,1.000000,9.506948,0.756436,CONSENSUS,,"{""ic"": 28}","[""mpi_pcb_train_good_0040.jpg"", ""mpi_pcb_train_good_0062.jpg"", ""mpi_pcb_train_good_0123.jpg"", ""mpi_pcb_train_good_0189.jpg"", ""mpi_pcb_train_good_0245.jpg"", ""mpi_pcb_train_good_0309.jpg"", ""mpi_pcb_train_good_0418.jpg"", ""mpi_pcb_train_good_0465.jpg"", ""mpi_pcb_train_good_0522.jpg"", ""mpi_pcb_train_good_0605.jpg"", ""mpi_pcb_train_good_0629.jpg"", ""mpi_pcb_train_good_0676.jpg"", ""mpi_pcb_train_good_0781.jpg"", ""mpi_pcb_train_good_0812.jpg"", ""mpi_pcb_train_good_0893.jpg"", ""mpi_pcb_train_good_0937.jpg"", ""mpi_pcb_train_good_1000.jpg"", ""mpi_pcb_train_good_1060.jpg"", ""mpi_pcb_train_good_1090.jpg"", ""mpi_pcb_train_good_1163.jpg"", ""mpi_pcb_train_good_1195.jpg"", ""mpi_pcb_train_good_1287.jpg"", ""mpi_pcb_train_good_1322.jpg"", ""mpi_pcb_train_good_1386.jpg"", ""mpi_pcb_train_good_1505.jpg"", ""mpi_pcb_train_good_1553.jpg"", ""mpi_pcb_train_good_1584.jpg"", ""mpi_pcb_train_good_1664.jpg""]"
aoi-pnp-consensus-pixels/1.0,AUTHORITATIVE_PIXEL_CONSENSUS,golden_board_pixels,U_AUTO_0017,synthetic_auto,ic,1026.138016,755.930206,766.081360,681.772888,1287.354858,834.954865,,unknown_axis_aligned_detection,,24,30,0.800000,1.000000,10.535282,0.755492,CONSENSUS,,"{""ic"": 24}","[""mpi_pcb_train_good_0040.jpg"", ""mpi_pcb_train_good_0062.jpg"", ""mpi_pcb_train_good_0123.jpg"", ""mpi_pcb_train_good_0189.jpg"", ""mpi_pcb_train_good_0309.jpg"", ""mpi_pcb_train_good_0359.jpg"", ""mpi_pcb_train_good_0418.jpg"", ""mpi_pcb_train_good_0465.jpg"", ""mpi_pcb_train_good_0522.jpg"", ""mpi_pcb_train_good_0605.jpg"", ""mpi_pcb_train_good_0629.jpg"", ""mpi_pcb_train_good_0812.jpg"", ""mpi_pcb_train_good_0893.jpg"", ""mpi_pcb_train_good_1000.jpg"", ""mpi_pcb_train_good_1060.jpg"", ""mpi_pcb_train_good_1163.jpg"", ""mpi_pcb_train_good_1195.jpg"", ""mpi_pcb_train_good_1322.jpg"", ""mpi_pcb_train_good_1386.jpg"", ""mpi_pcb_train_good_1418.jpg"", ""mpi_pcb_train_good_1505.jpg"", ""mpi_pcb_train_good_1553.jpg"", ""mpi_pcb_train_good_1584.jpg"", ""mpi_pcb_train_good_1664.jpg""]"
aoi-pnp-consensus-pixels/1.0,AUTHORITATIVE_PIXEL_CONSENSUS,golden_board_pixels,U_AUTO_0018,synthetic_auto,ic,1652.078308,756.204437,1387.713013,681.471741,1916.693726,834.616150,,unknown_axis_aligned_detection,,15,30,0.500000,1.000000,6.016387,0.695585,NEEDS_REVIEW,low_support,"{""ic"": 15}","[""mpi_pcb_train_good_0040.jpg"", ""mpi_pcb_train_good_0062.jpg"", ""mpi_pcb_train_good_0123.jpg"", ""mpi_pcb_train_good_0245.jpg"", ""mpi_pcb_train_good_0309.jpg"", ""mpi_pcb_train_good_0359.jpg"", ""mpi_pcb_train_good_0465.jpg"", ""mpi_pcb_train_good_0605.jpg"", ""mpi_pcb_train_good_0812.jpg"", ""mpi_pcb_train_good_1000.jpg"", ""mpi_pcb_train_good_1287.jpg"", ""mpi_pcb_train_good_1505.jpg"", ""mpi_pcb_train_good_1553.jpg"", ""mpi_pcb_train_good_1584.jpg"", ""mpi_pcb_train_good_1664.jpg""]"
aoi-pnp-consensus-pixels/1.0,AUTHORITATIVE_PIXEL_CONSENSUS,golden_board_pixels,U_AUTO_0019,synthetic_auto,ic,349.683189,759.629517,83.853706,678.718903,610.332520,838.165314,,unknown_axis_aligned_detection,,14,30,0.466667,1.000000,8.057179,0.536146,NEEDS_REVIEW,low_support,"{""ic"": 14}","[""mpi_pcb_train_good_0040.jpg"", ""mpi_pcb_train_good_0062.jpg"", ""mpi_pcb_train_good_0309.jpg"", ""mpi_pcb_train_good_0522.jpg"", ""mpi_pcb_train_good_0605.jpg"", ""mpi_pcb_train_good_0629.jpg"", ""mpi_pcb_train_good_0676.jpg"", ""mpi_pcb_train_good_0812.jpg"", ""mpi_pcb_train_good_1000.jpg"", ""mpi_pcb_train_good_1195.jpg"", ""mpi_pcb_train_good_1287.jpg"", ""mpi_pcb_train_good_1386.jpg"", ""mpi_pcb_train_good_1418.jpg"", ""mpi_pcb_train_good_1505.jpg""]"
aoi-pnp-consensus-pixels/1.0,AUTHORITATIVE_PIXEL_CONSENSUS,golden_board_pixels,U_AUTO_0020,synthetic_auto,ic,2953.537720,759.785522,2690.427002,685.386902,3216.026978,831.681000,,unknown_axis_aligned_detection,,12,30,0.400000,1.000000,7.804585,0.604475,NEEDS_REVIEW,low_support,"{""ic"": 12}","[""mpi_pcb_train_good_0040.jpg"", ""mpi_pcb_train_good_0062.jpg"", ""mpi_pcb_train_good_0245.jpg"", ""mpi_pcb_train_good_0309.jpg"", ""mpi_pcb_train_good_0359.jpg"", ""mpi_pcb_train_good_0465.jpg"", ""mpi_pcb_train_good_0605.jpg"", ""mpi_pcb_train_good_0937.jpg"", ""mpi_pcb_train_good_1060.jpg"", ""mpi_pcb_train_good_1418.jpg"", ""mpi_pcb_train_good_1553.jpg"", ""mpi_pcb_train_good_1584.jpg""]"
aoi-pnp-consensus-pixels/1.0,AUTHORITATIVE_PIXEL_CONSENSUS,golden_board_pixels,LED_AUTO_0001,synthetic_auto,led,3647.256470,763.413300,3605.681152,707.327026,3688.831787,819.499573,,unknown_axis_aligned_detection,,1,30,0.033333,1.000000,0.000000,0.287958,NEEDS_REVIEW,low_support,"{""led"": 1}","[""mpi_pcb_train_good_0812.jpg""]"
aoi-pnp-consensus-pixels/1.0,AUTHORITATIVE_PIXEL_CONSENSUS,golden_board_pixels,C_AUTO_0011,synthetic_auto,capacitor,3267.663818,764.173309,3239.437988,721.070740,3295.889648,807.275879,,unknown_axis_aligned_detection,,1,30,0.033333,1.000000,0.000000,0.256028,NEEDS_REVIEW,low_support,"{""capacitor"": 1}","[""mpi_pcb_train_good_0062.jpg""]"
aoi-pnp-consensus-pixels/1.0,AUTHORITATIVE_PIXEL_CONSENSUS,golden_board_pixels,U_AUTO_0021,synthetic_auto,ic,369.674080,766.239487,115.313461,682.771515,624.034698,849.707458,,unknown_axis_aligned_detection,,2,30,0.066667,1.000000,7.605377,0.534987,NEEDS_REVIEW,low_support,"{""ic"": 2}","[""mpi_pcb_train_good_0465.jpg"", ""mpi_pcb_train_good_1553.jpg""]"
aoi-pnp-consensus-pixels/1.0,AUTHORITATIVE_PIXEL_CONSENSUS,golden_board_pixels,C_AUTO_0012,synthetic_auto,capacitor,2606.750732,767.535858,2575.104736,722.381775,2638.035400,816.287537,,unknown_axis_aligned_detection,,3,30,0.100000,1.000000,2.121857,0.338591,NEEDS_REVIEW,low_support,"{""capacitor"": 3}","[""mpi_pcb_train_good_0040.jpg"", ""mpi_pcb_train_good_0522.jpg"", ""mpi_pcb_train_good_0629.jpg""]"
aoi-pnp-consensus-pixels/1.0,AUTHORITATIVE_PIXEL_CONSENSUS,golden_board_pixels,D_AUTO_0002,synthetic_auto,diode,3448.981018,769.035065,3417.516968,702.738983,3479.628052,835.331146,,unknown_axis_aligned_detection,,6,30,0.200000,0.833333,9.340721,0.325738,NEEDS_REVIEW,low_support,"{""diode"": 5, ""ic"": 1}","[""mpi_pcb_train_good_0040.jpg"", ""mpi_pcb_train_good_0062.jpg"", ""mpi_pcb_train_good_0418.jpg"", ""mpi_pcb_train_good_1322.jpg"", ""mpi_pcb_train_good_1505.jpg"", ""mpi_pcb_train_good_1553.jpg""]"
aoi-pnp-consensus-pixels/1.0,AUTHORITATIVE_PIXEL_CONSENSUS,golden_board_pixels,C_AUTO_0013,synthetic_auto,capacitor,1351.342468,771.368805,1322.281982,728.759216,1380.402954,813.978394,,unknown_axis_aligned_detection,,3,30,0.100000,1.000000,5.802048,0.446642,NEEDS_REVIEW,low_support,"{""capacitor"": 3}","[""mpi_pcb_train_good_0040.jpg"", ""mpi_pcb_train_good_0522.jpg"", ""mpi_pcb_train_good_1000.jpg""]"
aoi-pnp-consensus-pixels/1.0,AUTHORITATIVE_PIXEL_CONSENSUS,golden_board_pixels,C_AUTO_0014,synthetic_auto,capacitor,1979.212463,772.985352,1948.646118,727.205444,2009.778809,813.558105,,unknown_axis_aligned_detection,,3,30,0.100000,1.000000,8.613974,0.312485,NEEDS_REVIEW,low_support,"{""capacitor"": 3}","[""mpi_pcb_train_good_0040.jpg"", ""mpi_pcb_train_good_0062.jpg"", ""mpi_pcb_train_good_0189.jpg""]"
aoi-pnp-consensus-pixels/1.0,AUTHORITATIVE_PIXEL_CONSENSUS,golden_board_pixels,C_AUTO_0015,synthetic_auto,capacitor,660.516693,773.075073,631.114136,732.203186,689.919250,813.946960,,unknown_axis_aligned_detection,,1,30,0.033333,1.000000,0.000000,0.313506,NEEDS_REVIEW,low_support,"{""capacitor"": 1}","[""mpi_pcb_train_good_0062.jpg""]"
aoi-pnp-consensus-pixels/1.0,AUTHORITATIVE_PIXEL_CONSENSUS,golden_board_pixels,U_AUTO_0022,synthetic_auto,ic,2295.844696,773.983505,2026.798645,693.173706,2564.890747,854.793304,,unknown_axis_aligned_detection,,2,30,0.066667,1.000000,6.643429,0.574258,NEEDS_REVIEW,low_support,"{""ic"": 2}","[""mpi_pcb_train_good_0359.jpg"", ""mpi_pcb_train_good_1418.jpg""]"
aoi-pnp-consensus-pixels/1.0,AUTHORITATIVE_PIXEL_CONSENSUS,golden_board_pixels,C_AUTO_0016,synthetic_auto,capacitor,1799.091370,874.631653,1781.237671,858.697876,1816.945068,890.565430,,unknown_axis_aligned_detection,,1,30,0.033333,1.000000,0.000000,0.288953,NEEDS_REVIEW,low_support,"{""capacitor"": 1}","[""mpi_pcb_train_good_0812.jpg""]"
aoi-pnp-consensus-pixels/1.0,AUTHORITATIVE_PIXEL_CONSENSUS,golden_board_pixels,C_AUTO_0017,synthetic_auto,capacitor,2608.721191,921.936432,2587.870117,902.333801,2629.572266,941.539062,,unknown_axis_aligned_detection,,1,30,0.033333,1.000000,0.000000,0.453156,NEEDS_REVIEW,low_support,"{""capacitor"": 1}","[""mpi_pcb_train_good_1000.jpg""]"
aoi-pnp-consensus-pixels/1.0,AUTHORITATIVE_PIXEL_CONSENSUS,golden_board_pixels,U_AUTO_0023,synthetic_auto,ic,184.217155,1017.324493,143.260361,950.754578,225.173950,1083.894409,,unknown_axis_aligned_detection,,1,30,0.033333,1.000000,0.000000,0.258825,NEEDS_REVIEW,low_support,"{""ic"": 1}","[""mpi_pcb_train_good_1090.jpg""]"
aoi-pnp-consensus-pixels/1.0,AUTHORITATIVE_PIXEL_CONSENSUS,golden_board_pixels,C_AUTO_0018,synthetic_auto,capacitor,1963.677795,1025.492294,1935.068481,979.304596,1992.287109,1071.679993,,unknown_axis_aligned_detection,,2,30,0.066667,1.000000,4.810371,0.350540,NEEDS_REVIEW,low_support,"{""capacitor"": 2}","[""mpi_pcb_train_good_0937.jpg"", ""mpi_pcb_train_good_1090.jpg""]"
aoi-pnp-consensus-pixels/1.0,AUTHORITATIVE_PIXEL_CONSENSUS,golden_board_pixels,U_AUTO_0024,synthetic_auto,ic,2287.718079,1028.629272,2045.257935,955.390381,2530.178223,1104.795654,,unknown_axis_aligned_detection,,17,30,0.566667,1.000000,8.406010,0.772333,NEEDS_REVIEW,low_support,"{""ic"": 17}","[""mpi_pcb_train_good_0123.jpg"", ""mpi_pcb_train_good_0245.jpg"", ""mpi_pcb_train_good_0309.jpg"", ""mpi_pcb_train_good_0465.jpg"", ""mpi_pcb_train_good_0605.jpg"", ""mpi_pcb_train_good_0676.jpg"", ""mpi_pcb_train_good_0781.jpg"", ""mpi_pcb_train_good_0812.jpg"", ""mpi_pcb_train_good_0893.jpg"", ""mpi_pcb_train_good_0937.jpg"", ""mpi_pcb_train_good_1060.jpg"", ""mpi_pcb_train_good_1090.jpg"", ""mpi_pcb_train_good_1287.jpg"", ""mpi_pcb_train_good_1386.jpg"", ""mpi_pcb_train_good_1505.jpg"", ""mpi_pcb_train_good_1553.jpg"", ""mpi_pcb_train_good_1584.jpg""]"
aoi-pnp-consensus-pixels/1.0,AUTHORITATIVE_PIXEL_CONSENSUS,golden_board_pixels,U_AUTO_0025,synthetic_auto,ic,1596.920990,1029.430740,1267.227966,949.777435,1920.006714,1111.043457,,unknown_axis_aligned_detection,,10,30,0.333333,1.000000,7.649120,0.695254,NEEDS_REVIEW,low_support,"{""ic"": 10}","[""mpi_pcb_train_good_0123.jpg"", ""mpi_pcb_train_good_0465.jpg"", ""mpi_pcb_train_good_0676.jpg"", ""mpi_pcb_train_good_0781.jpg"", ""mpi_pcb_train_good_0937.jpg"", ""mpi_pcb_train_good_1060.jpg"", ""mpi_pcb_train_good_1090.jpg"", ""mpi_pcb_train_good_1287.jpg"", ""mpi_pcb_train_good_1584.jpg"", ""mpi_pcb_train_good_1664.jpg""]"
aoi-pnp-consensus-pixels/1.0,AUTHORITATIVE_PIXEL_CONSENSUS,golden_board_pixels,C_AUTO_0019,synthetic_auto,capacitor,2611.833130,1031.585571,2581.964355,980.366821,2641.343506,1082.804321,,unknown_axis_aligned_detection,,7,30,0.233333,1.000000,6.631317,0.374104,NEEDS_REVIEW,low_support,"{""capacitor"": 7}","[""mpi_pcb_train_good_0040.jpg"", ""mpi_pcb_train_good_0062.jpg"", ""mpi_pcb_train_good_0605.jpg"", ""mpi_pcb_train_good_0937.jpg"", ""mpi_pcb_train_good_1060.jpg"", ""mpi_pcb_train_good_1090.jpg"", ""mpi_pcb_train_good_1505.jpg""]"
aoi-pnp-consensus-pixels/1.0,AUTHORITATIVE_PIXEL_CONSENSUS,golden_board_pixels,U_AUTO_0026,synthetic_auto,ic,911.128326,1031.589447,652.230896,958.054932,1170.025757,1109.845825,,unknown_axis_aligned_detection,,11,30,0.366667,1.000000,9.781464,0.627289,NEEDS_REVIEW,low_support,"{""ic"": 11}","[""mpi_pcb_train_good_0123.jpg"", ""mpi_pcb_train_good_0245.jpg"", ""mpi_pcb_train_good_0676.jpg"", ""mpi_pcb_train_good_0781.jpg"", ""mpi_pcb_train_good_0937.jpg"", ""mpi_pcb_train_good_1060.jpg"", ""mpi_pcb_train_good_1090.jpg"", ""mpi_pcb_train_good_1287.jpg"", ""mpi_pcb_train_good_1322.jpg"", ""mpi_pcb_train_good_1584.jpg"", ""mpi_pcb_train_good_1664.jpg""]"
aoi-pnp-consensus-pixels/1.0,AUTHORITATIVE_PIXEL_CONSENSUS,golden_board_pixels,D_AUTO_0003,synthetic_auto,diode,514.217865,1031.828201,484.706940,961.252777,543.728790,1102.403625,,unknown_axis_aligned_detection,,2,30,0.066667,1.000000,10.848230,0.338848,NEEDS_REVIEW,low_support,"{""diode"": 2}","[""mpi_pcb_train_good_0189.jpg"", ""mpi_pcb_train_good_1163.jpg""]"
aoi-pnp-consensus-pixels/1.0,AUTHORITATIVE_PIXEL_CONSENSUS,golden_board_pixels,U_AUTO_0027,synthetic_auto,ic,2974.127014,1035.435806,2714.592285,956.851074,3234.677734,1114.934875,,unknown_axis_aligned_detection,,20,30,0.666667,1.000000,10.152542,0.763360,NEEDS_REVIEW,low_support,"{""ic"": 20}","[""mpi_pcb_train_good_0189.jpg"", ""mpi_pcb_train_good_0309.jpg"", ""mpi_pcb_train_good_0418.jpg"", ""mpi_pcb_train_good_0522.jpg"", ""mpi_pcb_train_good_0605.jpg"", ""mpi_pcb_train_good_0629.jpg"", ""mpi_pcb_train_good_0676.jpg"", ""mpi_pcb_train_good_0781.jpg"", ""mpi_pcb_train_good_0812.jpg"", ""mpi_pcb_train_good_0937.jpg"", ""mpi_pcb_train_good_1000.jpg"", ""mpi_pcb_train_good_1090.jpg"", ""mpi_pcb_train_good_1163.jpg"", ""mpi_pcb_train_good_1195.jpg"", ""mpi_pcb_train_good_1287.jpg"", ""mpi_pcb_train_good_1322.jpg"", ""mpi_pcb_train_good_1418.jpg"", ""mpi_pcb_train_good_1505.jpg"", ""mpi_pcb_train_good_1553.jpg"", ""mpi_pcb_train_good_1584.jpg""]"
aoi-pnp-consensus-pixels/1.0,AUTHORITATIVE_PIXEL_CONSENSUS,golden_board_pixels,R_AUTO_0004,synthetic_auto,resistor,3391.178955,1037.236328,3365.497314,979.985474,3416.860596,1094.487183,,unknown_axis_aligned_detection,,1,30,0.033333,1.000000,0.000000,0.387193,NEEDS_REVIEW,low_support,"{""resistor"": 1}","[""mpi_pcb_train_good_0189.jpg""]"
aoi-pnp-consensus-pixels/1.0,AUTHORITATIVE_PIXEL_CONSENSUS,golden_board_pixels,U_AUTO_0028,synthetic_auto,ic,2956.547241,1037.654495,2697.162231,964.581573,3218.518066,1110.727417,,unknown_axis_aligned_detection,,10,30,0.333333,1.000000,10.340508,0.747171,NEEDS_REVIEW,low_support,"{""ic"": 10}","[""mpi_pcb_train_good_0040.jpg"", ""mpi_pcb_train_good_0062.jpg"", ""mpi_pcb_train_good_0123.jpg"", ""mpi_pcb_train_good_0245.jpg"", ""mpi_pcb_train_good_0359.jpg"", ""mpi_pcb_train_good_0465.jpg"", ""mpi_pcb_train_good_0893.jpg"", ""mpi_pcb_train_good_1060.jpg"", ""mpi_pcb_train_good_1386.jpg"", ""mpi_pcb_train_good_1664.jpg""]"
aoi-pnp-consensus-pixels/1.0,AUTHORITATIVE_PIXEL_CONSENSUS,golden_board_pixels,D_AUTO_0004,synthetic_auto,diode,461.498413,1040.092926,426.626221,975.995178,496.370605,1104.190674,,unknown_axis_aligned_detection,,1,30,0.033333,1.000000,0.000000,0.511281,NEEDS_REVIEW,low_support,"{""diode"": 1}","[""mpi_pcb_train_good_0040.jpg""]"
aoi-pnp-consensus-pixels/1.0,AUTHORITATIVE_PIXEL_CONSENSUS,golden_board_pixels,U_AUTO_0029,synthetic_auto,ic,1610.072449,1041.415604,1280.915771,958.239929,1939.525085,1121.125977,,unknown_axis_aligned_detection,,20,30,0.666667,1.000000,9.994915,0.757006,NEEDS_REVIEW,low_support,"{""ic"": 20}","[""mpi_pcb_train_good_0040.jpg"", ""mpi_pcb_train_good_0062.jpg"", ""mpi_pcb_train_good_0189.jpg"", ""mpi_pcb_train_good_0245.jpg"", ""mpi_pcb_train_good_0309.jpg"", ""mpi_pcb_train_good_0359.jpg"", ""mpi_pcb_train_good_0418.jpg"", ""mpi_pcb_train_good_0522.jpg"", ""mpi_pcb_train_good_0605.jpg"", ""mpi_pcb_train_good_0629.jpg"", ""mpi_pcb_train_good_0812.jpg"", ""mpi_pcb_train_good_0893.jpg"", ""mpi_pcb_train_good_1000.jpg"", ""mpi_pcb_train_good_1163.jpg"", ""mpi_pcb_train_good_1195.jpg"", ""mpi_pcb_train_good_1322.jpg"", ""mpi_pcb_train_good_1386.jpg"", ""mpi_pcb_train_good_1418.jpg"", ""mpi_pcb_train_good_1505.jpg"", ""mpi_pcb_train_good_1553.jpg""]"
aoi-pnp-consensus-pixels/1.0,AUTHORITATIVE_PIXEL_CONSENSUS,golden_board_pixels,U_AUTO_0030,synthetic_auto,ic,938.986267,1042.784332,671.614502,960.505981,1203.974731,1119.674194,,unknown_axis_aligned_detection,,19,30,0.633333,1.000000,9.064193,0.745166,NEEDS_REVIEW,low_support,"{""ic"": 19}","[""mpi_pcb_train_good_0040.jpg"", ""mpi_pcb_train_good_0062.jpg"", ""mpi_pcb_train_good_0189.jpg"", ""mpi_pcb_train_good_0309.jpg"", ""mpi_pcb_train_good_0359.jpg"", ""mpi_pcb_train_good_0418.jpg"", ""mpi_pcb_train_good_0465.jpg"", ""mpi_pcb_train_good_0522.jpg"", ""mpi_pcb_train_good_0605.jpg"", ""mpi_pcb_train_good_0629.jpg"", ""mpi_pcb_train_good_0812.jpg"", ""mpi_pcb_train_good_0893.jpg"", ""mpi_pcb_train_good_1000.jpg"", ""mpi_pcb_train_good_1163.jpg"", ""mpi_pcb_train_good_1195.jpg"", ""mpi_pcb_train_good_1386.jpg"", ""mpi_pcb_train_good_1418.jpg"", ""mpi_pcb_train_good_1505.jpg"", ""mpi_pcb_train_good_1553.jpg""]"
aoi-pnp-consensus-pixels/1.0,AUTHORITATIVE_PIXEL_CONSENSUS,golden_board_pixels,C_AUTO_0020,synthetic_auto,capacitor,1251.380859,1042.822937,1222.031250,999.836426,1280.730469,1085.809448,,unknown_axis_aligned_detection,,3,30,0.100000,1.000000,5.575572,0.313001,NEEDS_REVIEW,low_support,"{""capacitor"": 3}","[""mpi_pcb_train_good_0040.jpg"", ""mpi_pcb_train_good_0812.jpg"", ""mpi_pcb_train_good_1000.jpg""]"
aoi-pnp-consensus-pixels/1.0,AUTHORITATIVE_PIXEL_CONSENSUS,golden_board_pixels,D_AUTO_0005,synthetic_auto,diode,535.859833,1042.906128,501.598083,978.230103,570.121582,1107.582153,,unknown_axis_aligned_detection,,1,30,0.033333,1.000000,0.000000,0.327927,NEEDS_REVIEW,low_support,"{""diode"": 1}","[""mpi_pcb_train_good_0040.jpg""]"
aoi-pnp-consensus-pixels/1.0,AUTHORITATIVE_PIXEL_CONSENSUS,golden_board_pixels,U_AUTO_0031,synthetic_auto,ic,2300.708130,1042.906891,2052.502197,961.951172,2547.539062,1116.366577,,unknown_axis_aligned_detection,,13,30,0.433333,1.000000,10.459397,0.778253,NEEDS_REVIEW,low_support,"{""ic"": 13}","[""mpi_pcb_train_good_0040.jpg"", ""mpi_pcb_train_good_0062.jpg"", ""mpi_pcb_train_good_0189.jpg"", ""mpi_pcb_train_good_0359.jpg"", ""mpi_pcb_train_good_0418.jpg"", ""mpi_pcb_train_good_0522.jpg"", ""mpi_pcb_train_good_0629.jpg"", ""mpi_pcb_train_good_1000.jpg"", ""mpi_pcb_train_good_1163.jpg"", ""mpi_pcb_train_good_1195.jpg"", ""mpi_pcb_train_good_1322.jpg"", ""mpi_pcb_train_good_1418.jpg"", ""mpi_pcb_train_good_1664.jpg""]"
aoi-pnp-consensus-pixels/1.0,AUTHORITATIVE_PIXEL_CONSENSUS,golden_board_pixels,D_AUTO_0006,synthetic_auto,diode,211.103077,1043.952118,168.630547,974.551819,253.575607,1113.352417,,unknown_axis_aligned_detection,,2,30,0.066667,0.500000,11.256183,0.292011,NEEDS_REVIEW,low_support;class_ambiguous,"{""diode"": 1, ""ic"": 1}","[""mpi_pcb_train_good_0040.jpg"", ""mpi_pcb_train_good_0245.jpg""]"
aoi-pnp-consensus-pixels/1.0,AUTHORITATIVE_PIXEL_CONSENSUS,golden_board_pixels,C_AUTO_0021,synthetic_auto,capacitor,1979.439331,1044.963104,1952.503662,1002.366760,2006.375000,1087.559448,,unknown_axis_aligned_detection,,3,30,0.100000,1.000000,6.061340,0.298760,NEEDS_REVIEW,low_support,"{""capacitor"": 3}","[""mpi_pcb_train_good_0040.jpg"", ""mpi_pcb_train_good_0522.jpg"", ""mpi_pcb_train_good_0605.jpg""]"
aoi-pnp-consensus-pixels/1.0,AUTHORITATIVE_PIXEL_CONSENSUS,golden_board_pixels,C_AUTO_0022,synthetic_auto,capacitor,2592.863159,1141.505493,2576.920654,1125.552979,2608.805664,1157.458008,,unknown_axis_aligned_detection,,1,30,0.033333,1.000000,0.000000,0.253883,NEEDS_REVIEW,low_support,"{""capacitor"": 1}","[""mpi_pcb_train_good_0937.jpg""]"
aoi-pnp-consensus-pixels/1.0,AUTHORITATIVE_PIXEL_CONSENSUS,golden_board_pixels,U_AUTO_0032,synthetic_auto,ic,3783.718140,1142.549988,3542.197754,911.601807,4025.238525,1373.498169,,unknown_axis_aligned_detection,,1,30,0.033333,1.000000,0.000000,0.374600,NEEDS_REVIEW,low_support,"{""ic"": 1}","[""mpi_pcb_train_good_0676.jpg""]"
aoi-pnp-consensus-pixels/1.0,AUTHORITATIVE_PIXEL_CONSENSUS,golden_board_pixels,U_AUTO_0033,synthetic_auto,ic,3768.737183,1179.908325,3524.574829,942.409454,4014.640503,1405.038757,,unknown_axis_aligned_detection,,6,30,0.200000,0.666667,13.310794,0.386049,NEEDS_REVIEW,low_support;class_ambiguous,"{""buzzer"": 2, ""ic"": 4}","[""mpi_pcb_train_good_0359.jpg"", ""mpi_pcb_train_good_1163.jpg"", ""mpi_pcb_train_good_1195.jpg"", ""mpi_pcb_train_good_1386.jpg"", ""mpi_pcb_train_good_1418.jpg"", ""mpi_pcb_train_good_1505.jpg""]"
aoi-pnp-consensus-pixels/1.0,AUTHORITATIVE_PIXEL_CONSENSUS,golden_board_pixels,C_AUTO_0023,synthetic_auto,capacitor,1937.518921,1185.005920,1925.408203,1168.862671,1949.629639,1201.149170,,unknown_axis_aligned_detection,,1,30,0.033333,1.000000,0.000000,0.251217,NEEDS_REVIEW,low_support,"{""capacitor"": 1}","[""mpi_pcb_train_good_0062.jpg""]"
aoi-pnp-consensus-pixels/1.0,AUTHORITATIVE_PIXEL_CONSENSUS,golden_board_pixels,U_AUTO_0034,synthetic_auto,ic,3739.028381,1187.339600,3492.402344,950.696533,3985.654419,1423.982666,,unknown_axis_aligned_detection,,2,30,0.066667,1.000000,7.083708,0.374953,NEEDS_REVIEW,low_support,"{""ic"": 2}","[""mpi_pcb_train_good_0040.jpg"", ""mpi_pcb_train_good_0062.jpg""]"
aoi-pnp-consensus-pixels/1.0,AUTHORITATIVE_PIXEL_CONSENSUS,golden_board_pixels,U_AUTO_0035,synthetic_auto,ic,3777.328613,1210.884827,3528.573486,974.913574,4026.083740,1446.856079,,unknown_axis_aligned_detection,,1,30,0.033333,1.000000,0.000000,0.325615,NEEDS_REVIEW,low_support,"{""ic"": 1}","[""mpi_pcb_train_good_1322.jpg""]"
aoi-pnp-consensus-pixels/1.0,AUTHORITATIVE_PIXEL_CONSENSUS,golden_board_pixels,C_AUTO_0024,synthetic_auto,capacitor,1744.798706,1219.401001,1729.294434,1203.165527,1760.302979,1235.636475,,unknown_axis_aligned_detection,,1,30,0.033333,1.000000,0.000000,0.262628,NEEDS_REVIEW,low_support,"{""capacitor"": 1}","[""mpi_pcb_train_good_0893.jpg""]"
aoi-pnp-consensus-pixels/1.0,AUTHORITATIVE_PIXEL_CONSENSUS,golden_board_pixels,C_AUTO_0025,synthetic_auto,capacitor,1639.082886,1224.609253,1625.121704,1209.394287,1653.044067,1239.824219,,unknown_axis_aligned_detection,,1,30,0.033333,1.000000,0.000000,0.342357,NEEDS_REVIEW,low_support,"{""capacitor"": 1}","[""mpi_pcb_train_good_0522.jpg""]"
aoi-pnp-consensus-pixels/1.0,AUTHORITATIVE_PIXEL_CONSENSUS,golden_board_pixels,C_AUTO_0026,synthetic_auto,capacitor,1691.635681,1224.844055,1677.711792,1207.092529,1705.559570,1239.568726,,unknown_axis_aligned_detection,,3,30,0.100000,1.000000,2.359726,0.281860,NEEDS_REVIEW,low_support,"{""capacitor"": 3}","[""mpi_pcb_train_good_0605.jpg"", ""mpi_pcb_train_good_0629.jpg"", ""mpi_pcb_train_good_1505.jpg""]"
aoi-pnp-consensus-pixels/1.0,AUTHORITATIVE_PIXEL_CONSENSUS,golden_board_pixels,C_AUTO_0027,synthetic_auto,capacitor,2748.702271,1270.444702,2720.204834,1223.723999,2778.147217,1328.408936,,unknown_axis_aligned_detection,,3,30,0.100000,1.000000,0.237988,0.263999,NEEDS_REVIEW,low_support,"{""capacitor"": 3}","[""mpi_pcb_train_good_0676.jpg"", ""mpi_pcb_train_good_0781.jpg"", ""mpi_pcb_train_good_1090.jpg""]"
aoi-pnp-consensus-pixels/1.0,AUTHORITATIVE_PIXEL_CONSENSUS,golden_board_pixels,U_AUTO_0036,synthetic_auto,ic,3037.873901,1274.540100,2845.242065,1198.970886,3230.505737,1350.109314,,unknown_axis_aligned_detection,,2,30,0.066667,1.000000,7.028077,0.464854,NEEDS_REVIEW,low_support,"{""ic"": 2}","[""mpi_pcb_train_good_0781.jpg"", ""mpi_pcb_train_good_0937.jpg""]"
aoi-pnp-consensus-pixels/1.0,AUTHORITATIVE_PIXEL_CONSENSUS,golden_board_pixels,C_AUTO_0028,synthetic_auto,capacitor,1826.587219,1282.889557,1810.916931,1267.529663,1842.257507,1298.249451,,unknown_axis_aligned_detection,,2,30,0.066667,1.000000,7.754805,0.278264,NEEDS_REVIEW,low_support,"{""capacitor"": 2}","[""mpi_pcb_train_good_0062.jpg"", ""mpi_pcb_train_good_0781.jpg""]"
aoi-pnp-consensus-pixels/1.0,AUTHORITATIVE_PIXEL_CONSENSUS,golden_board_pixels,C_AUTO_0029,synthetic_auto,capacitor,1911.240662,1291.232300,1897.210693,1276.766235,1925.270630,1305.698364,,unknown_axis_aligned_detection,,1,30,0.033333,1.000000,0.000000,0.446203,NEEDS_REVIEW,low_support,"{""capacitor"": 1}","[""mpi_pcb_train_good_0062.jpg""]"
aoi-pnp-consensus-pixels/1.0,AUTHORITATIVE_PIXEL_CONSENSUS,golden_board_pixels,C_AUTO_0030,synthetic_auto,capacitor,2805.861084,1293.889465,2780.979492,1241.136841,2830.742676,1346.642090,,unknown_axis_aligned_detection,,1,30,0.033333,1.000000,0.000000,0.277457,NEEDS_REVIEW,low_support,"{""capacitor"": 1}","[""mpi_pcb_train_good_0522.jpg""]"
aoi-pnp-consensus-pixels/1.0,AUTHORITATIVE_PIXEL_CONSENSUS,golden_board_pixels,C_AUTO_0031,synthetic_auto,capacitor,2742.239990,1294.930542,2715.512695,1251.087830,2769.924561,1340.719482,,unknown_axis_aligned_detection,,6,30,0.200000,1.000000,4.658793,0.326126,NEEDS_REVIEW,low_support,"{""capacitor"": 6}","[""mpi_pcb_train_good_0040.jpg"", ""mpi_pcb_train_good_0062.jpg"", ""mpi_pcb_train_good_0123.jpg"", ""mpi_pcb_train_good_0522.jpg"", ""mpi_pcb_train_good_0605.jpg"", ""mpi_pcb_train_good_1060.jpg""]"
aoi-pnp-consensus-pixels/1.0,AUTHORITATIVE_PIXEL_CONSENSUS,golden_board_pixels,U_AUTO_0037,synthetic_auto,ic,3041.934753,1310.225006,2855.541016,1231.622131,3230.531616,1389.031982,,unknown_axis_aligned_detection,,20,30,0.666667,1.000000,11.930214,0.804636,NEEDS_REVIEW,low_support,"{""ic"": 20}","[""mpi_pcb_train_good_0123.jpg"", ""mpi_pcb_train_good_0189.jpg"", ""mpi_pcb_train_good_0309.jpg"", ""mpi_pcb_train_good_0418.jpg"", ""mpi_pcb_train_good_0522.jpg"", ""mpi_pcb_train_good_0629.jpg"", ""mpi_pcb_train_good_0676.jpg"", ""mpi_pcb_train_good_0812.jpg"", ""mpi_pcb_train_good_0893.jpg"", ""mpi_pcb_train_good_1000.jpg"", ""mpi_pcb_train_good_1090.jpg"", ""mpi_pcb_train_good_1163.jpg"", ""mpi_pcb_train_good_1195.jpg"", ""mpi_pcb_train_good_1287.jpg"", ""mpi_pcb_train_good_1322.jpg"", ""mpi_pcb_train_good_1386.jpg"", ""mpi_pcb_train_good_1505.jpg"", ""mpi_pcb_train_good_1553.jpg"", ""mpi_pcb_train_good_1584.jpg"", ""mpi_pcb_train_good_1664.jpg""]"
aoi-pnp-consensus-pixels/1.0,AUTHORITATIVE_PIXEL_CONSENSUS,golden_board_pixels,LED_AUTO_0002,synthetic_auto,led,3436.667053,1315.079437,3391.552734,1269.706421,3481.781372,1360.452454,,unknown_axis_aligned_detection,,2,30,0.066667,1.000000,10.386153,0.420031,NEEDS_REVIEW,low_support,"{""led"": 2}","[""mpi_pcb_train_good_1090.jpg"", ""mpi_pcb_train_good_1195.jpg""]"
aoi-pnp-consensus-pixels/1.0,AUTHORITATIVE_PIXEL_CONSENSUS,golden_board_pixels,U_AUTO_0038,synthetic_auto,ic,1069.465637,1315.251587,564.460022,1173.380737,1564.109375,1454.679443,,unknown_axis_aligned_detection,,5,30,0.166667,1.000000,9.706139,0.710133,NEEDS_REVIEW,low_support,"{""ic"": 5}","[""mpi_pcb_train_good_0676.jpg"", ""mpi_pcb_train_good_0781.jpg"", ""mpi_pcb_train_good_0937.jpg"", ""mpi_pcb_train_good_1090.jpg"", ""mpi_pcb_train_good_1287.jpg""]"
aoi-pnp-consensus-pixels/1.0,AUTHORITATIVE_PIXEL_CONSENSUS,golden_board_pixels,U_AUTO_0039,synthetic_auto,ic,2319.725769,1316.553406,1951.159180,1179.197144,2692.372070,1465.281128,,unknown_axis_aligned_detection,,5,30,0.166667,1.000000,12.125487,0.715464,NEEDS_REVIEW,low_support,"{""ic"": 5}","[""mpi_pcb_train_good_0676.jpg"", ""mpi_pcb_train_good_0781.jpg"", ""mpi_pcb_train_good_0812.jpg"", ""mpi_pcb_train_good_0937.jpg"", ""mpi_pcb_train_good_1090.jpg""]"
aoi-pnp-consensus-pixels/1.0,AUTHORITATIVE_PIXEL_CONSENSUS,golden_board_pixels,C_AUTO_0032,synthetic_auto,capacitor,1618.577057,1317.411530,1592.104187,1276.544556,1645.049927,1358.278503,,unknown_axis_aligned_detection,,2,30,0.066667,1.000000,3.452203,0.359581,NEEDS_REVIEW,low_support,"{""capacitor"": 2}","[""mpi_pcb_train_good_0937.jpg"", ""mpi_pcb_train_good_1090.jpg""]"
aoi-pnp-consensus-pixels/1.0,AUTHORITATIVE_PIXEL_CONSENSUS,golden_board_pixels,C_AUTO_0033,synthetic_auto,capacitor,1682.333160,1321.512848,1656.353455,1284.080627,1708.312866,1358.945068,,unknown_axis_aligned_detection,,2,30,0.066667,1.000000,5.252779,0.327970,NEEDS_REVIEW,low_support,"{""capacitor"": 2}","[""mpi_pcb_train_good_0781.jpg"", ""mpi_pcb_train_good_1090.jpg""]"
aoi-pnp-consensus-pixels/1.0,AUTHORITATIVE_PIXEL_CONSENSUS,golden_board_pixels,U_AUTO_0040,synthetic_auto,ic,3021.661926,1324.262177,2840.949463,1248.103271,3208.273071,1400.117371,,unknown_axis_aligned_detection,,8,30,0.266667,1.000000,13.663879,0.788193,NEEDS_REVIEW,low_support,"{""ic"": 8}","[""mpi_pcb_train_good_0040.jpg"", ""mpi_pcb_train_good_0062.jpg"", ""mpi_pcb_train_good_0245.jpg"", ""mpi_pcb_train_good_0359.jpg"", ""mpi_pcb_train_good_0465.jpg"", ""mpi_pcb_train_good_0605.jpg"", ""mpi_pcb_train_good_1060.jpg"", ""mpi_pcb_train_good_1418.jpg""]"
aoi-pnp-consensus-pixels/1.0,AUTHORITATIVE_PIXEL_CONSENSUS,golden_board_pixels,C_AUTO_0034,synthetic_auto,capacitor,1734.025909,1325.288208,1708.513184,1284.575684,1759.538635,1366.000732,,unknown_axis_aligned_detection,,2,30,0.066667,1.000000,5.733639,0.367409,NEEDS_REVIEW,low_support,"{""capacitor"": 2}","[""mpi_pcb_train_good_0781.jpg"", ""mpi_pcb_train_good_0937.jpg""]"
aoi-pnp-consensus-pixels/1.0,AUTHORITATIVE_PIXEL_CONSENSUS,golden_board_pixels,LED_AUTO_0003,synthetic_auto,led,3416.677979,1329.194336,3363.869385,1278.006836,3468.758057,1378.316162,,unknown_axis_aligned_detection,,5,30,0.166667,1.000000,6.002319,0.461068,NEEDS_REVIEW,low_support,"{""led"": 5}","[""mpi_pcb_train_good_0893.jpg"", ""mpi_pcb_train_good_1090.jpg"", ""mpi_pcb_train_good_1386.jpg"", ""mpi_pcb_train_good_1505.jpg"", ""mpi_pcb_train_good_1553.jpg""]"
aoi-pnp-consensus-pixels/1.0,AUTHORITATIVE_PIXEL_CONSENSUS,golden_board_pixels,U_AUTO_0041,synthetic_auto,ic,1103.774368,1333.416992,607.588257,1196.896912,1601.723755,1478.626160,,unknown_axis_aligned_detection,,4,30,0.133333,1.000000,5.048683,0.675070,NEEDS_REVIEW,low_support,"{""ic"": 4}","[""mpi_pcb_train_good_0189.jpg"", ""mpi_pcb_train_good_0309.jpg"", ""mpi_pcb_train_good_0418.jpg"", ""mpi_pcb_train_good_0465.jpg""]"
aoi-pnp-consensus-pixels/1.0,AUTHORITATIVE_PIXEL_CONSENSUS,golden_board_pixels,U_AUTO_0042,synthetic_auto,ic,1085.868423,1339.127594,580.053528,1199.432617,1594.035828,1478.009583,,unknown_axis_aligned_detection,,18,30,0.600000,1.000000,8.400558,0.743689,NEEDS_REVIEW,low_support,"{""ic"": 18}","[""mpi_pcb_train_good_0040.jpg"", ""mpi_pcb_train_good_0123.jpg"", ""mpi_pcb_train_good_0245.jpg"", ""mpi_pcb_train_good_0359.jpg"", ""mpi_pcb_train_good_0522.jpg"", ""mpi_pcb_train_good_0605.jpg"", ""mpi_pcb_train_good_0629.jpg"", ""mpi_pcb_train_good_0812.jpg"", ""mpi_pcb_train_good_0893.jpg"", ""mpi_pcb_train_good_1000.jpg"", ""mpi_pcb_train_good_1163.jpg"", ""mpi_pcb_train_good_1195.jpg"", ""mpi_pcb_train_good_1386.jpg"", ""mpi_pcb_train_good_1418.jpg"", ""mpi_pcb_train_good_1505.jpg"", ""mpi_pcb_train_good_1553.jpg"", ""mpi_pcb_train_good_1584.jpg"", ""mpi_pcb_train_good_1664.jpg""]"
aoi-pnp-consensus-pixels/1.0,AUTHORITATIVE_PIXEL_CONSENSUS,golden_board_pixels,LED_AUTO_0004,synthetic_auto,led,3399.483398,1340.029358,3355.232910,1286.363037,3442.793701,1394.063965,,unknown_axis_aligned_detection,,3,30,0.100000,1.000000,3.353394,0.806084,NEEDS_REVIEW,low_support,"{""led"": 3}","[""mpi_pcb_train_good_0040.jpg"", ""mpi_pcb_train_good_0062.jpg"", ""mpi_pcb_train_good_1060.jpg""]"
aoi-pnp-consensus-pixels/1.0,AUTHORITATIVE_PIXEL_CONSENSUS,golden_board_pixels,U_AUTO_0043,synthetic_auto,ic,1067.315063,1341.278931,552.574951,1200.477783,1571.956421,1480.124268,,unknown_axis_aligned_detection,,3,30,0.100000,1.000000,6.682116,0.739392,NEEDS_REVIEW,low_support,"{""ic"": 3}","[""mpi_pcb_train_good_0062.jpg"", ""mpi_pcb_train_good_1060.jpg"", ""mpi_pcb_train_good_1322.jpg""]"
aoi-pnp-consensus-pixels/1.0,AUTHORITATIVE_PIXEL_CONSENSUS,golden_board_pixels,U_AUTO_0044,synthetic_auto,ic,2327.708374,1342.139221,1957.163086,1200.407471,2700.553467,1485.957031,,unknown_axis_aligned_detection,,25,30,0.833333,1.000000,10.763319,0.739353,CONSENSUS,,"{""ic"": 25}","[""mpi_pcb_train_good_0040.jpg"", ""mpi_pcb_train_good_0062.jpg"", ""mpi_pcb_train_good_0123.jpg"", ""mpi_pcb_train_good_0189.jpg"", ""mpi_pcb_train_good_0245.jpg"", ""mpi_pcb_train_good_0309.jpg"", ""mpi_pcb_train_good_0359.jpg"", ""mpi_pcb_train_good_0418.jpg"", ""mpi_pcb_train_good_0465.jpg"", ""mpi_pcb_train_good_0522.jpg"", ""mpi_pcb_train_good_0605.jpg"", ""mpi_pcb_train_good_0629.jpg"", ""mpi_pcb_train_good_0893.jpg"", ""mpi_pcb_train_good_1000.jpg"", ""mpi_pcb_train_good_1060.jpg"", ""mpi_pcb_train_good_1163.jpg"", ""mpi_pcb_train_good_1195.jpg"", ""mpi_pcb_train_good_1287.jpg"", ""mpi_pcb_train_good_1322.jpg"", ""mpi_pcb_train_good_1386.jpg"", ""mpi_pcb_train_good_1418.jpg"", ""mpi_pcb_train_good_1505.jpg"", ""mpi_pcb_train_good_1553.jpg"", ""mpi_pcb_train_good_1584.jpg"", ""mpi_pcb_train_good_1664.jpg""]"
aoi-pnp-consensus-pixels/1.0,AUTHORITATIVE_PIXEL_CONSENSUS,golden_board_pixels,C_AUTO_0035,synthetic_auto,capacitor,1749.352448,1345.930267,1718.927307,1302.327087,1779.777588,1389.533447,,unknown_axis_aligned_detection,,2,30,0.066667,1.000000,5.532246,0.370338,NEEDS_REVIEW,low_support,"{""capacitor"": 2}","[""mpi_pcb_train_good_0040.jpg"", ""mpi_pcb_train_good_1505.jpg""]"
aoi-pnp-consensus-pixels/1.0,AUTHORITATIVE_PIXEL_CONSENSUS,golden_board_pixels,C_AUTO_0036,synthetic_auto,capacitor,1698.038452,1347.035156,1669.611572,1308.929810,1726.465332,1385.140503,,unknown_axis_aligned_detection,,1,30,0.033333,1.000000,0.000000,0.258980,NEEDS_REVIEW,low_support,"{""capacitor"": 1}","[""mpi_pcb_train_good_0040.jpg""]"
aoi-pnp-consensus-pixels/1.0,AUTHORITATIVE_PIXEL_CONSENSUS,golden_board_pixels,C_AUTO_0037,synthetic_auto,capacitor,1838.602478,1381.503723,1823.486694,1365.050171,1853.718262,1397.957275,,unknown_axis_aligned_detection,,1,30,0.033333,1.000000,0.000000,0.263737,NEEDS_REVIEW,low_support,"{""capacitor"": 1}","[""mpi_pcb_train_good_0062.jpg""]"
aoi-pnp-consensus-pixels/1.0,AUTHORITATIVE_PIXEL_CONSENSUS,golden_board_pixels,BZ_AUTO_0001,synthetic_auto,buzzer,295.656210,1391.852264,52.449596,1146.578491,538.862823,1637.126038,,unknown_axis_aligned_detection,,2,30,0.066667,0.500000,8.156762,0.280383,NEEDS_REVIEW,low_support;class_ambiguous,"{""buzzer"": 1, ""capacitor"": 1}","[""mpi_pcb_train_good_1000.jpg"", ""mpi_pcb_train_good_1287.jpg""]"
aoi-pnp-consensus-pixels/1.0,AUTHORITATIVE_PIXEL_CONSENSUS,golden_board_pixels,C_AUTO_0038,synthetic_auto,capacitor,242.133428,1425.402832,9.019877,1194.113892,475.246979,1656.691772,,unknown_axis_aligned_detection,,1,30,0.033333,1.000000,0.000000,0.324345,NEEDS_REVIEW,low_support,"{""capacitor"": 1}","[""mpi_pcb_train_good_1664.jpg""]"
aoi-pnp-consensus-pixels/1.0,AUTHORITATIVE_PIXEL_CONSENSUS,golden_board_pixels,C_AUTO_0039,synthetic_auto,capacitor,315.885282,1426.694031,64.276239,1191.675110,567.494324,1661.712952,,unknown_axis_aligned_detection,,2,30,0.066667,1.000000,5.724320,0.389890,NEEDS_REVIEW,low_support,"{""capacitor"": 2}","[""mpi_pcb_train_good_0040.jpg"", ""mpi_pcb_train_good_1505.jpg""]"
aoi-pnp-consensus-pixels/1.0,AUTHORITATIVE_PIXEL_CONSENSUS,golden_board_pixels,BZ_AUTO_0002,synthetic_auto,buzzer,291.280243,1435.209900,37.302917,1206.118408,545.257568,1664.301392,,unknown_axis_aligned_detection,,3,30,0.100000,0.666667,10.937515,0.405890,NEEDS_REVIEW,low_support;class_ambiguous,"{""buzzer"": 2, ""capacitor"": 1}","[""mpi_pcb_train_good_1163.jpg"", ""mpi_pcb_train_good_1195.jpg"", ""mpi_pcb_train_good_1386.jpg""]"
aoi-pnp-consensus-pixels/1.0,AUTHORITATIVE_PIXEL_CONSENSUS,golden_board_pixels,C_AUTO_0040,synthetic_auto,capacitor,264.898956,1463.005859,1.940917,1210.227783,527.856995,1715.783936,,unknown_axis_aligned_detection,,1,30,0.033333,1.000000,0.000000,0.657315,NEEDS_REVIEW,low_support,"{""capacitor"": 1}","[""mpi_pcb_train_good_1322.jpg""]"
aoi-pnp-consensus-pixels/1.0,AUTHORITATIVE_PIXEL_CONSENSUS,golden_board_pixels,C_AUTO_0041,synthetic_auto,capacitor,3271.468140,1469.851013,3256.522461,1456.137085,3286.413818,1483.564941,,unknown_axis_aligned_detection,,1,30,0.033333,1.000000,0.000000,0.268889,NEEDS_REVIEW,low_support,"{""capacitor"": 1}","[""mpi_pcb_train_good_1505.jpg""]"
aoi-pnp-consensus-pixels/1.0,AUTHORITATIVE_PIXEL_CONSENSUS,golden_board_pixels,C_AUTO_0042,synthetic_auto,capacitor,1826.762634,1473.995728,1811.446289,1458.510620,1842.078979,1489.480835,,unknown_axis_aligned_detection,,1,30,0.033333,1.000000,0.000000,0.375259,NEEDS_REVIEW,low_support,"{""capacitor"": 1}","[""mpi_pcb_train_good_0062.jpg""]"
aoi-pnp-consensus-pixels/1.0,AUTHORITATIVE_PIXEL_CONSENSUS,golden_board_pixels,C_AUTO_0043,synthetic_auto,capacitor,246.962540,1499.042114,0.000000,1257.144653,493.925079,1740.939575,,unknown_axis_aligned_detection,,1,30,0.033333,1.000000,0.000000,0.294495,NEEDS_REVIEW,low_support,"{""capacitor"": 1}","[""mpi_pcb_train_good_0245.jpg""]"
aoi-pnp-consensus-pixels/1.0,AUTHORITATIVE_PIXEL_CONSENSUS,golden_board_pixels,C_AUTO_0044,synthetic_auto,capacitor,2593.705750,1510.370544,2575.871948,1494.255981,2611.539551,1526.485107,,unknown_axis_aligned_detection,,2,30,0.066667,1.000000,8.300131,0.376196,NEEDS_REVIEW,low_support,"{""capacitor"": 2}","[""mpi_pcb_train_good_0781.jpg"", ""mpi_pcb_train_good_0937.jpg""]"
aoi-pnp-consensus-pixels/1.0,AUTHORITATIVE_PIXEL_CONSENSUS,golden_board_pixels,LED_AUTO_0005,synthetic_auto,led,3421.602295,1556.884705,3397.089600,1529.295654,3446.114990,1584.473755,,unknown_axis_aligned_detection,,1,30,0.033333,1.000000,0.000000,0.253995,NEEDS_REVIEW,low_support,"{""led"": 1}","[""mpi_pcb_train_good_0937.jpg""]"
aoi-pnp-consensus-pixels/1.0,AUTHORITATIVE_PIXEL_CONSENSUS,golden_board_pixels,U_AUTO_0045,synthetic_auto,ic,3048.452026,1559.534607,2852.233398,1488.281006,3244.670654,1630.788208,,unknown_axis_aligned_detection,,1,30,0.033333,1.000000,0.000000,0.684393,NEEDS_REVIEW,low_support,"{""ic"": 1}","[""mpi_pcb_train_good_0781.jpg""]"
aoi-pnp-consensus-pixels/1.0,AUTHORITATIVE_PIXEL_CONSENSUS,golden_board_pixels,U_AUTO_0046,synthetic_auto,ic,3894.755981,1565.029907,3833.089355,1468.057739,3956.422607,1662.002075,,unknown_axis_aligned_detection,,1,30,0.033333,1.000000,0.000000,0.365085,NEEDS_REVIEW,low_support,"{""ic"": 1}","[""mpi_pcb_train_good_0781.jpg""]"
aoi-pnp-consensus-pixels/1.0,AUTHORITATIVE_PIXEL_CONSENSUS,golden_board_pixels,C_AUTO_0045,synthetic_auto,capacitor,2753.069031,1584.806244,2728.546753,1545.651489,2776.585571,1619.090027,,unknown_axis_aligned_detection,,4,30,0.133333,1.000000,5.329172,0.291041,NEEDS_REVIEW,low_support,"{""capacitor"": 4}","[""mpi_pcb_train_good_0418.jpg"", ""mpi_pcb_train_good_0676.jpg"", ""mpi_pcb_train_good_1000.jpg"", ""mpi_pcb_train_good_1090.jpg""]"
aoi-pnp-consensus-pixels/1.0,AUTHORITATIVE_PIXEL_CONSENSUS,golden_board_pixels,C_AUTO_0046,synthetic_auto,capacitor,2797.189819,1585.087402,2772.129639,1542.533325,2822.250000,1628.780029,,unknown_axis_aligned_detection,,11,30,0.366667,1.000000,9.739749,0.323923,NEEDS_REVIEW,low_support,"{""capacitor"": 11}","[""mpi_pcb_train_good_0040.jpg"", ""mpi_pcb_train_good_0062.jpg"", ""mpi_pcb_train_good_0189.jpg"", ""mpi_pcb_train_good_0418.jpg"", ""mpi_pcb_train_good_0522.jpg"", ""mpi_pcb_train_good_0605.jpg"", ""mpi_pcb_train_good_0676.jpg"", ""mpi_pcb_train_good_0937.jpg"", ""mpi_pcb_train_good_1000.jpg"", ""mpi_pcb_train_good_1060.jpg"", ""mpi_pcb_train_good_1090.jpg""]"
aoi-pnp-consensus-pixels/1.0,AUTHORITATIVE_PIXEL_CONSENSUS,golden_board_pixels,C_AUTO_0047,synthetic_auto,capacitor,3375.634766,1589.890442,3355.825073,1552.186951,3395.444458,1627.593933,,unknown_axis_aligned_detection,,2,30,0.066667,0.500000,10.883072,0.266056,NEEDS_REVIEW,low_support;class_ambiguous,"{""capacitor"": 1, ""resistor"": 1}","[""mpi_pcb_train_good_0040.jpg"", ""mpi_pcb_train_good_0676.jpg""]"
aoi-pnp-consensus-pixels/1.0,AUTHORITATIVE_PIXEL_CONSENSUS,golden_board_pixels,U_AUTO_0047,synthetic_auto,ic,3048.121887,1590.587067,2854.756714,1520.274780,3245.644043,1665.666931,,unknown_axis_aligned_detection,,20,30,0.666667,1.000000,9.301387,0.783877,NEEDS_REVIEW,low_support,"{""ic"": 20}","[""mpi_pcb_train_good_0123.jpg"", ""mpi_pcb_train_good_0189.jpg"", ""mpi_pcb_train_good_0309.jpg"", ""mpi_pcb_train_good_0359.jpg"", ""mpi_pcb_train_good_0418.jpg"", ""mpi_pcb_train_good_0522.jpg"", ""mpi_pcb_train_good_0629.jpg"", ""mpi_pcb_train_good_0676.jpg"", ""mpi_pcb_train_good_0812.jpg"", ""mpi_pcb_train_good_0937.jpg"", ""mpi_pcb_train_good_1000.jpg"", ""mpi_pcb_train_good_1090.jpg"", ""mpi_pcb_train_good_1163.jpg"", ""mpi_pcb_train_good_1195.jpg"", ""mpi_pcb_train_good_1287.jpg"", ""mpi_pcb_train_good_1322.jpg"", ""mpi_pcb_train_good_1418.jpg"", ""mpi_pcb_train_good_1505.jpg"", ""mpi_pcb_train_good_1584.jpg"", ""mpi_pcb_train_good_1664.jpg""]"
aoi-pnp-consensus-pixels/1.0,AUTHORITATIVE_PIXEL_CONSENSUS,golden_board_pixels,U_AUTO_0048,synthetic_auto,ic,3028.240845,1592.415161,2835.984863,1526.786621,3221.183350,1659.432007,,unknown_axis_aligned_detection,,9,30,0.300000,1.000000,10.928031,0.764186,NEEDS_REVIEW,low_support,"{""ic"": 9}","[""mpi_pcb_train_good_0040.jpg"", ""mpi_pcb_train_good_0062.jpg"", ""mpi_pcb_train_good_0245.jpg"", ""mpi_pcb_train_good_0465.jpg"", ""mpi_pcb_train_good_0605.jpg"", ""mpi_pcb_train_good_0893.jpg"", ""mpi_pcb_train_good_1060.jpg"", ""mpi_pcb_train_good_1386.jpg"", ""mpi_pcb_train_good_1553.jpg""]"
aoi-pnp-consensus-pixels/1.0,AUTHORITATIVE_PIXEL_CONSENSUS,golden_board_pixels,U_AUTO_0049,synthetic_auto,ic,3883.222046,1605.353149,3824.183350,1508.346802,3943.877441,1697.079712,,unknown_axis_aligned_detection,,7,30,0.233333,1.000000,10.558882,0.452567,NEEDS_REVIEW,low_support,"{""ic"": 7}","[""mpi_pcb_train_good_0062.jpg"", ""mpi_pcb_train_good_0937.jpg"", ""mpi_pcb_train_good_1090.jpg"", ""mpi_pcb_train_good_1386.jpg"", ""mpi_pcb_train_good_1418.jpg"", ""mpi_pcb_train_good_1505.jpg"", ""mpi_pcb_train_good_1553.jpg""]"
aoi-pnp-consensus-pixels/1.0,AUTHORITATIVE_PIXEL_CONSENSUS,golden_board_pixels,U_AUTO_0050,synthetic_auto,ic,3714.616455,1622.913879,3662.630127,1528.449219,3766.602783,1717.378540,,unknown_axis_aligned_detection,,1,30,0.033333,1.000000,0.000000,0.290922,NEEDS_REVIEW,low_support,"{""ic"": 1}","[""mpi_pcb_train_good_0245.jpg""]"
aoi-pnp-consensus-pixels/1.0,AUTHORITATIVE_PIXEL_CONSENSUS,golden_board_pixels,R_AUTO_0005,synthetic_auto,resistor,3496.560425,1626.614014,3470.791260,1579.081421,3522.329590,1674.146606,,unknown_axis_aligned_detection,,3,30,0.100000,1.000000,2.516638,0.287717,NEEDS_REVIEW,low_support,"{""resistor"": 3}","[""mpi_pcb_train_good_0418.jpg"", ""mpi_pcb_train_good_0605.jpg"", ""mpi_pcb_train_good_1553.jpg""]"
aoi-pnp-consensus-pixels/1.0,AUTHORITATIVE_PIXEL_CONSENSUS,golden_board_pixels,U_AUTO_0051,synthetic_auto,ic,3875.186401,1631.344727,3819.680176,1536.168091,3930.692627,1726.521362,,unknown_axis_aligned_detection,,1,30,0.033333,1.000000,0.000000,0.470818,NEEDS_REVIEW,low_support,"{""ic"": 1}","[""mpi_pcb_train_good_0245.jpg""]"
aoi-pnp-consensus-pixels/1.0,AUTHORITATIVE_PIXEL_CONSENSUS,golden_board_pixels,U_AUTO_0052,synthetic_auto,ic,1156.355438,1639.491333,754.051697,1417.180786,1558.659180,1861.801880,,unknown_axis_aligned_detection,,1,30,0.033333,1.000000,0.000000,0.519499,NEEDS_REVIEW,low_support,"{""ic"": 1}","[""mpi_pcb_train_good_0781.jpg""]"
aoi-pnp-consensus-pixels/1.0,AUTHORITATIVE_PIXEL_CONSENSUS,golden_board_pixels,U_AUTO_0053,synthetic_auto,ic,1195.122833,1650.015503,803.368713,1462.846924,1586.876953,1837.184082,,unknown_axis_aligned_detection,,1,30,0.033333,1.000000,0.000000,0.639135,NEEDS_REVIEW,low_support,"{""ic"": 1}","[""mpi_pcb_train_good_1287.jpg""]"
aoi-pnp-consensus-pixels/1.0,AUTHORITATIVE_PIXEL_CONSENSUS,golden_board_pixels,U_AUTO_0054,synthetic_auto,ic,1274.110504,1659.993713,892.118103,1484.500122,1656.102905,1835.487305,,unknown_axis_aligned_detection,,1,30,0.033333,1.000000,0.000000,0.703989,NEEDS_REVIEW,low_support,"{""ic"": 1}","[""mpi_pcb_train_good_0629.jpg""]"
aoi-pnp-consensus-pixels/1.0,AUTHORITATIVE_PIXEL_CONSENSUS,golden_board_pixels,U_AUTO_0055,synthetic_auto,ic,1143.540863,1669.747772,737.312317,1457.699402,1549.769409,1881.796143,,unknown_axis_aligned_detection,,2,30,0.066667,1.000000,6.642459,0.634811,NEEDS_REVIEW,low_support,"{""ic"": 2}","[""mpi_pcb_train_good_0937.jpg"", ""mpi_pcb_train_good_1090.jpg""]"
aoi-pnp-consensus-pixels/1.0,AUTHORITATIVE_PIXEL_CONSENSUS,golden_board_pixels,R_AUTO_0006,synthetic_auto,resistor,532.163315,1674.719727,508.049286,1634.962280,556.277344,1714.755371,,unknown_axis_aligned_detection,,3,30,0.100000,1.000000,4.986596,0.504058,NEEDS_REVIEW,low_support,"{""resistor"": 3}","[""mpi_pcb_train_good_0781.jpg"", ""mpi_pcb_train_good_0937.jpg"", ""mpi_pcb_train_good_1090.jpg""]"
aoi-pnp-consensus-pixels/1.0,AUTHORITATIVE_PIXEL_CONSENSUS,golden_board_pixels,U_AUTO_0056,synthetic_auto,ic,1167.867630,1678.923859,766.612885,1500.934204,1569.122375,1856.913513,,unknown_axis_aligned_detection,,2,30,0.066667,1.000000,7.543992,0.739428,NEEDS_REVIEW,low_support,"{""ic"": 2}","[""mpi_pcb_train_good_0676.jpg"", ""mpi_pcb_train_good_1584.jpg""]"
aoi-pnp-consensus-pixels/1.0,AUTHORITATIVE_PIXEL_CONSENSUS,golden_board_pixels,R_AUTO_0007,synthetic_auto,resistor,646.968262,1680.256531,624.726501,1645.290527,669.210022,1715.222534,,unknown_axis_aligned_detection,,1,30,0.033333,1.000000,0.000000,0.344265,NEEDS_REVIEW,low_support,"{""resistor"": 1}","[""mpi_pcb_train_good_0937.jpg""]"
aoi-pnp-consensus-pixels/1.0,AUTHORITATIVE_PIXEL_CONSENSUS,golden_board_pixels,R_AUTO_0008,synthetic_auto,resistor,588.983459,1684.296997,567.813538,1654.688354,610.153381,1713.905640,,unknown_axis_aligned_detection,,1,30,0.033333,1.000000,0.000000,0.349867,NEEDS_REVIEW,low_support,"{""resistor"": 1}","[""mpi_pcb_train_good_0937.jpg""]"
aoi-pnp-consensus-pixels/1.0,AUTHORITATIVE_PIXEL_CONSENSUS,golden_board_pixels,C_AUTO_0048,synthetic_auto,capacitor,1618.115631,1697.305023,1588.928650,1645.132202,1647.302612,1749.477844,,unknown_axis_aligned_detection,,2,30,0.066667,1.000000,4.660261,0.278215,NEEDS_REVIEW,low_support,"{""capacitor"": 2}","[""mpi_pcb_train_good_0937.jpg"", ""mpi_pcb_train_good_1090.jpg""]"
aoi-pnp-consensus-pixels/1.0,AUTHORITATIVE_PIXEL_CONSENSUS,golden_board_pixels,U_AUTO_0057,synthetic_auto,ic,2191.293793,1701.232361,1678.564392,1547.601379,2700.286011,1853.794495,,unknown_axis_aligned_detection,,8,30,0.266667,1.000000,5.754394,0.734837,NEEDS_REVIEW,low_support,"{""ic"": 8}","[""mpi_pcb_train_good_0245.jpg"", ""mpi_pcb_train_good_0676.jpg"", ""mpi_pcb_train_good_0781.jpg"", ""mpi_pcb_train_good_0893.jpg"", ""mpi_pcb_train_good_0937.jpg"", ""mpi_pcb_train_good_1090.jpg"", ""mpi_pcb_train_good_1386.jpg"", ""mpi_pcb_train_good_1584.jpg""]"
aoi-pnp-consensus-pixels/1.0,AUTHORITATIVE_PIXEL_CONSENSUS,golden_board_pixels,U_AUTO_0058,synthetic_auto,ic,1203.301987,1701.461212,808.137787,1524.677979,1598.466187,1877.640991,,unknown_axis_aligned_detection,,8,30,0.266667,1.000000,6.480423,0.674400,NEEDS_REVIEW,low_support,"{""ic"": 8}","[""mpi_pcb_train_good_0040.jpg"", ""mpi_pcb_train_good_0418.jpg"", ""mpi_pcb_train_good_0465.jpg"", ""mpi_pcb_train_good_0812.jpg"", ""mpi_pcb_train_good_1000.jpg"", ""mpi_pcb_train_good_1195.jpg"", ""mpi_pcb_train_good_1505.jpg"", ""mpi_pcb_train_good_1553.jpg""]"
aoi-pnp-consensus-pixels/1.0,AUTHORITATIVE_PIXEL_CONSENSUS,golden_board_pixels,U_AUTO_0059,synthetic_auto,ic,2212.990662,1708.131531,1704.674683,1556.317993,2715.585938,1859.945068,,unknown_axis_aligned_detection,,11,30,0.366667,1.000000,8.755428,0.719563,NEEDS_REVIEW,low_support,"{""ic"": 11}","[""mpi_pcb_train_good_0123.jpg"", ""mpi_pcb_train_good_0189.jpg"", ""mpi_pcb_train_good_0309.jpg"", ""mpi_pcb_train_good_0522.jpg"", ""mpi_pcb_train_good_0629.jpg"", ""mpi_pcb_train_good_0812.jpg"", ""mpi_pcb_train_good_1000.jpg"", ""mpi_pcb_train_good_1163.jpg"", ""mpi_pcb_train_good_1195.jpg"", ""mpi_pcb_train_good_1287.jpg"", ""mpi_pcb_train_good_1322.jpg""]"
aoi-pnp-consensus-pixels/1.0,AUTHORITATIVE_PIXEL_CONSENSUS,golden_board_pixels,U_AUTO_0060,synthetic_auto,ic,1179.911636,1708.856750,783.298920,1536.104431,1576.524353,1881.609070,,unknown_axis_aligned_detection,,2,30,0.066667,1.000000,10.055111,0.691448,NEEDS_REVIEW,low_support,"{""ic"": 2}","[""mpi_pcb_train_good_0605.jpg"", ""mpi_pcb_train_good_0893.jpg""]"
aoi-pnp-consensus-pixels/1.0,AUTHORITATIVE_PIXEL_CONSENSUS,golden_board_pixels,R_AUTO_0009,synthetic_auto,resistor,610.971649,1709.676514,586.900635,1663.537109,635.042664,1755.801270,,unknown_axis_aligned_detection,,3,30,0.100000,1.000000,3.367157,0.261864,NEEDS_REVIEW,low_support,"{""resistor"": 3}","[""mpi_pcb_train_good_0189.jpg"", ""mpi_pcb_train_good_0812.jpg"", ""mpi_pcb_train_good_1195.jpg""]"
aoi-pnp-consensus-pixels/1.0,AUTHORITATIVE_PIXEL_CONSENSUS,golden_board_pixels,U_AUTO_0061,synthetic_auto,ic,1136.019012,1711.415527,728.529602,1536.558838,1543.508423,1886.272217,,unknown_axis_aligned_detection,,1,30,0.033333,1.000000,0.000000,0.707997,NEEDS_REVIEW,low_support,"{""ic"": 1}","[""mpi_pcb_train_good_1664.jpg""]"
aoi-pnp-consensus-pixels/1.0,AUTHORITATIVE_PIXEL_CONSENSUS,golden_board_pixels,U_AUTO_0062,synthetic_auto,ic,2187.071350,1714.860229,1673.437744,1564.696411,2701.885742,1860.991821,,unknown_axis_aligned_detection,,11,30,0.366667,1.000000,6.025212,0.744739,NEEDS_REVIEW,low_support,"{""ic"": 11}","[""mpi_pcb_train_good_0040.jpg"", ""mpi_pcb_train_good_0062.jpg"", ""mpi_pcb_train_good_0359.jpg"", ""mpi_pcb_train_good_0418.jpg"", ""mpi_pcb_train_good_0465.jpg"", ""mpi_pcb_train_good_0605.jpg"", ""mpi_pcb_train_good_1060.jpg"", ""mpi_pcb_train_good_1418.jpg"", ""mpi_pcb_train_good_1505.jpg"", ""mpi_pcb_train_good_1553.jpg"", ""mpi_pcb_train_good_1664.jpg""]"
aoi-pnp-consensus-pixels/1.0,AUTHORITATIVE_PIXEL_CONSENSUS,golden_board_pixels,R_AUTO_0010,synthetic_auto,resistor,557.245926,1715.930328,530.455353,1661.910095,584.036499,1769.950562,,unknown_axis_aligned_detection,,2,30,0.066667,1.000000,7.088144,0.274114,NEEDS_REVIEW,low_support,"{""resistor"": 2}","[""mpi_pcb_train_good_0605.jpg"", ""mpi_pcb_train_good_1195.jpg""]"
aoi-pnp-consensus-pixels/1.0,AUTHORITATIVE_PIXEL_CONSENSUS,golden_board_pixels,U_AUTO_0063,synthetic_auto,ic,1236.747803,1717.056885,846.277710,1546.175903,1627.217896,1887.937866,,unknown_axis_aligned_detection,,1,30,0.033333,1.000000,0.000000,0.706093,NEEDS_REVIEW,low_support,"{""ic"": 1}","[""mpi_pcb_train_good_0522.jpg""]"
aoi-pnp-consensus-pixels/1.0,AUTHORITATIVE_PIXEL_CONSENSUS,golden_board_pixels,R_AUTO_0011,synthetic_auto,resistor,673.631592,1721.856018,647.746338,1678.197998,698.634155,1762.575195,,unknown_axis_aligned_detection,,3,30,0.100000,1.000000,7.573242,0.309952,NEEDS_REVIEW,low_support,"{""resistor"": 3}","[""mpi_pcb_train_good_0189.jpg"", ""mpi_pcb_train_good_1000.jpg"", ""mpi_pcb_train_good_1163.jpg""]"
aoi-pnp-consensus-pixels/1.0,AUTHORITATIVE_PIXEL_CONSENSUS,golden_board_pixels,U_AUTO_0064,synthetic_auto,ic,1203.681366,1730.418640,805.121277,1551.421143,1595.861694,1908.386108,,unknown_axis_aligned_detection,,5,30,0.166667,1.000000,7.912787,0.670360,NEEDS_REVIEW,low_support,"{""ic"": 5}","[""mpi_pcb_train_good_0123.jpg"", ""mpi_pcb_train_good_0359.jpg"", ""mpi_pcb_train_good_1163.jpg"", ""mpi_pcb_train_good_1386.jpg"", ""mpi_pcb_train_good_1418.jpg""]"
aoi-pnp-consensus-pixels/1.0,AUTHORITATIVE_PIXEL_CONSENSUS,golden_board_pixels,U_AUTO_0065,synthetic_auto,ic,1134.655396,1751.173157,742.705566,1555.651489,1526.605225,1927.449219,,unknown_axis_aligned_detection,,3,30,0.100000,1.000000,14.706112,0.669517,NEEDS_REVIEW,low_support,"{""ic"": 3}","[""mpi_pcb_train_good_0062.jpg"", ""mpi_pcb_train_good_0245.jpg"", ""mpi_pcb_train_good_1060.jpg""]"
aoi-pnp-consensus-pixels/1.0,AUTHORITATIVE_PIXEL_CONSENSUS,golden_board_pixels,U_AUTO_0066,synthetic_auto,ic,1229.548676,1759.053467,830.192444,1546.108276,1628.904907,1971.998657,,unknown_axis_aligned_detection,,1,30,0.033333,1.000000,0.000000,0.516111,NEEDS_REVIEW,low_support,"{""ic"": 1}","[""mpi_pcb_train_good_0189.jpg""]"
aoi-pnp-consensus-pixels/1.0,AUTHORITATIVE_PIXEL_CONSENSUS,golden_board_pixels,U_AUTO_0067,synthetic_auto,ic,1176.050598,1766.591736,769.414062,1593.102905,1582.687134,1940.080566,,unknown_axis_aligned_detection,,1,30,0.033333,1.000000,0.000000,0.679649,NEEDS_REVIEW,low_support,"{""ic"": 1}","[""mpi_pcb_train_good_1322.jpg""]"
aoi-pnp-consensus-pixels/1.0,AUTHORITATIVE_PIXEL_CONSENSUS,golden_board_pixels,U_AUTO_0068,synthetic_auto,ic,1254.757538,1766.617859,874.309753,1593.756714,1635.205322,1939.479004,,unknown_axis_aligned_detection,,1,30,0.033333,1.000000,0.000000,0.556067,NEEDS_REVIEW,low_support,"{""ic"": 1}","[""mpi_pcb_train_good_0309.jpg""]"
aoi-pnp-consensus-pixels/1.0,AUTHORITATIVE_PIXEL_CONSENSUS,golden_board_pixels,U_AUTO_0069,synthetic_auto,ic,3044.956543,1858.857788,2851.654785,1788.159912,3240.201294,1933.206604,,unknown_axis_aligned_detection,,16,30,0.533333,1.000000,6.644387,0.812071,NEEDS_REVIEW,low_support,"{""ic"": 16}","[""mpi_pcb_train_good_0123.jpg"", ""mpi_pcb_train_good_0309.jpg"", ""mpi_pcb_train_good_0418.jpg"", ""mpi_pcb_train_good_0522.jpg"", ""mpi_pcb_train_good_0629.jpg"", ""mpi_pcb_train_good_0676.jpg"", ""mpi_pcb_train_good_0781.jpg"", ""mpi_pcb_train_good_0812.jpg"", ""mpi_pcb_train_good_0893.jpg"", ""mpi_pcb_train_good_0937.jpg"", ""mpi_pcb_train_good_1000.jpg"", ""mpi_pcb_train_good_1090.jpg"", ""mpi_pcb_train_good_1287.jpg"", ""mpi_pcb_train_good_1386.jpg"", ""mpi_pcb_train_good_1505.jpg"", ""mpi_pcb_train_good_1584.jpg""]"
aoi-pnp-consensus-pixels/1.0,AUTHORITATIVE_PIXEL_CONSENSUS,golden_board_pixels,C_AUTO_0049,synthetic_auto,capacitor,3265.313721,1868.736511,3238.281982,1827.542603,3292.345459,1909.930420,,unknown_axis_aligned_detection,,1,30,0.033333,1.000000,0.000000,0.372553,NEEDS_REVIEW,low_support,"{""capacitor"": 1}","[""mpi_pcb_train_good_0937.jpg""]"
aoi-pnp-consensus-pixels/1.0,AUTHORITATIVE_PIXEL_CONSENSUS,golden_board_pixels,U_AUTO_0070,synthetic_auto,ic,3032.482910,1876.074280,2840.689941,1804.888550,3225.473145,1946.830444,,unknown_axis_aligned_detection,,9,30,0.300000,1.000000,8.860474,0.782738,NEEDS_REVIEW,low_support,"{""ic"": 9}","[""mpi_pcb_train_good_0040.jpg"", ""mpi_pcb_train_good_0062.jpg"", ""mpi_pcb_train_good_0245.jpg"", ""mpi_pcb_train_good_0359.jpg"", ""mpi_pcb_train_good_0465.jpg"", ""mpi_pcb_train_good_0605.jpg"", ""mpi_pcb_train_good_1060.jpg"", ""mpi_pcb_train_good_1418.jpg"", ""mpi_pcb_train_good_1553.jpg""]"
aoi-pnp-consensus-pixels/1.0,AUTHORITATIVE_PIXEL_CONSENSUS,golden_board_pixels,U_AUTO_0071,synthetic_auto,ic,3053.044556,1876.619507,2859.306152,1804.383667,3250.922363,1952.678101,,unknown_axis_aligned_detection,,5,30,0.166667,1.000000,9.242650,0.762772,NEEDS_REVIEW,low_support,"{""ic"": 5}","[""mpi_pcb_train_good_0189.jpg"", ""mpi_pcb_train_good_1163.jpg"", ""mpi_pcb_train_good_1195.jpg"", ""mpi_pcb_train_good_1322.jpg"", ""mpi_pcb_train_good_1664.jpg""]"
aoi-pnp-consensus-pixels/1.0,AUTHORITATIVE_PIXEL_CONSENSUS,golden_board_pixels,R_AUTO_0012,synthetic_auto,resistor,2787.956299,1883.193542,2760.880859,1826.058716,2815.031738,1940.328369,,unknown_axis_aligned_detection,,1,30,0.033333,1.000000,0.000000,0.281887,NEEDS_REVIEW,low_support,"{""resistor"": 1}","[""mpi_pcb_train_good_0605.jpg""]"
aoi-pnp-consensus-pixels/1.0,AUTHORITATIVE_PIXEL_CONSENSUS,golden_board_pixels,C_AUTO_0050,synthetic_auto,capacitor,3261.746948,1896.879456,3232.777832,1849.854004,3290.716064,1943.904907,,unknown_axis_aligned_detection,,1,30,0.033333,1.000000,0.000000,0.345268,NEEDS_REVIEW,low_support,"{""capacitor"": 1}","[""mpi_pcb_train_good_0040.jpg""]"
aoi-pnp-consensus-pixels/1.0,AUTHORITATIVE_PIXEL_CONSENSUS,golden_board_pixels,C_AUTO_0051,synthetic_auto,capacitor,2653.294067,1901.966370,2637.653076,1883.041992,2668.935059,1920.890747,,unknown_axis_aligned_detection,,1,30,0.033333,1.000000,0.000000,0.260531,NEEDS_REVIEW,low_support,"{""capacitor"": 1}","[""mpi_pcb_train_good_0781.jpg""]"
aoi-pnp-consensus-pixels/1.0,AUTHORITATIVE_PIXEL_CONSENSUS,golden_board_pixels,R_AUTO_0013,synthetic_auto,resistor,3908.080444,1923.232605,3887.471680,1906.683960,3928.689209,1939.781250,,unknown_axis_aligned_detection,,1,30,0.033333,1.000000,0.000000,0.334779,NEEDS_REVIEW,low_support,"{""resistor"": 1}","[""mpi_pcb_train_good_0359.jpg""]"
aoi-pnp-consensus-pixels/1.0,AUTHORITATIVE_PIXEL_CONSENSUS,golden_board_pixels,C_AUTO_0052,synthetic_auto,capacitor,2648.026855,1927.646545,2632.773682,1911.053711,2663.280029,1944.239380,,unknown_axis_aligned_detection,,1,30,0.033333,1.000000,0.000000,0.298018,NEEDS_REVIEW,low_support,"{""capacitor"": 1}","[""mpi_pcb_train_good_0812.jpg""]"
aoi-pnp-consensus-pixels/1.0,AUTHORITATIVE_PIXEL_CONSENSUS,golden_board_pixels,U_AUTO_0072,synthetic_auto,ic,2357.118042,1973.159058,2160.959717,1908.876465,2553.276367,2037.441650,,unknown_axis_aligned_detection,,1,30,0.033333,1.000000,0.000000,0.751660,NEEDS_REVIEW,low_support,"{""ic"": 1}","[""mpi_pcb_train_good_0781.jpg""]"
aoi-pnp-consensus-pixels/1.0,AUTHORITATIVE_PIXEL_CONSENSUS,golden_board_pixels,R_AUTO_0014,synthetic_auto,resistor,2076.945984,2007.135010,2047.780640,1945.420654,2106.111328,2068.849365,,unknown_axis_aligned_detection,,1,30,0.033333,1.000000,0.000000,0.287327,NEEDS_REVIEW,low_support,"{""resistor"": 1}","[""mpi_pcb_train_good_1090.jpg""]"
aoi-pnp-consensus-pixels/1.0,AUTHORITATIVE_PIXEL_CONSENSUS,golden_board_pixels,U_AUTO_0073,synthetic_auto,ic,2360.530884,2007.390869,2163.531494,1937.654541,2556.298096,2077.717285,,unknown_axis_aligned_detection,,25,30,0.833333,1.000000,10.230765,0.789618,CONSENSUS,,"{""ic"": 25}","[""mpi_pcb_train_good_0040.jpg"", ""mpi_pcb_train_good_0062.jpg"", ""mpi_pcb_train_good_0123.jpg"", ""mpi_pcb_train_good_0189.jpg"", ""mpi_pcb_train_good_0309.jpg"", ""mpi_pcb_train_good_0359.jpg"", ""mpi_pcb_train_good_0418.jpg"", ""mpi_pcb_train_good_0465.jpg"", ""mpi_pcb_train_good_0522.jpg"", ""mpi_pcb_train_good_0605.jpg"", ""mpi_pcb_train_good_0629.jpg"", ""mpi_pcb_train_good_0676.jpg"", ""mpi_pcb_train_good_0812.jpg"", ""mpi_pcb_train_good_0893.jpg"", ""mpi_pcb_train_good_0937.jpg"", ""mpi_pcb_train_good_1000.jpg"", ""mpi_pcb_train_good_1060.jpg"", ""mpi_pcb_train_good_1090.jpg"", ""mpi_pcb_train_good_1195.jpg"", ""mpi_pcb_train_good_1287.jpg"", ""mpi_pcb_train_good_1386.jpg"", ""mpi_pcb_train_good_1505.jpg"", ""mpi_pcb_train_good_1553.jpg"", ""mpi_pcb_train_good_1584.jpg"", ""mpi_pcb_train_good_1664.jpg""]"
aoi-pnp-consensus-pixels/1.0,AUTHORITATIVE_PIXEL_CONSENSUS,golden_board_pixels,U_AUTO_0074,synthetic_auto,ic,1880.687012,2010.261475,1694.565186,1936.581909,2068.728394,2084.420898,,unknown_axis_aligned_detection,,20,30,0.666667,1.000000,8.562245,0.827676,NEEDS_REVIEW,low_support,"{""ic"": 20}","[""mpi_pcb_train_good_0123.jpg"", ""mpi_pcb_train_good_0189.jpg"", ""mpi_pcb_train_good_0309.jpg"", ""mpi_pcb_train_good_0359.jpg"", ""mpi_pcb_train_good_0418.jpg"", ""mpi_pcb_train_good_0465.jpg"", ""mpi_pcb_train_good_0522.jpg"", ""mpi_pcb_train_good_0605.jpg"", ""mpi_pcb_train_good_0629.jpg"", ""mpi_pcb_train_good_0676.jpg"", ""mpi_pcb_train_good_0781.jpg"", ""mpi_pcb_train_good_0812.jpg"", ""mpi_pcb_train_good_0893.jpg"", ""mpi_pcb_train_good_1000.jpg"", ""mpi_pcb_train_good_1195.jpg"", ""mpi_pcb_train_good_1287.jpg"", ""mpi_pcb_train_good_1386.jpg"", ""mpi_pcb_train_good_1505.jpg"", ""mpi_pcb_train_good_1553.jpg"", ""mpi_pcb_train_good_1584.jpg""]"
aoi-pnp-consensus-pixels/1.0,AUTHORITATIVE_PIXEL_CONSENSUS,golden_board_pixels,U_AUTO_0075,synthetic_auto,ic,1861.574158,2017.485229,1677.458008,1945.528320,2049.530029,2089.884033,,unknown_axis_aligned_detection,,7,30,0.233333,1.000000,9.295114,0.759079,NEEDS_REVIEW,low_support,"{""ic"": 7}","[""mpi_pcb_train_good_0040.jpg"", ""mpi_pcb_train_good_0062.jpg"", ""mpi_pcb_train_good_0245.jpg"", ""mpi_pcb_train_good_0937.jpg"", ""mpi_pcb_train_good_1060.jpg"", ""mpi_pcb_train_good_1090.jpg"", ""mpi_pcb_train_good_1664.jpg""]"
aoi-pnp-consensus-pixels/1.0,AUTHORITATIVE_PIXEL_CONSENSUS,golden_board_pixels,U_AUTO_0076,synthetic_auto,ic,1176.310104,2027.648895,807.689545,1879.028625,1544.930664,2176.269165,,unknown_axis_aligned_detection,,2,30,0.066667,1.000000,4.893240,0.558711,NEEDS_REVIEW,low_support,"{""ic"": 2}","[""mpi_pcb_train_good_0781.jpg"", ""mpi_pcb_train_good_0937.jpg""]"
aoi-pnp-consensus-pixels/1.0,AUTHORITATIVE_PIXEL_CONSENSUS,golden_board_pixels,U_AUTO_0077,synthetic_auto,ic,2364.927673,2027.723206,2169.601807,1959.628540,2560.253540,2095.817871,,unknown_axis_aligned_detection,,4,30,0.133333,1.000000,11.736411,0.784019,NEEDS_REVIEW,low_support,"{""ic"": 4}","[""mpi_pcb_train_good_0245.jpg"", ""mpi_pcb_train_good_1163.jpg"", ""mpi_pcb_train_good_1322.jpg"", ""mpi_pcb_train_good_1418.jpg""]"
aoi-pnp-consensus-pixels/1.0,AUTHORITATIVE_PIXEL_CONSENSUS,golden_board_pixels,U_AUTO_0078,synthetic_auto,ic,1880.883789,2029.682373,1689.835938,1953.815430,2071.931641,2105.549316,,unknown_axis_aligned_detection,,3,30,0.100000,1.000000,8.795532,0.858167,NEEDS_REVIEW,low_support,"{""ic"": 3}","[""mpi_pcb_train_good_1163.jpg"", ""mpi_pcb_train_good_1322.jpg"", ""mpi_pcb_train_good_1418.jpg""]"
aoi-pnp-consensus-pixels/1.0,AUTHORITATIVE_PIXEL_CONSENSUS,golden_board_pixels,C_AUTO_0053,synthetic_auto,capacitor,3181.421021,2032.714722,3165.638916,2017.219727,3197.203125,2048.209717,,unknown_axis_aligned_detection,,1,30,0.033333,1.000000,0.000000,0.298992,NEEDS_REVIEW,low_support,"{""capacitor"": 1}","[""mpi_pcb_train_good_0812.jpg""]"
aoi-pnp-consensus-pixels/1.0,AUTHORITATIVE_PIXEL_CONSENSUS,golden_board_pixels,C_AUTO_0054,synthetic_auto,capacitor,1629.743652,2047.758545,1601.217407,2000.242432,1658.269897,2095.274658,,unknown_axis_aligned_detection,,1,30,0.033333,1.000000,0.000000,0.270017,NEEDS_REVIEW,low_support,"{""capacitor"": 1}","[""mpi_pcb_train_good_0781.jpg""]"
aoi-pnp-consensus-pixels/1.0,AUTHORITATIVE_PIXEL_CONSENSUS,golden_board_pixels,U_AUTO_0079,synthetic_auto,ic,1249.382660,2061.122009,903.220764,1916.702515,1595.544556,2205.541504,,unknown_axis_aligned_detection,,1,30,0.033333,1.000000,0.000000,0.646140,NEEDS_REVIEW,low_support,"{""ic"": 1}","[""mpi_pcb_train_good_0629.jpg""]"
aoi-pnp-consensus-pixels/1.0,AUTHORITATIVE_PIXEL_CONSENSUS,golden_board_pixels,U_AUTO_0080,synthetic_auto,ic,1152.186493,2075.486633,774.552917,1925.715942,1529.820068,2225.257324,,unknown_axis_aligned_detection,,1,30,0.033333,1.000000,0.000000,0.606454,NEEDS_REVIEW,low_support,"{""ic"": 1}","[""mpi_pcb_train_good_1090.jpg""]"
aoi-pnp-consensus-pixels/1.0,AUTHORITATIVE_PIXEL_CONSENSUS,golden_board_pixels,U_AUTO_0081,synthetic_auto,ic,1206.703003,2076.265869,852.107666,1930.900391,1562.668823,2222.084229,,unknown_axis_aligned_detection,,13,30,0.433333,1.000000,15.003632,0.645308,NEEDS_REVIEW,low_support,"{""ic"": 13}","[""mpi_pcb_train_good_0040.jpg"", ""mpi_pcb_train_good_0123.jpg"", ""mpi_pcb_train_good_0418.jpg"", ""mpi_pcb_train_good_0465.jpg"", ""mpi_pcb_train_good_0522.jpg"", ""mpi_pcb_train_good_0605.jpg"", ""mpi_pcb_train_good_0676.jpg"", ""mpi_pcb_train_good_0812.jpg"", ""mpi_pcb_train_good_1000.jpg"", ""mpi_pcb_train_good_1195.jpg"", ""mpi_pcb_train_good_1287.jpg"", ""mpi_pcb_train_good_1505.jpg"", ""mpi_pcb_train_good_1553.jpg""]"
aoi-pnp-consensus-pixels/1.0,AUTHORITATIVE_PIXEL_CONSENSUS,golden_board_pixels,C_AUTO_0055,synthetic_auto,capacitor,1621.888153,2081.294830,1594.459717,2035.862976,1649.316589,2126.726685,,unknown_axis_aligned_detection,,2,30,0.066667,1.000000,8.421530,0.325507,NEEDS_REVIEW,low_support,"{""capacitor"": 2}","[""mpi_pcb_train_good_0062.jpg"", ""mpi_pcb_train_good_1090.jpg""]"
aoi-pnp-consensus-pixels/1.0,AUTHORITATIVE_PIXEL_CONSENSUS,golden_board_pixels,C_AUTO_0056,synthetic_auto,capacitor,3346.521606,2083.035767,3328.551270,2065.170410,3364.491943,2100.901123,,unknown_axis_aligned_detection,,1,30,0.033333,1.000000,0.000000,0.251372,NEEDS_REVIEW,low_support,"{""capacitor"": 1}","[""mpi_pcb_train_good_0937.jpg""]"
aoi-pnp-consensus-pixels/1.0,AUTHORITATIVE_PIXEL_CONSENSUS,golden_board_pixels,U_AUTO_0082,synthetic_auto,ic,1145.849075,2096.622742,821.395905,1954.379272,1470.302246,2238.866211,,unknown_axis_aligned_detection,,2,30,0.066667,1.000000,9.959609,0.568802,NEEDS_REVIEW,low_support,"{""ic"": 2}","[""mpi_pcb_train_good_0893.jpg"", ""mpi_pcb_train_good_1664.jpg""]"
aoi-pnp-consensus-pixels/1.0,AUTHORITATIVE_PIXEL_CONSENSUS,golden_board_pixels,U_AUTO_0083,synthetic_auto,ic,1204.634476,2110.710297,847.099030,1961.893616,1564.646851,2255.744263,,unknown_axis_aligned_detection,,4,30,0.133333,1.000000,5.482459,0.642813,NEEDS_REVIEW,low_support,"{""ic"": 4}","[""mpi_pcb_train_good_0359.jpg"", ""mpi_pcb_train_good_1163.jpg"", ""mpi_pcb_train_good_1386.jpg"", ""mpi_pcb_train_good_1418.jpg""]"
aoi-pnp-consensus-pixels/1.0,AUTHORITATIVE_PIXEL_CONSENSUS,golden_board_pixels,C_AUTO_0057,synthetic_auto,capacitor,2802.743164,2118.990967,2787.739502,2086.280273,2817.746826,2151.701660,,unknown_axis_aligned_detection,,1,30,0.033333,1.000000,0.000000,0.281323,NEEDS_REVIEW,low_support,"{""capacitor"": 1}","[""mpi_pcb_train_good_0781.jpg""]"
aoi-pnp-consensus-pixels/1.0,AUTHORITATIVE_PIXEL_CONSENSUS,golden_board_pixels,U_AUTO_0084,synthetic_auto,ic,1151.114304,2119.197113,794.406952,1981.114807,1507.821655,2257.279419,,unknown_axis_aligned_detection,,2,30,0.066667,1.000000,5.581499,0.525717,NEEDS_REVIEW,low_support,"{""ic"": 2}","[""mpi_pcb_train_good_0062.jpg"", ""mpi_pcb_train_good_1060.jpg""]"
aoi-pnp-consensus-pixels/1.0,AUTHORITATIVE_PIXEL_CONSENSUS,golden_board_pixels,U_AUTO_0085,synthetic_auto,ic,3773.613037,2121.865051,3627.966309,1986.887329,3919.259766,2256.842773,,unknown_axis_aligned_detection,,1,30,0.033333,1.000000,0.000000,0.430618,NEEDS_REVIEW,low_support,"{""ic"": 1}","[""mpi_pcb_train_good_0629.jpg""]"
aoi-pnp-consensus-pixels/1.0,AUTHORITATIVE_PIXEL_CONSENSUS,golden_board_pixels,U_AUTO_0086,synthetic_auto,ic,1249.553680,2127.375793,898.258606,1990.378540,1600.848755,2264.373047,,unknown_axis_aligned_detection,,1,30,0.033333,1.000000,0.000000,0.668290,NEEDS_REVIEW,low_support,"{""ic"": 1}","[""mpi_pcb_train_good_0309.jpg""]"
aoi-pnp-consensus-pixels/1.0,AUTHORITATIVE_PIXEL_CONSENSUS,golden_board_pixels,C_AUTO_0058,synthetic_auto,capacitor,2917.191528,2129.252319,2892.030273,2089.792969,2942.352783,2168.711670,,unknown_axis_aligned_detection,,3,30,0.100000,0.666667,3.239846,0.373247,NEEDS_REVIEW,low_support;class_ambiguous,"{""capacitor"": 2, ""diode"": 1}","[""mpi_pcb_train_good_0062.jpg"", ""mpi_pcb_train_good_1090.jpg"", ""mpi_pcb_train_good_1505.jpg""]"
aoi-pnp-consensus-pixels/1.0,AUTHORITATIVE_PIXEL_CONSENSUS,golden_board_pixels,C_AUTO_0059,synthetic_auto,capacitor,3191.907593,2130.975586,3165.052734,2089.544678,3218.762451,2172.406494,,unknown_axis_aligned_detection,,1,30,0.033333,1.000000,0.000000,0.356494,NEEDS_REVIEW,low_support,"{""capacitor"": 1}","[""mpi_pcb_train_good_0781.jpg""]"
aoi-pnp-consensus-pixels/1.0,AUTHORITATIVE_PIXEL_CONSENSUS,golden_board_pixels,C_AUTO_0060,synthetic_auto,capacitor,2745.665894,2137.313049,2720.875610,2098.061279,2770.456177,2176.564819,,unknown_axis_aligned_detection,,2,30,0.066667,1.000000,10.998050,0.331217,NEEDS_REVIEW,low_support,"{""capacitor"": 2}","[""mpi_pcb_train_good_0189.jpg"", ""mpi_pcb_train_good_0937.jpg""]"
aoi-pnp-consensus-pixels/1.0,AUTHORITATIVE_PIXEL_CONSENSUS,golden_board_pixels,U_AUTO_0087,synthetic_auto,ic,1174.602936,2138.195801,814.557617,1997.526855,1534.648254,2278.864746,,unknown_axis_aligned_detection,,2,30,0.066667,1.000000,7.221831,0.513709,NEEDS_REVIEW,low_support,"{""ic"": 2}","[""mpi_pcb_train_good_0245.jpg"", ""mpi_pcb_train_good_1322.jpg""]"
aoi-pnp-consensus-pixels/1.0,AUTHORITATIVE_PIXEL_CONSENSUS,golden_board_pixels,C_AUTO_0061,synthetic_auto,capacitor,2656.975098,2143.830322,2630.865112,2092.401367,2683.085083,2195.259277,,unknown_axis_aligned_detection,,2,30,0.066667,1.000000,4.434944,0.327054,NEEDS_REVIEW,low_support,"{""capacitor"": 2}","[""mpi_pcb_train_good_0189.jpg"", ""mpi_pcb_train_good_0629.jpg""]"
aoi-pnp-consensus-pixels/1.0,AUTHORITATIVE_PIXEL_CONSENSUS,golden_board_pixels,C_AUTO_0062,synthetic_auto,capacitor,3144.604004,2143.996948,3120.966309,2114.613281,3168.241699,2173.380615,,unknown_axis_aligned_detection,,1,30,0.033333,1.000000,0.000000,0.257814,NEEDS_REVIEW,low_support,"{""capacitor"": 1}","[""mpi_pcb_train_good_0781.jpg""]"
aoi-pnp-consensus-pixels/1.0,AUTHORITATIVE_PIXEL_CONSENSUS,golden_board_pixels,C_AUTO_0063,synthetic_auto,capacitor,2811.858032,2145.784058,2797.207520,2111.784912,2826.508545,2179.783203,,unknown_axis_aligned_detection,,1,30,0.033333,1.000000,0.000000,0.309976,NEEDS_REVIEW,low_support,"{""capacitor"": 1}","[""mpi_pcb_train_good_1000.jpg""]"
aoi-pnp-consensus-pixels/1.0,AUTHORITATIVE_PIXEL_CONSENSUS,golden_board_pixels,C_AUTO_0064,synthetic_auto,capacitor,2953.481445,2147.310303,2933.116211,2115.184814,2973.846680,2179.435791,,unknown_axis_aligned_detection,,1,30,0.033333,1.000000,0.000000,0.257821,NEEDS_REVIEW,low_support,"{""capacitor"": 1}","[""mpi_pcb_train_good_0040.jpg""]"
aoi-pnp-consensus-pixels/1.0,AUTHORITATIVE_PIXEL_CONSENSUS,golden_board_pixels,C_AUTO_0065,synthetic_auto,capacitor,2779.116821,2148.885864,2759.490601,2113.956909,2798.743042,2183.814819,,unknown_axis_aligned_detection,,4,30,0.133333,1.000000,14.043646,0.300151,NEEDS_REVIEW,low_support,"{""capacitor"": 4}","[""mpi_pcb_train_good_0062.jpg"", ""mpi_pcb_train_good_1000.jpg"", ""mpi_pcb_train_good_1060.jpg"", ""mpi_pcb_train_good_1163.jpg""]"
aoi-pnp-consensus-pixels/1.0,AUTHORITATIVE_PIXEL_CONSENSUS,golden_board_pixels,C_AUTO_0066,synthetic_auto,capacitor,3045.351807,2158.338989,3019.919678,2115.745850,3070.783936,2200.932129,,unknown_axis_aligned_detection,,1,30,0.033333,1.000000,0.000000,0.263784,NEEDS_REVIEW,low_support,"{""capacitor"": 1}","[""mpi_pcb_train_good_0676.jpg""]"
aoi-pnp-consensus-pixels/1.0,AUTHORITATIVE_PIXEL_CONSENSUS,golden_board_pixels,R_AUTO_0015,synthetic_auto,resistor,3087.666016,2162.783081,3061.766602,2113.488037,3113.565430,2212.078125,,unknown_axis_aligned_detection,,1,30,0.033333,1.000000,0.000000,0.255333,NEEDS_REVIEW,low_support,"{""resistor"": 1}","[""mpi_pcb_train_good_0605.jpg""]"
aoi-pnp-consensus-pixels/1.0,AUTHORITATIVE_PIXEL_CONSENSUS,golden_board_pixels,C_AUTO_0067,synthetic_auto,capacitor,1947.800781,2210.130615,1925.998291,2188.339355,1969.603271,2231.921875,,unknown_axis_aligned_detection,,1,30,0.033333,1.000000,0.000000,0.396954,NEEDS_REVIEW,low_support,"{""capacitor"": 1}","[""mpi_pcb_train_good_0781.jpg""]"
aoi-pnp-consensus-pixels/1.0,AUTHORITATIVE_PIXEL_CONSENSUS,golden_board_pixels,R_AUTO_0016,synthetic_auto,resistor,1686.010315,2233.731934,1660.188965,2186.054688,1711.831665,2281.409180,,unknown_axis_aligned_detection,,1,30,0.033333,1.000000,0.000000,0.350359,NEEDS_REVIEW,low_support,"{""resistor"": 1}","[""mpi_pcb_train_good_0781.jpg""]"
aoi-pnp-consensus-pixels/1.0,AUTHORITATIVE_PIXEL_CONSENSUS,golden_board_pixels,C_AUTO_0068,synthetic_auto,capacitor,1951.289734,2236.899170,1929.399658,2218.483154,1973.179810,2255.315186,,unknown_axis_aligned_detection,,1,30,0.033333,1.000000,0.000000,0.261343,NEEDS_REVIEW,low_support,"{""capacitor"": 1}","[""mpi_pcb_train_good_0040.jpg""]"
aoi-pnp-consensus-pixels/1.0,AUTHORITATIVE_PIXEL_CONSENSUS,golden_board_pixels,C_AUTO_0069,synthetic_auto,capacitor,1898.929321,2240.308105,1876.643066,2212.840332,1921.215576,2267.775879,,unknown_axis_aligned_detection,,1,30,0.033333,1.000000,0.000000,0.329137,NEEDS_REVIEW,low_support,"{""capacitor"": 1}","[""mpi_pcb_train_good_0040.jpg""]"
aoi-pnp-consensus-pixels/1.0,AUTHORITATIVE_PIXEL_CONSENSUS,golden_board_pixels,U_AUTO_0088,synthetic_auto,ic,2210.751587,2242.805420,2028.163086,2124.899658,2393.340088,2351.590820,,unknown_axis_aligned_detection,,3,30,0.100000,1.000000,9.136920,0.397280,NEEDS_REVIEW,low_support,"{""ic"": 3}","[""mpi_pcb_train_good_0465.jpg"", ""mpi_pcb_train_good_0781.jpg"", ""mpi_pcb_train_good_0937.jpg""]"
aoi-pnp-consensus-pixels/1.0,AUTHORITATIVE_PIXEL_CONSENSUS,golden_board_pixels,LED_AUTO_0006,synthetic_auto,led,2487.878052,2258.322754,2450.604980,2223.268555,2525.151123,2293.376953,,unknown_axis_aligned_detection,,1,30,0.033333,1.000000,0.000000,0.323257,NEEDS_REVIEW,low_support,"{""led"": 1}","[""mpi_pcb_train_good_0465.jpg""]"
aoi-pnp-consensus-pixels/1.0,AUTHORITATIVE_PIXEL_CONSENSUS,golden_board_pixels,U_AUTO_0089,synthetic_auto,ic,2220.451538,2262.197754,2035.762024,2159.420410,2407.359253,2368.390259,,unknown_axis_aligned_detection,,14,30,0.466667,1.000000,7.430089,0.469526,NEEDS_REVIEW,low_support,"{""ic"": 14}","[""mpi_pcb_train_good_0123.jpg"", ""mpi_pcb_train_good_0309.jpg"", ""mpi_pcb_train_good_0418.jpg"", ""mpi_pcb_train_good_0629.jpg"", ""mpi_pcb_train_good_0676.jpg"", ""mpi_pcb_train_good_0812.jpg"", ""mpi_pcb_train_good_1000.jpg"", ""mpi_pcb_train_good_1195.jpg"", ""mpi_pcb_train_good_1287.jpg"", ""mpi_pcb_train_good_1386.jpg"", ""mpi_pcb_train_good_1418.jpg"", ""mpi_pcb_train_good_1505.jpg"", ""mpi_pcb_train_good_1553.jpg"", ""mpi_pcb_train_good_1584.jpg""]"
aoi-pnp-consensus-pixels/1.0,AUTHORITATIVE_PIXEL_CONSENSUS,golden_board_pixels,C_AUTO_0070,synthetic_auto,capacitor,1795.336792,2267.105591,1767.814819,2228.346924,1820.816772,2305.864258,,unknown_axis_aligned_detection,,3,30,0.100000,0.666667,5.948002,0.264076,NEEDS_REVIEW,low_support;class_ambiguous,"{""capacitor"": 2, ""diode"": 1}","[""mpi_pcb_train_good_0040.jpg"", ""mpi_pcb_train_good_0465.jpg"", ""mpi_pcb_train_good_1060.jpg""]"
aoi-pnp-consensus-pixels/1.0,AUTHORITATIVE_PIXEL_CONSENSUS,golden_board_pixels,R_AUTO_0017,synthetic_auto,resistor,1737.439911,2270.448486,1713.569092,2219.450806,1761.310730,2321.446167,,unknown_axis_aligned_detection,,2,30,0.066667,1.000000,1.801176,0.267771,NEEDS_REVIEW,low_support,"{""resistor"": 2}","[""mpi_pcb_train_good_1060.jpg"", ""mpi_pcb_train_good_1664.jpg""]"
aoi-pnp-consensus-pixels/1.0,AUTHORITATIVE_PIXEL_CONSENSUS,golden_board_pixels,U_AUTO_0090,synthetic_auto,ic,2204.348816,2272.124573,2017.471008,2162.231323,2391.507446,2380.148193,,unknown_axis_aligned_detection,,8,30,0.266667,1.000000,9.036837,0.396452,NEEDS_REVIEW,low_support,"{""ic"": 8}","[""mpi_pcb_train_good_0040.jpg"", ""mpi_pcb_train_good_0062.jpg"", ""mpi_pcb_train_good_0245.jpg"", ""mpi_pcb_train_good_0359.jpg"", ""mpi_pcb_train_good_0605.jpg"", ""mpi_pcb_train_good_1060.jpg"", ""mpi_pcb_train_good_1090.jpg"", ""mpi_pcb_train_good_1664.jpg""]"
aoi-pnp-consensus-pixels/1.0,AUTHORITATIVE_PIXEL_CONSENSUS,golden_board_pixels,R_AUTO_0018,synthetic_auto,resistor,1948.988892,2274.055298,1926.030396,2257.037109,1971.947388,2291.073486,,unknown_axis_aligned_detection,,1,30,0.033333,1.000000,0.000000,0.290053,NEEDS_REVIEW,low_support,"{""resistor"": 1}","[""mpi_pcb_train_good_0781.jpg""]"
aoi-pnp-consensus-pixels/1.0,AUTHORITATIVE_PIXEL_CONSENSUS,golden_board_pixels,LED_AUTO_0007,synthetic_auto,led,2504.769043,2278.832764,2466.351318,2234.511230,2543.039551,2318.254150,,unknown_axis_aligned_detection,,13,30,0.433333,1.000000,10.372677,0.468874,NEEDS_REVIEW,low_support,"{""led"": 13}","[""mpi_pcb_train_good_0040.jpg"", ""mpi_pcb_train_good_0062.jpg"", ""mpi_pcb_train_good_0123.jpg"", ""mpi_pcb_train_good_0189.jpg"", ""mpi_pcb_train_good_0812.jpg"", ""mpi_pcb_train_good_1000.jpg"", ""mpi_pcb_train_good_1090.jpg"", ""mpi_pcb_train_good_1195.jpg"", ""mpi_pcb_train_good_1418.jpg"", ""mpi_pcb_train_good_1505.jpg"", ""mpi_pcb_train_good_1553.jpg"", ""mpi_pcb_train_good_1584.jpg"", ""mpi_pcb_train_good_1664.jpg""]"
aoi-pnp-consensus-pixels/1.0,AUTHORITATIVE_PIXEL_CONSENSUS,golden_board_pixels,R_AUTO_0019,synthetic_auto,resistor,1707.180511,2279.462036,1683.025879,2231.714600,1731.335144,2327.209473,,unknown_axis_aligned_detection,,2,30,0.066667,1.000000,9.768566,0.354576,NEEDS_REVIEW,low_support,"{""resistor"": 2}","[""mpi_pcb_train_good_0522.jpg"", ""mpi_pcb_train_good_1163.jpg""]"
aoi-pnp-consensus-pixels/1.0,AUTHORITATIVE_PIXEL_CONSENSUS,golden_board_pixels,U_AUTO_0091,synthetic_auto,ic,2230.571777,2293.939209,2043.684326,2186.348633,2416.565186,2398.884033,,unknown_axis_aligned_detection,,3,30,0.100000,1.000000,5.434132,0.541039,NEEDS_REVIEW,low_support,"{""ic"": 3}","[""mpi_pcb_train_good_0189.jpg"", ""mpi_pcb_train_good_1163.jpg"", ""mpi_pcb_train_good_1322.jpg""]"
aoi-pnp-consensus-pixels/1.0,AUTHORITATIVE_PIXEL_CONSENSUS,golden_board_pixels,LED_AUTO_0008,synthetic_auto,led,2516.585022,2296.437561,2479.378784,2258.944336,2553.791260,2333.930786,,unknown_axis_aligned_detection,,2,30,0.066667,1.000000,2.851016,0.444568,NEEDS_REVIEW,low_support,"{""led"": 2}","[""mpi_pcb_train_good_1163.jpg"", ""mpi_pcb_train_good_1322.jpg""]"
aoi-pnp-consensus-pixels/1.0,AUTHORITATIVE_PIXEL_CONSENSUS,golden_board_pixels,R_AUTO_0020,synthetic_auto,resistor,1939.329834,2304.341187,1914.257324,2284.923828,1964.402344,2323.758545,,unknown_axis_aligned_detection,,1,30,0.033333,1.000000,0.000000,0.253960,NEEDS_REVIEW,low_support,"{""resistor"": 1}","[""mpi_pcb_train_good_1090.jpg""]"
aoi-pnp-consensus-pixels/1.0,AUTHORITATIVE_PIXEL_CONSENSUS,golden_board_pixels,LED_AUTO_0009,synthetic_auto,led,2995.185852,2345.280701,2954.831177,2300.107544,3035.540527,2390.453857,,unknown_axis_aligned_detection,,2,30,0.066667,1.000000,3.480481,0.339047,NEEDS_REVIEW,low_support,"{""led"": 2}","[""mpi_pcb_train_good_0465.jpg"", ""mpi_pcb_train_good_0937.jpg""]"
aoi-pnp-consensus-pixels/1.0,AUTHORITATIVE_PIXEL_CONSENSUS,golden_board_pixels,LED_AUTO_0010,synthetic_auto,led,2852.939697,2348.223389,2812.600342,2307.053711,2893.279053,2389.393066,,unknown_axis_aligned_detection,,3,30,0.100000,1.000000,10.127291,0.629123,NEEDS_REVIEW,low_support,"{""led"": 3}","[""mpi_pcb_train_good_0465.jpg"", ""mpi_pcb_train_good_0781.jpg"", ""mpi_pcb_train_good_0937.jpg""]"
aoi-pnp-consensus-pixels/1.0,AUTHORITATIVE_PIXEL_CONSENSUS,golden_board_pixels,LED_AUTO_0011,synthetic_auto,led,3138.462769,2349.862671,3101.524658,2314.678223,3175.400879,2385.047119,,unknown_axis_aligned_detection,,1,30,0.033333,1.000000,0.000000,0.617568,NEEDS_REVIEW,low_support,"{""led"": 1}","[""mpi_pcb_train_good_0465.jpg""]"
aoi-pnp-consensus-pixels/1.0,AUTHORITATIVE_PIXEL_CONSENSUS,golden_board_pixels,LED_AUTO_0012,synthetic_auto,led,3011.505981,2363.958984,2974.340332,2323.615723,3049.748047,2404.492920,,unknown_axis_aligned_detection,,11,30,0.366667,1.000000,8.393495,0.447253,NEEDS_REVIEW,low_support,"{""led"": 11}","[""mpi_pcb_train_good_0040.jpg"", ""mpi_pcb_train_good_0062.jpg"", ""mpi_pcb_train_good_0893.jpg"", ""mpi_pcb_train_good_1000.jpg"", ""mpi_pcb_train_good_1090.jpg"", ""mpi_pcb_train_good_1386.jpg"", ""mpi_pcb_train_good_1418.jpg"", ""mpi_pcb_train_good_1505.jpg"", ""mpi_pcb_train_good_1553.jpg"", ""mpi_pcb_train_good_1584.jpg"", ""mpi_pcb_train_good_1664.jpg""]"
aoi-pnp-consensus-pixels/1.0,AUTHORITATIVE_PIXEL_CONSENSUS,golden_board_pixels,LED_AUTO_0013,synthetic_auto,led,3160.931519,2371.074341,3122.385498,2333.226074,3202.603027,2408.318359,,unknown_axis_aligned_detection,,25,30,0.833333,1.000000,10.697998,0.549355,CONSENSUS,,"{""led"": 25}","[""mpi_pcb_train_good_0040.jpg"", ""mpi_pcb_train_good_0062.jpg"", ""mpi_pcb_train_good_0123.jpg"", ""mpi_pcb_train_good_0189.jpg"", ""mpi_pcb_train_good_0245.jpg"", ""mpi_pcb_train_good_0309.jpg"", ""mpi_pcb_train_good_0359.jpg"", ""mpi_pcb_train_good_0418.jpg"", ""mpi_pcb_train_good_0522.jpg"", ""mpi_pcb_train_good_0605.jpg"", ""mpi_pcb_train_good_0676.jpg"", ""mpi_pcb_train_good_0812.jpg"", ""mpi_pcb_train_good_0893.jpg"", ""mpi_pcb_train_good_1000.jpg"", ""mpi_pcb_train_good_1060.jpg"", ""mpi_pcb_train_good_1090.jpg"", ""mpi_pcb_train_good_1163.jpg"", ""mpi_pcb_train_good_1195.jpg"", ""mpi_pcb_train_good_1322.jpg"", ""mpi_pcb_train_good_1386.jpg"", ""mpi_pcb_train_good_1418.jpg"", ""mpi_pcb_train_good_1505.jpg"", ""mpi_pcb_train_good_1553.jpg"", ""mpi_pcb_train_good_1584.jpg"", ""mpi_pcb_train_good_1664.jpg""]"
aoi-pnp-consensus-pixels/1.0,AUTHORITATIVE_PIXEL_CONSENSUS,golden_board_pixels,LED_AUTO_0014,synthetic_auto,led,2868.471680,2375.827271,2827.565674,2333.276611,2907.493164,2418.030518,,unknown_axis_aligned_detection,,25,30,0.833333,1.000000,7.665369,0.701226,CONSENSUS,,"{""led"": 25}","[""mpi_pcb_train_good_0040.jpg"", ""mpi_pcb_train_good_0062.jpg"", ""mpi_pcb_train_good_0123.jpg"", ""mpi_pcb_train_good_0189.jpg"", ""mpi_pcb_train_good_0245.jpg"", ""mpi_pcb_train_good_0309.jpg"", ""mpi_pcb_train_good_0359.jpg"", ""mpi_pcb_train_good_0418.jpg"", ""mpi_pcb_train_good_0522.jpg"", ""mpi_pcb_train_good_0605.jpg"", ""mpi_pcb_train_good_0629.jpg"", ""mpi_pcb_train_good_0676.jpg"", ""mpi_pcb_train_good_0812.jpg"", ""mpi_pcb_train_good_0893.jpg"", ""mpi_pcb_train_good_1000.jpg"", ""mpi_pcb_train_good_1060.jpg"", ""mpi_pcb_train_good_1090.jpg"", ""mpi_pcb_train_good_1195.jpg"", ""mpi_pcb_train_good_1287.jpg"", ""mpi_pcb_train_good_1386.jpg"", ""mpi_pcb_train_good_1418.jpg"", ""mpi_pcb_train_good_1505.jpg"", ""mpi_pcb_train_good_1553.jpg"", ""mpi_pcb_train_good_1584.jpg"", ""mpi_pcb_train_good_1664.jpg""]"
aoi-pnp-consensus-pixels/1.0,AUTHORITATIVE_PIXEL_CONSENSUS,golden_board_pixels,LED_AUTO_0015,synthetic_auto,led,3023.168335,2378.999329,2984.825928,2338.052002,3062.628052,2418.862671,,unknown_axis_aligned_detection,,4,30,0.133333,1.000000,5.939257,0.625395,NEEDS_REVIEW,low_support,"{""led"": 4}","[""mpi_pcb_train_good_0189.jpg"", ""mpi_pcb_train_good_1163.jpg"", ""mpi_pcb_train_good_1195.jpg"", ""mpi_pcb_train_good_1322.jpg""]"
aoi-pnp-consensus-pixels/1.0,AUTHORITATIVE_PIXEL_CONSENSUS,golden_board_pixels,LED_AUTO_0016,synthetic_auto,led,2881.126648,2397.645569,2843.696045,2361.325684,2918.557251,2433.965454,,unknown_axis_aligned_detection,,2,30,0.066667,1.000000,6.608311,0.648497,NEEDS_REVIEW,low_support,"{""led"": 2}","[""mpi_pcb_train_good_1163.jpg"", ""mpi_pcb_train_good_1322.jpg""]"
aoi-pnp-consensus-pixels/1.0,AUTHORITATIVE_PIXEL_CONSENSUS,golden_board_pixels,U_AUTO_0092,synthetic_auto,ic,943.172821,2495.905884,888.554321,2440.136719,997.791321,2551.675049,,unknown_axis_aligned_detection,,1,30,0.033333,1.000000,0.000000,0.296789,NEEDS_REVIEW,low_support,"{""ic"": 1}","[""mpi_pcb_train_good_0781.jpg""]"
aoi-pnp-consensus-pixels/1.0,AUTHORITATIVE_PIXEL_CONSENSUS,golden_board_pixels,C_AUTO_0071,synthetic_auto,capacitor,1673.816498,2501.987366,1652.759827,2483.217285,1694.873169,2520.757446,,unknown_axis_aligned_detection,,2,30,0.066667,1.000000,8.323737,0.318002,NEEDS_REVIEW,low_support,"{""capacitor"": 2}","[""mpi_pcb_train_good_0781.jpg"", ""mpi_pcb_train_good_0937.jpg""]"
aoi-pnp-consensus-pixels/1.0,AUTHORITATIVE_PIXEL_CONSENSUS,golden_board_pixels,U_AUTO_0093,synthetic_auto,ic,548.793655,2506.346863,457.821747,2439.829590,639.765564,2572.864136,,unknown_axis_aligned_detection,,2,30,0.066667,1.000000,3.029080,0.713226,NEEDS_REVIEW,low_support,"{""ic"": 2}","[""mpi_pcb_train_good_0781.jpg"", ""mpi_pcb_train_good_0937.jpg""]"
aoi-pnp-consensus-pixels/1.0,AUTHORITATIVE_PIXEL_CONSENSUS,golden_board_pixels,U_AUTO_0094,synthetic_auto,ic,1233.589844,2507.659668,1171.953003,2449.706055,1295.226685,2565.613281,,unknown_axis_aligned_detection,,1,30,0.033333,1.000000,0.000000,0.302855,NEEDS_REVIEW,low_support,"{""ic"": 1}","[""mpi_pcb_train_good_0937.jpg""]"
aoi-pnp-consensus-pixels/1.0,AUTHORITATIVE_PIXEL_CONSENSUS,golden_board_pixels,U_AUTO_0095,synthetic_auto,ic,1521.690582,2509.335327,1427.736389,2442.170044,1615.644775,2576.500610,,unknown_axis_aligned_detection,,2,30,0.066667,1.000000,6.945556,0.704504,NEEDS_REVIEW,low_support,"{""ic"": 2}","[""mpi_pcb_train_good_0781.jpg"", ""mpi_pcb_train_good_0937.jpg""]"
aoi-pnp-consensus-pixels/1.0,AUTHORITATIVE_PIXEL_CONSENSUS,golden_board_pixels,U_AUTO_0096,synthetic_auto,ic,2315.308960,2511.590088,2127.205566,2438.698608,2503.412354,2584.481567,,unknown_axis_aligned_detection,,2,30,0.066667,1.000000,3.818541,0.763453,NEEDS_REVIEW,low_support,"{""ic"": 2}","[""mpi_pcb_train_good_0465.jpg"", ""mpi_pcb_train_good_0937.jpg""]"
aoi-pnp-consensus-pixels/1.0,AUTHORITATIVE_PIXEL_CONSENSUS,golden_board_pixels,U_AUTO_0097,synthetic_auto,ic,2339.232178,2517.566772,2148.790039,2448.409424,2522.736328,2588.525879,,unknown_axis_aligned_detection,,5,30,0.166667,1.000000,8.098999,0.839151,NEEDS_REVIEW,low_support,"{""ic"": 5}","[""mpi_pcb_train_good_0629.jpg"", ""mpi_pcb_train_good_0781.jpg"", ""mpi_pcb_train_good_1287.jpg"", ""mpi_pcb_train_good_1505.jpg"", ""mpi_pcb_train_good_1584.jpg""]"
aoi-pnp-consensus-pixels/1.0,AUTHORITATIVE_PIXEL_CONSENSUS,golden_board_pixels,C_AUTO_0072,synthetic_auto,capacitor,411.740402,2522.849976,384.789368,2479.196533,438.691437,2566.503418,,unknown_axis_aligned_detection,,1,30,0.033333,1.000000,0.000000,0.264231,NEEDS_REVIEW,low_support,"{""capacitor"": 1}","[""mpi_pcb_train_good_0676.jpg""]"
aoi-pnp-consensus-pixels/1.0,AUTHORITATIVE_PIXEL_CONSENSUS,golden_board_pixels,D_AUTO_0007,synthetic_auto,diode,2650.558960,2526.151001,2612.866821,2463.889282,2688.251099,2588.412720,,unknown_axis_aligned_detection,,4,30,0.133333,1.000000,14.032362,0.415948,NEEDS_REVIEW,low_support,"{""diode"": 4}","[""mpi_pcb_train_good_0040.jpg"", ""mpi_pcb_train_good_0062.jpg"", ""mpi_pcb_train_good_1322.jpg"", ""mpi_pcb_train_good_1505.jpg""]"
aoi-pnp-consensus-pixels/1.0,AUTHORITATIVE_PIXEL_CONSENSUS,golden_board_pixels,U_AUTO_0098,synthetic_auto,ic,961.082031,2532.466675,899.056946,2484.897949,1025.179810,2581.315674,,unknown_axis_aligned_detection,,11,30,0.366667,0.818182,7.319806,0.351724,NEEDS_REVIEW,low_support,"{""diode"": 2, ""ic"": 9}","[""mpi_pcb_train_good_0040.jpg"", ""mpi_pcb_train_good_0123.jpg"", ""mpi_pcb_train_good_0418.jpg"", ""mpi_pcb_train_good_0629.jpg"", ""mpi_pcb_train_good_0676.jpg"", ""mpi_pcb_train_good_0812.jpg"", ""mpi_pcb_train_good_1195.jpg"", ""mpi_pcb_train_good_1287.jpg"", ""mpi_pcb_train_good_1386.jpg"", ""mpi_pcb_train_good_1505.jpg"", ""mpi_pcb_train_good_1584.jpg""]"
aoi-pnp-consensus-pixels/1.0,AUTHORITATIVE_PIXEL_CONSENSUS,golden_board_pixels,U_AUTO_0099,synthetic_auto,ic,2340.929688,2533.700684,2153.244751,2466.322388,2530.640747,2604.201294,,unknown_axis_aligned_detection,,14,30,0.466667,1.000000,6.874662,0.860460,NEEDS_REVIEW,low_support,"{""ic"": 14}","[""mpi_pcb_train_good_0123.jpg"", ""mpi_pcb_train_good_0189.jpg"", ""mpi_pcb_train_good_0309.jpg"", ""mpi_pcb_train_good_0359.jpg"", ""mpi_pcb_train_good_0418.jpg"", ""mpi_pcb_train_good_0522.jpg"", ""mpi_pcb_train_good_0676.jpg"", ""mpi_pcb_train_good_0812.jpg"", ""mpi_pcb_train_good_0893.jpg"", ""mpi_pcb_train_good_1000.jpg"", ""mpi_pcb_train_good_1195.jpg"", ""mpi_pcb_train_good_1386.jpg"", ""mpi_pcb_train_good_1418.jpg"", ""mpi_pcb_train_good_1553.jpg""]"
aoi-pnp-consensus-pixels/1.0,AUTHORITATIVE_PIXEL_CONSENSUS,golden_board_pixels,C_AUTO_0073,synthetic_auto,capacitor,817.692505,2536.492798,792.155457,2494.220215,843.229553,2578.765381,,unknown_axis_aligned_detection,,1,30,0.033333,1.000000,0.000000,0.258090,NEEDS_REVIEW,low_support,"{""capacitor"": 1}","[""mpi_pcb_train_good_0893.jpg""]"
aoi-pnp-consensus-pixels/1.0,AUTHORITATIVE_PIXEL_CONSENSUS,golden_board_pixels,C_AUTO_0074,synthetic_auto,capacitor,791.311066,2537.521729,764.786804,2490.126709,817.835327,2584.916748,,unknown_axis_aligned_detection,,1,30,0.033333,1.000000,0.000000,0.312945,NEEDS_REVIEW,low_support,"{""capacitor"": 1}","[""mpi_pcb_train_good_1090.jpg""]"
aoi-pnp-consensus-pixels/1.0,AUTHORITATIVE_PIXEL_CONSENSUS,golden_board_pixels,C_AUTO_0075,synthetic_auto,capacitor,1399.183350,2538.071045,1375.494873,2500.500488,1422.871826,2575.641602,,unknown_axis_aligned_detection,,1,30,0.033333,1.000000,0.000000,0.250127,NEEDS_REVIEW,low_support,"{""capacitor"": 1}","[""mpi_pcb_train_good_0522.jpg""]"
aoi-pnp-consensus-pixels/1.0,AUTHORITATIVE_PIXEL_CONSENSUS,golden_board_pixels,D_AUTO_0008,synthetic_auto,diode,2899.490906,2538.670532,2853.149414,2488.591064,2945.832397,2588.750000,,unknown_axis_aligned_detection,,2,30,0.066667,1.000000,2.346315,0.323057,NEEDS_REVIEW,low_support,"{""diode"": 2}","[""mpi_pcb_train_good_1287.jpg"", ""mpi_pcb_train_good_1505.jpg""]"
aoi-pnp-consensus-pixels/1.0,AUTHORITATIVE_PIXEL_CONSENSUS,golden_board_pixels,U_AUTO_0100,synthetic_auto,ic,1261.577240,2538.950989,1200.532715,2488.486938,1324.096558,2589.415039,,unknown_axis_aligned_detection,,4,30,0.133333,0.750000,7.172306,0.412470,NEEDS_REVIEW,low_support;class_ambiguous,"{""diode"": 1, ""ic"": 3}","[""mpi_pcb_train_good_0040.jpg"", ""mpi_pcb_train_good_1000.jpg"", ""mpi_pcb_train_good_1195.jpg"", ""mpi_pcb_train_good_1505.jpg""]"
aoi-pnp-consensus-pixels/1.0,AUTHORITATIVE_PIXEL_CONSENSUS,golden_board_pixels,U_AUTO_0101,synthetic_auto,ic,553.209869,2539.198303,461.365219,2471.939819,644.098541,2606.078857,,unknown_axis_aligned_detection,,4,30,0.133333,1.000000,8.591409,0.836903,NEEDS_REVIEW,low_support,"{""ic"": 4}","[""mpi_pcb_train_good_0676.jpg"", ""mpi_pcb_train_good_1090.jpg"", ""mpi_pcb_train_good_1287.jpg"", ""mpi_pcb_train_good_1584.jpg""]"
aoi-pnp-consensus-pixels/1.0,AUTHORITATIVE_PIXEL_CONSENSUS,golden_board_pixels,U_AUTO_0102,synthetic_auto,ic,2324.203491,2541.774292,2138.828369,2473.936768,2512.410889,2607.522705,,unknown_axis_aligned_detection,,7,30,0.233333,1.000000,6.873047,0.857658,NEEDS_REVIEW,low_support,"{""ic"": 7}","[""mpi_pcb_train_good_0040.jpg"", ""mpi_pcb_train_good_0062.jpg"", ""mpi_pcb_train_good_0245.jpg"", ""mpi_pcb_train_good_0605.jpg"", ""mpi_pcb_train_good_1060.jpg"", ""mpi_pcb_train_good_1090.jpg"", ""mpi_pcb_train_good_1664.jpg""]"
aoi-pnp-consensus-pixels/1.0,AUTHORITATIVE_PIXEL_CONSENSUS,golden_board_pixels,C_AUTO_0076,synthetic_auto,capacitor,1771.555542,2543.823120,1747.920288,2504.382080,1795.190796,2583.264160,,unknown_axis_aligned_detection,,1,30,0.033333,1.000000,0.000000,0.308955,NEEDS_REVIEW,low_support,"{""capacitor"": 1}","[""mpi_pcb_train_good_1060.jpg""]"
aoi-pnp-consensus-pixels/1.0,AUTHORITATIVE_PIXEL_CONSENSUS,golden_board_pixels,U_AUTO_0103,synthetic_auto,ic,1548.722900,2547.065308,1456.563965,2479.064941,1640.873596,2620.447632,,unknown_axis_aligned_detection,,12,30,0.400000,1.000000,10.443405,0.733699,NEEDS_REVIEW,low_support,"{""ic"": 12}","[""mpi_pcb_train_good_0123.jpg"", ""mpi_pcb_train_good_0189.jpg"", ""mpi_pcb_train_good_0309.jpg"", ""mpi_pcb_train_good_0359.jpg"", ""mpi_pcb_train_good_0418.jpg"", ""mpi_pcb_train_good_0522.jpg"", ""mpi_pcb_train_good_0629.jpg"", ""mpi_pcb_train_good_0812.jpg"", ""mpi_pcb_train_good_1000.jpg"", ""mpi_pcb_train_good_1195.jpg"", ""mpi_pcb_train_good_1505.jpg"", ""mpi_pcb_train_good_1553.jpg""]"
aoi-pnp-consensus-pixels/1.0,AUTHORITATIVE_PIXEL_CONSENSUS,golden_board_pixels,U_AUTO_0104,synthetic_auto,ic,1236.119873,2547.116333,1178.893799,2501.617432,1293.345947,2592.615234,,unknown_axis_aligned_detection,,3,30,0.100000,1.000000,4.584839,0.410812,NEEDS_REVIEW,low_support,"{""ic"": 3}","[""mpi_pcb_train_good_0062.jpg"", ""mpi_pcb_train_good_1090.jpg"", ""mpi_pcb_train_good_1664.jpg""]"
aoi-pnp-consensus-pixels/1.0,AUTHORITATIVE_PIXEL_CONSENSUS,golden_board_pixels,D_AUTO_0009,synthetic_auto,diode,286.438599,2548.605469,228.977020,2486.600830,343.900177,2610.610107,,unknown_axis_aligned_detection,,1,30,0.033333,1.000000,0.000000,0.436932,NEEDS_REVIEW,low_support,"{""diode"": 1}","[""mpi_pcb_train_good_1090.jpg""]"
aoi-pnp-consensus-pixels/1.0,AUTHORITATIVE_PIXEL_CONSENSUS,golden_board_pixels,U_AUTO_0105,synthetic_auto,ic,1527.297058,2550.854492,1436.510498,2484.551270,1620.130615,2617.119629,,unknown_axis_aligned_detection,,13,30,0.433333,1.000000,10.303419,0.752939,NEEDS_REVIEW,low_support,"{""ic"": 13}","[""mpi_pcb_train_good_0040.jpg"", ""mpi_pcb_train_good_0062.jpg"", ""mpi_pcb_train_good_0245.jpg"", ""mpi_pcb_train_good_0465.jpg"", ""mpi_pcb_train_good_0605.jpg"", ""mpi_pcb_train_good_0676.jpg"", ""mpi_pcb_train_good_0893.jpg"", ""mpi_pcb_train_good_1060.jpg"", ""mpi_pcb_train_good_1090.jpg"", ""mpi_pcb_train_good_1287.jpg"", ""mpi_pcb_train_good_1386.jpg"", ""mpi_pcb_train_good_1584.jpg"", ""mpi_pcb_train_good_1664.jpg""]"
aoi-pnp-consensus-pixels/1.0,AUTHORITATIVE_PIXEL_CONSENSUS,golden_board_pixels,U_AUTO_0106,synthetic_auto,ic,576.266327,2550.873596,482.607651,2485.155029,667.222473,2617.003662,,unknown_axis_aligned_detection,,18,30,0.600000,1.000000,11.048876,0.801015,NEEDS_REVIEW,low_support,"{""ic"": 18}","[""mpi_pcb_train_good_0040.jpg"", ""mpi_pcb_train_good_0123.jpg"", ""mpi_pcb_train_good_0189.jpg"", ""mpi_pcb_train_good_0309.jpg"", ""mpi_pcb_train_good_0359.jpg"", ""mpi_pcb_train_good_0418.jpg"", ""mpi_pcb_train_good_0465.jpg"", ""mpi_pcb_train_good_0522.jpg"", ""mpi_pcb_train_good_0605.jpg"", ""mpi_pcb_train_good_0629.jpg"", ""mpi_pcb_train_good_0812.jpg"", ""mpi_pcb_train_good_0893.jpg"", ""mpi_pcb_train_good_1000.jpg"", ""mpi_pcb_train_good_1195.jpg"", ""mpi_pcb_train_good_1386.jpg"", ""mpi_pcb_train_good_1418.jpg"", ""mpi_pcb_train_good_1505.jpg"", ""mpi_pcb_train_good_1553.jpg""]"
aoi-pnp-consensus-pixels/1.0,AUTHORITATIVE_PIXEL_CONSENSUS,golden_board_pixels,D_AUTO_0010,synthetic_auto,diode,943.054565,2551.025513,899.257568,2501.963867,986.851562,2600.087158,,unknown_axis_aligned_detection,,1,30,0.033333,1.000000,0.000000,0.477662,NEEDS_REVIEW,low_support,"{""diode"": 1}","[""mpi_pcb_train_good_0062.jpg""]"
aoi-pnp-consensus-pixels/1.0,AUTHORITATIVE_PIXEL_CONSENSUS,golden_board_pixels,R_AUTO_0021,synthetic_auto,resistor,429.449921,2551.511841,404.845215,2509.898926,454.054626,2593.124756,,unknown_axis_aligned_detection,,3,30,0.100000,1.000000,9.175232,0.320141,NEEDS_REVIEW,low_support,"{""resistor"": 3}","[""mpi_pcb_train_good_0359.jpg"", ""mpi_pcb_train_good_0522.jpg"", ""mpi_pcb_train_good_0605.jpg""]"
aoi-pnp-consensus-pixels/1.0,AUTHORITATIVE_PIXEL_CONSENSUS,golden_board_pixels,U_AUTO_0107,synthetic_auto,ic,2348.795654,2557.603210,2158.174683,2488.213867,2539.416626,2626.992554,,unknown_axis_aligned_detection,,2,30,0.066667,1.000000,9.335719,0.797278,NEEDS_REVIEW,low_support,"{""ic"": 2}","[""mpi_pcb_train_good_1163.jpg"", ""mpi_pcb_train_good_1322.jpg""]"
aoi-pnp-consensus-pixels/1.0,AUTHORITATIVE_PIXEL_CONSENSUS,golden_board_pixels,U_AUTO_0108,synthetic_auto,ic,322.037430,2558.343750,263.474579,2501.764404,380.426666,2612.145264,,unknown_axis_aligned_detection,,5,30,0.166667,0.600000,11.557726,0.304376,NEEDS_REVIEW,low_support;class_ambiguous,"{""diode"": 2, ""ic"": 3}","[""mpi_pcb_train_good_0040.jpg"", ""mpi_pcb_train_good_0189.jpg"", ""mpi_pcb_train_good_0812.jpg"", ""mpi_pcb_train_good_1195.jpg"", ""mpi_pcb_train_good_1287.jpg""]"
aoi-pnp-consensus-pixels/1.0,AUTHORITATIVE_PIXEL_CONSENSUS,golden_board_pixels,D_AUTO_0011,synthetic_auto,diode,2878.268555,2561.720215,2842.306396,2511.051270,2914.230713,2612.389160,,unknown_axis_aligned_detection,,3,30,0.100000,0.666667,12.275183,0.340859,NEEDS_REVIEW,low_support;class_ambiguous,"{""diode"": 2, ""ic"": 1}","[""mpi_pcb_train_good_0040.jpg"", ""mpi_pcb_train_good_0062.jpg"", ""mpi_pcb_train_good_1664.jpg""]"
aoi-pnp-consensus-pixels/1.0,AUTHORITATIVE_PIXEL_CONSENSUS,golden_board_pixels,D_AUTO_0012,synthetic_auto,diode,1270.777832,2561.885742,1211.345459,2514.901855,1330.210205,2608.869629,,unknown_axis_aligned_detection,,1,30,0.033333,1.000000,0.000000,0.264012,NEEDS_REVIEW,low_support,"{""diode"": 1}","[""mpi_pcb_train_good_1163.jpg""]"
aoi-pnp-consensus-pixels/1.0,AUTHORITATIVE_PIXEL_CONSENSUS,golden_board_pixels,U_AUTO_0109,synthetic_auto,ic,544.633698,2562.410034,448.976501,2491.469238,640.290894,2632.036377,,unknown_axis_aligned_detection,,5,30,0.166667,1.000000,7.118652,0.689638,NEEDS_REVIEW,low_support,"{""ic"": 5}","[""mpi_pcb_train_good_0062.jpg"", ""mpi_pcb_train_good_0245.jpg"", ""mpi_pcb_train_good_1060.jpg"", ""mpi_pcb_train_good_1322.jpg"", ""mpi_pcb_train_good_1664.jpg""]"
aoi-pnp-consensus-pixels/1.0,AUTHORITATIVE_PIXEL_CONSENSUS,golden_board_pixels,D_AUTO_0013,synthetic_auto,diode,304.830555,2565.987488,258.113075,2512.187866,351.548035,2619.787109,,unknown_axis_aligned_detection,,2,30,0.066667,1.000000,8.615301,0.274917,NEEDS_REVIEW,low_support,"{""diode"": 2}","[""mpi_pcb_train_good_0522.jpg"", ""mpi_pcb_train_good_1386.jpg""]"
aoi-pnp-consensus-pixels/1.0,AUTHORITATIVE_PIXEL_CONSENSUS,golden_board_pixels,U_AUTO_0110,synthetic_auto,ic,579.910248,2572.652100,484.793152,2503.640137,675.027344,2641.664062,,unknown_axis_aligned_detection,,1,30,0.033333,1.000000,0.000000,0.825332,NEEDS_REVIEW,low_support,"{""ic"": 1}","[""mpi_pcb_train_good_1163.jpg""]"
aoi-pnp-consensus-pixels/1.0,AUTHORITATIVE_PIXEL_CONSENSUS,golden_board_pixels,U_AUTO_0111,synthetic_auto,ic,1539.887695,2575.750000,1450.258667,2503.461426,1629.516724,2648.038574,,unknown_axis_aligned_detection,,3,30,0.100000,1.000000,13.474843,0.696658,NEEDS_REVIEW,low_support,"{""ic"": 3}","[""mpi_pcb_train_good_1163.jpg"", ""mpi_pcb_train_good_1322.jpg"", ""mpi_pcb_train_good_1418.jpg""]"
aoi-pnp-consensus-pixels/1.0,AUTHORITATIVE_PIXEL_CONSENSUS,golden_board_pixels,J_AUTO_0012,synthetic_auto,connector,3684.317139,2588.353516,3456.069092,2503.760010,3912.565186,2672.947021,,unknown_axis_aligned_detection,,1,30,0.033333,1.000000,0.000000,0.333395,NEEDS_REVIEW,low_support,"{""connector"": 1}","[""mpi_pcb_train_good_0812.jpg""]"
aoi-pnp-consensus-pixels/1.0,AUTHORITATIVE_PIXEL_CONSENSUS,golden_board_pixels,J_AUTO_0013,synthetic_auto,connector,3192.226562,2597.956421,2980.938232,2490.645264,3403.514893,2705.267578,,unknown_axis_aligned_detection,,1,30,0.033333,1.000000,0.000000,0.260411,NEEDS_REVIEW,low_support,"{""connector"": 1}","[""mpi_pcb_train_good_1505.jpg""]"
aoi-pnp-consensus-pixels/1.0,AUTHORITATIVE_PIXEL_CONSENSUS,golden_board_pixels,J_AUTO_0014,synthetic_auto,connector,2001.396423,2647.402222,1918.498413,2583.579346,2084.294434,2714.294922,,unknown_axis_aligned_detection,,7,30,0.233333,1.000000,8.351087,0.299908,NEEDS_REVIEW,low_support,"{""connector"": 7}","[""mpi_pcb_train_good_0040.jpg"", ""mpi_pcb_train_good_0359.jpg"", ""mpi_pcb_train_good_0418.jpg"", ""mpi_pcb_train_good_0465.jpg"", ""mpi_pcb_train_good_0812.jpg"", ""mpi_pcb_train_good_1000.jpg"", ""mpi_pcb_train_good_1505.jpg""]"
